Timestamp;Device;Command;Raw_Response;Decoded_Info;Latency_ms










2026-06-17 08:09:32;SESSION;START;SIMULATION;;0
2026-06-17 08:09:32.894;CONFIG;PORT_LASER;None;;0.00
2026-06-17 08:09:32.894;CONFIG;PORT_LOCKIN;None;;0.00
2026-06-17 08:09:32.894;CONFIG;BAUDRATE_LASER;9600;;0.00
2026-06-17 08:09:32.894;CONFIG;BAUDRATE_LOCKIN;19200;;0.00
2026-06-17 08:09:32.894;CONFIG;INTERVAL_LASER;1.0;;0.00
2026-06-17 08:09:32.894;CONFIG;INTERVAL_LOCKIN;0.1;;0.00
2026-06-17 08:09:32.894;CONFIG;LOG_PREFIX;T;;0.00
2026-06-17 08:09:32.894;CONFIG;SIMULATE;True;;0.00
2026-06-17 08:09:32.894;CONFIG;CAPTURE_INPUT;True;;0.00
2026-06-17 08:09:32.894;CONFIG;INSERT_SEPARATOR;True;;0.00
2026-06-17 08:09:32.903;TERMINAL;OUTPUT;;;0
2026-06-17 08:09:32.903;TERMINAL;OUTPUT;================================================================================;;0
2026-06-17 08:09:32.903;TERMINAL;OUTPUT;HARDWARE RS232 / USB KOMMUNIKATIONSSYSTEM - AKTIVER MODUS;;0
2026-06-17 08:09:32.903;TERMINAL;OUTPUT;================================================================================;;0
2026-06-17 08:09:32.903;TERMINAL;OUTPUT;⚠️  WARNUNG: pyserial ist nicht installiert.;;0
2026-06-17 08:09:32.907;TERMINAL;OUTPUT;   Starte stattdessen den Simulationsmodus.;;0
2026-06-17 08:09:32.907;TERMINAL;OUTPUT;   Installiere pyserial mit: pip install pyserial;;0










2026-06-17 08:09:32;SESSION;START;SIMULATION;;0
2026-06-17 08:09:32.909;TERMINAL;OUTPUT;[Worker] CSV-Logging initialisiert: logs\2026-06-17\plis_simulation_log.csv;;0
2026-06-17 08:09:32.910;TERMINAL;OUTPUT;;;0
2026-06-17 08:09:32.911;TERMINAL;OUTPUT;================================================================================;;0
2026-06-17 08:09:32.912;TERMINAL;OUTPUT;STARTE AKTIVE RS232/USB-KOMMUNIKATION;;0
2026-06-17 08:09:32.913;TERMINAL;OUTPUT;================================================================================;;0
2026-06-17 08:09:32.913;TERMINAL;OUTPUT;🔴 OsTech Laser-Treiber:        SIM_LASER;;0
2026-06-17 08:09:32.914;TERMINAL;OUTPUT;   └─ Baudrate: 9600, Protokoll: 8N1;;0
2026-06-17 08:09:32.915;TERMINAL;OUTPUT;   └─ Befehle: GT (Temp), GS (Status), GMS (Laser ON/OFF);;0
2026-06-17 08:09:32.915;TERMINAL;OUTPUT;;;0
2026-06-17 08:09:32.917;TERMINAL;OUTPUT;🔵 SR830 Lock-In-Verstärker:    SIM_LOCKIN;;0
2026-06-17 08:09:32.919;TERMINAL;OUTPUT;   └─ Baudrate: 19200, Protokoll: 8N1;;0
2026-06-17 08:09:32.920;TERMINAL;OUTPUT;   └─ Befehle: SNAP? (X/Y-Daten), PHAS? (Phase), FREQ? (Frequenz);;0
2026-06-17 08:09:32.921;TERMINAL;OUTPUT;;;0
2026-06-17 08:09:32.921;TERMINAL;OUTPUT;"📊 Datenspeicherung: logs\2026-06-17\plis_simulation_log.csv (Spalten: Zeitstempel; Gerät; Befehl; Rohantwort; Dekodiert; Latenz)";;0
2026-06-17 08:09:32.922;TERMINAL;OUTPUT;================================================================================;;0
2026-06-17 08:09:32.923;TERMINAL;OUTPUT;;;0
2026-06-17 08:09:32.925;TERMINAL;OUTPUT;⌨️  Interaktive Befehle:;;0
2026-06-17 08:09:32.926;TERMINAL;OUTPUT;   • 'scan'  - Verfügbare Ports neu scannen;;0
2026-06-17 08:09:32.927;TERMINAL;OUTPUT;   • 'test'  - Alle bekannten Befehle an Geräte senden;;0
2026-06-17 08:09:32.928;TERMINAL;OUTPUT;   • 'quit'  - Programm beenden;;0
2026-06-17 08:09:32.929;TERMINAL;OUTPUT;;;0
2026-06-17 08:09:32.929;TERMINAL;OUTPUT;⏱️  Autom. Abfragen (jede 1.0s Laser, jede 0.1s LockIn);;0
2026-06-17 08:09:32.930;TERMINAL;OUTPUT;================================================================================;;0
2026-06-17 08:09:32.934;TERMINAL;OUTPUT;[OsTech] MOCK-MODUS: Virtuell verbunden mit SIM_LASER;;0
2026-06-17 08:09:32.935;TERMINAL;OUTPUT;[SR830] MOCK-MODUS: Virtuell verbunden mit SIM_LOCKIN;;0
2026-06-17 08:09:32.935;TERMINAL;OUTPUT;;;0
2026-06-17 08:09:32.937;TERMINAL;OUTPUT;=== ASYNCHRONER DATEN-WORKER GESTARTET ===;;0
2026-06-17 08:09:33.045;SR830;SNAP? 1,2;0.00150, -0.00120;0.00150, -0.00120;8.28
2026-06-17 08:09:33.047;TERMINAL;OUTPUT;[2026-06-17 08:09:33.045] SR830                Befehl: SNAP? 1,2       │ Antwort: 0.00150, -0.00120                        │ 8.3ms;;0
2026-06-17 08:09:33.146;SR830;SNAP? 1,2;0.33640, -0.30261;0.33640, -0.30261;8.30
2026-06-17 08:09:33.146;TERMINAL;OUTPUT;[2026-06-17 08:09:33.146] SR830                Befehl: SNAP? 1,2       │ Antwort: 0.33640, -0.30261                        │ 8.3ms;;0
2026-06-17 08:09:33.247;SR830;SNAP? 1,2;0.32184, -0.28951;0.32184, -0.28951;8.15
2026-06-17 08:09:33.247;TERMINAL;OUTPUT;[2026-06-17 08:09:33.247] SR830                Befehl: SNAP? 1,2       │ Antwort: 0.32184, -0.28951                        │ 8.1ms;;0
2026-06-17 08:09:33.348;SR830;SNAP? 1,2;0.28524, -0.25657;0.28524, -0.25657;8.32
2026-06-17 08:09:33.348;TERMINAL;OUTPUT;[2026-06-17 08:09:33.348] SR830                Befehl: SNAP? 1,2       │ Antwort: 0.28524, -0.25657                        │ 8.3ms;;0
2026-06-17 08:09:33.448;SR830;SNAP? 1,2;0.27526, -0.24759;0.27526, -0.24759;8.14
2026-06-17 08:09:33.448;TERMINAL;OUTPUT;[2026-06-17 08:09:33.448] SR830                Befehl: SNAP? 1,2       │ Antwort: 0.27526, -0.24759                        │ 8.1ms;;0
2026-06-17 08:09:33.549;SR830;SNAP? 1,2;0.26514, -0.23848;0.26514, -0.23848;8.54
2026-06-17 08:09:33.549;TERMINAL;OUTPUT;[2026-06-17 08:09:33.549] SR830                Befehl: SNAP? 1,2       │ Antwort: 0.26514, -0.23848                        │ 8.5ms;;0
2026-06-17 08:09:33.650;SR830;SNAP? 1,2;0.26055, -0.23435;0.26055, -0.23435;8.13
2026-06-17 08:09:33.650;TERMINAL;OUTPUT;[2026-06-17 08:09:33.650] SR830                Befehl: SNAP? 1,2       │ Antwort: 0.26055, -0.23435                        │ 8.1ms;;0
2026-06-17 08:09:33.751;SR830;SNAP? 1,2;0.24644, -0.22165;0.24644, -0.22165;8.12
2026-06-17 08:09:33.751;TERMINAL;OUTPUT;[2026-06-17 08:09:33.751] SR830                Befehl: SNAP? 1,2       │ Antwort: 0.24644, -0.22165                        │ 8.1ms;;0
2026-06-17 08:09:33.854;SR830;SNAP? 1,2;0.24018, -0.21601;0.24018, -0.21601;8.36
2026-06-17 08:09:33.855;TERMINAL;OUTPUT;[2026-06-17 08:09:33.854] SR830                Befehl: SNAP? 1,2       │ Antwort: 0.24018, -0.21601                        │ 8.4ms;;0
2026-06-17 08:09:33.950;OsTech;GS;0x4005;Interlock OK | Laser Current ON;12.24
2026-06-17 08:09:33.951;TERMINAL;OUTPUT;[2026-06-17 08:09:33.950] OsTech               Befehl: GS              │ Antwort: Interlock OK | Laser Current ON          │ 12.2ms;;0
2026-06-17 08:09:33.964;OsTech;GT;2371.58;2371.58 °C;13.10
2026-06-17 08:09:33.964;TERMINAL;OUTPUT;[2026-06-17 08:09:33.964] OsTech               Befehl: GT              │ Antwort: 2371.58 °C                               │ 13.1ms;;0
2026-06-17 08:09:33.977;SR830;SNAP? 1,2;0.23475, -0.21112;0.23475, -0.21112;8.55
2026-06-17 08:09:33.979;TERMINAL;OUTPUT;[2026-06-17 08:09:33.977] SR830                Befehl: SNAP? 1,2       │ Antwort: 0.23475, -0.21112                        │ 8.6ms;;0
2026-06-17 08:09:34.078;SR830;SNAP? 1,2;0.23475, -0.21112;0.23475, -0.21112;8.36
2026-06-17 08:09:34.079;TERMINAL;OUTPUT;[2026-06-17 08:09:34.078] SR830                Befehl: SNAP? 1,2       │ Antwort: 0.23475, -0.21112                        │ 8.4ms;;0
2026-06-17 08:09:34.178;SR830;SNAP? 1,2;0.23475, -0.21112;0.23475, -0.21112;8.43
2026-06-17 08:09:34.178;TERMINAL;OUTPUT;[2026-06-17 08:09:34.178] SR830                Befehl: SNAP? 1,2       │ Antwort: 0.23475, -0.21112                        │ 8.4ms;;0
2026-06-17 08:09:34.279;SR830;SNAP? 1,2;0.23287, -0.20944;0.23287, -0.20944;8.37
2026-06-17 08:09:34.279;TERMINAL;OUTPUT;[2026-06-17 08:09:34.279] SR830                Befehl: SNAP? 1,2       │ Antwort: 0.23287, -0.20944                        │ 8.4ms;;0
2026-06-17 08:09:34.380;SR830;SNAP? 1,2;0.23475, -0.21112;0.23475, -0.21112;8.18
2026-06-17 08:09:34.380;TERMINAL;OUTPUT;[2026-06-17 08:09:34.380] SR830                Befehl: SNAP? 1,2       │ Antwort: 0.23475, -0.21112                        │ 8.2ms;;0
2026-06-17 08:09:34.480;SR830;SNAP? 1,2;0.23788, -0.21394;0.23788, -0.21394;8.21
2026-06-17 08:09:34.480;TERMINAL;OUTPUT;[2026-06-17 08:09:34.480] SR830                Befehl: SNAP? 1,2       │ Antwort: 0.23788, -0.21394                        │ 8.2ms;;0
7 08:09:35.555;TERMINAL;OUTPUT;SENDE BEKANNTE BEFEHLE AN GERÄTE;;0
2026-06-17 08:09:35.555;TERMINAL;OUTPUT;================================================================================;;0
2026-06-17 08:09:35.555;TERMINAL;OUTPUT;Gerät           | Befehl               | Beschreibung;;0
2026-06-17 08:09:35.558;TERMINAL;OUTPUT;--------------------------------------------------------------------------------;;0
2026-06-17 08:09:35.560;TERMINAL;OUTPUT;OsTech          | GS                   | Status abfragen;;0
2026-06-17 08:09:35.761;TERMINAL;OUTPUT;OsTech          | GT                   | Temperatur abfragen;;0
2026-06-17 08:09:36.033;OsTech_Manual;GS;0x4005;Interlock OK | Laser Current ON;12.51
2026-06-17 08:09:36.033;TERMINAL;OUTPUT;[2026-06-17 08:09:36.033] OsTech_Manual        Befehl: GS              │ Antwort: Interlock OK | Laser Current ON          │ 12.5ms;;0
2026-06-17 08:09:36.043;SR830;SNAP? 1,2;0.24165, -0.21733;0.24165, -0.21733;8.41
2026-06-17 08:09:36.044;TERMINAL;OUTPUT;[2026-06-17 08:09:36.043] SR830                Befehl: SNAP? 1,2       │ Antwort: 0.24165, -0.21733                        │ 8.4ms;;0
2026-06-17 08:09:36.057;OsTech;GS;0x4000;;12.05
2026-06-17 08:09:36.057;TERMINAL;OUTPUT;[2026-06-17 08:09:36.057] OsTech               Befehl: GS              │ Antwort:                                          │ 12.1ms;;0
2026-06-17 08:09:36.070;OsTech;GT;2476.82;2476.82 °C;12.08
2026-06-17 08:09:36.070;TERMINAL;OUTPUT;[2026-06-17 08:09:36.070] OsTech               Befehl: GT              │ Antwort: 2476.82 °C                               │ 12.1ms;;0
2026-06-17 08:09:36.086;OsTech_Manual;GT;2484.80;2484.80;12.31
2026-06-17 08:09:36.086;TERMINAL;OUTPUT;[2026-06-17 08:09:36.086] OsTech_Manual        Befehl: GT              │ Antwort: 2484.80                                  │ 12.3ms;;0
2026-06-17 08:09:36.091;TERMINAL;OUTPUT;OsTech          | GMS 0x4000           | Laser Current ON;;0
2026-06-17 08:09:36.105;OsTech_Manual;GMS 0x4000;OK;OK;12.45
2026-06-17 08:09:36.105;TERMINAL;OUTPUT;[2026-06-17 08:09:36.105] OsTech_Manual        Befehl: GMS 0x4000      │ Antwort: OK                                       │ 12.5ms;;0
2026-06-17 08:09:36.129;SR830;SNAP? 1,2;0.24784, -0.22291;0.24784, -0.22291;8.36
2026-06-17 08:09:36.130;TERMINAL;OUTPUT;[2026-06-17 08:09:36.129] SR830                Befehl: SNAP? 1,2       │ Antwort: 0.24784, -0.22291                        │ 8.4ms;;0
2026-06-17 08:09:36.229;SR830;SNAP? 1,2;0.24714, -0.22228;0.24714, -0.22228;8.31
2026-06-17 08:09:36.229;TERMINAL;OUTPUT;[2026-06-17 08:09:36.229] SR830                Befehl: SNAP? 1,2       │ Antwort: 0.24714, -0.22228                        │ 8.3ms;;0
2026-06-17 08:09:36.293;TERMINAL;OUTPUT;OsTech          | GMS 0x0000           | Laser Current OFF;;0
2026-06-17 08:09:36.307;OsTech_Manual;GMS 0x0000;OK;OK;12.42
?                | Phase abfragen;;0
2026-06-17 08:09:37.271;TERMINAL;OUTPUT;[2026-06-17 08:09:37.261] OsTech_Manual        Befehl: GMS 0x0000      │ Antwort: OK                                       │ 12.4ms;;0
2026-06-17 08:09:37.281;SR830_Manual;PHAS?;0.84;0.84;8.27
2026-06-17 08:09:37.282;TERMINAL;OUTPUT;[2026-06-17 08:09:37.282] SR830_Manual         Befehl: PHAS?           │ Antwort: 0.84                                     │ 8.3ms;;0
2026-06-17 08:09:37.293;SR830;SNAP? 1,2;0.25028, -0.22510;0.25028, -0.22510;8.47
2026-06-17 08:09:37.294;TERMINAL;OUTPUT;[2026-06-17 08:09:37.294] SR830                Befehl: SNAP? 1,2       │ Antwort: 0.25028, -0.22510                        │ 8.5ms;;0
2026-06-17 08:09:37.315;OsTech;GS;0x0000;;14.37
2026-06-17 08:09:37.316;TERMINAL;OUTPUT;[2026-06-17 08:09:37.315] OsTech               Befehl: GS              │ Antwort:                                          │ 14.4ms;;0
2026-06-17 08:09:37.329;OsTech;GT;2482.58;2482.58 °C;12.20
2026-06-17 08:09:37.329;TERMINAL;OUTPUT;[2026-06-17 08:09:37.329] OsTech               Befehl: GT              │ Antwort: 2482.58 °C                               │ 12.2ms;;0
2026-06-17 08:09:37.382;SR830;SNAP? 1,2;0.24864, -0.22362;0.24864, -0.22362;8.12
2026-06-17 08:09:37.394;TERMINAL;OUTPUT;[2026-06-17 08:09:37.394] SR830                Befehl: SNAP? 1,2       │ Antwort: 0.24864, -0.22362                        │ 8.1ms;;0
2026-06-17 08:09:37.472;TERMINAL;OUTPUT;SR830           | SNAP? 1,2            | Lock-In X/Y Daten;;0
2026-06-17 08:09:38.005;TERMINAL;OUTPUT;[2026-06-17 08:09:38.001] SR830                Befehl: SNAP? 1,2       │ Antwort: 0.24568, -0.22097                        │ 8.5ms;;0
2026-06-17 08:09:38.247;TERMINAL;OUTPUT;SR830           | FREQ?                | Frequenz abfragen;;0
2026-06-17 08:09:38.256;SR830_Manual;SNAP? 1,2;0.24510, -0.22044;0.24510, -0.22044;8.23
2026-06-17 08:09:38.256;TERMINAL;OUTPUT;[2026-06-17 08:09:38.256] SR830_Manual         Befehl: SNAP? 1,2       │ Antwort: 0.24510, -0.22044                        │ 8.2ms;;0
2026-06-17 08:09:38.266;SR830;SNAP? 1,2;0.24390, -0.21936;0.24390, -0.21936;8.32
2026-06-17 08:09:38.403;TERMINAL;OUTPUT;[2026-06-17 08:09:38.401] SR830                Befehl: SNAP? 1,2       │ Antwort: 0.24390, -0.21936                        │ 8.3ms;;0
2026-06-17 08:09:38.414;SR830_Manual;FREQ?;0;0;8.55
2026-06-17 08:09:38.416;TERMINAL;OUTPUT;[2026-06-17 08:09:38.414] SR830_Manual         Befehl: FREQ?           │ Antwort: 0                                        │ 8.6ms;;0
2026-06-17 08:09:38.426;SR830;SNAP? 1,2;0.23860, -0.21459;0.23860, -0.21459;8.18
2026-06-17 08:09:38.427;TERMINAL;OUTPUT;[2026-06-17 08:09:38.426] SR830                Befehl: SNAP? 1,2       │ Antwort: 0.23860, -0.21459                        │ 8.2ms;;0
2026-06-17 08:09:38.440;OsTech;GS;0x4005;Interlock OK | Laser Current ON;12.38
2026-06-17 08:09:38.440;TERMINAL;OUTPUT;[2026-06-17 08:09:38.440] OsTech               Befehl: GS              │ Antwort: Interlock OK | Laser Current ON          │ 12.4ms;;0
2026-06-17 08:09:38.449;TERMINAL;OUTPUT;SR830           | HARM?                | Harmonische abfragen;;0
2026-06-17 08:09:38.455;OsTech;GT;2216.18;2216.18 °C;12.12
2026-06-17 08:09:38.456;TERMINAL;OUTPUT;[2026-06-17 08:09:38.456] OsTech               Befehl: GT              │ Antwort: 2216.18 °C                               │ 12.1ms;;0
2026-06-17 08:09:38.470;SR830_Manual;HARM?;0;0;8.41
2026-06-17 08:09:38.470;TERMINAL;OUTPUT;[2026-06-17 08:09:38.470] SR830_Manual         Befehl: HARM?           │ Antwort: 0                                        │ 8.4ms;;0
2026-06-17 08:09:38.514;SR830;SNAP? 1,2;0.20650, -0.18570;0.20650, -0.18570;8.39
2026-06-17 08:09:38.515;TERMINAL;OUTPUT;[2026-06-17 08:09:38.514] SR830                Befehl: SNAP? 1,2       │ Antwort: 0.20650, -0.18570                        │ 8.4ms;;0
2026-06-17 08:09:38.614;SR830;SNAP? 1,2;0.19034, -0.17116;0.19034, -0.17116;8.46
2026-06-17 08:09:38.615;TERMINAL;OUTPUT;[2026-06-17 08:09:38.614] SR830                Befehl: SNAP? 1,2       │ Antwort: 0.19034, -0.17116                        │ 8.5ms;;0
2026-06-17 08:09:38.649;TERMINAL;OUTPUT;================================================================================;;0
2026-06-17 08:09:38.651;TERMINAL;OUTPUT;;;0
2026-06-17 08:09:38.652;TERMINAL;OUTPUT;⏳ Warte auf Antworten (30 Sekunden)...;;0
2026-06-17 08:09:38.654;TERMINAL;OUTPUT;[EINGANG] 2026-06-17 08:09:33.047 | SR830 | SNAP? 1,2 -> 0.00150, -0.00120 (8.3ms);;0
2026-06-17 08:09:38.657;TERMINAL;OUTPUT;[EINGANG] 2026-06-17 08:09:33.146 | SR830 | SNAP? 1,2 -> 0.33640, -0.30261 (8.3ms);;0
2026-06-17 08:09:38.659;TERMINAL;OUTPUT;[EINGANG] 2026-06-17 08:09:33.247 | SR830 | SNAP? 1,2 -> 0.32184, -0.28951 (8.1ms);;0
2026-06-17 08:09:38.661;TERMINAL;OUTPUT;[EINGANG] 2026-06-17 08:09:33.348 | SR830 | SNAP? 1,2 -> 0.28524, -0.25657 (8.3ms);;0
2026-06-17 08:09:38.662;TERMINAL;OUTPUT;[EINGANG] 2026-06-17 08:09:33.448 | SR830 | SNAP? 1,2 -> 0.27526, -0.24759 (8.1ms);;0
2026-06-17 08:09:38.662;TERMINAL;OUTPUT;[EINGANG] 2026-06-17 08:09:33.549 | SR830 | SNAP? 1,2 -> 0.26514, -0.23848 (8.5ms);;0
2026-06-17 08:09:38.672;TERMINAL;OUTPUT;[EINGANG] 2026-06-17 08:09:33.650 | SR830 | SNAP? 1,2 -> 0.26055, -0.23435 (8.1ms);;0
2026-06-17 08:09:38.676;TERMINAL;OUTPUT;[EINGANG] 2026-06-17 08:09:33.751 | SR830 | SNAP? 1,2 -> 0.24644, -0.22165 (8.1ms);;0
2026-06-17 08:09:38.677;TERMINAL;OUTPUT;[EINGANG] 2026-06-17 08:09:33.855 | SR830 | SNAP? 1,2 -> 0.24018, -0.21601 (8.4ms);;0
2026-06-17 08:09:38.678;TERMINAL;OUTPUT;[EINGANG] 2026-06-17 08:09:33.951 | OsTech | GS -> Interlock OK | Laser Current ON (12.2ms);;0
2026-06-17 08:09:38.679;TERMINAL;OUTPUT;[EINGANG] 2026-06-17 08:09:33.964 | OsTech | GT -> 2371.58 °C (13.1ms);;0
2026-06-17 08:09:38.679;TERMINAL;OUTPUT;[EINGANG] 2026-06-17 08:09:33.979 | SR830 | SNAP? 1,2 -> 0.23475, -0.21112 (8.6ms);;0
2026-06-17 08:09:38.679;TERMINAL;OUTPUT;[EINGANG] 2026-06-17 08:09:34.079 | SR830 | SNAP? 1,2 -> 0.23475, -0.21112 (8.4ms);;0
2026-06-17 08:09:38.680;TERMINAL;OUTPUT;[EINGANG] 2026-06-17 08:09:34.178 | SR830 | SNAP? 1,2 -> 0.23475, -0.21112 (8.4ms);;0
2026-06-17 08:09:38.681;TERMINAL;OUTPUT;[EINGANG] 2026-06-17 08:09:34.279 | SR830 | SNAP? 1,2 -> 0.23287, -0.20944 (8.4ms);;0
2026-06-17 08:09:38.682;TERMINAL;OUTPUT;[EINGANG] 2026-06-17 08:09:34.380 | SR830 | SNAP? 1,2 -> 0.23475, -0.21112 (8.2ms);;0
2026-06-17 08:09:38.682;TERMINAL;OUTPUT;[EINGANG] 2026-06-17 08:09:36.007 | SR830 | SNAP? 1,2 -> 0.23788, -0.21394 (8.2ms);;0
2026-06-17 08:09:38.683;TERMINAL;OUTPUT;[EINGANG] 2026-06-17 08:09:36.033 | OsTech_Manual | GS -> Interlock OK | Laser Current ON (12.5ms);;0
2026-06-17 08:09:38.684;TERMINAL;OUTPUT;[EINGANG] 2026-06-17 08:09:36.044 | SR830 | SNAP? 1,2 -> 0.24165, -0.21733 (8.4ms);;0
2026-06-17 08:09:38.685;TERMINAL;OUTPUT;[EINGANG] 2026-06-17 08:09:36.057 | OsTech | GS ->  (12.1ms);;0
2026-06-17 08:09:38.686;TERMINAL;OUTPUT;[EINGANG] 2026-06-17 08:09:36.070 | OsTech | GT -> 2476.82 °C (12.1ms);;0
2026-06-17 08:09:38.687;TERMINAL;OUTPUT;[EINGANG] 2026-06-17 08:09:36.086 | OsTech_Manual | GT -> 2484.80 (12.3ms);;0
2026-06-17 08:09:38.688;TERMINAL;OUTPUT;[EINGANG] 2026-06-17 08:09:36.107 | OsTech_Manual | GMS 0x4000 -> OK (12.5ms);;0
2026-06-17 08:09:38.689;TERMINAL;OUTPUT;[EINGANG] 2026-06-17 08:09:36.130 | SR830 | SNAP? 1,2 -> 0.24784, -0.22291 (8.4ms);;0
2026-06-17 08:09:38.689;TERMINAL;OUTPUT;[EINGANG] 2026-06-17 08:09:36.229 | SR830 | SNAP? 1,2 -> 0.24714, -0.22228 (8.3ms);;0
2026-06-17 08:09:38.690;TERMINAL;OUTPUT;[EINGANG] 2026-06-17 08:09:37.271 | OsTech_Manual | GMS 0x0000 -> OK (12.4ms);;0
2026-06-17 08:09:38.691;TERMINAL;OUTPUT;[EINGANG] 2026-06-17 08:09:37.283 | SR830_Manual | PHAS? -> 0.84 (8.3ms);;0
2026-06-17 08:09:38.692;TERMINAL;OUTPUT;[EINGANG] 2026-06-17 08:09:37.300 | SR830 | SNAP? 1,2 -> 0.25028, -0.22510 (8.5ms);;0
2026-06-17 08:09:38.692;TERMINAL;OUTPUT;[EINGANG] 2026-06-17 08:09:37.316 | OsTech | GS ->  (14.4ms);;0
2026-06-17 08:09:38.693;TERMINAL;OUTPUT;[EINGANG] 2026-06-17 08:09:37.330 | OsTech | GT -> 2482.58 °C (12.2ms);;0
2026-06-17 08:09:38.693;TERMINAL;OUTPUT;[EINGANG] 2026-06-17 08:09:37.395 | SR830 | SNAP? 1,2 -> 0.24864, -0.22362 (8.1ms);;0
2026-06-17 08:09:38.695;TERMINAL;OUTPUT;[EINGANG] 2026-06-17 08:09:38.246 | SR830 | SNAP? 1,2 -> 0.24568, -0.22097 (8.5ms);;0
2026-06-17 08:09:38.695;TERMINAL;OUTPUT;[EINGANG] 2026-06-17 08:09:38.258 | SR830_Manual | SNAP? 1,2 -> 0.24510, -0.22044 (8.2ms);;0
2026-06-17 08:09:38.696;TERMINAL;OUTPUT;[EINGANG] 2026-06-17 08:09:38.403 | SR830 | SNAP? 1,2 -> 0.24390, -0.21936 (8.3ms);;0
2026-06-17 08:09:38.696;TERMINAL;OUTPUT;[EINGANG] 2026-06-17 08:09:38.417 | SR830_Manual | FREQ? -> 0 (8.6ms);;0
2026-06-17 08:09:38.697;TERMINAL;OUTPUT;[EINGANG] 2026-06-17 08:09:38.428 | SR830 | SNAP? 1,2 -> 0.23860, -0.21459 (8.2ms);;0
2026-06-17 08:09:38.698;TERMINAL;OUTPUT;[EINGANG] 2026-06-17 08:09:38.442 | OsTech | GS -> Interlock OK | Laser Current ON (12.4ms);;0
2026-06-17 08:09:38.698;TERMINAL;OUTPUT;[EINGANG] 2026-06-17 08:09:38.459 | OsTech | GT -> 2216.18 °C (12.1ms);;0
2026-06-17 08:09:38.702;TERMINAL;OUTPUT;[EINGANG] 2026-06-17 08:09:38.470 | SR830_Manual | HARM? -> 0 (8.4ms);;0
2026-06-17 08:09:38.703;TERMINAL;OUTPUT;[EINGANG] 2026-06-17 08:09:38.515 | SR830 | SNAP? 1,2 -> 0.20650, -0.18570 (8.4ms);;0
2026-06-17 08:09:38.703;TERMINAL;OUTPUT;[EINGANG] 2026-06-17 08:09:38.615 | SR830 | SNAP? 1,2 -> 0.19034, -0.17116 (8.5ms);;0
2026-06-17 08:09:38.715;SR830;SNAP? 1,2;0.18085, -0.16261;0.18085, -0.16261;8.49
2026-06-17 08:09:38.716;TERMINAL;OUTPUT;[2026-06-17 08:09:38.715] SR830                Befehl: SNAP? 1,2       │ Antwort: 0.18085, -0.16261                        │ 8.5ms;;0
2026-06-17 08:09:38.816;SR830;SNAP? 1,2;0.16856, -0.15155;0.16856, -0.15155;8.23
2026-06-17 08:09:38.816;TERMINAL;OUTPUT;[2026-06-17 08:09:38.816] SR830                Befehl: SNAP? 1,2       │ Antwort: 0.16856, -0.15155                        │ 8.2ms;;0
2026-06-17 08:09:38.917;SR830;SNAP? 1,2;0.14592, -0.13117;0.14592, -0.13117;8.08
2026-06-17 08:09:38.917;TERMINAL;OUTPUT;[2026-06-17 08:09:38.917] SR830                Befehl: SNAP? 1,2       │ Antwort: 0.14592, -0.13117                        │ 8.1ms;;0
2026-06-17 08:09:39.018;SR830;SNAP? 1,2;0.14703, -0.13217;0.14703, -0.13217;8.44
2026-06-17 08:09:39.018;TERMINAL;OUTPUT;[2026-06-17 08:09:39.018] SR830                Befehl: SNAP? 1,2       │ Antwort: 0.14703, -0.13217                        │ 8.4ms;;0
2026-06-17 08:09:39.118;SR830;SNAP? 1,2;0.14599, -0.13124;0.14599, -0.13124;8.11
2026-06-17 08:09:39.118;TERMINAL;OUTPUT;[2026-06-17 08:09:39.118] SR830                Befehl: SNAP? 1,2       │ Antwort: 0.14599, -0.13124                        │ 8.1ms;;0
2026-06-17 08:09:39.206;TERMINAL;OUTPUT;[EINGANG] 2026-06-17 08:09:38.716 | SR830 | SNAP? 1,2 -> 0.18085, -0.16261 (8.5ms);;0
2026-06-17 08:09:39.206;TERMINAL;OUTPUT;[EINGANG] 2026-06-17 08:09:38.816 | SR830 | SNAP? 1,2 -> 0.16856, -0.15155 (8.2ms);;0
2026-06-17 08:09:39.207;TERMINAL;OUTPUT;[EINGANG] 2026-06-17 08:09:38.917 | SR830 | SNAP? 1,2 -> 0.14592, -0.13117 (8.1ms);;0
2026-06-17 08:09:39.207;TERMINAL;OUTPUT;[EINGANG] 2026-06-17 08:09:39.018 | SR830 | SNAP? 1,2 -> 0.14703, -0.13217 (8.4ms);;0
2026-06-17 08:09:39.207;TERMINAL;OUTPUT;[EINGANG] 2026-06-17 08:09:39.118 | SR830 | SNAP? 1,2 -> 0.14599, -0.13124 (8.1ms);;0
2026-06-17 08:09:39.219;SR830;SNAP? 1,2;0.16464, -0.14802;0.16464, -0.14802;8.41
2026-06-17 08:09:39.219;TERMINAL;OUTPUT;[2026-06-17 08:09:39.219] SR830                Befehl: SNAP? 1,2       │ Antwort: 0.16464, -0.14802                        │ 8.4ms;;0
2026-06-17 08:09:39.319;SR830;SNAP? 1,2;0.16490, -0.14826;0.16490, -0.14826;8.18
2026-06-17 08:09:39.319;TERMINAL;OUTPUT;[2026-06-17 08:09:39.319] SR830                Befehl: SNAP? 1,2       │ Antwort: 0.16490, -0.14826                        │ 8.2ms;;0
2026-06-17 08:09:39.418;OsTech;GS;0x4405;Interlock OK | Laser Current ON;12.19
2026-06-17 08:09:39.418;TERMINAL;OUTPUT;[2026-06-17 08:09:39.418] OsTech               Befehl: GS              │ Antwort: Interlock OK | Laser Current ON          │ 12.2ms;;0
2026-06-17 08:09:39.431;OsTech;GT;2937.32;2937.32 °C;12.48
2026-06-17 08:09:39.432;TERMINAL;OUTPUT;[2026-06-17 08:09:39.431] OsTech               Befehl: GT              │ Antwort: 2937.32 °C                               │ 12.5ms;;0
2026-06-17 08:09:39.442;SR830;SNAP? 1,2;0.18171, -0.16339;0.18171, -0.16339;8.12
2026-06-17 08:09:39.442;TERMINAL;OUTPUT;[2026-06-17 08:09:39.442] SR830                Befehl: SNAP? 1,2       │ Antwort: 0.18171, -0.16339                        │ 8.1ms;;0
2026-06-17 08:09:39.544;SR830;SNAP? 1,2;0.14249, -0.12809;0.14249, -0.12809;8.13
2026-06-17 08:09:39.544;TERMINAL;OUTPUT;[2026-06-17 08:09:39.544] SR830                Befehl: SNAP? 1,2       │ Antwort: 0.14249, -0.12809                        │ 8.1ms;;0
2026-06-17 08:09:39.645;SR830;SNAP? 1,2;0.14047, -0.12628;0.14047, -0.12628;8.48
2026-06-17 08:09:39.645;TERMINAL;OUTPUT;[2026-06-17 08:09:39.645] SR830                Befehl: SNAP? 1,2       │ Antwort: 0.14047, -0.12628                        │ 8.5ms;;0
2026-06-17 08:09:39.709;TERMINAL;OUTPUT;[EINGANG] 2026-06-17 08:09:39.219 | SR830 | SNAP? 1,2 -> 0.16464, -0.14802 (8.4ms);;0
2026-06-17 08:09:39.709;TERMINAL;OUTPUT;[EINGANG] 2026-06-17 08:09:39.319 | SR830 | SNAP? 1,2 -> 0.16490, -0.14826 (8.2ms);;0
2026-06-17 08:09:39.711;TERMINAL;OUTPUT;[EINGANG] 2026-06-17 08:09:39.419 | OsTech | GS -> Interlock OK | Laser Current ON (12.2ms);;0
2026-06-17 08:09:39.711;TERMINAL;OUTPUT;[EINGANG] 2026-06-17 08:09:39.432 | OsTech | GT -> 2937.32 °C (12.5ms);;0
2026-06-17 08:09:39.712;TERMINAL;OUTPUT;[EINGANG] 2026-06-17 08:09:39.448 | SR830 | SNAP? 1,2 -> 0.18171, -0.16339 (8.1ms);;0
2026-06-17 08:09:39.712;TERMINAL;OUTPUT;[EINGANG] 2026-06-17 08:09:39.544 | SR830 | SNAP? 1,2 -> 0.14249, -0.12809 (8.1ms);;0
2026-06-17 08:09:39.712;TERMINAL;OUTPUT;[EINGANG] 2026-06-17 08:09:39.645 | SR830 | SNAP? 1,2 -> 0.14047, -0.12628 (8.5ms);;0
2026-06-17 08:09:39.746;SR830;SNAP? 1,2;0.13919, -0.12512;0.13919, -0.12512;8.25
2026-06-17 08:09:39.746;TERMINAL;OUTPUT;[2026-06-17 08:09:39.746] SR830                Befehl: SNAP? 1,2       │ Antwort: 0.13919, -0.12512                        │ 8.3ms;;0
2026-06-17 08:09:39.845;SR830;SNAP? 1,2;0.14496, -0.13031;0.14496, -0.13031;8.33
2026-06-17 08:09:39.845;TERMINAL;OUTPUT;[2026-06-17 08:09:39.845] SR830                Befehl: SNAP? 1,2       │ Antwort: 0.14496, -0.13031                        │ 8.3ms;;0
2026-06-17 08:09:39.945;SR830;SNAP? 1,2;0.00150, -0.00120;0.00150, -0.00120;8.16
2026-06-17 08:09:39.945;TERMINAL;OUTPUT;[2026-06-17 08:09:39.945] SR830                Befehl: SNAP? 1,2       │ Antwort: 0.00150, -0.00120                        │ 8.2ms;;0
2026-06-17 08:09:40.046;SR830;SNAP? 1,2;0.33640, -0.30261;0.33640, -0.30261;8.14
2026-06-17 08:09:40.046;TERMINAL;OUTPUT;[2026-06-17 08:09:40.046] SR830                Befehl: SNAP? 1,2       │ Antwort: 0.33640, -0.30261                        │ 8.1ms;;0
2026-06-17 08:09:40.146;SR830;SNAP? 1,2;0.32184, -0.28951;0.32184, -0.28951;8.44
2026-06-17 08:09:40.146;TERMINAL;OUTPUT;[2026-06-17 08:09:40.146] SR830                Befehl: SNAP? 1,2       │ Antwort: 0.32184, -0.28951                        │ 8.4ms;;0
2026-06-17 08:09:40.214;TERMINAL;OUTPUT;[EINGANG] 2026-06-17 08:09:39.746 | SR830 | SNAP? 1,2 -> 0.13919, -0.12512 (8.3ms);;0
2026-06-17 08:09:40.215;TERMINAL;OUTPUT;[EINGANG] 2026-06-17 08:09:39.845 | SR830 | SNAP? 1,2 -> 0.14496, -0.13031 (8.3ms);;0
2026-06-17 08:09:40.216;TERMINAL;OUTPUT;[EINGANG] 2026-06-17 08:09:39.945 | SR830 | SNAP? 1,2 -> 0.00150, -0.00120 (8.2ms);;0
2026-06-17 08:09:40.217;TERMINAL;OUTPUT;[EINGANG] 2026-06-17 08:09:40.046 | SR830 | SNAP? 1,2 -> 0.33640, -0.30261 (8.1ms);;0
2026-06-17 08:09:40.217;TERMINAL;OUTPUT;[EINGANG] 2026-06-17 08:09:40.146 | SR830 | SNAP? 1,2 -> 0.32184, -0.28951 (8.4ms);;0
2026-06-17 08:09:40.247;SR830;SNAP? 1,2;0.28524, -0.25657;0.28524, -0.25657;8.23
2026-06-17 08:09:40.247;TERMINAL;OUTPUT;[2026-06-17 08:09:40.247] SR830                Befehl: SNAP? 1,2       │ Antwort: 0.28524, -0.25657                        │ 8.2ms;;0
2026-06-17 08:09:40.348;SR830;SNAP? 1,2;0.27526, -0.24759;0.27526, -0.24759;8.35
2026-06-17 08:09:40.349;TERMINAL;OUTPUT;[2026-06-17 08:09:40.348] SR830                Befehl: SNAP? 1,2       │ Antwort: 0.27526, -0.24759                        │ 8.4ms;;0
2026-06-17 08:09:40.418;OsTech;GS;0x4005;Interlock OK | Laser Current ON;12.38
2026-06-17 08:09:40.419;TERMINAL;OUTPUT;[2026-06-17 08:09:40.418] OsTech               Befehl: GS              │ Antwort: Interlock OK | Laser Current ON          │ 12.4ms;;0
2026-06-17 08:09:40.432;OsTech;GT;2611.52;2611.52 °C;12.17
2026-06-17 08:09:40.433;TERMINAL;OUTPUT;[2026-06-17 08:09:40.432] OsTech               Befehl: GT              │ Antwort: 2611.52 °C                               │ 12.2ms;;0
2026-06-17 08:09:40.449;SR830;SNAP? 1,2;0.24644, -0.22165;0.24644, -0.22165;8.26
2026-06-17 08:09:40.449;TERMINAL;OUTPUT;[2026-06-17 08:09:40.449] SR830                Befehl: SNAP? 1,2       │ Antwort: 0.24644, -0.22165                        │ 8.3ms;;0
2026-06-17 08:09:40.550;SR830;SNAP? 1,2;0.24018, -0.21601;0.24018, -0.21601;8.45
2026-06-17 08:09:40.550;TERMINAL;OUTPUT;[2026-06-17 08:09:40.550] SR830                Befehl: SNAP? 1,2       │ Antwort: 0.24018, -0.21601                        │ 8.5ms;;0
2026-06-17 08:09:40.650;SR830;SNAP? 1,2;0.23732, -0.21344;0.23732, -0.21344;8.17
2026-06-17 08:09:40.650;TERMINAL;OUTPUT;[2026-06-17 08:09:40.650] SR830                Befehl: SNAP? 1,2       │ Antwort: 0.23732, -0.21344                        │ 8.2ms;;0
2026-06-17 08:09:40.718;TERMINAL;OUTPUT;[EINGANG] 2026-06-17 08:09:40.247 | SR830 | SNAP? 1,2 -> 0.28524, -0.25657 (8.2ms);;0
2026-06-17 08:09:40.719;TERMINAL;OUTPUT;[EINGANG] 2026-06-17 08:09:40.349 | SR830 | SNAP? 1,2 -> 0.27526, -0.24759 (8.4ms);;0
2026-06-17 08:09:40.721;TERMINAL;OUTPUT;[EINGANG] 2026-06-17 08:09:40.419 | OsTech | GS -> Interlock OK | Laser Current ON (12.4ms);;0
2026-06-17 08:09:40.721;TERMINAL;OUTPUT;[EINGANG] 2026-06-17 08:09:40.433 | OsTech | GT -> 2611.52 °C (12.2ms);;0
2026-06-17 08:09:40.722;TERMINAL;OUTPUT;[EINGANG] 2026-06-17 08:09:40.449 | SR830 | SNAP? 1,2 -> 0.24644, -0.22165 (8.3ms);;0
2026-06-17 08:09:40.722;TERMINAL;OUTPUT;[EINGANG] 2026-06-17 08:09:40.551 | SR830 | SNAP? 1,2 -> 0.24018, -0.21601 (8.5ms);;0
2026-06-17 08:09:40.724;TERMINAL;OUTPUT;[EINGANG] 2026-06-17 08:09:40.650 | SR830 | SNAP? 1,2 -> 0.23732, -0.21344 (8.2ms);;0
2026-06-17 08:09:40.752;SR830;SNAP? 1,2;0.23656, -0.21275;0.23656, -0.21275;8.53
2026-06-17 08:09:40.752;TERMINAL;OUTPUT;[2026-06-17 08:09:40.752] SR830                Befehl: SNAP? 1,2       │ Antwort: 0.23656, -0.21275                        │ 8.5ms;;0
2026-06-17 08:09:40.852;SR830;SNAP? 1,2;0.23475, -0.21112;0.23475, -0.21112;8.25
2026-06-17 08:09:40.852;TERMINAL;OUTPUT;[2026-06-17 08:09:40.852] SR830                Befehl: SNAP? 1,2       │ Antwort: 0.23475, -0.21112                        │ 8.2ms;;0
2026-06-17 08:09:40.953;SR830;SNAP? 1,2;0.23475, -0.21112;0.23475, -0.21112;8.29
2026-06-17 08:09:40.954;TERMINAL;OUTPUT;[2026-06-17 08:09:40.953] SR830                Befehl: SNAP? 1,2       │ Antwort: 0.23475, -0.21112                        │ 8.3ms;;0
2026-06-17 08:09:41.054;SR830;SNAP? 1,2;0.23475, -0.21112;0.23475, -0.21112;8.09
2026-06-17 08:09:41.054;TERMINAL;OUTPUT;[2026-06-17 08:09:41.054] SR830                Befehl: SNAP? 1,2       │ Antwort: 0.23475, -0.21112                        │ 8.1ms;;0
2026-06-17 08:09:41.154;SR830;SNAP? 1,2;0.23287, -0.20944;0.23287, -0.20944;8.30
2026-06-17 08:09:41.154;TERMINAL;OUTPUT;[2026-06-17 08:09:41.154] SR830                Befehl: SNAP? 1,2       │ Antwort: 0.23287, -0.20944                        │ 8.3ms;;0
2026-06-17 08:09:41.225;TERMINAL;OUTPUT;[EINGANG] 2026-06-17 08:09:40.753 | SR830 | SNAP? 1,2 -> 0.23656, -0.21275 (8.5ms);;0
2026-06-17 08:09:41.226;TERMINAL;OUTPUT;[EINGANG] 2026-06-17 08:09:40.852 | SR830 | SNAP? 1,2 -> 0.23475, -0.21112 (8.2ms);;0
2026-06-17 08:09:41.228;TERMINAL;OUTPUT;[EINGANG] 2026-06-17 08:09:40.954 | SR830 | SNAP? 1,2 -> 0.23475, -0.21112 (8.3ms);;0
2026-06-17 08:09:41.228;TERMINAL;OUTPUT;[EINGANG] 2026-06-17 08:09:41.054 | SR830 | SNAP? 1,2 -> 0.23475, -0.21112 (8.1ms);;0
2026-06-17 08:09:41.229;TERMINAL;OUTPUT;[EINGANG] 2026-06-17 08:09:41.154 | SR830 | SNAP? 1,2 -> 0.23287, -0.20944 (8.3ms);;0
2026-06-17 08:09:41.255;SR830;SNAP? 1,2;0.23475, -0.21112;0.23475, -0.21112;8.05
2026-06-17 08:09:41.256;TERMINAL;OUTPUT;[2026-06-17 08:09:41.255] SR830                Befehl: SNAP? 1,2       │ Antwort: 0.23475, -0.21112                        │ 8.0ms;;0
2026-06-17 08:09:41.356;SR830;SNAP? 1,2;0.23788, -0.21394;0.23788, -0.21394;8.50
2026-06-17 08:09:41.357;TERMINAL;OUTPUT;[2026-06-17 08:09:41.356] SR830                Befehl: SNAP? 1,2       │ Antwort: 0.23788, -0.21394                        │ 8.5ms;;0
2026-06-17 08:09:41.418;OsTech;GS;0x4005;Interlock OK | Laser Current ON;12.18
2026-06-17 08:09:41.419;TERMINAL;OUTPUT;[2026-06-17 08:09:41.418] OsTech               Befehl: GS              │ Antwort: Interlock OK | Laser Current ON          │ 12.2ms;;0
2026-06-17 08:09:41.433;OsTech;GT;2422.46;2422.46 °C;12.11
2026-06-17 08:09:41.434;TERMINAL;OUTPUT;[2026-06-17 08:09:41.433] OsTech               Befehl: GT              │ Antwort: 2422.46 °C                               │ 12.1ms;;0
2026-06-17 08:09:41.456;SR830;SNAP? 1,2;0.24441, -0.21982;0.24441, -0.21982;8.22
2026-06-17 08:09:41.456;TERMINAL;OUTPUT;[2026-06-17 08:09:41.456] SR830                Befehl: SNAP? 1,2       │ Antwort: 0.24441, -0.21982                        │ 8.2ms;;0
2026-06-17 08:09:41.556;SR830;SNAP? 1,2;0.24708, -0.22222;0.24708, -0.22222;8.30
2026-06-17 08:09:41.558;TERMINAL;OUTPUT;[2026-06-17 08:09:41.556] SR830                Befehl: SNAP? 1,2       │ Antwort: 0.24708, -0.22222                        │ 8.3ms;;0
2026-06-17 08:09:41.657;SR830;SNAP? 1,2;0.24788, -0.22294;0.24788, -0.22294;8.68
2026-06-17 08:09:41.657;TERMINAL;OUTPUT;[2026-06-17 08:09:41.657] SR830                Befehl: SNAP? 1,2       │ Antwort: 0.24788, -0.22294                        │ 8.7ms;;0
2026-06-17 08:09:41.730;TERMINAL;OUTPUT;[EINGANG] 2026-06-17 08:09:41.256 | SR830 | SNAP? 1,2 -> 0.23475, -0.21112 (8.0ms);;0
2026-06-17 08:09:41.731;TERMINAL;OUTPUT;[EINGANG] 2026-06-17 08:09:41.357 | SR830 | SNAP? 1,2 -> 0.23788, -0.21394 (8.5ms);;0
2026-06-17 08:09:41.732;TERMINAL;OUTPUT;[EINGANG] 2026-06-17 08:09:41.419 | OsTech | GS -> Interlock OK | Laser Current ON (12.2ms);;0
2026-06-17 08:09:41.733;TERMINAL;OUTPUT;[EINGANG] 2026-06-17 08:09:41.435 | OsTech | GT -> 2422.46 °C (12.1ms);;0
2026-06-17 08:09:41.733;TERMINAL;OUTPUT;[EINGANG] 2026-06-17 08:09:41.456 | SR830 | SNAP? 1,2 -> 0.24441, -0.21982 (8.2ms);;0
2026-06-17 08:09:41.734;TERMINAL;OUTPUT;[EINGANG] 2026-06-17 08:09:41.558 | SR830 | SNAP? 1,2 -> 0.24708, -0.22222 (8.3ms);;0
2026-06-17 08:09:41.734;TERMINAL;OUTPUT;[EINGANG] 2026-06-17 08:09:41.659 | SR830 | SNAP? 1,2 -> 0.24788, -0.22294 (8.7ms);;0
2026-06-17 08:09:41.758;SR830;SNAP? 1,2;0.24784, -0.22291;0.24784, -0.22291;8.45
2026-06-17 08:09:41.758;TERMINAL;OUTPUT;[2026-06-17 08:09:41.758] SR830                Befehl: SNAP? 1,2       │ Antwort: 0.24784, -0.22291                        │ 8.5ms;;0
2026-06-17 08:09:41.859;SR830;SNAP? 1,2;0.24714, -0.22228;0.24714, -0.22228;8.55
2026-06-17 08:09:41.859;TERMINAL;OUTPUT;[2026-06-17 08:09:41.859] SR830                Befehl: SNAP? 1,2       │ Antwort: 0.24714, -0.22228                        │ 8.6ms;;0
2026-06-17 08:09:41.961;SR830;SNAP? 1,2;0.24865, -0.22364;0.24865, -0.22364;8.24
2026-06-17 08:09:41.961;TERMINAL;OUTPUT;[2026-06-17 08:09:41.961] SR830                Befehl: SNAP? 1,2       │ Antwort: 0.24865, -0.22364                        │ 8.2ms;;0
2026-06-17 08:09:42.061;SR830;SNAP? 1,2;0.25028, -0.22510;0.25028, -0.22510;8.39
2026-06-17 08:09:42.061;TERMINAL;OUTPUT;[2026-06-17 08:09:42.061] SR830                Befehl: SNAP? 1,2       │ Antwort: 0.25028, -0.22510                        │ 8.4ms;;0
2026-06-17 08:09:42.162;SR830;SNAP? 1,2;0.24895, -0.22391;0.24895, -0.22391;9.27
2026-06-17 08:09:42.163;TERMINAL;OUTPUT;[2026-06-17 08:09:42.163] SR830                Befehl: SNAP? 1,2       │ Antwort: 0.24895, -0.22391                        │ 9.3ms;;0
2026-06-17 08:09:42.236;TERMINAL;OUTPUT;[EINGANG] 2026-06-17 08:09:41.758 | SR830 | SNAP? 1,2 -> 0.24784, -0.22291 (8.5ms);;0
2026-06-17 08:09:42.238;TERMINAL;OUTPUT;[EINGANG] 2026-06-17 08:09:41.859 | SR830 | SNAP? 1,2 -> 0.24714, -0.22228 (8.6ms);;0
2026-06-17 08:09:42.238;TERMINAL;OUTPUT;[EINGANG] 2026-06-17 08:09:41.961 | SR830 | SNAP? 1,2 -> 0.24865, -0.22364 (8.2ms);;0
2026-06-17 08:09:42.240;TERMINAL;OUTPUT;[EINGANG] 2026-06-17 08:09:42.061 | SR830 | SNAP? 1,2 -> 0.25028, -0.22510 (8.4ms);;0
2026-06-17 08:09:42.241;TERMINAL;OUTPUT;[EINGANG] 2026-06-17 08:09:42.163 | SR830 | SNAP? 1,2 -> 0.24895, -0.22391 (9.3ms);;0
2026-06-17 08:09:42.262;SR830;SNAP? 1,2;0.24766, -0.22274;0.24766, -0.22274;8.49
2026-06-17 08:09:42.262;TERMINAL;OUTPUT;[2026-06-17 08:09:42.262] SR830                Befehl: SNAP? 1,2       │ Antwort: 0.24766, -0.22274                        │ 8.5ms;;0
2026-06-17 08:09:42.362;SR830;SNAP? 1,2;0.24864, -0.22362;0.24864, -0.22362;8.32
2026-06-17 08:09:42.362;TERMINAL;OUTPUT;[2026-06-17 08:09:42.362] SR830                Befehl: SNAP? 1,2       │ Antwort: 0.24864, -0.22362                        │ 8.3ms;;0
2026-06-17 08:09:42.420;OsTech;GS;0x4005;Interlock OK | Laser Current ON;12.18
2026-06-17 08:09:42.421;TERMINAL;OUTPUT;[2026-06-17 08:09:42.420] OsTech               Befehl: GS              │ Antwort: Interlock OK | Laser Current ON          │ 12.2ms;;0
2026-06-17 08:09:42.434;OsTech;GT;2457.02;2457.02 °C;12.64
2026-06-17 08:09:42.435;TERMINAL;OUTPUT;[2026-06-17 08:09:42.435] OsTech               Befehl: GT              │ Antwort: 2457.02 °C                               │ 12.6ms;;0
2026-06-17 08:09:42.463;SR830;SNAP? 1,2;0.24390, -0.21936;0.24390, -0.21936;8.26
2026-06-17 08:09:42.464;TERMINAL;OUTPUT;[2026-06-17 08:09:42.463] SR830                Befehl: SNAP? 1,2       │ Antwort: 0.24390, -0.21936                        │ 8.3ms;;0
2026-06-17 08:09:42.564;SR830;SNAP? 1,2;0.23860, -0.21459;0.23860, -0.21459;9.80
2026-06-17 08:09:42.564;TERMINAL;OUTPUT;[2026-06-17 08:09:42.564] SR830                Befehl: SNAP? 1,2       │ Antwort: 0.23860, -0.21459                        │ 9.8ms;;0
2026-06-17 08:09:42.665;SR830;SNAP? 1,2;0.22517, -0.20250;0.22517, -0.20250;8.42
2026-06-17 08:09:42.665;TERMINAL;OUTPUT;[2026-06-17 08:09:42.665] SR830                Befehl: SNAP? 1,2       │ Antwort: 0.22517, -0.20250                        │ 8.4ms;;0
2026-06-17 08:09:42.741;TERMINAL;OUTPUT;[EINGANG] 2026-06-17 08:09:42.270 | SR830 | SNAP? 1,2 -> 0.24766, -0.22274 (8.5ms);;0
2026-06-17 08:09:42.743;TERMINAL;OUTPUT;[EINGANG] 2026-06-17 08:09:42.362 | SR830 | SNAP? 1,2 -> 0.24864, -0.22362 (8.3ms);;0
2026-06-17 08:09:42.744;TERMINAL;OUTPUT;[EINGANG] 2026-06-17 08:09:42.421 | OsTech | GS -> Interlock OK | Laser Current ON (12.2ms);;0
2026-06-17 08:09:42.744;TERMINAL;OUTPUT;[EINGANG] 2026-06-17 08:09:42.436 | OsTech | GT -> 2457.02 °C (12.6ms);;0
2026-06-17 08:09:42.746;TERMINAL;OUTPUT;[EINGANG] 2026-06-17 08:09:42.464 | SR830 | SNAP? 1,2 -> 0.24390, -0.21936 (8.3ms);;0
2026-06-17 08:09:42.747;TERMINAL;OUTPUT;[EINGANG] 2026-06-17 08:09:42.564 | SR830 | SNAP? 1,2 -> 0.23860, -0.21459 (9.8ms);;0
2026-06-17 08:09:42.748;TERMINAL;OUTPUT;[EINGANG] 2026-06-17 08:09:42.665 | SR830 | SNAP? 1,2 -> 0.22517, -0.20250 (8.4ms);;0
2026-06-17 08:09:42.767;SR830;SNAP? 1,2;0.22102, -0.19877;0.22102, -0.19877;8.40
2026-06-17 08:09:42.768;TERMINAL;OUTPUT;[2026-06-17 08:09:42.767] SR830                Befehl: SNAP? 1,2       │ Antwort: 0.22102, -0.19877                        │ 8.4ms;;0
2026-06-17 08:09:42.868;SR830;SNAP? 1,2;0.20650, -0.18570;0.20650, -0.18570;8.37
2026-06-17 08:09:42.868;TERMINAL;OUTPUT;[2026-06-17 08:09:42.868] SR830                Befehl: SNAP? 1,2       │ Antwort: 0.20650, -0.18570                        │ 8.4ms;;0
2026-06-17 08:09:42.969;SR830;SNAP? 1,2;0.19034, -0.17116;0.19034, -0.17116;8.05
2026-06-17 08:09:42.970;TERMINAL;OUTPUT;[2026-06-17 08:09:42.970] SR830                Befehl: SNAP? 1,2       │ Antwort: 0.19034, -0.17116                        │ 8.1ms;;0
2026-06-17 08:09:43.070;SR830;SNAP? 1,2;0.18085, -0.16261;0.18085, -0.16261;8.37
2026-06-17 08:09:43.070;TERMINAL;OUTPUT;[2026-06-17 08:09:43.070] SR830                Befehl: SNAP? 1,2       │ Antwort: 0.18085, -0.16261                        │ 8.4ms;;0
2026-06-17 08:09:43.173;SR830;SNAP? 1,2;0.16856, -0.15155;0.16856, -0.15155;8.21
2026-06-17 08:09:43.175;TERMINAL;OUTPUT;[2026-06-17 08:09:43.173] SR830                Befehl: SNAP? 1,2       │ Antwort: 0.16856, -0.15155                        │ 8.2ms;;0
2026-06-17 08:09:43.249;TERMINAL;OUTPUT;[EINGANG] 2026-06-17 08:09:42.768 | SR830 | SNAP? 1,2 -> 0.22102, -0.19877 (8.4ms);;0
2026-06-17 08:09:43.250;TERMINAL;OUTPUT;[EINGANG] 2026-06-17 08:09:42.868 | SR830 | SNAP? 1,2 -> 0.20650, -0.18570 (8.4ms);;0
2026-06-17 08:09:43.251;TERMINAL;OUTPUT;[EINGANG] 2026-06-17 08:09:42.970 | SR830 | SNAP? 1,2 -> 0.19034, -0.17116 (8.1ms);;0
2026-06-17 08:09:43.253;TERMINAL;OUTPUT;[EINGANG] 2026-06-17 08:09:43.070 | SR830 | SNAP? 1,2 -> 0.18085, -0.16261 (8.4ms);;0
2026-06-17 08:09:43.254;TERMINAL;OUTPUT;[EINGANG] 2026-06-17 08:09:43.175 | SR830 | SNAP? 1,2 -> 0.16856, -0.15155 (8.2ms);;0
2026-06-17 08:09:43.274;SR830;SNAP? 1,2;0.14592, -0.13117;0.14592, -0.13117;8.51
2026-06-17 08:09:43.274;TERMINAL;OUTPUT;[2026-06-17 08:09:43.274] SR830                Befehl: SNAP? 1,2       │ Antwort: 0.14592, -0.13117                        │ 8.5ms;;0
2026-06-17 08:09:43.375;SR830;SNAP? 1,2;0.14703, -0.13217;0.14703, -0.13217;8.37
2026-06-17 08:09:43.375;TERMINAL;OUTPUT;[2026-06-17 08:09:43.375] SR830                Befehl: SNAP? 1,2       │ Antwort: 0.14703, -0.13217                        │ 8.4ms;;0
2026-06-17 08:09:43.421;OsTech;GS;0x4005;Interlock OK | Laser Current ON;12.15
2026-06-17 08:09:43.421;TERMINAL;OUTPUT;[2026-06-17 08:09:43.421] OsTech               Befehl: GS              │ Antwort: Interlock OK | Laser Current ON          │ 12.1ms;;0
2026-06-17 08:09:43.436;OsTech;GT;1652.36;1652.36 °C;12.36
2026-06-17 08:09:43.436;TERMINAL;OUTPUT;[2026-06-17 08:09:43.436] OsTech               Befehl: GT              │ Antwort: 1652.36 °C                               │ 12.4ms;;0
2026-06-17 08:09:43.475;SR830;SNAP? 1,2;0.16490, -0.14826;0.16490, -0.14826;8.12
2026-06-17 08:09:43.475;TERMINAL;OUTPUT;[2026-06-17 08:09:43.475] SR830                Befehl: SNAP? 1,2       │ Antwort: 0.16490, -0.14826                        │ 8.1ms;;0
2026-06-17 08:09:43.576;SR830;SNAP? 1,2;0.18766, -0.16875;0.18766, -0.16875;8.06
2026-06-17 08:09:43.576;TERMINAL;OUTPUT;[2026-06-17 08:09:43.576] SR830                Befehl: SNAP? 1,2       │ Antwort: 0.18766, -0.16875                        │ 8.1ms;;0
2026-06-17 08:09:43.676;SR830;SNAP? 1,2;0.29313, -0.26367;0.29313, -0.26367;8.15
2026-06-17 08:09:43.676;TERMINAL;OUTPUT;[2026-06-17 08:09:43.676] SR830                Befehl: SNAP? 1,2       │ Antwort: 0.29313, -0.26367                        │ 8.2ms;;0
2026-06-17 08:09:43.754;TERMINAL;OUTPUT;[EINGANG] 2026-06-17 08:09:43.274 | SR830 | SNAP? 1,2 -> 0.14592, -0.13117 (8.5ms);;0
2026-06-17 08:09:43.755;TERMINAL;OUTPUT;[EINGANG] 2026-06-17 08:09:43.375 | SR830 | SNAP? 1,2 -> 0.14703, -0.13217 (8.4ms);;0
2026-06-17 08:09:43.755;TERMINAL;OUTPUT;[EINGANG] 2026-06-17 08:09:43.421 | OsTech | GS -> Interlock OK | Laser Current ON (12.1ms);;0
2026-06-17 08:09:43.757;TERMINAL;OUTPUT;[EINGANG] 2026-06-17 08:09:43.437 | OsTech | GT -> 1652.36 °C (12.4ms);;0
2026-06-17 08:09:43.757;TERMINAL;OUTPUT;[EINGANG] 2026-06-17 08:09:43.475 | SR830 | SNAP? 1,2 -> 0.16490, -0.14826 (8.1ms);;0
2026-06-17 08:09:43.759;TERMINAL;OUTPUT;[EINGANG] 2026-06-17 08:09:43.576 | SR830 | SNAP? 1,2 -> 0.18766, -0.16875 (8.1ms);;0
2026-06-17 08:09:43.759;TERMINAL;OUTPUT;[EINGANG] 2026-06-17 08:09:43.676 | SR830 | SNAP? 1,2 -> 0.29313, -0.26367 (8.2ms);;0
2026-06-17 08:09:43.778;SR830;SNAP? 1,2;0.18171, -0.16339;0.18171, -0.16339;8.24
2026-06-17 08:09:43.779;TERMINAL;OUTPUT;[2026-06-17 08:09:43.778] SR830                Befehl: SNAP? 1,2       │ Antwort: 0.18171, -0.16339                        │ 8.2ms;;0
2026-06-17 08:09:43.878;SR830;SNAP? 1,2;0.14249, -0.12809;0.14249, -0.12809;8.12
2026-06-17 08:09:43.878;TERMINAL;OUTPUT;[2026-06-17 08:09:43.878] SR830                Befehl: SNAP? 1,2       │ Antwort: 0.14249, -0.12809                        │ 8.1ms;;0
2026-06-17 08:09:43.978;SR830;SNAP? 1,2;0.14047, -0.12628;0.14047, -0.12628;8.37
2026-06-17 08:09:43.978;TERMINAL;OUTPUT;[2026-06-17 08:09:43.978] SR830                Befehl: SNAP? 1,2       │ Antwort: 0.14047, -0.12628                        │ 8.4ms;;0
2026-06-17 08:09:44.078;SR830;SNAP? 1,2;0.13919, -0.12512;0.13919, -0.12512;8.09
2026-06-17 08:09:44.079;TERMINAL;OUTPUT;[2026-06-17 08:09:44.078] SR830                Befehl: SNAP? 1,2       │ Antwort: 0.13919, -0.12512                        │ 8.1ms;;0
2026-06-17 08:09:44.179;SR830;SNAP? 1,2;0.14496, -0.13031;0.14496, -0.13031;8.41
2026-06-17 08:09:44.180;TERMINAL;OUTPUT;[2026-06-17 08:09:44.179] SR830                Befehl: SNAP? 1,2       │ Antwort: 0.14496, -0.13031                        │ 8.4ms;;0
2026-06-17 08:09:44.260;TERMINAL;OUTPUT;[EINGANG] 2026-06-17 08:09:43.779 | SR830 | SNAP? 1,2 -> 0.18171, -0.16339 (8.2ms);;0
2026-06-17 08:09:44.262;TERMINAL;OUTPUT;[EINGANG] 2026-06-17 08:09:43.878 | SR830 | SNAP? 1,2 -> 0.14249, -0.12809 (8.1ms);;0
2026-06-17 08:09:44.262;TERMINAL;OUTPUT;[EINGANG] 2026-06-17 08:09:43.978 | SR830 | SNAP? 1,2 -> 0.14047, -0.12628 (8.4ms);;0
2026-06-17 08:09:44.262;TERMINAL;OUTPUT;[EINGANG] 2026-06-17 08:09:44.079 | SR830 | SNAP? 1,2 -> 0.13919, -0.12512 (8.1ms);;0
2026-06-17 08:09:44.263;TERMINAL;OUTPUT;[EINGANG] 2026-06-17 08:09:44.180 | SR830 | SNAP? 1,2 -> 0.14496, -0.13031 (8.4ms);;0
2026-06-17 08:09:44.279;SR830;SNAP? 1,2;0.00150, -0.00120;0.00150, -0.00120;8.21
2026-06-17 08:09:44.280;TERMINAL;OUTPUT;[2026-06-17 08:09:44.280] SR830                Befehl: SNAP? 1,2       │ Antwort: 0.00150, -0.00120                        │ 8.2ms;;0
2026-06-17 08:09:44.380;SR830;SNAP? 1,2;0.33640, -0.30261;0.33640, -0.30261;8.09
2026-06-17 08:09:44.382;TERMINAL;OUTPUT;[2026-06-17 08:09:44.380] SR830                Befehl: SNAP? 1,2       │ Antwort: 0.33640, -0.30261                        │ 8.1ms;;0
2026-06-17 08:09:44.421;OsTech;GS;0x0000;;12.27
2026-06-17 08:09:44.421;TERMINAL;OUTPUT;[2026-06-17 08:09:44.421] OsTech               Befehl: GS              │ Antwort:                                          │ 12.3ms;;0
2026-06-17 08:09:44.435;OsTech;GT;2858.42;2858.42 °C;12.30
2026-06-17 08:09:44.438;TERMINAL;OUTPUT;[2026-06-17 08:09:44.438] OsTech               Befehl: GT              │ Antwort: 2858.42 °C                               │ 12.3ms;;0
2026-06-17 08:09:44.481;SR830;SNAP? 1,2;0.27526, -0.24759;0.27526, -0.24759;8.06
2026-06-17 08:09:44.481;TERMINAL;OUTPUT;[2026-06-17 08:09:44.481] SR830                Befehl: SNAP? 1,2       │ Antwort: 0.27526, -0.24759                        │ 8.1ms;;0
2026-06-17 08:09:44.581;SR830;SNAP? 1,2;0.26514, -0.23848;0.26514, -0.23848;8.35
2026-06-17 08:09:44.582;TERMINAL;OUTPUT;[2026-06-17 08:09:44.581] SR830                Befehl: SNAP? 1,2       │ Antwort: 0.26514, -0.23848                        │ 8.3ms;;0
2026-06-17 08:09:44.682;SR830;SNAP? 1,2;0.26055, -0.23435;0.26055, -0.23435;8.24
2026-06-17 08:09:44.682;TERMINAL;OUTPUT;[2026-06-17 08:09:44.682] SR830                Befehl: SNAP? 1,2       │ Antwort: 0.26055, -0.23435                        │ 8.2ms;;0
2026-06-17 08:09:44.765;TERMINAL;OUTPUT;[EINGANG] 2026-06-17 08:09:44.280 | SR830 | SNAP? 1,2 -> 0.00150, -0.00120 (8.2ms);;0
2026-06-17 08:09:44.766;TERMINAL;OUTPUT;[EINGANG] 2026-06-17 08:09:44.382 | SR830 | SNAP? 1,2 -> 0.33640, -0.30261 (8.1ms);;0
2026-06-17 08:09:44.768;TERMINAL;OUTPUT;[EINGANG] 2026-06-17 08:09:44.421 | OsTech | GS ->  (12.3ms);;0
2026-06-17 08:09:44.769;TERMINAL;OUTPUT;[EINGANG] 2026-06-17 08:09:44.439 | OsTech | GT -> 2858.42 °C (12.3ms);;0
2026-06-17 08:09:44.769;TERMINAL;OUTPUT;[EINGANG] 2026-06-17 08:09:44.481 | SR830 | SNAP? 1,2 -> 0.27526, -0.24759 (8.1ms);;0
2026-06-17 08:09:44.771;TERMINAL;OUTPUT;[EINGANG] 2026-06-17 08:09:44.582 | SR830 | SNAP? 1,2 -> 0.26514, -0.23848 (8.3ms);;0
2026-06-17 08:09:44.772;TERMINAL;OUTPUT;[EINGANG] 2026-06-17 08:09:44.682 | SR830 | SNAP? 1,2 -> 0.26055, -0.23435 (8.2ms);;0
2026-06-17 08:09:44.784;SR830;SNAP? 1,2;0.24644, -0.22165;0.24644, -0.22165;8.50
2026-06-17 08:09:44.785;TERMINAL;OUTPUT;[2026-06-17 08:09:44.784] SR830                Befehl: SNAP? 1,2       │ Antwort: 0.24644, -0.22165                        │ 8.5ms;;0
2026-06-17 08:09:44.885;SR830;SNAP? 1,2;0.24018, -0.21601;0.24018, -0.21601;8.04
2026-06-17 08:09:44.885;TERMINAL;OUTPUT;[2026-06-17 08:09:44.885] SR830                Befehl: SNAP? 1,2       │ Antwort: 0.24018, -0.21601                        │ 8.0ms;;0
2026-06-17 08:09:44.986;SR830;SNAP? 1,2;0.23732, -0.21344;0.23732, -0.21344;8.25
2026-06-17 08:09:44.986;TERMINAL;OUTPUT;[2026-06-17 08:09:44.986] SR830                Befehl: SNAP? 1,2       │ Antwort: 0.23732, -0.21344                        │ 8.3ms;;0
2026-06-17 08:09:45.087;SR830;SNAP? 1,2;0.23656, -0.21275;0.23656, -0.21275;8.40
2026-06-17 08:09:45.087;TERMINAL;OUTPUT;[2026-06-17 08:09:45.087] SR830                Befehl: SNAP? 1,2       │ Antwort: 0.23656, -0.21275                        │ 8.4ms;;0
2026-06-17 08:09:45.187;SR830;SNAP? 1,2;0.23475, -0.21112;0.23475, -0.21112;8.19
2026-06-17 08:09:45.187;TERMINAL;OUTPUT;[2026-06-17 08:09:45.187] SR830                Befehl: SNAP? 1,2       │ Antwort: 0.23475, -0.21112                        │ 8.2ms;;0
2026-06-17 08:09:45.273;TERMINAL;OUTPUT;[EINGANG] 2026-06-17 08:09:44.785 | SR830 | SNAP? 1,2 -> 0.24644, -0.22165 (8.5ms);;0
2026-06-17 08:09:45.275;TERMINAL;OUTPUT;[EINGANG] 2026-06-17 08:09:44.886 | SR830 | SNAP? 1,2 -> 0.24018, -0.21601 (8.0ms);;0
2026-06-17 08:09:45.276;TERMINAL;OUTPUT;[EINGANG] 2026-06-17 08:09:44.986 | SR830 | SNAP? 1,2 -> 0.23732, -0.21344 (8.3ms);;0
2026-06-17 08:09:45.277;TERMINAL;OUTPUT;[EINGANG] 2026-06-17 08:09:45.087 | SR830 | SNAP? 1,2 -> 0.23656, -0.21275 (8.4ms);;0
2026-06-17 08:09:45.277;TERMINAL;OUTPUT;[EINGANG] 2026-06-17 08:09:45.187 | SR830 | SNAP? 1,2 -> 0.23475, -0.21112 (8.2ms);;0
2026-06-17 08:09:45.290;SR830;SNAP? 1,2;0.23475, -0.21112;0.23475, -0.21112;8.48
2026-06-17 08:09:45.290;TERMINAL;OUTPUT;[2026-06-17 08:09:45.290] SR830                Befehl: SNAP? 1,2       │ Antwort: 0.23475, -0.21112                        │ 8.5ms;;0
2026-06-17 08:09:45.390;SR830;SNAP? 1,2;0.23475, -0.21112;0.23475, -0.21112;8.53
2026-06-17 08:09:45.392;TERMINAL;OUTPUT;[2026-06-17 08:09:45.391] SR830                Befehl: SNAP? 1,2       │ Antwort: 0.23475, -0.21112                        │ 8.5ms;;0
2026-06-17 08:09:45.422;OsTech;GS;0x0000;;12.51
2026-06-17 08:09:45.423;TERMINAL;OUTPUT;[2026-06-17 08:09:45.422] OsTech               Befehl: GS              │ Antwort:                                          │ 12.5ms;;0
2026-06-17 08:09:45.437;OsTech;GT;2353.46;2353.46 °C;12.39
2026-06-17 08:09:45.438;TERMINAL;OUTPUT;[2026-06-17 08:09:45.437] OsTech               Befehl: GT              │ Antwort: 2353.46 °C                               │ 12.4ms;;0
2026-06-17 08:09:45.490;SR830;SNAP? 1,2;0.23788, -0.21394;0.23788, -0.21394;8.33
2026-06-17 08:09:45.491;TERMINAL;OUTPUT;[2026-06-17 08:09:45.490] SR830                Befehl: SNAP? 1,2       │ Antwort: 0.23788, -0.21394                        │ 8.3ms;;0
2026-06-17 08:09:45.592;SR830;SNAP? 1,2;0.23818, -0.21421;0.23818, -0.21421;8.08
2026-06-17 08:09:45.593;TERMINAL;OUTPUT;[2026-06-17 08:09:45.593] SR830                Befehl: SNAP? 1,2       │ Antwort: 0.23818, -0.21421                        │ 8.1ms;;0
2026-06-17 08:09:45.692;SR830;SNAP? 1,2;0.24165, -0.21733;0.24165, -0.21733;8.28
2026-06-17 08:09:45.693;TERMINAL;OUTPUT;[2026-06-17 08:09:45.692] SR830                Befehl: SNAP? 1,2       │ Antwort: 0.24165, -0.21733                        │ 8.3ms;;0
2026-06-17 08:09:45.779;TERMINAL;OUTPUT;[EINGANG] 2026-06-17 08:09:45.290 | SR830 | SNAP? 1,2 -> 0.23475, -0.21112 (8.5ms);;0
2026-06-17 08:09:45.781;TERMINAL;OUTPUT;[EINGANG] 2026-06-17 08:09:45.392 | SR830 | SNAP? 1,2 -> 0.23475, -0.21112 (8.5ms);;0
2026-06-17 08:09:45.781;TERMINAL;OUTPUT;[EINGANG] 2026-06-17 08:09:45.423 | OsTech | GS ->  (12.5ms);;0
2026-06-17 08:09:45.781;TERMINAL;OUTPUT;[EINGANG] 2026-06-17 08:09:45.438 | OsTech | GT -> 2353.46 °C (12.4ms);;0
2026-06-17 08:09:45.782;TERMINAL;OUTPUT;[EINGANG] 2026-06-17 08:09:45.491 | SR830 | SNAP? 1,2 -> 0.23788, -0.21394 (8.3ms);;0
2026-06-17 08:09:45.782;TERMINAL;OUTPUT;[EINGANG] 2026-06-17 08:09:45.594 | SR830 | SNAP? 1,2 -> 0.23818, -0.21421 (8.1ms);;0
2026-06-17 08:09:45.784;TERMINAL;OUTPUT;[EINGANG] 2026-06-17 08:09:45.693 | SR830 | SNAP? 1,2 -> 0.24165, -0.21733 (8.3ms);;0
2026-06-17 08:09:45.792;SR830;SNAP? 1,2;0.24441, -0.21982;0.24441, -0.21982;8.55
2026-06-17 08:09:45.793;TERMINAL;OUTPUT;[2026-06-17 08:09:45.793] SR830                Befehl: SNAP? 1,2       │ Antwort: 0.24441, -0.21982                        │ 8.6ms;;0
2026-06-17 08:09:45.892;SR830;SNAP? 1,2;0.24708, -0.22222;0.24708, -0.22222;8.52
2026-06-17 08:09:45.893;TERMINAL;OUTPUT;[2026-06-17 08:09:45.892] SR830                Befehl: SNAP? 1,2       │ Antwort: 0.24708, -0.22222                        │ 8.5ms;;0
2026-06-17 08:09:45.993;SR830;SNAP? 1,2;0.24788, -0.22294;0.24788, -0.22294;8.37
2026-06-17 08:09:45.994;TERMINAL;OUTPUT;[2026-06-17 08:09:45.994] SR830                Befehl: SNAP? 1,2       │ Antwort: 0.24788, -0.22294                        │ 8.4ms;;0
2026-06-17 08:09:46.093;SR830;SNAP? 1,2;0.24784, -0.22291;0.24784, -0.22291;8.50
2026-06-17 08:09:46.094;TERMINAL;OUTPUT;[2026-06-17 08:09:46.093] SR830                Befehl: SNAP? 1,2       │ Antwort: 0.24784, -0.22291                        │ 8.5ms;;0
2026-06-17 08:09:46.194;SR830;SNAP? 1,2;0.24714, -0.22228;0.24714, -0.22228;8.50
2026-06-17 08:09:46.195;TERMINAL;OUTPUT;[2026-06-17 08:09:46.195] SR830                Befehl: SNAP? 1,2       │ Antwort: 0.24714, -0.22228                        │ 8.5ms;;0
2026-06-17 08:09:46.285;TERMINAL;OUTPUT;[EINGANG] 2026-06-17 08:09:45.793 | SR830 | SNAP? 1,2 -> 0.24441, -0.21982 (8.6ms);;0
2026-06-17 08:09:46.287;TERMINAL;OUTPUT;[EINGANG] 2026-06-17 08:09:45.893 | SR830 | SNAP? 1,2 -> 0.24708, -0.22222 (8.5ms);;0
2026-06-17 08:09:46.287;TERMINAL;OUTPUT;[EINGANG] 2026-06-17 08:09:45.995 | SR830 | SNAP? 1,2 -> 0.24788, -0.22294 (8.4ms);;0
2026-06-17 08:09:46.288;TERMINAL;OUTPUT;[EINGANG] 2026-06-17 08:09:46.094 | SR830 | SNAP? 1,2 -> 0.24784, -0.22291 (8.5ms);;0
2026-06-17 08:09:46.289;TERMINAL;OUTPUT;[EINGANG] 2026-06-17 08:09:46.196 | SR830 | SNAP? 1,2 -> 0.24714, -0.22228 (8.5ms);;0
2026-06-17 08:09:46.295;SR830;SNAP? 1,2;0.24865, -0.22364;0.24865, -0.22364;8.40
2026-06-17 08:09:46.296;TERMINAL;OUTPUT;[2026-06-17 08:09:46.295] SR830                Befehl: SNAP? 1,2       │ Antwort: 0.24865, -0.22364                        │ 8.4ms;;0
2026-06-17 08:09:46.396;SR830;SNAP? 1,2;0.25028, -0.22510;0.25028, -0.22510;8.33
2026-06-17 08:09:46.398;TERMINAL;OUTPUT;[2026-06-17 08:09:46.396] SR830                Befehl: SNAP? 1,2       │ Antwort: 0.25028, -0.22510                        │ 8.3ms;;0
2026-06-17 08:09:46.424;OsTech;GS;0x0000;;12.58
2026-06-17 08:09:46.425;TERMINAL;OUTPUT;[2026-06-17 08:09:46.424] OsTech               Befehl: GS              │ Antwort:                                          │ 12.6ms;;0
2026-06-17 08:09:46.439;OsTech;GT;2482.58;2482.58 °C;12.44
2026-06-17 08:09:46.440;TERMINAL;OUTPUT;[2026-06-17 08:09:46.439] OsTech               Befehl: GT              │ Antwort: 2482.58 °C                               │ 12.4ms;;0
2026-06-17 08:09:46.497;SR830;SNAP? 1,2;0.24864, -0.22362;0.24864, -0.22362;8.66
2026-06-17 08:09:46.498;TERMINAL;OUTPUT;[2026-06-17 08:09:46.498] SR830                Befehl: SNAP? 1,2       │ Antwort: 0.24864, -0.22362                        │ 8.7ms;;0
2026-06-17 08:09:46.599;SR830;SNAP? 1,2;0.24568, -0.22097;0.24568, -0.22097;8.51
2026-06-17 08:09:46.600;TERMINAL;OUTPUT;[2026-06-17 08:09:46.599] SR830                Befehl: SNAP? 1,2       │ Antwort: 0.24568, -0.22097                        │ 8.5ms;;0
2026-06-17 08:09:46.699;SR830;SNAP? 1,2;0.24510, -0.22044;0.24510, -0.22044;8.06
2026-06-17 08:09:46.700;TERMINAL;OUTPUT;[2026-06-17 08:09:46.699] SR830                Befehl: SNAP? 1,2       │ Antwort: 0.24510, -0.22044                        │ 8.1ms;;0
2026-06-17 08:09:46.792;TERMINAL;OUTPUT;[EINGANG] 2026-06-17 08:09:46.296 | SR830 | SNAP? 1,2 -> 0.24865, -0.22364 (8.4ms);;0
2026-06-17 08:09:46.794;TERMINAL;OUTPUT;[EINGANG] 2026-06-17 08:09:46.399 | SR830 | SNAP? 1,2 -> 0.25028, -0.22510 (8.3ms);;0
2026-06-17 08:09:46.795;TERMINAL;OUTPUT;[EINGANG] 2026-06-17 08:09:46.425 | OsTech | GS ->  (12.6ms);;0
2026-06-17 08:09:46.797;TERMINAL;OUTPUT;[EINGANG] 2026-06-17 08:09:46.440 | OsTech | GT -> 2482.58 °C (12.4ms);;0
2026-06-17 08:09:46.798;TERMINAL;OUTPUT;[EINGANG] 2026-06-17 08:09:46.500 | SR830 | SNAP? 1,2 -> 0.24864, -0.22362 (8.7ms);;0
2026-06-17 08:09:46.799;TERMINAL;OUTPUT;[EINGANG] 2026-06-17 08:09:46.600 | SR830 | SNAP? 1,2 -> 0.24568, -0.22097 (8.5ms);;0
2026-06-17 08:09:46.800;SR830;SNAP? 1,2;0.24390, -0.21936;0.24390, -0.21936;8.16
2026-06-17 08:09:46.801;TERMINAL;OUTPUT;[EINGANG] 2026-06-17 08:09:46.701 | SR830 | SNAP? 1,2 -> 0.24510, -0.22044 (8.1ms);;0
2026-06-17 08:09:46.801;TERMINAL;OUTPUT;[2026-06-17 08:09:46.800] SR830                Befehl: SNAP? 1,2       │ Antwort: 0.24390, -0.21936                        │ 8.2ms;;0
2026-06-17 08:09:46.902;SR830;SNAP? 1,2;0.23860, -0.21459;0.23860, -0.21459;8.53
2026-06-17 08:09:46.903;TERMINAL;OUTPUT;[2026-06-17 08:09:46.902] SR830                Befehl: SNAP? 1,2       │ Antwort: 0.23860, -0.21459                        │ 8.5ms;;0
2026-06-17 08:09:47.003;SR830;SNAP? 1,2;0.22517, -0.20250;0.22517, -0.20250;8.54
2026-06-17 08:09:47.004;TERMINAL;OUTPUT;[2026-06-17 08:09:47.003] SR830                Befehl: SNAP? 1,2       │ Antwort: 0.22517, -0.20250                        │ 8.5ms;;0
2026-06-17 08:09:47.103;SR830;SNAP? 1,2;0.22102, -0.19877;0.22102, -0.19877;8.51
2026-06-17 08:09:47.104;TERMINAL;OUTPUT;[2026-06-17 08:09:47.104] SR830                Befehl: SNAP? 1,2       │ Antwort: 0.22102, -0.19877                        │ 8.5ms;;0
2026-06-17 08:09:47.204;SR830;SNAP? 1,2;0.20650, -0.18570;0.20650, -0.18570;8.53
2026-06-17 08:09:47.205;TERMINAL;OUTPUT;[2026-06-17 08:09:47.204] SR830                Befehl: SNAP? 1,2       │ Antwort: 0.20650, -0.18570                        │ 8.5ms;;0
2026-06-17 08:09:47.304;TERMINAL;OUTPUT;[EINGANG] 2026-06-17 08:09:46.803 | SR830 | SNAP? 1,2 -> 0.24390, -0.21936 (8.2ms);;0
2026-06-17 08:09:47.305;TERMINAL;OUTPUT;[EINGANG] 2026-06-17 08:09:46.904 | SR830 | SNAP? 1,2 -> 0.23860, -0.21459 (8.5ms);;0
2026-06-17 08:09:47.305;SR830;SNAP? 1,2;0.19034, -0.17116;0.19034, -0.17116;8.51
2026-06-17 08:09:47.307;TERMINAL;OUTPUT;[2026-06-17 08:09:47.305] SR830                Befehl: SNAP? 1,2       │ Antwort: 0.19034, -0.17116                        │ 8.5ms;;0
2026-06-17 08:09:47.307;TERMINAL;OUTPUT;[EINGANG] 2026-06-17 08:09:47.005 | SR830 | SNAP? 1,2 -> 0.22517, -0.20250 (8.5ms);;0
2026-06-17 08:09:47.309;TERMINAL;OUTPUT;[EINGANG] 2026-06-17 08:09:47.105 | SR830 | SNAP? 1,2 -> 0.22102, -0.19877 (8.5ms);;0
2026-06-17 08:09:47.310;TERMINAL;OUTPUT;[EINGANG] 2026-06-17 08:09:47.206 | SR830 | SNAP? 1,2 -> 0.20650, -0.18570 (8.5ms);;0
2026-06-17 08:09:47.312;TERMINAL;OUTPUT;[EINGANG] 2026-06-17 08:09:47.307 | SR830 | SNAP? 1,2 -> 0.19034, -0.17116 (8.5ms);;0
2026-06-17 08:09:47.406;SR830;SNAP? 1,2;0.18085, -0.16261;0.18085, -0.16261;8.13
2026-06-17 08:09:47.407;TERMINAL;OUTPUT;[2026-06-17 08:09:47.406] SR830                Befehl: SNAP? 1,2       │ Antwort: 0.18085, -0.16261                        │ 8.1ms;;0
2026-06-17 08:09:47.424;OsTech;GS;0x0000;;12.54
2026-06-17 08:09:47.425;TERMINAL;OUTPUT;[2026-06-17 08:09:47.424] OsTech               Befehl: GS              │ Antwort:                                          │ 12.5ms;;0
2026-06-17 08:09:47.439;OsTech;GT;1465.16;1465.16 °C;12.11
2026-06-17 08:09:47.441;TERMINAL;OUTPUT;[2026-06-17 08:09:47.440] OsTech               Befehl: GT              │ Antwort: 1465.16 °C                               │ 12.1ms;;0
2026-06-17 08:09:47.507;SR830;SNAP? 1,2;0.14703, -0.13217;0.14703, -0.13217;8.52
2026-06-17 08:09:47.508;TERMINAL;OUTPUT;[2026-06-17 08:09:47.507] SR830                Befehl: SNAP? 1,2       │ Antwort: 0.14703, -0.13217                        │ 8.5ms;;0
2026-06-17 08:09:47.609;SR830;SNAP? 1,2;0.14599, -0.13124;0.14599, -0.13124;8.30
2026-06-17 08:09:47.611;TERMINAL;OUTPUT;[2026-06-17 08:09:47.609] SR830                Befehl: SNAP? 1,2       │ Antwort: 0.14599, -0.13124                        │ 8.3ms;;0
2026-06-17 08:09:47.708;SR830;SNAP? 1,2;0.16464, -0.14802;0.16464, -0.14802;8.17
2026-06-17 08:09:47.712;TERMINAL;OUTPUT;[2026-06-17 08:09:47.710] SR830                Befehl: SNAP? 1,2       │ Antwort: 0.16464, -0.14802                        │ 8.2ms;;0
2026-06-17 08:09:47.810;SR830;SNAP? 1,2;0.16490, -0.14826;0.16490, -0.14826;8.53
2026-06-17 08:09:47.813;TERMINAL;OUTPUT;[2026-06-17 08:09:47.812] SR830                Befehl: SNAP? 1,2       │ Antwort: 0.16490, -0.14826                        │ 8.5ms;;0
2026-06-17 08:09:47.815;TERMINAL;OUTPUT;[EINGANG] 2026-06-17 08:09:47.408 | SR830 | SNAP? 1,2 -> 0.18085, -0.16261 (8.1ms);;0
2026-06-17 08:09:47.816;TERMINAL;OUTPUT;[EINGANG] 2026-06-17 08:09:47.426 | OsTech | GS ->  (12.5ms);;0
2026-06-17 08:09:47.819;TERMINAL;OUTPUT;[EINGANG] 2026-06-17 08:09:47.442 | OsTech | GT -> 1465.16 °C (12.1ms);;0
2026-06-17 08:09:47.822;TERMINAL;OUTPUT;[EINGANG] 2026-06-17 08:09:47.509 | SR830 | SNAP? 1,2 -> 0.14703, -0.13217 (8.5ms);;0
2026-06-17 08:09:47.827;TERMINAL;OUTPUT;[EINGANG] 2026-06-17 08:09:47.611 | SR830 | SNAP? 1,2 -> 0.14599, -0.13124 (8.3ms);;0
2026-06-17 08:09:47.833;TERMINAL;OUTPUT;[EINGANG] 2026-06-17 08:09:47.712 | SR830 | SNAP? 1,2 -> 0.16464, -0.14802 (8.2ms);;0
2026-06-17 08:09:47.835;TERMINAL;OUTPUT;[EINGANG] 2026-06-17 08:09:47.813 | SR830 | SNAP? 1,2 -> 0.16490, -0.14826 (8.5ms);;0
2026-06-17 08:09:47.912;SR830;SNAP? 1,2;0.18766, -0.16875;0.18766, -0.16875;8.47
2026-06-17 08:09:47.916;TERMINAL;OUTPUT;[2026-06-17 08:09:47.913] SR830                Befehl: SNAP? 1,2       │ Antwort: 0.18766, -0.16875                        │ 8.5ms;;0
2026-06-17 08:09:48.011;SR830;SNAP? 1,2;0.29313, -0.26367;0.29313, -0.26367;8.36
2026-06-17 08:09:48.013;TERMINAL;OUTPUT;[2026-06-17 08:09:48.013] SR830                Befehl: SNAP? 1,2       │ Antwort: 0.29313, -0.26367                        │ 8.4ms;;0
2026-06-17 08:09:48.112;SR830;SNAP? 1,2;0.18171, -0.16339;0.18171, -0.16339;8.46
2026-06-17 08:09:48.114;TERMINAL;OUTPUT;[2026-06-17 08:09:48.114] SR830                Befehl: SNAP? 1,2       │ Antwort: 0.18171, -0.16339                        │ 8.5ms;;0
2026-06-17 08:09:48.211;SR830;SNAP? 1,2;0.14249, -0.12809;0.14249, -0.12809;8.19
2026-06-17 08:09:48.214;TERMINAL;OUTPUT;[2026-06-17 08:09:48.213] SR830                Befehl: SNAP? 1,2       │ Antwort: 0.14249, -0.12809                        │ 8.2ms;;0
2026-06-17 08:09:48.315;SR830;SNAP? 1,2;0.14047, -0.12628;0.14047, -0.12628;8.37
2026-06-17 08:09:48.315;TERMINAL;OUTPUT;[2026-06-17 08:09:48.315] SR830                Befehl: SNAP? 1,2       │ Antwort: 0.14047, -0.12628                        │ 8.4ms;;0
2026-06-17 08:09:48.339;TERMINAL;OUTPUT;[EINGANG] 2026-06-17 08:09:47.918 | SR830 | SNAP? 1,2 -> 0.18766, -0.16875 (8.5ms);;0
2026-06-17 08:09:48.341;TERMINAL;OUTPUT;[EINGANG] 2026-06-17 08:09:48.015 | SR830 | SNAP? 1,2 -> 0.29313, -0.26367 (8.4ms);;0
2026-06-17 08:09:48.342;TERMINAL;OUTPUT;[EINGANG] 2026-06-17 08:09:48.116 | SR830 | SNAP? 1,2 -> 0.18171, -0.16339 (8.5ms);;0
2026-06-17 08:09:48.345;TERMINAL;OUTPUT;[EINGANG] 2026-06-17 08:09:48.214 | SR830 | SNAP? 1,2 -> 0.14249, -0.12809 (8.2ms);;0
2026-06-17 08:09:48.348;TERMINAL;OUTPUT;[EINGANG] 2026-06-17 08:09:48.317 | SR830 | SNAP? 1,2 -> 0.14047, -0.12628 (8.4ms);;0
2026-06-17 08:09:48.416;SR830;SNAP? 1,2;0.13919, -0.12512;0.13919, -0.12512;8.20
2026-06-17 08:09:48.418;TERMINAL;OUTPUT;[2026-06-17 08:09:48.417] SR830                Befehl: SNAP? 1,2       │ Antwort: 0.13919, -0.12512                        │ 8.2ms;;0
2026-06-17 08:09:48.435;OsTech;GS;0x0000;;12.54
2026-06-17 08:09:48.437;TERMINAL;OUTPUT;[2026-06-17 08:09:48.435] OsTech               Befehl: GS              │ Antwort:                                          │ 12.5ms;;0
2026-06-17 08:09:48.454;OsTech;GT;21.00;21.00 °C;12.78
2026-06-17 08:09:48.456;TERMINAL;OUTPUT;[2026-06-17 08:09:48.454] OsTech               Befehl: GT              │ Antwort: 21.00 °C                                 │ 12.8ms;;0
2026-06-17 08:09:48.518;SR830;SNAP? 1,2;0.33640, -0.30261;0.33640, -0.30261;8.45
2026-06-17 08:09:48.520;TERMINAL;OUTPUT;[2026-06-17 08:09:48.518] SR830                Befehl: SNAP? 1,2       │ Antwort: 0.33640, -0.30261                        │ 8.5ms;;0
2026-06-17 08:09:48.617;SR830;SNAP? 1,2;0.32184, -0.28951;0.32184, -0.28951;8.55
2026-06-17 08:09:48.617;TERMINAL;OUTPUT;[2026-06-17 08:09:48.617] SR830                Befehl: SNAP? 1,2       │ Antwort: 0.32184, -0.28951                        │ 8.6ms;;0
2026-06-17 08:09:48.717;SR830;SNAP? 1,2;0.28524, -0.25657;0.28524, -0.25657;8.69
2026-06-17 08:09:48.719;TERMINAL;OUTPUT;[2026-06-17 08:09:48.717] SR830                Befehl: SNAP? 1,2       │ Antwort: 0.28524, -0.25657                        │ 8.7ms;;0
2026-06-17 08:09:48.818;SR830;SNAP? 1,2;0.27526, -0.24759;0.27526, -0.24759;8.24
2026-06-17 08:09:48.820;TERMINAL;OUTPUT;[2026-06-17 08:09:48.818] SR830                Befehl: SNAP? 1,2       │ Antwort: 0.27526, -0.24759                        │ 8.2ms;;0
2026-06-17 08:09:48.852;TERMINAL;OUTPUT;[EINGANG] 2026-06-17 08:09:48.419 | SR830 | SNAP? 1,2 -> 0.13919, -0.12512 (8.2ms);;0
2026-06-17 08:09:48.854;TERMINAL;OUTPUT;[EINGANG] 2026-06-17 08:09:48.439 | OsTech | GS ->  (12.5ms);;0
2026-06-17 08:09:48.856;TERMINAL;OUTPUT;[EINGANG] 2026-06-17 08:09:48.457 | OsTech | GT -> 21.00 °C (12.8ms);;0
2026-06-17 08:09:48.859;TERMINAL;OUTPUT;[EINGANG] 2026-06-17 08:09:48.521 | SR830 | SNAP? 1,2 -> 0.33640, -0.30261 (8.5ms);;0
2026-06-17 08:09:48.860;TERMINAL;OUTPUT;[EINGANG] 2026-06-17 08:09:48.620 | SR830 | SNAP? 1,2 -> 0.32184, -0.28951 (8.6ms);;0
2026-06-17 08:09:48.862;TERMINAL;OUTPUT;[EINGANG] 2026-06-17 08:09:48.721 | SR830 | SNAP? 1,2 -> 0.28524, -0.25657 (8.7ms);;0
2026-06-17 08:09:48.864;TERMINAL;OUTPUT;[EINGANG] 2026-06-17 08:09:48.820 | SR830 | SNAP? 1,2 -> 0.27526, -0.24759 (8.2ms);;0
2026-06-17 08:09:48.920;SR830;SNAP? 1,2;0.26514, -0.23848;0.26514, -0.23848;8.29
2026-06-17 08:09:48.921;TERMINAL;OUTPUT;[2026-06-17 08:09:48.920] SR830                Befehl: SNAP? 1,2       │ Antwort: 0.26514, -0.23848                        │ 8.3ms;;0
2026-06-17 08:09:49.020;SR830;SNAP? 1,2;0.26055, -0.23435;0.26055, -0.23435;8.24
2026-06-17 08:09:49.022;TERMINAL;OUTPUT;[2026-06-17 08:09:49.020] SR830                Befehl: SNAP? 1,2       │ Antwort: 0.26055, -0.23435                        │ 8.2ms;;0
2026-06-17 08:09:49.120;SR830;SNAP? 1,2;0.24644, -0.22165;0.24644, -0.22165;8.16
2026-06-17 08:09:49.122;TERMINAL;OUTPUT;[2026-06-17 08:09:49.120] SR830                Befehl: SNAP? 1,2       │ Antwort: 0.24644, -0.22165                        │ 8.2ms;;0
2026-06-17 08:09:49.221;SR830;SNAP? 1,2;0.24018, -0.21601;0.24018, -0.21601;8.17
2026-06-17 08:09:49.223;TERMINAL;OUTPUT;[2026-06-17 08:09:49.221] SR830                Befehl: SNAP? 1,2       │ Antwort: 0.24018, -0.21601                        │ 8.2ms;;0
2026-06-17 08:09:49.322;SR830;SNAP? 1,2;0.23732, -0.21344;0.23732, -0.21344;8.57
2026-06-17 08:09:49.324;TERMINAL;OUTPUT;[2026-06-17 08:09:49.322] SR830                Befehl: SNAP? 1,2       │ Antwort: 0.23732, -0.21344                        │ 8.6ms;;0
2026-06-17 08:09:49.365;TERMINAL;OUTPUT;[EINGANG] 2026-06-17 08:09:48.921 | SR830 | SNAP? 1,2 -> 0.26514, -0.23848 (8.3ms);;0
2026-06-17 08:09:49.369;TERMINAL;OUTPUT;[EINGANG] 2026-06-17 08:09:49.022 | SR830 | SNAP? 1,2 -> 0.26055, -0.23435 (8.2ms);;0
2026-06-17 08:09:49.370;TERMINAL;OUTPUT;[EINGANG] 2026-06-17 08:09:49.122 | SR830 | SNAP? 1,2 -> 0.24644, -0.22165 (8.2ms);;0
2026-06-17 08:09:49.372;TERMINAL;OUTPUT;[EINGANG] 2026-06-17 08:09:49.223 | SR830 | SNAP? 1,2 -> 0.24018, -0.21601 (8.2ms);;0
2026-06-17 08:09:49.377;TERMINAL;OUTPUT;[EINGANG] 2026-06-17 08:09:49.324 | SR830 | SNAP? 1,2 -> 0.23732, -0.21344 (8.6ms);;0
2026-06-17 08:09:49.422;SR830;SNAP? 1,2;0.23656, -0.21275;0.23656, -0.21275;8.41
2026-06-17 08:09:49.425;TERMINAL;OUTPUT;[2026-06-17 08:09:49.422] SR830                Befehl: SNAP? 1,2       │ Antwort: 0.23656, -0.21275                        │ 8.4ms;;0
2026-06-17 08:09:49.439;OsTech;GS;0x4000;;12.31
2026-06-17 08:09:49.441;TERMINAL;OUTPUT;[2026-06-17 08:09:49.439] OsTech               Befehl: GS              │ Antwort:                                          │ 12.3ms;;0
2026-06-17 08:09:49.455;OsTech;GT;2353.46;2353.46 °C;12.40
2026-06-17 08:09:49.456;TERMINAL;OUTPUT;[2026-06-17 08:09:49.455] OsTech               Befehl: GT              │ Antwort: 2353.46 °C                               │ 12.4ms;;0
2026-06-17 08:09:49.523;SR830;SNAP? 1,2;0.23475, -0.21112;0.23475, -0.21112;8.17
2026-06-17 08:09:49.524;TERMINAL;OUTPUT;[2026-06-17 08:09:49.523] SR830                Befehl: SNAP? 1,2       │ Antwort: 0.23475, -0.21112                        │ 8.2ms;;0
2026-06-17 08:09:49.633;SR830;SNAP? 1,2;0.23287, -0.20944;0.23287, -0.20944;8.10
2026-06-17 08:09:49.639;TERMINAL;OUTPUT;[2026-06-17 08:09:49.633] SR830                Befehl: SNAP? 1,2       │ Antwort: 0.23287, -0.20944                        │ 8.1ms;;0
2026-06-17 08:09:49.736;SR830;SNAP? 1,2;0.23475, -0.21112;0.23475, -0.21112;8.12
2026-06-17 08:09:49.740;TERMINAL;OUTPUT;[2026-06-17 08:09:49.738] SR830                Befehl: SNAP? 1,2       │ Antwort: 0.23475, -0.21112                        │ 8.1ms;;0
2026-06-17 08:09:49.836;SR830;SNAP? 1,2;0.23788, -0.21394;0.23788, -0.21394;8.32
2026-06-17 08:09:49.838;TERMINAL;OUTPUT;[2026-06-17 08:09:49.836] SR830                Befehl: SNAP? 1,2       │ Antwort: 0.23788, -0.21394                        │ 8.3ms;;0
2026-06-17 08:09:49.880;TERMINAL;OUTPUT;[EINGANG] 2026-06-17 08:09:49.425 | SR830 | SNAP? 1,2 -> 0.23656, -0.21275 (8.4ms);;0
2026-06-17 08:09:49.882;TERMINAL;OUTPUT;[EINGANG] 2026-06-17 08:09:49.441 | OsTech | GS ->  (12.3ms);;0
2026-06-17 08:09:49.884;TERMINAL;OUTPUT;[EINGANG] 2026-06-17 08:09:49.457 | OsTech | GT -> 2353.46 °C (12.4ms);;0
2026-06-17 08:09:49.887;TERMINAL;OUTPUT;[EINGANG] 2026-06-17 08:09:49.524 | SR830 | SNAP? 1,2 -> 0.23475, -0.21112 (8.2ms);;0
2026-06-17 08:09:49.889;TERMINAL;OUTPUT;[EINGANG] 2026-06-17 08:09:49.639 | SR830 | SNAP? 1,2 -> 0.23287, -0.20944 (8.1ms);;0
2026-06-17 08:09:49.897;TERMINAL;OUTPUT;[EINGANG] 2026-06-17 08:09:49.740 | SR830 | SNAP? 1,2 -> 0.23475, -0.21112 (8.1ms);;0
2026-06-17 08:09:49.936;SR830;SNAP? 1,2;0.23818, -0.21421;0.23818, -0.21421;8.17
| SNAP? 1,2 -> 0.23788, -0.21394 (8.3ms);;0
2026-06-17 08:09:50.755;TERMINAL;OUTPUT;[2026-06-17 08:09:50.753] SR830                Befehl: SNAP? 1,2       │ Antwort: 0.23818, -0.21421                        │ 8.2ms;;0
2026-06-17 08:09:50.765;SR830;SNAP? 1,2;0.24165, -0.21733;0.24165, -0.21733;8.18
2026-06-17 08:09:50.767;TERMINAL;OUTPUT;[2026-06-17 08:09:50.766] SR830                Befehl: SNAP? 1,2       │ Antwort: 0.24165, -0.21733                        │ 8.2ms;;0
2026-06-17 08:09:50.780;OsTech;GS;0x4000;;12.33
2026-06-17 08:09:50.780;TERMINAL;OUTPUT;[2026-06-17 08:09:50.780] OsTech               Befehl: GS              │ Antwort:                                          │ 12.3ms;;0
2026-06-17 08:09:50.796;OsTech;GT;2476.82;2476.82 °C;12.32
2026-06-17 08:09:50.796;TERMINAL;OUTPUT;[2026-06-17 08:09:50.796] OsTech               Befehl: GT              │ Antwort: 2476.82 °C                               │ 12.3ms;;0
2026-06-17 08:09:50.867;SR830;SNAP? 1,2;0.24788, -0.22294;0.24788, -0.22294;8.49
2026-06-17 08:09:50.868;TERMINAL;OUTPUT;[2026-06-17 08:09:50.867] SR830                Befehl: SNAP? 1,2       │ Antwort: 0.24788, -0.22294                        │ 8.5ms;;0
2026-06-17 08:09:50.966;SR830;SNAP? 1,2;0.24784, -0.22291;0.24784, -0.22291;8.31
2026-06-17 08:09:50.967;TERMINAL;OUTPUT;[2026-06-17 08:09:50.967] SR830                Befehl: SNAP? 1,2       │ Antwort: 0.24784, -0.22291                        │ 8.3ms;;0
2026-06-17 08:09:51.069;SR830;SNAP? 1,2;0.24714, -0.22228;0.24714, -0.22228;8.54
2026-06-17 08:09:51.214;TERMINAL;OUTPUT;[2026-06-17 08:09:51.214] SR830                Befehl: SNAP? 1,2       │ Antwort: 0.24714, -0.22228                        │ 8.5ms;;0
2026-06-17 08:09:51.228;SR830;SNAP? 1,2;0.24865, -0.22364;0.24865, -0.22364;8.19
2026-06-17 08:09:51.230;TERMINAL;OUTPUT;[2026-06-17 08:09:51.228] SR830                Befehl: SNAP? 1,2       │ Antwort: 0.24865, -0.22364                        │ 8.2ms;;0
2026-06-17 08:09:51.256;TERMINAL;OUTPUT;[EINGANG] 2026-06-17 08:09:50.755 | SR830 | SNAP? 1,2 -> 0.23818, -0.21421 (8.2ms);;0
2026-06-17 08:09:51.285;TERMINAL;OUTPUT;[EINGANG] 2026-06-17 08:09:50.767 | SR830 | SNAP? 1,2 -> 0.24165, -0.21733 (8.2ms);;0
2026-06-17 08:09:51.287;TERMINAL;OUTPUT;[EINGANG] 2026-06-17 08:09:50.782 | OsTech | GS ->  (12.3ms);;0
2026-06-17 08:09:51.289;TERMINAL;OUTPUT;[EINGANG] 2026-06-17 08:09:50.796 | OsTech | GT -> 2476.82 °C (12.3ms);;0
2026-06-17 08:09:51.290;TERMINAL;OUTPUT;[EINGANG] 2026-06-17 08:09:50.868 | SR830 | SNAP? 1,2 -> 0.24788, -0.22294 (8.5ms);;0
2026-06-17 08:09:51.292;TERMINAL;OUTPUT;[EINGANG] 2026-06-17 08:09:50.968 | SR830 | SNAP? 1,2 -> 0.24784, -0.22291 (8.3ms);;0
2026-06-17 08:09:51.294;TERMINAL;OUTPUT;[EINGANG] 2026-06-17 08:09:51.214 | SR830 | SNAP? 1,2 -> 0.24714, -0.22228 (8.5ms);;0
2026-06-17 08:09:51.295;TERMINAL;OUTPUT;[EINGANG] 2026-06-17 08:09:51.230 | SR830 | SNAP? 1,2 -> 0.24865, -0.22364 (8.2ms);;0
2026-06-17 08:09:51.329;SR830;SNAP? 1,2;0.25028, -0.22510;0.25028, -0.22510;8.22
2026-06-17 08:09:51.329;TERMINAL;OUTPUT;[2026-06-17 08:09:51.329] SR830                Befehl: SNAP? 1,2       │ Antwort: 0.25028, -0.22510                        │ 8.2ms;;0
2026-06-17 08:09:51.431;SR830;SNAP? 1,2;0.24895, -0.22391;0.24895, -0.22391;8.21
2026-06-17 08:09:51.433;TERMINAL;OUTPUT;[2026-06-17 08:09:51.431] SR830                Befehl: SNAP? 1,2       │ Antwort: 0.24895, -0.22391                        │ 8.2ms;;0
2026-06-17 08:09:51.532;SR830;SNAP? 1,2;0.24766, -0.22274;0.24766, -0.22274;8.63
2026-06-17 08:09:51.535;TERMINAL;OUTPUT;[2026-06-17 08:09:51.535] SR830                Befehl: SNAP? 1,2       │ Antwort: 0.24766, -0.22274                        │ 8.6ms;;0
2026-06-17 08:09:51.634;SR830;SNAP? 1,2;0.24864, -0.22362;0.24864, -0.22362;8.54
2026-06-17 08:09:51.636;TERMINAL;OUTPUT;[2026-06-17 08:09:51.635] SR830                Befehl: SNAP? 1,2       │ Antwort: 0.24864, -0.22362                        │ 8.5ms;;0
2026-06-17 08:09:51.734;SR830;SNAP? 1,2;0.24568, -0.22097;0.24568, -0.22097;8.60
2026-06-17 08:09:51.736;TERMINAL;OUTPUT;[2026-06-17 08:09:51.734] SR830                Befehl: SNAP? 1,2       │ Antwort: 0.24568, -0.22097                        │ 8.6ms;;0
2026-06-17 08:09:51.772;OsTech;GS;0x0000;;12.17
2026-06-17 08:09:51.772;TERMINAL;OUTPUT;[2026-06-17 08:09:51.772] OsTech               Befehl: GS              │ Antwort:                                          │ 12.2ms;;0
2026-06-17 08:09:51.789;OsTech;GT;2444.96;2444.96 °C;12.57
2026-06-17 08:09:51.791;TERMINAL;OUTPUT;[2026-06-17 08:09:51.789] OsTech               Befehl: GT              │ Antwort: 2444.96 °C                               │ 12.6ms;;0
2026-06-17 08:09:51.798;TERMINAL;OUTPUT;[EINGANG] 2026-06-17 08:09:51.332 | SR830 | SNAP? 1,2 -> 0.25028, -0.22510 (8.2ms);;0
2026-06-17 08:09:51.801;TERMINAL;OUTPUT;[EINGANG] 2026-06-17 08:09:51.434 | SR830 | SNAP? 1,2 -> 0.24895, -0.22391 (8.2ms);;0
2026-06-17 08:09:51.803;TERMINAL;OUTPUT;[EINGANG] 2026-06-17 08:09:51.535 | SR830 | SNAP? 1,2 -> 0.24766, -0.22274 (8.6ms);;0
2026-06-17 08:09:51.805;TERMINAL;OUTPUT;[EINGANG] 2026-06-17 08:09:51.637 | SR830 | SNAP? 1,2 -> 0.24864, -0.22362 (8.5ms);;0
2026-06-17 08:09:51.807;TERMINAL;OUTPUT;[EINGANG] 2026-06-17 08:09:51.737 | SR830 | SNAP? 1,2 -> 0.24568, -0.22097 (8.6ms);;0
2026-06-17 08:09:51.810;TERMINAL;OUTPUT;[EINGANG] 2026-06-17 08:09:51.772 | OsTech | GS ->  (12.2ms);;0
2026-06-17 08:09:51.812;TERMINAL;OUTPUT;[EINGANG] 2026-06-17 08:09:51.792 | OsTech | GT -> 2444.96 °C (12.6ms);;0
2026-06-17 08:09:51.835;SR830;SNAP? 1,2;0.23860, -0.21459;0.23860, -0.21459;8.17
2026-06-17 08:09:51.836;TERMINAL;OUTPUT;[2026-06-17 08:09:51.835] SR830                Befehl: SNAP? 1,2       │ Antwort: 0.23860, -0.21459                        │ 8.2ms;;0
2026-06-17 08:09:51.935;SR830;SNAP? 1,2;0.22517, -0.20250;0.22517, -0.20250;8.36
2026-06-17 08:09:51.937;TERMINAL;OUTPUT;[2026-06-17 08:09:51.935] SR830                Befehl: SNAP? 1,2       │ Antwort: 0.22517, -0.20250                        │ 8.4ms;;0
2026-06-17 08:09:52.035;SR830;SNAP? 1,2;0.22102, -0.19877;0.22102, -0.19877;8.59
2026-06-17 08:09:52.037;TERMINAL;OUTPUT;[2026-06-17 08:09:52.035] SR830                Befehl: SNAP? 1,2       │ Antwort: 0.22102, -0.19877                        │ 8.6ms;;0
2026-06-17 08:09:52.136;SR830;SNAP? 1,2;0.20650, -0.18570;0.20650, -0.18570;8.24
2026-06-17 08:09:52.136;TERMINAL;OUTPUT;[2026-06-17 08:09:52.136] SR830                Befehl: SNAP? 1,2       │ Antwort: 0.20650, -0.18570                        │ 8.2ms;;0
2026-06-17 08:09:52.236;SR830;SNAP? 1,2;0.19034, -0.17116;0.19034, -0.17116;8.56
2026-06-17 08:09:52.236;TERMINAL;OUTPUT;[2026-06-17 08:09:52.236] SR830                Befehl: SNAP? 1,2       │ Antwort: 0.19034, -0.17116                        │ 8.6ms;;0
2026-06-17 08:09:52.313;TERMINAL;OUTPUT;[EINGANG] 2026-06-17 08:09:51.836 | SR830 | SNAP? 1,2 -> 0.23860, -0.21459 (8.2ms);;0
2026-06-17 08:09:52.315;TERMINAL;OUTPUT;[EINGANG] 2026-06-17 08:09:51.937 | SR830 | SNAP? 1,2 -> 0.22517, -0.20250 (8.4ms);;0
2026-06-17 08:09:52.316;TERMINAL;OUTPUT;[EINGANG] 2026-06-17 08:09:52.037 | SR830 | SNAP? 1,2 -> 0.22102, -0.19877 (8.6ms);;0
2026-06-17 08:09:52.317;TERMINAL;OUTPUT;[EINGANG] 2026-06-17 08:09:52.136 | SR830 | SNAP? 1,2 -> 0.20650, -0.18570 (8.2ms);;0
2026-06-17 08:09:52.317;TERMINAL;OUTPUT;[EINGANG] 2026-06-17 08:09:52.236 | SR830 | SNAP? 1,2 -> 0.19034, -0.17116 (8.6ms);;0
2026-06-17 08:09:52.337;SR830;SNAP? 1,2;0.18085, -0.16261;0.18085, -0.16261;8.20
2026-06-17 08:09:52.337;TERMINAL;OUTPUT;[2026-06-17 08:09:52.337] SR830                Befehl: SNAP? 1,2       │ Antwort: 0.18085, -0.16261                        │ 8.2ms;;0
2026-06-17 08:09:52.438;SR830;SNAP? 1,2;0.16856, -0.15155;0.16856, -0.15155;8.16
2026-06-17 08:09:52.438;TERMINAL;OUTPUT;[2026-06-17 08:09:52.438] SR830                Befehl: SNAP? 1,2       │ Antwort: 0.16856, -0.15155                        │ 8.2ms;;0
2026-06-17 08:09:52.539;SR830;SNAP? 1,2;0.14592, -0.13117;0.14592, -0.13117;8.15
2026-06-17 08:09:52.541;TERMINAL;OUTPUT;[2026-06-17 08:09:52.539] SR830                Befehl: SNAP? 1,2       │ Antwort: 0.14592, -0.13117                        │ 8.2ms;;0
2026-06-17 08:09:52.640;SR830;SNAP? 1,2;0.14703, -0.13217;0.14703, -0.13217;8.23
2026-06-17 08:09:52.642;TERMINAL;OUTPUT;[2026-06-17 08:09:52.640] SR830                Befehl: SNAP? 1,2       │ Antwort: 0.14703, -0.13217                        │ 8.2ms;;0
2026-06-17 08:09:52.741;SR830;SNAP? 1,2;0.14599, -0.13124;0.14599, -0.13124;8.56
2026-06-17 08:09:52.742;TERMINAL;OUTPUT;[2026-06-17 08:09:52.741] SR830                Befehl: SNAP? 1,2       │ Antwort: 0.14599, -0.13124                        │ 8.6ms;;0
2026-06-17 08:09:52.771;OsTech;GS;0x0000;;12.53
2026-06-17 08:09:52.771;TERMINAL;OUTPUT;[2026-06-17 08:09:52.771] OsTech               Befehl: GS              │ Antwort:                                          │ 12.5ms;;0
2026-06-17 08:09:52.787;OsTech;GT;1655.00;1655.00 °C;12.81
2026-06-17 08:09:52.789;TERMINAL;OUTPUT;[2026-06-17 08:09:52.788] OsTech               Befehl: GT              │ Antwort: 1655.00 °C                               │ 12.8ms;;0
2026-06-17 08:09:52.819;TERMINAL;OUTPUT;[EINGANG] 2026-06-17 08:09:52.337 | SR830 | SNAP? 1,2 -> 0.18085, -0.16261 (8.2ms);;0
2026-06-17 08:09:52.822;TERMINAL;OUTPUT;[EINGANG] 2026-06-17 08:09:52.438 | SR830 | SNAP? 1,2 -> 0.16856, -0.15155 (8.2ms);;0
2026-06-17 08:09:52.822;TERMINAL;OUTPUT;[EINGANG] 2026-06-17 08:09:52.542 | SR830 | SNAP? 1,2 -> 0.14592, -0.13117 (8.2ms);;0
2026-06-17 08:09:52.824;TERMINAL;OUTPUT;[EINGANG] 2026-06-17 08:09:52.642 | SR830 | SNAP? 1,2 -> 0.14703, -0.13217 (8.2ms);;0
2026-06-17 08:09:52.826;TERMINAL;OUTPUT;[EINGANG] 2026-06-17 08:09:52.742 | SR830 | SNAP? 1,2 -> 0.14599, -0.13124 (8.6ms);;0
2026-06-17 08:09:52.827;TERMINAL;OUTPUT;[EINGANG] 2026-06-17 08:09:52.771 | OsTech | GS ->  (12.5ms);;0
2026-06-17 08:09:52.828;TERMINAL;OUTPUT;[EINGANG] 2026-06-17 08:09:52.789 | OsTech | GT -> 1655.00 °C (12.8ms);;0
2026-06-17 08:09:52.843;SR830;SNAP? 1,2;0.18766, -0.16875;0.18766, -0.16875;8.60
2026-06-17 08:09:52.844;TERMINAL;OUTPUT;[2026-06-17 08:09:52.843] SR830                Befehl: SNAP? 1,2       │ Antwort: 0.18766, -0.16875                        │ 8.6ms;;0
2026-06-17 08:09:52.943;SR830;SNAP? 1,2;0.29313, -0.26367;0.29313, -0.26367;8.40
2026-06-17 08:09:52.943;TERMINAL;OUTPUT;[2026-06-17 08:09:52.943] SR830                Befehl: SNAP? 1,2       │ Antwort: 0.29313, -0.26367                        │ 8.4ms;;0
2026-06-17 08:09:53.044;SR830;SNAP? 1,2;0.18171, -0.16339;0.18171, -0.16339;8.29
2026-06-17 08:09:53.044;TERMINAL;OUTPUT;[2026-06-17 08:09:53.044] SR830                Befehl: SNAP? 1,2       │ Antwort: 0.18171, -0.16339                        │ 8.3ms;;0
2026-06-17 08:09:53.144;SR830;SNAP? 1,2;0.14249, -0.12809;0.14249, -0.12809;8.14
2026-06-17 08:09:53.144;TERMINAL;OUTPUT;[2026-06-17 08:09:53.144] SR830                Befehl: SNAP? 1,2       │ Antwort: 0.14249, -0.12809                        │ 8.1ms;;0
2026-06-17 08:09:53.245;SR830;SNAP? 1,2;0.14047, -0.12628;0.14047, -0.12628;8.29
2026-06-17 08:09:53.245;TERMINAL;OUTPUT;[2026-06-17 08:09:53.245] SR830                Befehl: SNAP? 1,2       │ Antwort: 0.14047, -0.12628                        │ 8.3ms;;0
2026-06-17 08:09:53.329;TERMINAL;OUTPUT;[EINGANG] 2026-06-17 08:09:52.844 | SR830 | SNAP? 1,2 -> 0.18766, -0.16875 (8.6ms);;0
2026-06-17 08:09:53.330;TERMINAL;OUTPUT;[EINGANG] 2026-06-17 08:09:52.945 | SR830 | SNAP? 1,2 -> 0.29313, -0.26367 (8.4ms);;0
2026-06-17 08:09:53.331;TERMINAL;OUTPUT;[EINGANG] 2026-06-17 08:09:53.044 | SR830 | SNAP? 1,2 -> 0.18171, -0.16339 (8.3ms);;0
2026-06-17 08:09:53.331;TERMINAL;OUTPUT;[EINGANG] 2026-06-17 08:09:53.144 | SR830 | SNAP? 1,2 -> 0.14249, -0.12809 (8.1ms);;0
2026-06-17 08:09:53.333;TERMINAL;OUTPUT;[EINGANG] 2026-06-17 08:09:53.245 | SR830 | SNAP? 1,2 -> 0.14047, -0.12628 (8.3ms);;0
2026-06-17 08:09:53.345;SR830;SNAP? 1,2;0.13919, -0.12512;0.13919, -0.12512;8.52
2026-06-17 08:09:53.346;TERMINAL;OUTPUT;[2026-06-17 08:09:53.346] SR830                Befehl: SNAP? 1,2       │ Antwort: 0.13919, -0.12512                        │ 8.5ms;;0
2026-06-17 08:09:53.447;SR830;SNAP? 1,2;0.14496, -0.13031;0.14496, -0.13031;8.47
2026-06-17 08:09:53.449;TERMINAL;OUTPUT;[2026-06-17 08:09:53.447] SR830                Befehl: SNAP? 1,2       │ Antwort: 0.14496, -0.13031                        │ 8.5ms;;0
2026-06-17 08:09:53.546;SR830;SNAP? 1,2;0.00150, -0.00120;0.00150, -0.00120;8.44
2026-06-17 08:09:53.546;TERMINAL;OUTPUT;[2026-06-17 08:09:53.546] SR830                Befehl: SNAP? 1,2       │ Antwort: 0.00150, -0.00120                        │ 8.4ms;;0
2026-06-17 08:09:53.648;SR830;SNAP? 1,2;0.33640, -0.30261;0.33640, -0.30261;8.37
2026-06-17 08:09:53.650;TERMINAL;OUTPUT;[2026-06-17 08:09:53.648] SR830                Befehl: SNAP? 1,2       │ Antwort: 0.33640, -0.30261                        │ 8.4ms;;0
2026-06-17 08:09:53.748;SR830;SNAP? 1,2;0.32184, -0.28951;0.32184, -0.28951;8.51
2026-06-17 08:09:53.750;TERMINAL;OUTPUT;[2026-06-17 08:09:53.748] SR830                Befehl: SNAP? 1,2       │ Antwort: 0.32184, -0.28951                        │ 8.5ms;;0
2026-06-17 08:09:53.772;OsTech;GS;0x4000;;12.33
2026-06-17 08:09:53.774;TERMINAL;OUTPUT;[2026-06-17 08:09:53.773] OsTech               Befehl: GS              │ Antwort:                                          │ 12.3ms;;0
2026-06-17 08:09:53.788;OsTech;GT;2758.64;2758.64 °C;12.13
2026-06-17 08:09:53.790;TERMINAL;OUTPUT;[2026-06-17 08:09:53.789] OsTech               Befehl: GT              │ Antwort: 2758.64 °C                               │ 12.1ms;;0
2026-06-17 08:09:53.834;TERMINAL;OUTPUT;[EINGANG] 2026-06-17 08:09:53.347 | SR830 | SNAP? 1,2 -> 0.13919, -0.12512 (8.5ms);;0
2026-06-17 08:09:53.835;TERMINAL;OUTPUT;[EINGANG] 2026-06-17 08:09:53.449 | SR830 | SNAP? 1,2 -> 0.14496, -0.13031 (8.5ms);;0
2026-06-17 08:09:53.837;TERMINAL;OUTPUT;[EINGANG] 2026-06-17 08:09:53.546 | SR830 | SNAP? 1,2 -> 0.00150, -0.00120 (8.4ms);;0
2026-06-17 08:09:53.839;TERMINAL;OUTPUT;[EINGANG] 2026-06-17 08:09:53.651 | SR830 | SNAP? 1,2 -> 0.33640, -0.30261 (8.4ms);;0
2026-06-17 08:09:53.839;TERMINAL;OUTPUT;[EINGANG] 2026-06-17 08:09:53.750 | SR830 | SNAP? 1,2 -> 0.32184, -0.28951 (8.5ms);;0
2026-06-17 08:09:53.840;TERMINAL;OUTPUT;[EINGANG] 2026-06-17 08:09:53.774 | OsTech | GS ->  (12.3ms);;0
2026-06-17 08:09:53.843;TERMINAL;OUTPUT;[EINGANG] 2026-06-17 08:09:53.790 | OsTech | GT -> 2758.64 °C (12.1ms);;0
2026-06-17 08:09:53.850;SR830;SNAP? 1,2;0.26514, -0.23848;0.26514, -0.23848;8.59
2026-06-17 08:09:53.851;TERMINAL;OUTPUT;[2026-06-17 08:09:53.850] SR830                Befehl: SNAP? 1,2       │ Antwort: 0.26514, -0.23848                        │ 8.6ms;;0
2026-06-17 08:09:53.951;SR830;SNAP? 1,2;0.26055, -0.23435;0.26055, -0.23435;8.54
2026-06-17 08:09:53.952;TERMINAL;OUTPUT;[2026-06-17 08:09:53.951] SR830                Befehl: SNAP? 1,2       │ Antwort: 0.26055, -0.23435                        │ 8.5ms;;0
2026-06-17 08:09:54.053;SR830;SNAP? 1,2;0.24644, -0.22165;0.24644, -0.22165;8.78
2026-06-17 08:09:54.054;TERMINAL;OUTPUT;[2026-06-17 08:09:54.054] SR830                Befehl: SNAP? 1,2       │ Antwort: 0.24644, -0.22165                        │ 8.8ms;;0
2026-06-17 08:09:54.152;SR830;SNAP? 1,2;0.24018, -0.21601;0.24018, -0.21601;8.39
2026-06-17 08:09:54.153;TERMINAL;OUTPUT;[2026-06-17 08:09:54.153] SR830                Befehl: SNAP? 1,2       │ Antwort: 0.24018, -0.21601                        │ 8.4ms;;0
2026-06-17 08:09:54.253;SR830;SNAP? 1,2;0.23732, -0.21344;0.23732, -0.21344;8.11
2026-06-17 08:09:54.255;TERMINAL;OUTPUT;[2026-06-17 08:09:54.253] SR830                Befehl: SNAP? 1,2       │ Antwort: 0.23732, -0.21344                        │ 8.1ms;;0
2026-06-17 08:09:54.345;TERMINAL;OUTPUT;[EINGANG] 2026-06-17 08:09:53.851 | SR830 | SNAP? 1,2 -> 0.26514, -0.23848 (8.6ms);;0
2026-06-17 08:09:54.346;TERMINAL;OUTPUT;[EINGANG] 2026-06-17 08:09:53.953 | SR830 | SNAP? 1,2 -> 0.26055, -0.23435 (8.5ms);;0
2026-06-17 08:09:54.346;TERMINAL;OUTPUT;[EINGANG] 2026-06-17 08:09:54.055 | SR830 | SNAP? 1,2 -> 0.24644, -0.22165 (8.8ms);;0
2026-06-17 08:09:54.348;TERMINAL;OUTPUT;[EINGANG] 2026-06-17 08:09:54.154 | SR830 | SNAP? 1,2 -> 0.24018, -0.21601 (8.4ms);;0
2026-06-17 08:09:54.350;TERMINAL;OUTPUT;[EINGANG] 2026-06-17 08:09:54.256 | SR830 | SNAP? 1,2 -> 0.23732, -0.21344 (8.1ms);;0
2026-06-17 08:09:54.355;SR830;SNAP? 1,2;0.23656, -0.21275;0.23656, -0.21275;8.42
2026-06-17 08:09:54.356;TERMINAL;OUTPUT;[2026-06-17 08:09:54.355] SR830                Befehl: SNAP? 1,2       │ Antwort: 0.23656, -0.21275                        │ 8.4ms;;0
2026-06-17 08:09:54.454;SR830;SNAP? 1,2;0.23475, -0.21112;0.23475, -0.21112;8.11
2026-06-17 08:09:54.455;TERMINAL;OUTPUT;[2026-06-17 08:09:54.454] SR830                Befehl: SNAP? 1,2       │ Antwort: 0.23475, -0.21112                        │ 8.1ms;;0
2026-06-17 08:09:54.556;SR830;SNAP? 1,2;0.23475, -0.21112;0.23475, -0.21112;8.09
2026-06-17 08:09:54.559;TERMINAL;OUTPUT;[2026-06-17 08:09:54.558] SR830                Befehl: SNAP? 1,2       │ Antwort: 0.23475, -0.21112                        │ 8.1ms;;0
2026-06-17 08:09:54.657;SR830;SNAP? 1,2;0.23475, -0.21112;0.23475, -0.21112;8.14
2026-06-17 08:09:54.657;TERMINAL;OUTPUT;[2026-06-17 08:09:54.657] SR830                Befehl: SNAP? 1,2       │ Antwort: 0.23475, -0.21112                        │ 8.1ms;;0
2026-06-17 08:09:54.758;SR830;SNAP? 1,2;0.23287, -0.20944;0.23287, -0.20944;8.49
2026-06-17 08:09:54.760;TERMINAL;OUTPUT;[2026-06-17 08:09:54.759] SR830                Befehl: SNAP? 1,2       │ Antwort: 0.23287, -0.20944                        │ 8.5ms;;0
2026-06-17 08:09:54.774;OsTech;GS;0x4000;;12.33
2026-06-17 08:09:54.775;TERMINAL;OUTPUT;[2026-06-17 08:09:54.775] OsTech               Befehl: GS              │ Antwort:                                          │ 12.3ms;;0
2026-06-17 08:09:54.789;OsTech;GT;2384.78;2384.78 °C;12.29
2026-06-17 08:09:54.790;TERMINAL;OUTPUT;[2026-06-17 08:09:54.789] OsTech               Befehl: GT              │ Antwort: 2384.78 °C                               │ 12.3ms;;0
2026-06-17 08:09:54.859;SR830;SNAP? 1,2;0.23818, -0.21421;0.23818, -0.21421;8.45
2026-06-17 08:09:54.860;TERMINAL;OUTPUT;[2026-06-17 08:09:54.859] SR830                Befehl: SNAP? 1,2       │ Antwort: 0.23818, -0.21421                        │ 8.5ms;;0
2026-06-17 08:09:54.861;TERMINAL;OUTPUT;[EINGANG] 2026-06-17 08:09:54.356 | SR830 | SNAP? 1,2 -> 0.23656, -0.21275 (8.4ms);;0
2026-06-17 08:09:54.863;TERMINAL;OUTPUT;[EINGANG] 2026-06-17 08:09:54.455 | SR830 | SNAP? 1,2 -> 0.23475, -0.21112 (8.1ms);;0
2026-06-17 08:09:54.864;TERMINAL;OUTPUT;[EINGANG] 2026-06-17 08:09:54.559 | SR830 | SNAP? 1,2 -> 0.23475, -0.21112 (8.1ms);;0
2026-06-17 08:09:54.865;TERMINAL;OUTPUT;[EINGANG] 2026-06-17 08:09:54.657 | SR830 | SNAP? 1,2 -> 0.23475, -0.21112 (8.1ms);;0
2026-06-17 08:09:54.865;TERMINAL;OUTPUT;[EINGANG] 2026-06-17 08:09:54.760 | SR830 | SNAP? 1,2 -> 0.23287, -0.20944 (8.5ms);;0
2026-06-17 08:09:54.867;TERMINAL;OUTPUT;[EINGANG] 2026-06-17 08:09:54.775 | OsTech | GS ->  (12.3ms);;0
2026-06-17 08:09:54.869;TERMINAL;OUTPUT;[EINGANG] 2026-06-17 08:09:54.790 | OsTech | GT -> 2384.78 °C (12.3ms);;0
2026-06-17 08:09:54.870;TERMINAL;OUTPUT;[EINGANG] 2026-06-17 08:09:54.860 | SR830 | SNAP? 1,2 -> 0.23818, -0.21421 (8.5ms);;0
2026-06-17 08:09:54.871;TERMINAL;OUTPUT;;;0
2026-06-17 08:09:54.872;TERMINAL;OUTPUT;================================================================================;;0
2026-06-17 08:09:54.873;TERMINAL;OUTPUT;SHUTDOWN;;0
2026-06-17 08:09:54.874;TERMINAL;OUTPUT;================================================================================;;0
2026-06-17 08:09:54.875;TERMINAL;OUTPUT;✓ Worker beendet;;0
2026-06-17 08:09:54.876;TERMINAL;OUTPUT;✓ Logdatei: logs\2026-06-17\plis_simulation_log.csv;;0
2026-06-17 08:09:54.878;TERMINAL;OUTPUT;================================================================================;;0










2026-06-17 11:12:21;SESSION;START;SIMULATION;;0
2026-06-17 11:12:21.640;CONFIG;PORT_LASER;None;;0.00
2026-06-17 11:12:21.640;CONFIG;PORT_LOCKIN;None;;0.00
2026-06-17 11:12:21.641;CONFIG;BAUDRATE_LASER;9600;;0.00
2026-06-17 11:12:21.641;CONFIG;BAUDRATE_LOCKIN;19200;;0.00
2026-06-17 11:12:21.642;CONFIG;INTERVAL_LASER;1.0;;0.00
2026-06-17 11:12:21.642;CONFIG;INTERVAL_LOCKIN;0.1;;0.00
2026-06-17 11:12:21.643;CONFIG;LOG_PREFIX;T;;0.00
2026-06-17 11:12:21.643;CONFIG;SIMULATE;True;;0.00
2026-06-17 11:12:21.644;CONFIG;CAPTURE_INPUT;True;;0.00
2026-06-17 11:12:21.644;CONFIG;INSERT_SEPARATOR;True;;0.00
2026-06-17 11:12:21.645;TERMINAL;OUTPUT;;;0
2026-06-17 11:12:21.646;TERMINAL;OUTPUT;================================================================================;;0
2026-06-17 11:12:21.646;TERMINAL;OUTPUT;HARDWARE RS232 / USB KOMMUNIKATIONSSYSTEM - AKTIVER MODUS;;0
2026-06-17 11:12:21.647;TERMINAL;OUTPUT;================================================================================;;0
2026-06-17 11:12:21.648;TERMINAL;OUTPUT;⚠️  WARNUNG: pyserial ist nicht installiert.;;0
2026-06-17 11:12:21.648;TERMINAL;OUTPUT;   Starte stattdessen den Simulationsmodus.;;0
2026-06-17 11:12:21.649;TERMINAL;OUTPUT;   Installiere pyserial mit: pip install pyserial;;0










2026-06-17 11:12:21;SESSION;START;SIMULATION;;0
2026-06-17 11:12:21.651;TERMINAL;OUTPUT;[Worker] CSV-Logging initialisiert: logs\2026-06-17\plis_simulation_log.csv;;0
2026-06-17 11:12:21.651;TERMINAL;OUTPUT;;;0
2026-06-17 11:12:21.652;TERMINAL;OUTPUT;================================================================================;;0
2026-06-17 11:12:21.652;TERMINAL;OUTPUT;STARTE AKTIVE RS232/USB-KOMMUNIKATION;;0
2026-06-17 11:12:21.653;TERMINAL;OUTPUT;================================================================================;;0
2026-06-17 11:12:21.654;TERMINAL;OUTPUT;🔴 OsTech Laser-Treiber:        SIM_LASER;;0
2026-06-17 11:12:21.655;TERMINAL;OUTPUT;   └─ Baudrate: 9600, Protokoll: 8N1;;0
2026-06-17 11:12:21.656;TERMINAL;OUTPUT;   └─ Befehle: GT (Temp), GS (Status), GMS (Laser ON/OFF);;0
2026-06-17 11:12:21.656;TERMINAL;OUTPUT;;;0
2026-06-17 11:12:21.657;TERMINAL;OUTPUT;🔵 SR830 Lock-In-Verstärker:    SIM_LOCKIN;;0
2026-06-17 11:12:21.658;TERMINAL;OUTPUT;   └─ Baudrate: 19200, Protokoll: 8N1;;0
2026-06-17 11:12:21.659;TERMINAL;OUTPUT;   └─ Befehle: SNAP? (X/Y-Daten), PHAS? (Phase), FREQ? (Frequenz);;0
2026-06-17 11:12:21.659;TERMINAL;OUTPUT;;;0
2026-06-17 11:12:21.660;TERMINAL;OUTPUT;"📊 Datenspeicherung: logs\2026-06-17\plis_simulation_log.csv (Spalten: Zeitstempel; Gerät; Befehl; Rohantwort; Dekodiert; Latenz)";;0
2026-06-17 11:12:21.661;TERMINAL;OUTPUT;================================================================================;;0
2026-06-17 11:12:21.661;TERMINAL;OUTPUT;;;0
2026-06-17 11:12:21.662;TERMINAL;OUTPUT;⌨️  Interaktive Befehle:;;0
2026-06-17 11:12:21.663;TERMINAL;OUTPUT;   • 'scan'  - Verfügbare Ports neu scannen;;0
2026-06-17 11:12:21.663;TERMINAL;OUTPUT;   • 'test'  - Alle bekannten Befehle an Geräte senden;;0
2026-06-17 11:12:21.664;TERMINAL;OUTPUT;   • 'quit'  - Programm beenden;;0
2026-06-17 11:12:21.665;TERMINAL;OUTPUT;;;0
2026-06-17 11:12:21.665;TERMINAL;OUTPUT;⏱️  Autom. Abfragen (jede 1.0s Laser, jede 0.1s LockIn);;0
2026-06-17 11:12:21.666;TERMINAL;OUTPUT;================================================================================;;0
2026-06-17 11:12:21.668;TERMINAL;OUTPUT;[OsTech] MOCK-MODUS: Virtuell verbunden mit SIM_LASER;;0
2026-06-17 11:12:21.669;TERMINAL;OUTPUT;[SR830] MOCK-MODUS: Virtuell verbunden mit SIM_LOCKIN;;0
2026-06-17 11:12:21.670;TERMINAL;OUTPUT;;;0
2026-06-17 11:12:21.670;TERMINAL;OUTPUT;=== ASYNCHRONER DATEN-WORKER GESTARTET ===;;0
2026-06-17 11:12:21.778;SR830;SNAP? 1,2;0.00150, -0.00120;0.00150, -0.00120;8.14
2026-06-17 11:12:21.778;TERMINAL;OUTPUT;[2026-06-17 11:12:21.778] SR830                Befehl: SNAP? 1,2       │ Antwort: 0.00150, -0.00120                        │ 8.1ms;;0
2026-06-17 11:12:21.879;SR830;SNAP? 1,2;0.33640, -0.30261;0.33640, -0.30261;8.11
2026-06-17 11:12:21.880;TERMINAL;OUTPUT;[2026-06-17 11:12:21.879] SR830                Befehl: SNAP? 1,2       │ Antwort: 0.33640, -0.30261                        │ 8.1ms;;0
2026-06-17 11:12:21.980;SR830;SNAP? 1,2;0.32184, -0.28951;0.32184, -0.28951;8.26
2026-06-17 11:12:21.980;TERMINAL;OUTPUT;[2026-06-17 11:12:21.980] SR830                Befehl: SNAP? 1,2       │ Antwort: 0.32184, -0.28951                        │ 8.3ms;;0
2026-06-17 11:12:22.080;SR830;SNAP? 1,2;0.28524, -0.25657;0.28524, -0.25657;8.05
2026-06-17 11:12:22.081;TERMINAL;OUTPUT;[2026-06-17 11:12:22.080] SR830                Befehl: SNAP? 1,2       │ Antwort: 0.28524, -0.25657                        │ 8.1ms;;0
2026-06-17 11:12:22.181;SR830;SNAP? 1,2;0.27526, -0.24759;0.27526, -0.24759;8.09
2026-06-17 11:12:22.181;TERMINAL;OUTPUT;[2026-06-17 11:12:22.181] SR830                Befehl: SNAP? 1,2       │ Antwort: 0.27526, -0.24759                        │ 8.1ms;;0
2026-06-17 11:12:22.282;SR830;SNAP? 1,2;0.26514, -0.23848;0.26514, -0.23848;8.29
2026-06-17 11:12:22.282;TERMINAL;OUTPUT;[2026-06-17 11:12:22.282] SR830                Befehl: SNAP? 1,2       │ Antwort: 0.26514, -0.23848                        │ 8.3ms;;0
2026-06-17 11:12:22.383;SR830;SNAP? 1,2;0.26055, -0.23435;0.26055, -0.23435;8.41
2026-06-17 11:12:22.384;TERMINAL;OUTPUT;[2026-06-17 11:12:22.383] SR830                Befehl: SNAP? 1,2       │ Antwort: 0.26055, -0.23435                        │ 8.4ms;;0
2026-06-17 11:12:22.483;SR830;SNAP? 1,2;0.24644, -0.22165;0.24644, -0.22165;8.10
2026-06-17 11:12:22.483;TERMINAL;OUTPUT;[2026-06-17 11:12:22.483] SR830                Befehl: SNAP? 1,2       │ Antwort: 0.24644, -0.22165                        │ 8.1ms;;0
2026-06-17 11:12:22.584;SR830;SNAP? 1,2;0.24018, -0.21601;0.24018, -0.21601;8.18
2026-06-17 11:12:22.584;TERMINAL;OUTPUT;[2026-06-17 11:12:22.584] SR830                Befehl: SNAP? 1,2       │ Antwort: 0.24018, -0.21601                        │ 8.2ms;;0
2026-06-17 11:12:22.683;OsTech;GS;0x4005;Interlock OK | Laser Current ON;12.25
2026-06-17 11:12:22.683;TERMINAL;OUTPUT;[2026-06-17 11:12:22.683] OsTech               Befehl: GS              │ Antwort: Interlock OK | Laser Current ON          │ 12.2ms;;0
2026-06-17 11:12:22.696;OsTech;GT;2371.58;2371.58 °C;12.22
2026-06-17 11:12:22.697;TERMINAL;OUTPUT;[2026-06-17 11:12:22.696] OsTech               Befehl: GT              │ Antwort: 2371.58 °C                               │ 12.2ms;;0
2026-06-17 11:12:22.707;SR830;SNAP? 1,2;0.23475, -0.21112;0.23475, -0.21112;8.43
2026-06-17 11:12:22.708;TERMINAL;OUTPUT;[2026-06-17 11:12:22.707] SR830                Befehl: SNAP? 1,2       │ Antwort: 0.23475, -0.21112                        │ 8.4ms;;0
2026-06-17 11:12:22.807;SR830;SNAP? 1,2;0.23475, -0.21112;0.23475, -0.21112;8.14
2026-06-17 11:12:22.808;TERMINAL;OUTPUT;[2026-06-17 11:12:22.807] SR830                Befehl: SNAP? 1,2       │ Antwort: 0.23475, -0.21112                        │ 8.1ms;;0
2026-06-17 11:12:22.908;SR830;SNAP? 1,2;0.23475, -0.21112;0.23475, -0.21112;8.27
2026-06-17 11:12:22.908;TERMINAL;OUTPUT;[2026-06-17 11:12:22.908] SR830                Befehl: SNAP? 1,2       │ Antwort: 0.23475, -0.21112                        │ 8.3ms;;0
2026-06-17 11:12:23.008;SR830;SNAP? 1,2;0.23287, -0.20944;0.23287, -0.20944;8.51
2026-06-17 11:12:23.009;TERMINAL;OUTPUT;[2026-06-17 11:12:23.009] SR830                Befehl: SNAP? 1,2       │ Antwort: 0.23287, -0.20944                        │ 8.5ms;;0
2026-06-17 11:12:23.108;SR830;SNAP? 1,2;0.23475, -0.21112;0.23475, -0.21112;8.33
2026-06-17 11:12:23.108;TERMINAL;OUTPUT;[2026-06-17 11:12:23.108] SR830                Befehl: SNAP? 1,2       │ Antwort: 0.23475, -0.21112                        │ 8.3ms;;0
2026-06-17 11:12:23.210;SR830;SNAP? 1,2;0.23788, -0.21394;0.23788, -0.21394;8.18
2026-06-17 11:12:23.210;TERMINAL;OUTPUT;[2026-06-17 11:12:23.210] SR830                Befehl: SNAP? 1,2       │ Antwort: 0.23788, -0.21394                        │ 8.2ms;;0
2026-06-17 11:12:23.310;SR830;SNAP? 1,2;0.23818, -0.21421;0.23818, -0.21421;8.22
2026-06-17 11:12:23.310;TERMINAL;OUTPUT;[2026-06-17 11:12:23.310] SR830                Befehl: SNAP? 1,2       │ Antwort: 0.23818, -0.21421                        │ 8.2ms;;0
2026-06-17 11:12:23.410;SR830;SNAP? 1,2;0.24165, -0.21733;0.24165, -0.21733;8.03
2026-06-17 11:12:23.410;TERMINAL;OUTPUT;[2026-06-17 11:12:23.410] SR830                Befehl: SNAP? 1,2       │ Antwort: 0.24165, -0.21733                        │ 8.0ms;;0
2026-06-17 11:12:23.510;SR830;SNAP? 1,2;0.24441, -0.21982;0.24441, -0.21982;8.24
2026-06-17 11:12:23.510;TERMINAL;OUTPUT;[2026-06-17 11:12:23.510] SR830                Befehl: SNAP? 1,2       │ Antwort: 0.24441, -0.21982                        │ 8.2ms;;0
2026-06-17 11:12:23.612;SR830;SNAP? 1,2;0.24708, -0.22222;0.24708, -0.22222;8.40
2026-06-17 11:12:23.613;TERMINAL;OUTPUT;[2026-06-17 11:12:23.612] SR830                Befehl: SNAP? 1,2       │ Antwort: 0.24708, -0.22222                        │ 8.4ms;;0
2026-06-17 11:12:23.669;TERMINAL;OUTPUT;;;0
2026-06-17 11:12:23.669;TERMINAL;OUTPUT;================================================================================;;0
2026-06-17 11:12:23.670;TERMINAL;OUTPUT;SENDE BEKANNTE BEFEHLE AN GERÄTE;;0
2026-06-17 11:12:23.670;TERMINAL;OUTPUT;================================================================================;;0
2026-06-17 11:12:23.670;TERMINAL;OUTPUT;Gerät           | Befehl               | Beschreibung;;0
2026-06-17 11:12:23.672;TERMINAL;OUTPUT;--------------------------------------------------------------------------------;;0
2026-06-17 11:12:23.672;TERMINAL;OUTPUT;OsTech          | GS                   | Status abfragen;;0
2026-06-17 11:12:23.684;OsTech;GS;0x4005;Interlock OK | Laser Current ON;12.30
2026-06-17 11:12:23.685;TERMINAL;OUTPUT;[2026-06-17 11:12:23.685] OsTech               Befehl: GS              │ Antwort: Interlock OK | Laser Current ON          │ 12.3ms;;0
2026-06-17 11:12:23.698;OsTech;GT;2484.44;2484.44 °C;12.30
2026-06-17 11:12:23.698;TERMINAL;OUTPUT;[2026-06-17 11:12:23.698] OsTech               Befehl: GT              │ Antwort: 2484.44 °C                               │ 12.3ms;;0
2026-06-17 11:12:23.713;OsTech_Manual;GS;0x4000;;12.32
2026-06-17 11:12:23.713;TERMINAL;OUTPUT;[2026-06-17 11:12:23.713] OsTech_Manual        Befehl: GS              │ Antwort:                                          │ 12.3ms;;0
2026-06-17 11:12:23.725;SR830;SNAP? 1,2;0.24865, -0.22364;0.24865, -0.22364;8.62
2026-06-17 11:12:23.725;TERMINAL;OUTPUT;[2026-06-17 11:12:23.725] SR830                Befehl: SNAP? 1,2       │ Antwort: 0.24865, -0.22364                        │ 8.6ms;;0
2026-06-17 11:12:23.825;SR830;SNAP? 1,2;0.25028, -0.22510;0.25028, -0.22510;8.51
2026-06-17 11:12:23.828;TERMINAL;OUTPUT;[2026-06-17 11:12:23.827] SR830                Befehl: SNAP? 1,2       │ Antwort: 0.25028, -0.22510                        │ 8.5ms;;0
2026-06-17 11:12:23.873;TERMINAL;OUTPUT;OsTech          | GT                   | Temperatur abfragen;;0
2026-06-17 11:12:23.887;OsTech_Manual;GT;2495.54;2495.54;12.24
2026-06-17 11:12:23.887;TERMINAL;OUTPUT;[2026-06-17 11:12:23.887] OsTech_Manual        Befehl: GT              │ Antwort: 2495.54                                  │ 12.2ms;;0
2026-06-17 11:12:23.928;SR830;SNAP? 1,2;0.24766, -0.22274;0.24766, -0.22274;8.49
2026-06-17 11:12:23.928;TERMINAL;OUTPUT;[2026-06-17 11:12:23.928] SR830                Befehl: SNAP? 1,2       │ Antwort: 0.24766, -0.22274                        │ 8.5ms;;0
2026-06-17 11:12:24.028;SR830;SNAP? 1,2;0.24864, -0.22362;0.24864, -0.22362;8.63
2026-06-17 11:12:24.028;TERMINAL;OUTPUT;[2026-06-17 11:12:24.028] SR830                Befehl: SNAP? 1,2       │ Antwort: 0.24864, -0.22362                        │ 8.6ms;;0
2026-06-17 11:12:24.076;TERMINAL;OUTPUT;OsTech          | GMS 0x4000           | Laser Current ON;;0
2026-06-17 11:12:24.091;OsTech_Manual;GMS 0x4000;OK;OK;12.60
2026-06-17 11:12:24.092;TERMINAL;OUTPUT;[2026-06-17 11:12:24.091] OsTech_Manual        Befehl: GMS 0x4000      │ Antwort: OK                                       │ 12.6ms;;0
2026-06-17 11:12:24.128;SR830;SNAP? 1,2;0.24568, -0.22097;0.24568, -0.22097;8.41
2026-06-17 11:12:24.128;TERMINAL;OUTPUT;[2026-06-17 11:12:24.128] SR830                Befehl: SNAP? 1,2       │ Antwort: 0.24568, -0.22097                        │ 8.4ms;;0
2026-06-17 11:12:24.229;SR830;SNAP? 1,2;0.24510, -0.22044;0.24510, -0.22044;8.46
2026-06-17 11:12:24.229;TERMINAL;OUTPUT;[2026-06-17 11:12:24.229] SR830                Befehl: SNAP? 1,2       │ Antwort: 0.24510, -0.22044                        │ 8.5ms;;0
2026-06-17 11:12:24.277;TERMINAL;OUTPUT;OsTech          | GMS 0x0000           | Laser Current OFF;;0
2026-06-17 11:12:24.292;OsTech_Manual;GMS 0x0000;OK;OK;12.44
2026-06-17 11:12:24.293;TERMINAL;OUTPUT;[2026-06-17 11:12:24.292] OsTech_Manual        Befehl: GMS 0x0000      │ Antwort: OK                                       │ 12.4ms;;0
2026-06-17 11:12:24.329;SR830;SNAP? 1,2;0.24390, -0.21936;0.24390, -0.21936;8.06
2026-06-17 11:12:24.329;TERMINAL;OUTPUT;[2026-06-17 11:12:24.329] SR830                Befehl: SNAP? 1,2       │ Antwort: 0.24390, -0.21936                        │ 8.1ms;;0
2026-06-17 11:12:24.429;SR830;SNAP? 1,2;0.23860, -0.21459;0.23860, -0.21459;8.33
2026-06-17 11:12:24.430;TERMINAL;OUTPUT;[2026-06-17 11:12:24.429] SR830                Befehl: SNAP? 1,2       │ Antwort: 0.23860, -0.21459                        │ 8.3ms;;0
2026-06-17 11:12:24.478;TERMINAL;OUTPUT;SR830           | PHAS?                | Phase abfragen;;0
2026-06-17 11:12:24.488;SR830_Manual;PHAS?;0.97;0.97;8.06
2026-06-17 11:12:24.488;TERMINAL;OUTPUT;[2026-06-17 11:12:24.488] SR830_Manual         Befehl: PHAS?           │ Antwort: 0.97                                     │ 8.1ms;;0
2026-06-17 11:12:24.530;SR830;SNAP? 1,2;0.22102, -0.19877;0.22102, -0.19877;8.52
2026-06-17 11:12:24.531;TERMINAL;OUTPUT;[2026-06-17 11:12:24.530] SR830                Befehl: SNAP? 1,2       │ Antwort: 0.22102, -0.19877                        │ 8.5ms;;0
2026-06-17 11:12:24.631;SR830;SNAP? 1,2;0.20650, -0.18570;0.20650, -0.18570;8.06
2026-06-17 11:12:24.631;TERMINAL;OUTPUT;[2026-06-17 11:12:24.631] SR830                Befehl: SNAP? 1,2       │ Antwort: 0.20650, -0.18570                        │ 8.1ms;;0
2026-06-17 11:12:24.679;TERMINAL;OUTPUT;SR830           | SNAP? 1,2            | Lock-In X/Y Daten;;0
2026-06-17 11:12:24.685;OsTech;GS;0x4405;Interlock OK | Laser Current ON;12.11
2026-06-17 11:12:24.685;TERMINAL;OUTPUT;[2026-06-17 11:12:24.685] OsTech               Befehl: GS              │ Antwort: Interlock OK | Laser Current ON          │ 12.1ms;;0
2026-06-17 11:12:24.698;OsTech;GT;1814.48;1814.48 °C;12.51
2026-06-17 11:12:24.698;TERMINAL;OUTPUT;[2026-06-17 11:12:24.698] OsTech               Befehl: GT              │ Antwort: 1814.48 °C                               │ 12.5ms;;0
2026-06-17 11:12:24.709;SR830_Manual;SNAP? 1,2;0.16856, -0.15155;0.16856, -0.15155;8.08
2026-06-17 11:12:24.709;TERMINAL;OUTPUT;[2026-06-17 11:12:24.709] SR830_Manual         Befehl: SNAP? 1,2       │ Antwort: 0.16856, -0.15155                        │ 8.1ms;;0
2026-06-17 11:12:24.732;SR830;SNAP? 1,2;0.14592, -0.13117;0.14592, -0.13117;8.12
2026-06-17 11:12:24.732;TERMINAL;OUTPUT;[2026-06-17 11:12:24.732] SR830                Befehl: SNAP? 1,2       │ Antwort: 0.14592, -0.13117                        │ 8.1ms;;0
2026-06-17 11:12:24.834;SR830;SNAP? 1,2;0.14703, -0.13217;0.14703, -0.13217;8.50
2026-06-17 11:12:24.834;TERMINAL;OUTPUT;[2026-06-17 11:12:24.834] SR830                Befehl: SNAP? 1,2       │ Antwort: 0.14703, -0.13217                        │ 8.5ms;;0
2026-06-17 11:12:24.881;TERMINAL;OUTPUT;SR830           | FREQ?                | Frequenz abfragen;;0
2026-06-17 11:12:24.891;SR830_Manual;FREQ?;0;0;8.15
2026-06-17 11:12:24.892;TERMINAL;OUTPUT;[2026-06-17 11:12:24.891] SR830_Manual         Befehl: FREQ?           │ Antwort: 0                                        │ 8.2ms;;0
2026-06-17 11:12:24.934;SR830;SNAP? 1,2;0.14599, -0.13124;0.14599, -0.13124;8.28
2026-06-17 11:12:24.934;TERMINAL;OUTPUT;[2026-06-17 11:12:24.934] SR830                Befehl: SNAP? 1,2       │ Antwort: 0.14599, -0.13124                        │ 8.3ms;;0
2026-06-17 11:12:25.034;SR830;SNAP? 1,2;0.16464, -0.14802;0.16464, -0.14802;8.22
2026-06-17 11:12:25.034;TERMINAL;OUTPUT;[2026-06-17 11:12:25.034] SR830                Befehl: SNAP? 1,2       │ Antwort: 0.16464, -0.14802                        │ 8.2ms;;0
2026-06-17 11:12:25.082;TERMINAL;OUTPUT;SR830           | HARM?                | Harmonische abfragen;;0
2026-06-17 11:12:25.091;SR830_Manual;HARM?;0;0;8.22
2026-06-17 11:12:25.091;TERMINAL;OUTPUT;[2026-06-17 11:12:25.091] SR830_Manual         Befehl: HARM?           │ Antwort: 0                                        │ 8.2ms;;0
2026-06-17 11:12:25.135;SR830;SNAP? 1,2;0.16490, -0.14826;0.16490, -0.14826;8.06
2026-06-17 11:12:25.135;TERMINAL;OUTPUT;[2026-06-17 11:12:25.135] SR830                Befehl: SNAP? 1,2       │ Antwort: 0.16490, -0.14826                        │ 8.1ms;;0
2026-06-17 11:12:25.236;SR830;SNAP? 1,2;0.18766, -0.16875;0.18766, -0.16875;8.26
2026-06-17 11:12:25.236;TERMINAL;OUTPUT;[2026-06-17 11:12:25.236] SR830                Befehl: SNAP? 1,2       │ Antwort: 0.18766, -0.16875                        │ 8.3ms;;0
2026-06-17 11:12:25.283;TERMINAL;OUTPUT;================================================================================;;0
2026-06-17 11:12:25.284;TERMINAL;OUTPUT;;;0
2026-06-17 11:12:25.284;TERMINAL;OUTPUT;⏳ Warte auf Antworten (30 Sekunden)...;;0
2026-06-17 11:12:25.285;TERMINAL;OUTPUT;[EINGANG] 2026-06-17 11:12:21.778 | SR830 | SNAP? 1,2 -> 0.00150, -0.00120 (8.1ms);;0
2026-06-17 11:12:25.285;TERMINAL;OUTPUT;[EINGANG] 2026-06-17 11:12:21.880 | SR830 | SNAP? 1,2 -> 0.33640, -0.30261 (8.1ms);;0
2026-06-17 11:12:25.287;TERMINAL;OUTPUT;[EINGANG] 2026-06-17 11:12:21.980 | SR830 | SNAP? 1,2 -> 0.32184, -0.28951 (8.3ms);;0
2026-06-17 11:12:25.287;TERMINAL;OUTPUT;[EINGANG] 2026-06-17 11:12:22.081 | SR830 | SNAP? 1,2 -> 0.28524, -0.25657 (8.1ms);;0
2026-06-17 11:12:25.288;TERMINAL;OUTPUT;[EINGANG] 2026-06-17 11:12:22.181 | SR830 | SNAP? 1,2 -> 0.27526, -0.24759 (8.1ms);;0
2026-06-17 11:12:25.290;TERMINAL;OUTPUT;[EINGANG] 2026-06-17 11:12:22.282 | SR830 | SNAP? 1,2 -> 0.26514, -0.23848 (8.3ms);;0
2026-06-17 11:12:25.291;TERMINAL;OUTPUT;[EINGANG] 2026-06-17 11:12:22.384 | SR830 | SNAP? 1,2 -> 0.26055, -0.23435 (8.4ms);;0
2026-06-17 11:12:25.291;TERMINAL;OUTPUT;[EINGANG] 2026-06-17 11:12:22.483 | SR830 | SNAP? 1,2 -> 0.24644, -0.22165 (8.1ms);;0
2026-06-17 11:12:25.293;TERMINAL;OUTPUT;[EINGANG] 2026-06-17 11:12:22.584 | SR830 | SNAP? 1,2 -> 0.24018, -0.21601 (8.2ms);;0
2026-06-17 11:12:25.293;TERMINAL;OUTPUT;[EINGANG] 2026-06-17 11:12:22.683 | OsTech | GS -> Interlock OK | Laser Current ON (12.2ms);;0
2026-06-17 11:12:25.297;TERMINAL;OUTPUT;[EINGANG] 2026-06-17 11:12:22.697 | OsTech | GT -> 2371.58 °C (12.2ms);;0
2026-06-17 11:12:25.299;TERMINAL;OUTPUT;[EINGANG] 2026-06-17 11:12:22.708 | SR830 | SNAP? 1,2 -> 0.23475, -0.21112 (8.4ms);;0
2026-06-17 11:12:25.299;TERMINAL;OUTPUT;[EINGANG] 2026-06-17 11:12:22.808 | SR830 | SNAP? 1,2 -> 0.23475, -0.21112 (8.1ms);;0
2026-06-17 11:12:25.300;TERMINAL;OUTPUT;[EINGANG] 2026-06-17 11:12:22.908 | SR830 | SNAP? 1,2 -> 0.23475, -0.21112 (8.3ms);;0
2026-06-17 11:12:25.301;TERMINAL;OUTPUT;[EINGANG] 2026-06-17 11:12:23.009 | SR830 | SNAP? 1,2 -> 0.23287, -0.20944 (8.5ms);;0
2026-06-17 11:12:25.304;TERMINAL;OUTPUT;[EINGANG] 2026-06-17 11:12:23.108 | SR830 | SNAP? 1,2 -> 0.23475, -0.21112 (8.3ms);;0
2026-06-17 11:12:25.305;TERMINAL;OUTPUT;[EINGANG] 2026-06-17 11:12:23.210 | SR830 | SNAP? 1,2 -> 0.23788, -0.21394 (8.2ms);;0
2026-06-17 11:12:25.306;TERMINAL;OUTPUT;[EINGANG] 2026-06-17 11:12:23.310 | SR830 | SNAP? 1,2 -> 0.23818, -0.21421 (8.2ms);;0
2026-06-17 11:12:25.308;TERMINAL;OUTPUT;[EINGANG] 2026-06-17 11:12:23.412 | SR830 | SNAP? 1,2 -> 0.24165, -0.21733 (8.0ms);;0
2026-06-17 11:12:25.308;TERMINAL;OUTPUT;[EINGANG] 2026-06-17 11:12:23.510 | SR830 | SNAP? 1,2 -> 0.24441, -0.21982 (8.2ms);;0
2026-06-17 11:12:25.309;TERMINAL;OUTPUT;[EINGANG] 2026-06-17 11:12:23.614 | SR830 | SNAP? 1,2 -> 0.24708, -0.22222 (8.4ms);;0
2026-06-17 11:12:25.311;TERMINAL;OUTPUT;[EINGANG] 2026-06-17 11:12:23.685 | OsTech | GS -> Interlock OK | Laser Current ON (12.3ms);;0
2026-06-17 11:12:25.313;TERMINAL;OUTPUT;[EINGANG] 2026-06-17 11:12:23.698 | OsTech | GT -> 2484.44 °C (12.3ms);;0
2026-06-17 11:12:25.313;TERMINAL;OUTPUT;[EINGANG] 2026-06-17 11:12:23.714 | OsTech_Manual | GS ->  (12.3ms);;0
2026-06-17 11:12:25.314;TERMINAL;OUTPUT;[EINGANG] 2026-06-17 11:12:23.725 | SR830 | SNAP? 1,2 -> 0.24865, -0.22364 (8.6ms);;0
2026-06-17 11:12:25.314;TERMINAL;OUTPUT;[EINGANG] 2026-06-17 11:12:23.828 | SR830 | SNAP? 1,2 -> 0.25028, -0.22510 (8.5ms);;0
2026-06-17 11:12:25.316;TERMINAL;OUTPUT;[EINGANG] 2026-06-17 11:12:23.887 | OsTech_Manual | GT -> 2495.54 (12.2ms);;0
2026-06-17 11:12:25.316;TERMINAL;OUTPUT;[EINGANG] 2026-06-17 11:12:23.928 | SR830 | SNAP? 1,2 -> 0.24766, -0.22274 (8.5ms);;0
2026-06-17 11:12:25.317;TERMINAL;OUTPUT;[EINGANG] 2026-06-17 11:12:24.028 | SR830 | SNAP? 1,2 -> 0.24864, -0.22362 (8.6ms);;0
2026-06-17 11:12:25.317;TERMINAL;OUTPUT;[EINGANG] 2026-06-17 11:12:24.092 | OsTech_Manual | GMS 0x4000 -> OK (12.6ms);;0
2026-06-17 11:12:25.320;TERMINAL;OUTPUT;[EINGANG] 2026-06-17 11:12:24.128 | SR830 | SNAP? 1,2 -> 0.24568, -0.22097 (8.4ms);;0
2026-06-17 11:12:25.321;TERMINAL;OUTPUT;[EINGANG] 2026-06-17 11:12:24.230 | SR830 | SNAP? 1,2 -> 0.24510, -0.22044 (8.5ms);;0
2026-06-17 11:12:25.322;TERMINAL;OUTPUT;[EINGANG] 2026-06-17 11:12:24.293 | OsTech_Manual | GMS 0x0000 -> OK (12.4ms);;0
2026-06-17 11:12:25.330;TERMINAL;OUTPUT;[EINGANG] 2026-06-17 11:12:24.329 | SR830 | SNAP? 1,2 -> 0.24390, -0.21936 (8.1ms);;0
2026-06-17 11:12:25.333;TERMINAL;OUTPUT;[EINGANG] 2026-06-17 11:12:24.430 | SR830 | SNAP? 1,2 -> 0.23860, -0.21459 (8.3ms);;0
2026-06-17 11:12:25.334;TERMINAL;OUTPUT;[EINGANG] 2026-06-17 11:12:24.488 | SR830_Manual | PHAS? -> 0.97 (8.1ms);;0
2026-06-17 11:12:25.336;TERMINAL;OUTPUT;[EINGANG] 2026-06-17 11:12:24.531 | SR830 | SNAP? 1,2 -> 0.22102, -0.19877 (8.5ms);;0
2026-06-17 11:12:25.342;SR830;SNAP? 1,2;0.29313, -0.26367;0.29313, -0.26367;12.25
2026-06-17 11:12:25.343;TERMINAL;OUTPUT;[2026-06-17 11:12:25.342] SR830                Befehl: SNAP? 1,2       │ Antwort: 0.29313, -0.26367                        │ 12.3ms;;0
2026-06-17 11:12:25.357;TERMINAL;OUTPUT;[EINGANG] 2026-06-17 11:12:24.631 | SR830 | SNAP? 1,2 -> 0.20650, -0.18570 (8.1ms);;0
2026-06-17 11:12:25.364;TERMINAL;OUTPUT;[EINGANG] 2026-06-17 11:12:24.686 | OsTech | GS -> Interlock OK | Laser Current ON (12.1ms);;0
2026-06-17 11:12:25.366;TERMINAL;OUTPUT;[EINGANG] 2026-06-17 11:12:24.698 | OsTech | GT -> 1814.48 °C (12.5ms);;0
2026-06-17 11:12:25.367;TERMINAL;OUTPUT;[EINGANG] 2026-06-17 11:12:24.710 | SR830_Manual | SNAP? 1,2 -> 0.16856, -0.15155 (8.1ms);;0
2026-06-17 11:12:25.397;TERMINAL;OUTPUT;[EINGANG] 2026-06-17 11:12:24.733 | SR830 | SNAP? 1,2 -> 0.14592, -0.13117 (8.1ms);;0
2026-06-17 11:12:25.401;TERMINAL;OUTPUT;[EINGANG] 2026-06-17 11:12:24.834 | SR830 | SNAP? 1,2 -> 0.14703, -0.13217 (8.5ms);;0
2026-06-17 11:12:25.405;TERMINAL;OUTPUT;[EINGANG] 2026-06-17 11:12:24.892 | SR830_Manual | FREQ? -> 0 (8.2ms);;0
2026-06-17 11:12:25.412;TERMINAL;OUTPUT;[EINGANG] 2026-06-17 11:12:24.934 | SR830 | SNAP? 1,2 -> 0.14599, -0.13124 (8.3ms);;0
2026-06-17 11:12:25.413;TERMINAL;OUTPUT;[EINGANG] 2026-06-17 11:12:25.034 | SR830 | SNAP? 1,2 -> 0.16464, -0.14802 (8.2ms);;0
2026-06-17 11:12:25.414;TERMINAL;OUTPUT;[EINGANG] 2026-06-17 11:12:25.091 | SR830_Manual | HARM? -> 0 (8.2ms);;0
2026-06-17 11:12:25.416;TERMINAL;OUTPUT;[EINGANG] 2026-06-17 11:12:25.135 | SR830 | SNAP? 1,2 -> 0.16490, -0.14826 (8.1ms);;0
2026-06-17 11:12:25.424;TERMINAL;OUTPUT;[EINGANG] 2026-06-17 11:12:25.236 | SR830 | SNAP? 1,2 -> 0.18766, -0.16875 (8.3ms);;0
2026-06-17 11:12:25.425;TERMINAL;OUTPUT;[EINGANG] 2026-06-17 11:12:25.362 | SR830 | SNAP? 1,2 -> 0.29313, -0.26367 (12.3ms);;0
2026-06-17 11:12:25.442;SR830;SNAP? 1,2;0.18171, -0.16339;0.18171, -0.16339;8.55
2026-06-17 11:12:25.448;TERMINAL;OUTPUT;[2026-06-17 11:12:25.442] SR830                Befehl: SNAP? 1,2       │ Antwort: 0.18171, -0.16339                        │ 8.5ms;;0
2026-06-17 11:12:25.547;SR830;SNAP? 1,2;0.14249, -0.12809;0.14249, -0.12809;8.27
2026-06-17 11:12:25.548;TERMINAL;OUTPUT;[2026-06-17 11:12:25.547] SR830                Befehl: SNAP? 1,2       │ Antwort: 0.14249, -0.12809                        │ 8.3ms;;0
2026-06-17 11:12:25.650;SR830;SNAP? 1,2;0.14047, -0.12628;0.14047, -0.12628;14.45
2026-06-17 11:12:25.652;TERMINAL;OUTPUT;[2026-06-17 11:12:25.650] SR830                Befehl: SNAP? 1,2       │ Antwort: 0.14047, -0.12628                        │ 14.4ms;;0
2026-06-17 11:12:25.686;OsTech;GS;0x4005;Interlock OK | Laser Current ON;12.37
2026-06-17 11:12:25.687;TERMINAL;OUTPUT;[2026-06-17 11:12:25.686] OsTech               Befehl: GS              │ Antwort: Interlock OK | Laser Current ON          │ 12.4ms;;0
2026-06-17 11:12:25.700;OsTech;GT;1455.56;1455.56 °C;12.47
2026-06-17 11:12:25.701;TERMINAL;OUTPUT;[2026-06-17 11:12:25.700] OsTech               Befehl: GT              │ Antwort: 1455.56 °C                               │ 12.5ms;;0
2026-06-17 11:12:25.746;SR830;SNAP? 1,2;0.00150, -0.00120;0.00150, -0.00120;8.75
2026-06-17 11:12:25.748;TERMINAL;OUTPUT;[2026-06-17 11:12:25.747] SR830                Befehl: SNAP? 1,2       │ Antwort: 0.00150, -0.00120                        │ 8.7ms;;0
2026-06-17 11:12:25.845;SR830;SNAP? 1,2;0.33640, -0.30261;0.33640, -0.30261;8.22
2026-06-17 11:12:25.846;TERMINAL;OUTPUT;[2026-06-17 11:12:25.846] SR830                Befehl: SNAP? 1,2       │ Antwort: 0.33640, -0.30261                        │ 8.2ms;;0
2026-06-17 11:12:25.935;TERMINAL;OUTPUT;[EINGANG] 2026-06-17 11:12:25.450 | SR830 | SNAP? 1,2 -> 0.18171, -0.16339 (8.5ms);;0
2026-06-17 11:12:25.935;TERMINAL;OUTPUT;[EINGANG] 2026-06-17 11:12:25.549 | SR830 | SNAP? 1,2 -> 0.14249, -0.12809 (8.3ms);;0
2026-06-17 11:12:25.936;TERMINAL;OUTPUT;[EINGANG] 2026-06-17 11:12:25.652 | SR830 | SNAP? 1,2 -> 0.14047, -0.12628 (14.4ms);;0
2026-06-17 11:12:25.936;TERMINAL;OUTPUT;[EINGANG] 2026-06-17 11:12:25.687 | OsTech | GS -> Interlock OK | Laser Current ON (12.4ms);;0
2026-06-17 11:12:25.938;TERMINAL;OUTPUT;[EINGANG] 2026-06-17 11:12:25.701 | OsTech | GT -> 1455.56 °C (12.5ms);;0
2026-06-17 11:12:25.939;TERMINAL;OUTPUT;[EINGANG] 2026-06-17 11:12:25.749 | SR830 | SNAP? 1,2 -> 0.00150, -0.00120 (8.7ms);;0
2026-06-17 11:12:25.939;TERMINAL;OUTPUT;[EINGANG] 2026-06-17 11:12:25.847 | SR830 | SNAP? 1,2 -> 0.33640, -0.30261 (8.2ms);;0
2026-06-17 11:12:25.947;SR830;SNAP? 1,2;0.32184, -0.28951;0.32184, -0.28951;8.51
2026-06-17 11:12:25.947;TERMINAL;OUTPUT;[2026-06-17 11:12:25.947] SR830                Befehl: SNAP? 1,2       │ Antwort: 0.32184, -0.28951                        │ 8.5ms;;0
2026-06-17 11:12:26.046;SR830;SNAP? 1,2;0.28524, -0.25657;0.28524, -0.25657;8.07
2026-06-17 11:12:26.047;TERMINAL;OUTPUT;[2026-06-17 11:12:26.046] SR830                Befehl: SNAP? 1,2       │ Antwort: 0.28524, -0.25657                        │ 8.1ms;;0
2026-06-17 11:12:26.147;SR830;SNAP? 1,2;0.27526, -0.24759;0.27526, -0.24759;8.77
| SNAP? 1,2 -> 0.32184, -0.28951 (8.5ms);;0
2026-06-17 11:12:26.625;TERMINAL;OUTPUT;[2026-06-17 11:12:26.624] SR830                Befehl: SNAP? 1,2       │ Antwort: 0.27526, -0.24759                        │ 8.8ms;;0
2026-06-17 11:12:26.625;TERMINAL;OUTPUT;[EINGANG] 2026-06-17 11:12:26.047 | SR830 | SNAP? 1,2 -> 0.28524, -0.25657 (8.1ms);;0
2026-06-17 11:12:26.630;TERMINAL;OUTPUT;[EINGANG] 2026-06-17 11:12:26.629 | SR830 | SNAP? 1,2 -> 0.27526, -0.24759 (8.8ms);;0
2026-06-17 11:12:26.640;SR830;SNAP? 1,2;0.26514, -0.23848;0.26514, -0.23848;8.52
2026-06-17 11:12:26.641;TERMINAL;OUTPUT;[2026-06-17 11:12:26.641] SR830                Befehl: SNAP? 1,2       │ Antwort: 0.26514, -0.23848                        │ 8.5ms;;0
2026-06-17 11:12:26.686;OsTech;GS;0x0000;;12.24
2026-06-17 11:12:26.686;TERMINAL;OUTPUT;[2026-06-17 11:12:26.686] OsTech               Befehl: GS              │ Antwort:                                          │ 12.2ms;;0
2026-06-17 11:12:26.700;OsTech;GT;2470.40;2470.40 °C;12.21
2026-06-17 11:12:26.701;TERMINAL;OUTPUT;[2026-06-17 11:12:26.700] OsTech               Befehl: GT              │ Antwort: 2470.40 °C                               │ 12.2ms;;0
2026-06-17 11:12:26.740;SR830;SNAP? 1,2;0.24018, -0.21601;0.24018, -0.21601;8.15
2026-06-17 11:12:26.740;TERMINAL;OUTPUT;[2026-06-17 11:12:26.740] SR830                Befehl: SNAP? 1,2       │ Antwort: 0.24018, -0.21601                        │ 8.2ms;;0
2026-06-17 11:12:26.841;SR830;SNAP? 1,2;0.23732, -0.21344;0.23732, -0.21344;8.63
2026-06-17 11:12:26.841;TERMINAL;OUTPUT;[2026-06-17 11:12:26.841] SR830                Befehl: SNAP? 1,2       │ Antwort: 0.23732, -0.21344                        │ 8.6ms;;0
2026-06-17 11:12:26.943;SR830;SNAP? 1,2;0.23656, -0.21275;0.23656, -0.21275;8.35
2026-06-17 11:12:26.944;TERMINAL;OUTPUT;[2026-06-17 11:12:26.943] SR830                Befehl: SNAP? 1,2       │ Antwort: 0.23656, -0.21275                        │ 8.3ms;;0
2026-06-17 11:12:27.043;SR830;SNAP? 1,2;0.23475, -0.21112;0.23475, -0.21112;8.40
2026-06-17 11:12:27.045;TERMINAL;OUTPUT;[2026-06-17 11:12:27.044] SR830                Befehl: SNAP? 1,2       │ Antwort: 0.23475, -0.21112                        │ 8.4ms;;0
2026-06-17 11:12:27.133;TERMINAL;OUTPUT;[EINGANG] 2026-06-17 11:12:26.641 | SR830 | SNAP? 1,2 -> 0.26514, -0.23848 (8.5ms);;0
2026-06-17 11:12:27.136;TERMINAL;OUTPUT;[EINGANG] 2026-06-17 11:12:26.687 | OsTech | GS ->  (12.2ms);;0
2026-06-17 11:12:27.139;TERMINAL;OUTPUT;[EINGANG] 2026-06-17 11:12:26.701 | OsTech | GT -> 2470.40 °C (12.2ms);;0
2026-06-17 11:12:27.145;TERMINAL;OUTPUT;[EINGANG] 2026-06-17 11:12:26.741 | SR830 | SNAP? 1,2 -> 0.24018, -0.21601 (8.2ms);;0
2026-06-17 11:12:27.148;SR830;SNAP? 1,2;0.23475, -0.21112;0.23475, -0.21112;10.13
2026-06-17 11:12:27.150;TERMINAL;OUTPUT;[2026-06-17 11:12:27.149] SR830                Befehl: SNAP? 1,2       │ Antwort: 0.23475, -0.21112                        │ 10.1ms;;0
2026-06-17 11:12:27.151;TERMINAL;OUTPUT;[EINGANG] 2026-06-17 11:12:26.841 | SR830 | SNAP? 1,2 -> 0.23732, -0.21344 (8.6ms);;0
2026-06-17 11:12:27.160;TERMINAL;OUTPUT;[EINGANG] 2026-06-17 11:12:26.944 | SR830 | SNAP? 1,2 -> 0.23656, -0.21275 (8.3ms);;0
2026-06-17 11:12:27.161;TERMINAL;OUTPUT;[EINGANG] 2026-06-17 11:12:27.045 | SR830 | SNAP? 1,2 -> 0.23475, -0.21112 (8.4ms);;0
2026-06-17 11:12:27.163;TERMINAL;OUTPUT;[EINGANG] 2026-06-17 11:12:27.157 | SR830 | SNAP? 1,2 -> 0.23475, -0.21112 (10.1ms);;0
2026-06-17 11:12:27.246;SR830;SNAP? 1,2;0.23475, -0.21112;0.23475, -0.21112;8.26
2026-06-17 11:12:27.246;TERMINAL;OUTPUT;[2026-06-17 11:12:27.246] SR830                Befehl: SNAP? 1,2       │ Antwort: 0.23475, -0.21112                        │ 8.3ms;;0
2026-06-17 11:12:27.347;SR830;SNAP? 1,2;0.23287, -0.20944;0.23287, -0.20944;8.50
2026-06-17 11:12:27.348;TERMINAL;OUTPUT;[2026-06-17 11:12:27.347] SR830                Befehl: SNAP? 1,2       │ Antwort: 0.23287, -0.20944                        │ 8.5ms;;0
2026-06-17 11:12:27.447;SR830;SNAP? 1,2;0.23475, -0.21112;0.23475, -0.21112;8.32
2026-06-17 11:12:27.448;TERMINAL;OUTPUT;[2026-06-17 11:12:27.447] SR830                Befehl: SNAP? 1,2       │ Antwort: 0.23475, -0.21112                        │ 8.3ms;;0
2026-06-17 11:12:27.548;SR830;SNAP? 1,2;0.23788, -0.21394;0.23788, -0.21394;8.17
2026-06-17 11:12:27.548;TERMINAL;OUTPUT;[2026-06-17 11:12:27.548] SR830                Befehl: SNAP? 1,2       │ Antwort: 0.23788, -0.21394                        │ 8.2ms;;0
2026-06-17 11:12:27.649;SR830;SNAP? 1,2;0.23818, -0.21421;0.23818, -0.21421;8.60
2026-06-17 11:12:27.649;TERMINAL;OUTPUT;[2026-06-17 11:12:27.649] SR830                Befehl: SNAP? 1,2       │ Antwort: 0.23818, -0.21421                        │ 8.6ms;;0
2026-06-17 11:12:27.664;TERMINAL;OUTPUT;[EINGANG] 2026-06-17 11:12:27.246 | SR830 | SNAP? 1,2 -> 0.23475, -0.21112 (8.3ms);;0
2026-06-17 11:12:27.665;TERMINAL;OUTPUT;[EINGANG] 2026-06-17 11:12:27.348 | SR830 | SNAP? 1,2 -> 0.23287, -0.20944 (8.5ms);;0
2026-06-17 11:12:27.666;TERMINAL;OUTPUT;[EINGANG] 2026-06-17 11:12:27.449 | SR830 | SNAP? 1,2 -> 0.23475, -0.21112 (8.3ms);;0
2026-06-17 11:12:27.668;TERMINAL;OUTPUT;[EINGANG] 2026-06-17 11:12:27.548 | SR830 | SNAP? 1,2 -> 0.23788, -0.21394 (8.2ms);;0
2026-06-17 11:12:27.669;TERMINAL;OUTPUT;[EINGANG] 2026-06-17 11:12:27.649 | SR830 | SNAP? 1,2 -> 0.23818, -0.21421 (8.6ms);;0
2026-06-17 11:12:27.688;OsTech;GS;0x0000;;12.19
2026-06-17 11:12:27.689;TERMINAL;OUTPUT;[2026-06-17 11:12:27.688] OsTech               Befehl: GS              │ Antwort:                                          │ 12.2ms;;0
2026-06-17 11:12:27.701;OsTech;GT;2450.06;2450.06 °C;12.35
2026-06-17 11:12:27.701;TERMINAL;OUTPUT;[2026-06-17 11:12:27.701] OsTech               Befehl: GT              │ Antwort: 2450.06 °C                               │ 12.4ms;;0
2026-06-17 11:12:27.750;SR830;SNAP? 1,2;0.24708, -0.22222;0.24708, -0.22222;8.19
2026-06-17 11:12:27.751;TERMINAL;OUTPUT;[2026-06-17 11:12:27.750] SR830                Befehl: SNAP? 1,2       │ Antwort: 0.24708, -0.22222                        │ 8.2ms;;0
2026-06-17 11:12:27.851;SR830;SNAP? 1,2;0.24788, -0.22294;0.24788, -0.22294;8.38
2026-06-17 11:12:27.851;TERMINAL;OUTPUT;[2026-06-17 11:12:27.851] SR830                Befehl: SNAP? 1,2       │ Antwort: 0.24788, -0.22294                        │ 8.4ms;;0
2026-06-17 11:12:27.952;SR830;SNAP? 1,2;0.24784, -0.22291;0.24784, -0.22291;8.34
2026-06-17 11:12:27.952;TERMINAL;OUTPUT;[2026-06-17 11:12:27.952] SR830                Befehl: SNAP? 1,2       │ Antwort: 0.24784, -0.22291                        │ 8.3ms;;0
2026-06-17 11:12:28.054;SR830;SNAP? 1,2;0.24714, -0.22228;0.24714, -0.22228;8.49
2026-06-17 11:12:28.054;TERMINAL;OUTPUT;[2026-06-17 11:12:28.054] SR830                Befehl: SNAP? 1,2       │ Antwort: 0.24714, -0.22228                        │ 8.5ms;;0
2026-06-17 11:12:28.155;SR830;SNAP? 1,2;0.24865, -0.22364;0.24865, -0.22364;8.30
2026-06-17 11:12:28.155;TERMINAL;OUTPUT;[2026-06-17 11:12:28.155] SR830                Befehl: SNAP? 1,2       │ Antwort: 0.24865, -0.22364                        │ 8.3ms;;0
2026-06-17 11:12:28.170;TERMINAL;OUTPUT;[EINGANG] 2026-06-17 11:12:27.689 | OsTech | GS ->  (12.2ms);;0
2026-06-17 11:12:28.170;TERMINAL;OUTPUT;[EINGANG] 2026-06-17 11:12:27.702 | OsTech | GT -> 2450.06 °C (12.4ms);;0
2026-06-17 11:12:28.172;TERMINAL;OUTPUT;[EINGANG] 2026-06-17 11:12:27.751 | SR830 | SNAP? 1,2 -> 0.24708, -0.22222 (8.2ms);;0
2026-06-17 11:12:28.172;TERMINAL;OUTPUT;[EINGANG] 2026-06-17 11:12:27.851 | SR830 | SNAP? 1,2 -> 0.24788, -0.22294 (8.4ms);;0
2026-06-17 11:12:28.173;TERMINAL;OUTPUT;[EINGANG] 2026-06-17 11:12:27.952 | SR830 | SNAP? 1,2 -> 0.24784, -0.22291 (8.3ms);;0
2026-06-17 11:12:28.173;TERMINAL;OUTPUT;[EINGANG] 2026-06-17 11:12:28.054 | SR830 | SNAP? 1,2 -> 0.24714, -0.22228 (8.5ms);;0
2026-06-17 11:12:28.175;TERMINAL;OUTPUT;[EINGANG] 2026-06-17 11:12:28.155 | SR830 | SNAP? 1,2 -> 0.24865, -0.22364 (8.3ms);;0
2026-06-17 11:12:28.256;SR830;SNAP? 1,2;0.25028, -0.22510;0.25028, -0.22510;8.08
2026-06-17 11:12:28.257;TERMINAL;OUTPUT;[2026-06-17 11:12:28.256] SR830                Befehl: SNAP? 1,2       │ Antwort: 0.25028, -0.22510                        │ 8.1ms;;0
2026-06-17 11:12:28.357;SR830;SNAP? 1,2;0.24895, -0.22391;0.24895, -0.22391;8.46
2026-06-17 11:12:28.358;TERMINAL;OUTPUT;[2026-06-17 11:12:28.358] SR830                Befehl: SNAP? 1,2       │ Antwort: 0.24895, -0.22391                        │ 8.5ms;;0
2026-06-17 11:12:28.457;SR830;SNAP? 1,2;0.24766, -0.22274;0.24766, -0.22274;8.46
2026-06-17 11:12:28.458;TERMINAL;OUTPUT;[2026-06-17 11:12:28.458] SR830                Befehl: SNAP? 1,2       │ Antwort: 0.24766, -0.22274                        │ 8.5ms;;0
2026-06-17 11:12:28.559;SR830;SNAP? 1,2;0.24864, -0.22362;0.24864, -0.22362;8.56
2026-06-17 11:12:28.561;TERMINAL;OUTPUT;[2026-06-17 11:12:28.559] SR830                Befehl: SNAP? 1,2       │ Antwort: 0.24864, -0.22362                        │ 8.6ms;;0
2026-06-17 11:12:28.659;SR830;SNAP? 1,2;0.24568, -0.22097;0.24568, -0.22097;8.68
2026-06-17 11:12:28.661;TERMINAL;OUTPUT;[2026-06-17 11:12:28.660] SR830                Befehl: SNAP? 1,2       │ Antwort: 0.24568, -0.22097                        │ 8.7ms;;0
2026-06-17 11:12:28.676;TERMINAL;OUTPUT;[EINGANG] 2026-06-17 11:12:28.258 | SR830 | SNAP? 1,2 -> 0.25028, -0.22510 (8.1ms);;0
2026-06-17 11:12:28.679;TERMINAL;OUTPUT;[EINGANG] 2026-06-17 11:12:28.358 | SR830 | SNAP? 1,2 -> 0.24895, -0.22391 (8.5ms);;0
2026-06-17 11:12:28.679;TERMINAL;OUTPUT;[EINGANG] 2026-06-17 11:12:28.459 | SR830 | SNAP? 1,2 -> 0.24766, -0.22274 (8.5ms);;0
2026-06-17 11:12:28.680;TERMINAL;OUTPUT;[EINGANG] 2026-06-17 11:12:28.561 | SR830 | SNAP? 1,2 -> 0.24864, -0.22362 (8.6ms);;0
2026-06-17 11:12:28.681;TERMINAL;OUTPUT;[EINGANG] 2026-06-17 11:12:28.661 | SR830 | SNAP? 1,2 -> 0.24568, -0.22097 (8.7ms);;0
2026-06-17 11:12:28.690;OsTech;GS;0x0000;;12.44
2026-06-17 11:12:28.690;TERMINAL;OUTPUT;[2026-06-17 11:12:28.690] OsTech               Befehl: GS              │ Antwort:                                          │ 12.4ms;;0
2026-06-17 11:12:28.705;OsTech;GT;2444.96;2444.96 °C;12.52
2026-06-17 11:12:28.707;TERMINAL;OUTPUT;[2026-06-17 11:12:28.706] OsTech               Befehl: GT              │ Antwort: 2444.96 °C                               │ 12.5ms;;0
2026-06-17 11:12:28.760;SR830;SNAP? 1,2;0.23860, -0.21459;0.23860, -0.21459;8.22
2026-06-17 11:12:28.763;TERMINAL;OUTPUT;[2026-06-17 11:12:28.761] SR830                Befehl: SNAP? 1,2       │ Antwort: 0.23860, -0.21459                        │ 8.2ms;;0
2026-06-17 11:12:28.861;SR830;SNAP? 1,2;0.22517, -0.20250;0.22517, -0.20250;8.28
2026-06-17 11:12:28.862;TERMINAL;OUTPUT;[2026-06-17 11:12:28.861] SR830                Befehl: SNAP? 1,2       │ Antwort: 0.22517, -0.20250                        │ 8.3ms;;0
2026-06-17 11:12:28.964;SR830;SNAP? 1,2;0.22102, -0.19877;0.22102, -0.19877;8.51
2026-06-17 11:12:28.966;TERMINAL;OUTPUT;[2026-06-17 11:12:28.965] SR830                Befehl: SNAP? 1,2       │ Antwort: 0.22102, -0.19877                        │ 8.5ms;;0
2026-06-17 11:12:29.062;SR830;SNAP? 1,2;0.20650, -0.18570;0.20650, -0.18570;8.29
2026-06-17 11:12:29.062;TERMINAL;OUTPUT;[2026-06-17 11:12:29.062] SR830                Befehl: SNAP? 1,2       │ Antwort: 0.20650, -0.18570                        │ 8.3ms;;0
2026-06-17 11:12:29.163;SR830;SNAP? 1,2;0.19034, -0.17116;0.19034, -0.17116;8.27
2026-06-17 11:12:29.163;TERMINAL;OUTPUT;[2026-06-17 11:12:29.163] SR830                Befehl: SNAP? 1,2       │ Antwort: 0.19034, -0.17116                        │ 8.3ms;;0
2026-06-17 11:12:29.183;TERMINAL;OUTPUT;[EINGANG] 2026-06-17 11:12:28.692 | OsTech | GS ->  (12.4ms);;0
2026-06-17 11:12:29.185;TERMINAL;OUTPUT;[EINGANG] 2026-06-17 11:12:28.707 | OsTech | GT -> 2444.96 °C (12.5ms);;0
2026-06-17 11:12:29.185;TERMINAL;OUTPUT;[EINGANG] 2026-06-17 11:12:28.763 | SR830 | SNAP? 1,2 -> 0.23860, -0.21459 (8.2ms);;0
2026-06-17 11:12:29.185;TERMINAL;OUTPUT;[EINGANG] 2026-06-17 11:12:28.862 | SR830 | SNAP? 1,2 -> 0.22517, -0.20250 (8.3ms);;0
2026-06-17 11:12:29.186;TERMINAL;OUTPUT;[EINGANG] 2026-06-17 11:12:28.966 | SR830 | SNAP? 1,2 -> 0.22102, -0.19877 (8.5ms);;0
2026-06-17 11:12:29.186;TERMINAL;OUTPUT;[EINGANG] 2026-06-17 11:12:29.062 | SR830 | SNAP? 1,2 -> 0.20650, -0.18570 (8.3ms);;0
2026-06-17 11:12:29.188;TERMINAL;OUTPUT;[EINGANG] 2026-06-17 11:12:29.163 | SR830 | SNAP? 1,2 -> 0.19034, -0.17116 (8.3ms);;0
2026-06-17 11:12:29.263;SR830;SNAP? 1,2;0.18085, -0.16261;0.18085, -0.16261;8.13
2026-06-17 11:12:29.263;TERMINAL;OUTPUT;[2026-06-17 11:12:29.263] SR830                Befehl: SNAP? 1,2       │ Antwort: 0.18085, -0.16261                        │ 8.1ms;;0
2026-06-17 11:12:29.368;SR830;SNAP? 1,2;0.16856, -0.15155;0.16856, -0.15155;9.41
2026-06-17 11:12:29.369;TERMINAL;OUTPUT;[2026-06-17 11:12:29.368] SR830                Befehl: SNAP? 1,2       │ Antwort: 0.16856, -0.15155                        │ 9.4ms;;0
2026-06-17 11:12:29.464;SR830;SNAP? 1,2;0.14592, -0.13117;0.14592, -0.13117;8.44
2026-06-17 11:12:29.466;TERMINAL;OUTPUT;[2026-06-17 11:12:29.464] SR830                Befehl: SNAP? 1,2       │ Antwort: 0.14592, -0.13117                        │ 8.4ms;;0
2026-06-17 11:12:29.565;SR830;SNAP? 1,2;0.14703, -0.13217;0.14703, -0.13217;8.19
2026-06-17 11:12:29.565;TERMINAL;OUTPUT;[2026-06-17 11:12:29.565] SR830                Befehl: SNAP? 1,2       │ Antwort: 0.14703, -0.13217                        │ 8.2ms;;0
2026-06-17 11:12:29.667;SR830;SNAP? 1,2;0.14599, -0.13124;0.14599, -0.13124;8.61
2026-06-17 11:12:29.669;TERMINAL;OUTPUT;[2026-06-17 11:12:29.667] SR830                Befehl: SNAP? 1,2       │ Antwort: 0.14599, -0.13124                        │ 8.6ms;;0
2026-06-17 11:12:29.690;OsTech;GS;0x0000;;12.45
2026-06-17 11:12:29.691;TERMINAL;OUTPUT;[EINGANG] 2026-06-17 11:12:29.263 | SR830 | SNAP? 1,2 -> 0.18085, -0.16261 (8.1ms);;0
2026-06-17 11:12:29.692;TERMINAL;OUTPUT;[2026-06-17 11:12:29.691] OsTech               Befehl: GS              │ Antwort:                                          │ 12.4ms;;0
2026-06-17 11:12:29.692;TERMINAL;OUTPUT;[EINGANG] 2026-06-17 11:12:29.369 | SR830 | SNAP? 1,2 -> 0.16856, -0.15155 (9.4ms);;0
2026-06-17 11:12:29.694;TERMINAL;OUTPUT;[EINGANG] 2026-06-17 11:12:29.467 | SR830 | SNAP? 1,2 -> 0.14592, -0.13117 (8.4ms);;0
2026-06-17 11:12:29.695;TERMINAL;OUTPUT;[EINGANG] 2026-06-17 11:12:29.565 | SR830 | SNAP? 1,2 -> 0.14703, -0.13217 (8.2ms);;0
2026-06-17 11:12:29.697;TERMINAL;OUTPUT;[EINGANG] 2026-06-17 11:12:29.669 | SR830 | SNAP? 1,2 -> 0.14599, -0.13124 (8.6ms);;0
2026-06-17 11:12:29.701;TERMINAL;OUTPUT;[EINGANG] 2026-06-17 11:12:29.693 | OsTech | GS ->  (12.4ms);;0
2026-06-17 11:12:29.705;OsTech;GT;1655.00;1655.00 °C;12.20
2026-06-17 11:12:29.705;TERMINAL;OUTPUT;[2026-06-17 11:12:29.705] OsTech               Befehl: GT              │ Antwort: 1655.00 °C                               │ 12.2ms;;0
2026-06-17 11:12:29.767;SR830;SNAP? 1,2;0.18766, -0.16875;0.18766, -0.16875;8.31
2026-06-17 11:12:29.769;TERMINAL;OUTPUT;[2026-06-17 11:12:29.768] SR830                Befehl: SNAP? 1,2       │ Antwort: 0.18766, -0.16875                        │ 8.3ms;;0
2026-06-17 11:12:29.868;SR830;SNAP? 1,2;0.29313, -0.26367;0.29313, -0.26367;8.25
2026-06-17 11:12:29.869;TERMINAL;OUTPUT;[2026-06-17 11:12:29.868] SR830                Befehl: SNAP? 1,2       │ Antwort: 0.29313, -0.26367                        │ 8.2ms;;0
2026-06-17 11:12:29.968;SR830;SNAP? 1,2;0.18171, -0.16339;0.18171, -0.16339;8.13
2026-06-17 11:12:29.968;TERMINAL;OUTPUT;[2026-06-17 11:12:29.968] SR830                Befehl: SNAP? 1,2       │ Antwort: 0.18171, -0.16339                        │ 8.1ms;;0
2026-06-17 11:12:30.069;SR830;SNAP? 1,2;0.14249, -0.12809;0.14249, -0.12809;8.56
2026-06-17 11:12:30.070;TERMINAL;OUTPUT;[2026-06-17 11:12:30.070] SR830                Befehl: SNAP? 1,2       │ Antwort: 0.14249, -0.12809                        │ 8.6ms;;0
2026-06-17 11:12:30.171;SR830;SNAP? 1,2;0.14047, -0.12628;0.14047, -0.12628;8.59
2026-06-17 11:12:30.172;TERMINAL;OUTPUT;[2026-06-17 11:12:30.172] SR830                Befehl: SNAP? 1,2       │ Antwort: 0.14047, -0.12628                        │ 8.6ms;;0
2026-06-17 11:12:30.219;TERMINAL;OUTPUT;[EINGANG] 2026-06-17 11:12:29.705 | OsTech | GT -> 1655.00 °C (12.2ms);;0
2026-06-17 11:12:30.225;TERMINAL;OUTPUT;[EINGANG] 2026-06-17 11:12:29.770 | SR830 | SNAP? 1,2 -> 0.18766, -0.16875 (8.3ms);;0
2026-06-17 11:12:30.227;TERMINAL;OUTPUT;[EINGANG] 2026-06-17 11:12:29.870 | SR830 | SNAP? 1,2 -> 0.29313, -0.26367 (8.2ms);;0
2026-06-17 11:12:30.234;TERMINAL;OUTPUT;[EINGANG] 2026-06-17 11:12:29.968 | SR830 | SNAP? 1,2 -> 0.18171, -0.16339 (8.1ms);;0
2026-06-17 11:12:30.239;TERMINAL;OUTPUT;[EINGANG] 2026-06-17 11:12:30.070 | SR830 | SNAP? 1,2 -> 0.14249, -0.12809 (8.6ms);;0
2026-06-17 11:12:30.258;TERMINAL;OUTPUT;[EINGANG] 2026-06-17 11:12:30.172 | SR830 | SNAP? 1,2 -> 0.14047, -0.12628 (8.6ms);;0
2026-06-17 11:12:30.271;SR830;SNAP? 1,2;0.13919, -0.12512;0.13919, -0.12512;8.10
2026-06-17 11:12:30.272;TERMINAL;OUTPUT;[2026-06-17 11:12:30.272] SR830                Befehl: SNAP? 1,2       │ Antwort: 0.13919, -0.12512                        │ 8.1ms;;0
2026-06-17 11:12:30.371;SR830;SNAP? 1,2;0.14496, -0.13031;0.14496, -0.13031;8.38
2026-06-17 11:12:30.374;TERMINAL;OUTPUT;[2026-06-17 11:12:30.371] SR830                Befehl: SNAP? 1,2       │ Antwort: 0.14496, -0.13031                        │ 8.4ms;;0
2026-06-17 11:12:30.472;SR830;SNAP? 1,2;0.00150, -0.00120;0.00150, -0.00120;8.51
2026-06-17 11:12:30.473;TERMINAL;OUTPUT;[2026-06-17 11:12:30.472] SR830                Befehl: SNAP? 1,2       │ Antwort: 0.00150, -0.00120                        │ 8.5ms;;0
2026-06-17 11:12:30.574;SR830;SNAP? 1,2;0.33640, -0.30261;0.33640, -0.30261;8.46
2026-06-17 11:12:30.574;TERMINAL;OUTPUT;[2026-06-17 11:12:30.574] SR830                Befehl: SNAP? 1,2       │ Antwort: 0.33640, -0.30261                        │ 8.5ms;;0
2026-06-17 11:12:30.674;SR830;SNAP? 1,2;0.32184, -0.28951;0.32184, -0.28951;8.49
2026-06-17 11:12:30.676;TERMINAL;OUTPUT;[2026-06-17 11:12:30.675] SR830                Befehl: SNAP? 1,2       │ Antwort: 0.32184, -0.28951                        │ 8.5ms;;0
2026-06-17 11:12:30.690;OsTech;GS;0x4000;;12.40
2026-06-17 11:12:30.692;TERMINAL;OUTPUT;[2026-06-17 11:12:30.690] OsTech               Befehl: GS              │ Antwort:                                          │ 12.4ms;;0
2026-06-17 11:12:30.705;OsTech;GT;2758.64;2758.64 °C;12.50
2026-06-17 11:12:30.705;TERMINAL;OUTPUT;[2026-06-17 11:12:30.705] OsTech               Befehl: GT              │ Antwort: 2758.64 °C                               │ 12.5ms;;0
2026-06-17 11:12:30.759;TERMINAL;OUTPUT;[EINGANG] 2026-06-17 11:12:30.276 | SR830 | SNAP? 1,2 -> 0.13919, -0.12512 (8.1ms);;0
2026-06-17 11:12:30.760;TERMINAL;OUTPUT;[EINGANG] 2026-06-17 11:12:30.374 | SR830 | SNAP? 1,2 -> 0.14496, -0.13031 (8.4ms);;0
2026-06-17 11:12:30.760;TERMINAL;OUTPUT;[EINGANG] 2026-06-17 11:12:30.473 | SR830 | SNAP? 1,2 -> 0.00150, -0.00120 (8.5ms);;0
2026-06-17 11:12:30.760;TERMINAL;OUTPUT;[EINGANG] 2026-06-17 11:12:30.574 | SR830 | SNAP? 1,2 -> 0.33640, -0.30261 (8.5ms);;0
2026-06-17 11:12:30.762;TERMINAL;OUTPUT;[EINGANG] 2026-06-17 11:12:30.676 | SR830 | SNAP? 1,2 -> 0.32184, -0.28951 (8.5ms);;0
2026-06-17 11:12:30.763;TERMINAL;OUTPUT;[EINGANG] 2026-06-17 11:12:30.692 | OsTech | GS ->  (12.4ms);;0
2026-06-17 11:12:30.764;TERMINAL;OUTPUT;[EINGANG] 2026-06-17 11:12:30.707 | OsTech | GT -> 2758.64 °C (12.5ms);;0
2026-06-17 11:12:30.775;SR830;SNAP? 1,2;0.26514, -0.23848;0.26514, -0.23848;8.37
2026-06-17 11:12:30.776;TERMINAL;OUTPUT;[2026-06-17 11:12:30.776] SR830                Befehl: SNAP? 1,2       │ Antwort: 0.26514, -0.23848                        │ 8.4ms;;0
2026-06-17 11:12:30.876;SR830;SNAP? 1,2;0.26055, -0.23435;0.26055, -0.23435;8.14
2026-06-17 11:12:30.877;TERMINAL;OUTPUT;[2026-06-17 11:12:30.877] SR830                Befehl: SNAP? 1,2       │ Antwort: 0.26055, -0.23435                        │ 8.1ms;;0
2026-06-17 11:12:30.977;SR830;SNAP? 1,2;0.24644, -0.22165;0.24644, -0.22165;8.57
2026-06-17 11:12:30.978;TERMINAL;OUTPUT;[2026-06-17 11:12:30.978] SR830                Befehl: SNAP? 1,2       │ Antwort: 0.24644, -0.22165                        │ 8.6ms;;0
2026-06-17 11:12:31.076;SR830;SNAP? 1,2;0.24018, -0.21601;0.24018, -0.21601;8.50
2026-06-17 11:12:31.078;TERMINAL;OUTPUT;[2026-06-17 11:12:31.077] SR830                Befehl: SNAP? 1,2       │ Antwort: 0.24018, -0.21601                        │ 8.5ms;;0
2026-06-17 11:12:31.213;SR830;SNAP? 1,2;0.23732, -0.21344;0.23732, -0.21344;14.70
2026-06-17 11:12:31.215;TERMINAL;OUTPUT;[2026-06-17 11:12:31.213] SR830                Befehl: SNAP? 1,2       │ Antwort: 0.23732, -0.21344                        │ 14.7ms;;0
2026-06-17 11:12:31.266;TERMINAL;OUTPUT;[EINGANG] 2026-06-17 11:12:30.777 | SR830 | SNAP? 1,2 -> 0.26514, -0.23848 (8.4ms);;0
2026-06-17 11:12:31.268;TERMINAL;OUTPUT;[EINGANG] 2026-06-17 11:12:30.878 | SR830 | SNAP? 1,2 -> 0.26055, -0.23435 (8.1ms);;0
2026-06-17 11:12:31.270;TERMINAL;OUTPUT;[EINGANG] 2026-06-17 11:12:30.982 | SR830 | SNAP? 1,2 -> 0.24644, -0.22165 (8.6ms);;0
2026-06-17 11:12:31.271;TERMINAL;OUTPUT;[EINGANG] 2026-06-17 11:12:31.082 | SR830 | SNAP? 1,2 -> 0.24018, -0.21601 (8.5ms);;0
2026-06-17 11:12:31.278;TERMINAL;OUTPUT;[EINGANG] 2026-06-17 11:12:31.218 | SR830 | SNAP? 1,2 -> 0.23732, -0.21344 (14.7ms);;0
2026-06-17 11:12:31.294;SR830;SNAP? 1,2;0.23656, -0.21275;0.23656, -0.21275;8.05
2026-06-17 11:12:31.296;TERMINAL;OUTPUT;[2026-06-17 11:12:31.295] SR830                Befehl: SNAP? 1,2       │ Antwort: 0.23656, -0.21275                        │ 8.1ms;;0
2026-06-17 11:12:31.399;SR830;SNAP? 1,2;0.23475, -0.21112;0.23475, -0.21112;8.46
2026-06-17 11:12:31.402;TERMINAL;OUTPUT;[2026-06-17 11:12:31.402] SR830                Befehl: SNAP? 1,2       │ Antwort: 0.23475, -0.21112                        │ 8.5ms;;0
2026-06-17 11:12:31.496;SR830;SNAP? 1,2;0.23475, -0.21112;0.23475, -0.21112;8.34
2026-06-17 11:12:31.497;TERMINAL;OUTPUT;[2026-06-17 11:12:31.497] SR830                Befehl: SNAP? 1,2       │ Antwort: 0.23475, -0.21112                        │ 8.3ms;;0
2026-06-17 11:12:31.598;SR830;SNAP? 1,2;0.23475, -0.21112;0.23475, -0.21112;8.33
2026-06-17 11:12:31.599;TERMINAL;OUTPUT;[2026-06-17 11:12:31.598] SR830                Befehl: SNAP? 1,2       │ Antwort: 0.23475, -0.21112                        │ 8.3ms;;0
2026-06-17 11:12:31.691;OsTech;GS;0x0000;;12.23
2026-06-17 11:12:31.693;TERMINAL;OUTPUT;[2026-06-17 11:12:31.691] OsTech               Befehl: GS              │ Antwort:                                          │ 12.2ms;;0
2026-06-17 11:12:31.707;OsTech;GT;2353.46;2353.46 °C;12.54
2026-06-17 11:12:31.709;TERMINAL;OUTPUT;[2026-06-17 11:12:31.708] OsTech               Befehl: GT              │ Antwort: 2353.46 °C                               │ 12.5ms;;0
2026-06-17 11:12:31.721;SR830;SNAP? 1,2;0.23788, -0.21394;0.23788, -0.21394;8.13
2026-06-17 11:12:31.723;TERMINAL;OUTPUT;[2026-06-17 11:12:31.722] SR830                Befehl: SNAP? 1,2       │ Antwort: 0.23788, -0.21394                        │ 8.1ms;;0
2026-06-17 11:12:31.787;TERMINAL;OUTPUT;[EINGANG] 2026-06-17 11:12:31.304 | SR830 | SNAP? 1,2 -> 0.23656, -0.21275 (8.1ms);;0
2026-06-17 11:12:31.789;TERMINAL;OUTPUT;[EINGANG] 2026-06-17 11:12:31.404 | SR830 | SNAP? 1,2 -> 0.23475, -0.21112 (8.5ms);;0
2026-06-17 11:12:31.790;TERMINAL;OUTPUT;[EINGANG] 2026-06-17 11:12:31.498 | SR830 | SNAP? 1,2 -> 0.23475, -0.21112 (8.3ms);;0
2026-06-17 11:12:31.790;TERMINAL;OUTPUT;[EINGANG] 2026-06-17 11:12:31.599 | SR830 | SNAP? 1,2 -> 0.23475, -0.21112 (8.3ms);;0
2026-06-17 11:12:31.793;TERMINAL;OUTPUT;[EINGANG] 2026-06-17 11:12:31.693 | OsTech | GS ->  (12.2ms);;0
2026-06-17 11:12:31.795;TERMINAL;OUTPUT;[EINGANG] 2026-06-17 11:12:31.710 | OsTech | GT -> 2353.46 °C (12.5ms);;0
2026-06-17 11:12:31.796;TERMINAL;OUTPUT;[EINGANG] 2026-06-17 11:12:31.724 | SR830 | SNAP? 1,2 -> 0.23788, -0.21394 (8.1ms);;0
2026-06-17 11:12:31.821;SR830;SNAP? 1,2;0.23818, -0.21421;0.23818, -0.21421;8.33
2026-06-17 11:12:31.822;TERMINAL;OUTPUT;[2026-06-17 11:12:31.822] SR830                Befehl: SNAP? 1,2       │ Antwort: 0.23818, -0.21421                        │ 8.3ms;;0
2026-06-17 11:12:31.922;SR830;SNAP? 1,2;0.24165, -0.21733;0.24165, -0.21733;8.69
2026-06-17 11:12:31.922;TERMINAL;OUTPUT;[2026-06-17 11:12:31.922] SR830                Befehl: SNAP? 1,2       │ Antwort: 0.24165, -0.21733                        │ 8.7ms;;0
2026-06-17 11:12:32.022;SR830;SNAP? 1,2;0.24441, -0.21982;0.24441, -0.21982;8.23
2026-06-17 11:12:32.022;TERMINAL;OUTPUT;[2026-06-17 11:12:32.022] SR830                Befehl: SNAP? 1,2       │ Antwort: 0.24441, -0.21982                        │ 8.2ms;;0
2026-06-17 11:12:32.124;SR830;SNAP? 1,2;0.24708, -0.22222;0.24708, -0.22222;8.51
2026-06-17 11:12:32.126;TERMINAL;OUTPUT;[2026-06-17 11:12:32.124] SR830                Befehl: SNAP? 1,2       │ Antwort: 0.24708, -0.22222                        │ 8.5ms;;0
2026-06-17 11:12:32.224;SR830;SNAP? 1,2;0.24788, -0.22294;0.24788, -0.22294;8.19
2026-06-17 11:12:32.225;TERMINAL;OUTPUT;[2026-06-17 11:12:32.225] SR830                Befehl: SNAP? 1,2       │ Antwort: 0.24788, -0.22294                        │ 8.2ms;;0
2026-06-17 11:12:32.299;TERMINAL;OUTPUT;[EINGANG] 2026-06-17 11:12:31.823 | SR830 | SNAP? 1,2 -> 0.23818, -0.21421 (8.3ms);;0
2026-06-17 11:12:32.299;TERMINAL;OUTPUT;[EINGANG] 2026-06-17 11:12:31.922 | SR830 | SNAP? 1,2 -> 0.24165, -0.21733 (8.7ms);;0
2026-06-17 11:12:32.300;TERMINAL;OUTPUT;[EINGANG] 2026-06-17 11:12:32.025 | SR830 | SNAP? 1,2 -> 0.24441, -0.21982 (8.2ms);;0
2026-06-17 11:12:32.304;TERMINAL;OUTPUT;[EINGANG] 2026-06-17 11:12:32.126 | SR830 | SNAP? 1,2 -> 0.24708, -0.22222 (8.5ms);;0
2026-06-17 11:12:32.305;TERMINAL;OUTPUT;[EINGANG] 2026-06-17 11:12:32.225 | SR830 | SNAP? 1,2 -> 0.24788, -0.22294 (8.2ms);;0
2026-06-17 11:12:32.326;SR830;SNAP? 1,2;0.24784, -0.22291;0.24784, -0.22291;8.21
2026-06-17 11:12:32.326;TERMINAL;OUTPUT;[2026-06-17 11:12:32.326] SR830                Befehl: SNAP? 1,2       │ Antwort: 0.24784, -0.22291                        │ 8.2ms;;0
2026-06-17 11:12:32.429;SR830;SNAP? 1,2;0.24714, -0.22228;0.24714, -0.22228;8.41
2026-06-17 11:12:32.430;TERMINAL;OUTPUT;[2026-06-17 11:12:32.429] SR830                Befehl: SNAP? 1,2       │ Antwort: 0.24714, -0.22228                        │ 8.4ms;;0
2026-06-17 11:12:32.532;SR830;SNAP? 1,2;0.24865, -0.22364;0.24865, -0.22364;8.47
2026-06-17 11:12:32.533;TERMINAL;OUTPUT;[2026-06-17 11:12:32.532] SR830                Befehl: SNAP? 1,2       │ Antwort: 0.24865, -0.22364                        │ 8.5ms;;0
2026-06-17 11:12:32.631;SR830;SNAP? 1,2;0.25028, -0.22510;0.25028, -0.22510;8.26
2026-06-17 11:12:32.632;TERMINAL;OUTPUT;[2026-06-17 11:12:32.631] SR830                Befehl: SNAP? 1,2       │ Antwort: 0.25028, -0.22510                        │ 8.3ms;;0
2026-06-17 11:12:32.692;OsTech;GS;0x0000;;12.50
2026-06-17 11:12:32.694;TERMINAL;OUTPUT;[2026-06-17 11:12:32.693] OsTech               Befehl: GS              │ Antwort:                                          │ 12.5ms;;0
2026-06-17 11:12:32.707;OsTech;GT;2482.58;2482.58 °C;12.38
2026-06-17 11:12:32.709;TERMINAL;OUTPUT;[2026-06-17 11:12:32.708] OsTech               Befehl: GT              │ Antwort: 2482.58 °C                               │ 12.4ms;;0
2026-06-17 11:12:32.732;SR830;SNAP? 1,2;0.24864, -0.22362;0.24864, -0.22362;8.27
2026-06-17 11:12:32.734;TERMINAL;OUTPUT;[2026-06-17 11:12:32.733] SR830                Befehl: SNAP? 1,2       │ Antwort: 0.24864, -0.22362                        │ 8.3ms;;0
2026-06-17 11:12:32.808;TERMINAL;OUTPUT;[EINGANG] 2026-06-17 11:12:32.326 | SR830 | SNAP? 1,2 -> 0.24784, -0.22291 (8.2ms);;0
2026-06-17 11:12:32.809;TERMINAL;OUTPUT;[EINGANG] 2026-06-17 11:12:32.431 | SR830 | SNAP? 1,2 -> 0.24714, -0.22228 (8.4ms);;0
2026-06-17 11:12:32.809;TERMINAL;OUTPUT;[EINGANG] 2026-06-17 11:12:32.534 | SR830 | SNAP? 1,2 -> 0.24865, -0.22364 (8.5ms);;0
2026-06-17 11:12:32.811;TERMINAL;OUTPUT;[EINGANG] 2026-06-17 11:12:32.632 | SR830 | SNAP? 1,2 -> 0.25028, -0.22510 (8.3ms);;0
2026-06-17 11:12:32.813;TERMINAL;OUTPUT;[EINGANG] 2026-06-17 11:12:32.694 | OsTech | GS ->  (12.5ms);;0
2026-06-17 11:12:32.814;TERMINAL;OUTPUT;[EINGANG] 2026-06-17 11:12:32.709 | OsTech | GT -> 2482.58 °C (12.4ms);;0
2026-06-17 11:12:32.817;TERMINAL;OUTPUT;[EINGANG] 2026-06-17 11:12:32.734 | SR830 | SNAP? 1,2 -> 0.24864, -0.22362 (8.3ms);;0
2026-06-17 11:12:32.833;SR830;SNAP? 1,2;0.24568, -0.22097;0.24568, -0.22097;8.29
2026-06-17 11:12:32.833;TERMINAL;OUTPUT;[2026-06-17 11:12:32.833] SR830                Befehl: SNAP? 1,2       │ Antwort: 0.24568, -0.22097                        │ 8.3ms;;0
2026-06-17 11:12:32.933;SR830;SNAP? 1,2;0.24510, -0.22044;0.24510, -0.22044;8.23
2026-06-17 11:12:32.934;TERMINAL;OUTPUT;[2026-06-17 11:12:32.934] SR830                Befehl: SNAP? 1,2       │ Antwort: 0.24510, -0.22044                        │ 8.2ms;;0
2026-06-17 11:12:33.035;SR830;SNAP? 1,2;0.24390, -0.21936;0.24390, -0.21936;8.22
2026-06-17 11:12:33.037;TERMINAL;OUTPUT;[2026-06-17 11:12:33.036] SR830                Befehl: SNAP? 1,2       │ Antwort: 0.24390, -0.21936                        │ 8.2ms;;0
2026-06-17 11:12:33.137;SR830;SNAP? 1,2;0.23860, -0.21459;0.23860, -0.21459;8.52
2026-06-17 11:12:33.138;TERMINAL;OUTPUT;[2026-06-17 11:12:33.137] SR830                Befehl: SNAP? 1,2       │ Antwort: 0.23860, -0.21459                        │ 8.5ms;;0
2026-06-17 11:12:33.237;SR830;SNAP? 1,2;0.22517, -0.20250;0.22517, -0.20250;8.34
2026-06-17 11:12:33.239;TERMINAL;OUTPUT;[2026-06-17 11:12:33.238] SR830                Befehl: SNAP? 1,2       │ Antwort: 0.22517, -0.20250                        │ 8.3ms;;0
2026-06-17 11:12:33.319;TERMINAL;OUTPUT;[EINGANG] 2026-06-17 11:12:32.834 | SR830 | SNAP? 1,2 -> 0.24568, -0.22097 (8.3ms);;0
2026-06-17 11:12:33.319;TERMINAL;OUTPUT;[EINGANG] 2026-06-17 11:12:32.935 | SR830 | SNAP? 1,2 -> 0.24510, -0.22044 (8.2ms);;0
2026-06-17 11:12:33.320;TERMINAL;OUTPUT;[EINGANG] 2026-06-17 11:12:33.037 | SR830 | SNAP? 1,2 -> 0.24390, -0.21936 (8.2ms);;0
2026-06-17 11:12:33.322;TERMINAL;OUTPUT;[EINGANG] 2026-06-17 11:12:33.138 | SR830 | SNAP? 1,2 -> 0.23860, -0.21459 (8.5ms);;0
2026-06-17 11:12:33.322;TERMINAL;OUTPUT;[EINGANG] 2026-06-17 11:12:33.239 | SR830 | SNAP? 1,2 -> 0.22517, -0.20250 (8.3ms);;0
2026-06-17 11:12:33.337;SR830;SNAP? 1,2;0.22102, -0.19877;0.22102, -0.19877;8.36
2026-06-17 11:12:33.337;TERMINAL;OUTPUT;[2026-06-17 11:12:33.337] SR830                Befehl: SNAP? 1,2       │ Antwort: 0.22102, -0.19877                        │ 8.4ms;;0
2026-06-17 11:12:33.438;SR830;SNAP? 1,2;0.20650, -0.18570;0.20650, -0.18570;8.28
2026-06-17 11:12:33.439;TERMINAL;OUTPUT;[2026-06-17 11:12:33.438] SR830                Befehl: SNAP? 1,2       │ Antwort: 0.20650, -0.18570                        │ 8.3ms;;0
2026-06-17 11:12:33.539;SR830;SNAP? 1,2;0.19034, -0.17116;0.19034, -0.17116;8.47
2026-06-17 11:12:33.539;TERMINAL;OUTPUT;[2026-06-17 11:12:33.539] SR830                Befehl: SNAP? 1,2       │ Antwort: 0.19034, -0.17116                        │ 8.5ms;;0
2026-06-17 11:12:33.639;SR830;SNAP? 1,2;0.18085, -0.16261;0.18085, -0.16261;8.26
2026-06-17 11:12:33.639;TERMINAL;OUTPUT;[2026-06-17 11:12:33.639] SR830                Befehl: SNAP? 1,2       │ Antwort: 0.18085, -0.16261                        │ 8.3ms;;0
2026-06-17 11:12:33.691;OsTech;GS;0x0000;;12.41
2026-06-17 11:12:33.692;TERMINAL;OUTPUT;[2026-06-17 11:12:33.692] OsTech               Befehl: GS              │ Antwort:                                          │ 12.4ms;;0
2026-06-17 11:12:33.706;OsTech;GT;1465.16;1465.16 °C;12.14
2026-06-17 11:12:33.707;TERMINAL;OUTPUT;[2026-06-17 11:12:33.706] OsTech               Befehl: GT              │ Antwort: 1465.16 °C                               │ 12.1ms;;0
2026-06-17 11:12:33.741;SR830;SNAP? 1,2;0.14703, -0.13217;0.14703, -0.13217;8.63
2026-06-17 11:12:33.744;TERMINAL;OUTPUT;[2026-06-17 11:12:33.743] SR830                Befehl: SNAP? 1,2       │ Antwort: 0.14703, -0.13217                        │ 8.6ms;;0
2026-06-17 11:12:33.825;TERMINAL;OUTPUT;[EINGANG] 2026-06-17 11:12:33.337 | SR830 | SNAP? 1,2 -> 0.22102, -0.19877 (8.4ms);;0
2026-06-17 11:12:33.826;TERMINAL;OUTPUT;[EINGANG] 2026-06-17 11:12:33.439 | SR830 | SNAP? 1,2 -> 0.20650, -0.18570 (8.3ms);;0
2026-06-17 11:12:33.828;TERMINAL;OUTPUT;[EINGANG] 2026-06-17 11:12:33.539 | SR830 | SNAP? 1,2 -> 0.19034, -0.17116 (8.5ms);;0
2026-06-17 11:12:33.830;TERMINAL;OUTPUT;[EINGANG] 2026-06-17 11:12:33.639 | SR830 | SNAP? 1,2 -> 0.18085, -0.16261 (8.3ms);;0
2026-06-17 11:12:33.831;TERMINAL;OUTPUT;[EINGANG] 2026-06-17 11:12:33.693 | OsTech | GS ->  (12.4ms);;0
2026-06-17 11:12:33.833;TERMINAL;OUTPUT;[EINGANG] 2026-06-17 11:12:33.708 | OsTech | GT -> 1465.16 °C (12.1ms);;0
2026-06-17 11:12:33.833;TERMINAL;OUTPUT;[EINGANG] 2026-06-17 11:12:33.744 | SR830 | SNAP? 1,2 -> 0.14703, -0.13217 (8.6ms);;0
2026-06-17 11:12:33.841;SR830;SNAP? 1,2;0.14599, -0.13124;0.14599, -0.13124;8.46
2026-06-17 11:12:33.841;TERMINAL;OUTPUT;[2026-06-17 11:12:33.841] SR830                Befehl: SNAP? 1,2       │ Antwort: 0.14599, -0.13124                        │ 8.5ms;;0
2026-06-17 11:12:33.943;SR830;SNAP? 1,2;0.16464, -0.14802;0.16464, -0.14802;8.58
2026-06-17 11:12:33.945;TERMINAL;OUTPUT;[2026-06-17 11:12:33.944] SR830                Befehl: SNAP? 1,2       │ Antwort: 0.16464, -0.14802                        │ 8.6ms;;0
2026-06-17 11:12:34.045;SR830;SNAP? 1,2;0.16490, -0.14826;0.16490, -0.14826;8.47
2026-06-17 11:12:34.046;TERMINAL;OUTPUT;[2026-06-17 11:12:34.045] SR830                Befehl: SNAP? 1,2       │ Antwort: 0.16490, -0.14826                        │ 8.5ms;;0
2026-06-17 11:12:34.145;SR830;SNAP? 1,2;0.18766, -0.16875;0.18766, -0.16875;8.33
2026-06-17 11:12:34.146;TERMINAL;OUTPUT;[2026-06-17 11:12:34.145] SR830                Befehl: SNAP? 1,2       │ Antwort: 0.18766, -0.16875                        │ 8.3ms;;0
2026-06-17 11:12:34.247;SR830;SNAP? 1,2;0.29313, -0.26367;0.29313, -0.26367;8.56
2026-06-17 11:12:34.248;TERMINAL;OUTPUT;[2026-06-17 11:12:34.247] SR830                Befehl: SNAP? 1,2       │ Antwort: 0.29313, -0.26367                        │ 8.6ms;;0
2026-06-17 11:12:34.336;TERMINAL;OUTPUT;[EINGANG] 2026-06-17 11:12:33.841 | SR830 | SNAP? 1,2 -> 0.14599, -0.13124 (8.5ms);;0
2026-06-17 11:12:34.337;TERMINAL;OUTPUT;[EINGANG] 2026-06-17 11:12:33.945 | SR830 | SNAP? 1,2 -> 0.16464, -0.14802 (8.6ms);;0
2026-06-17 11:12:34.339;TERMINAL;OUTPUT;[EINGANG] 2026-06-17 11:12:34.046 | SR830 | SNAP? 1,2 -> 0.16490, -0.14826 (8.5ms);;0
2026-06-17 11:12:34.340;TERMINAL;OUTPUT;[EINGANG] 2026-06-17 11:12:34.146 | SR830 | SNAP? 1,2 -> 0.18766, -0.16875 (8.3ms);;0
2026-06-17 11:12:34.342;TERMINAL;OUTPUT;[EINGANG] 2026-06-17 11:12:34.249 | SR830 | SNAP? 1,2 -> 0.29313, -0.26367 (8.6ms);;0
2026-06-17 11:12:34.347;SR830;SNAP? 1,2;0.18171, -0.16339;0.18171, -0.16339;8.19
2026-06-17 11:12:34.348;TERMINAL;OUTPUT;[2026-06-17 11:12:34.347] SR830                Befehl: SNAP? 1,2       │ Antwort: 0.18171, -0.16339                        │ 8.2ms;;0
2026-06-17 11:12:34.447;SR830;SNAP? 1,2;0.14249, -0.12809;0.14249, -0.12809;8.14
2026-06-17 11:12:34.448;TERMINAL;OUTPUT;[2026-06-17 11:12:34.448] SR830                Befehl: SNAP? 1,2       │ Antwort: 0.14249, -0.12809                        │ 8.1ms;;0
2026-06-17 11:12:34.546;SR830;SNAP? 1,2;0.14047, -0.12628;0.14047, -0.12628;8.43
2026-06-17 11:12:34.547;TERMINAL;OUTPUT;[2026-06-17 11:12:34.547] SR830                Befehl: SNAP? 1,2       │ Antwort: 0.14047, -0.12628                        │ 8.4ms;;0
2026-06-17 11:12:34.648;SR830;SNAP? 1,2;0.13919, -0.12512;0.13919, -0.12512;8.22
2026-06-17 11:12:34.649;TERMINAL;OUTPUT;[2026-06-17 11:12:34.648] SR830                Befehl: SNAP? 1,2       │ Antwort: 0.13919, -0.12512                        │ 8.2ms;;0
2026-06-17 11:12:34.700;OsTech;GS;0x0000;;14.79
2026-06-17 11:12:34.701;TERMINAL;OUTPUT;[2026-06-17 11:12:34.700] OsTech               Befehl: GS              │ Antwort:                                          │ 14.8ms;;0
2026-06-17 11:12:34.716;OsTech;GT;21.00;21.00 °C;12.74
2026-06-17 11:12:34.718;TERMINAL;OUTPUT;[2026-06-17 11:12:34.717] OsTech               Befehl: GT              │ Antwort: 21.00 °C                                 │ 12.7ms;;0
2026-06-17 11:12:34.748;SR830;SNAP? 1,2;0.33640, -0.30261;0.33640, -0.30261;8.11
2026-06-17 11:12:34.749;TERMINAL;OUTPUT;[2026-06-17 11:12:34.749] SR830                Befehl: SNAP? 1,2       │ Antwort: 0.33640, -0.30261                        │ 8.1ms;;0
2026-06-17 11:12:34.844;TERMINAL;OUTPUT;[EINGANG] 2026-06-17 11:12:34.349 | SR830 | SNAP? 1,2 -> 0.18171, -0.16339 (8.2ms);;0
2026-06-17 11:12:34.845;TERMINAL;OUTPUT;[EINGANG] 2026-06-17 11:12:34.448 | SR830 | SNAP? 1,2 -> 0.14249, -0.12809 (8.1ms);;0
2026-06-17 11:12:34.845;TERMINAL;OUTPUT;[EINGANG] 2026-06-17 11:12:34.548 | SR830 | SNAP? 1,2 -> 0.14047, -0.12628 (8.4ms);;0
2026-06-17 11:12:34.847;TERMINAL;OUTPUT;[EINGANG] 2026-06-17 11:12:34.650 | SR830 | SNAP? 1,2 -> 0.13919, -0.12512 (8.2ms);;0
2026-06-17 11:12:34.848;TERMINAL;OUTPUT;[EINGANG] 2026-06-17 11:12:34.702 | OsTech | GS ->  (14.8ms);;0
2026-06-17 11:12:34.849;TERMINAL;OUTPUT;[EINGANG] 2026-06-17 11:12:34.719 | OsTech | GT -> 21.00 °C (12.7ms);;0
2026-06-17 11:12:34.849;SR830;SNAP? 1,2;0.32184, -0.28951;0.32184, -0.28951;8.25
2026-06-17 11:12:34.850;TERMINAL;OUTPUT;[EINGANG] 2026-06-17 11:12:34.751 | SR830 | SNAP? 1,2 -> 0.33640, -0.30261 (8.1ms);;0
2026-06-17 11:12:34.850;TERMINAL;OUTPUT;[2026-06-17 11:12:34.849] SR830                Befehl: SNAP? 1,2       │ Antwort: 0.32184, -0.28951                        │ 8.3ms;;0
2026-06-17 11:12:34.950;SR830;SNAP? 1,2;0.28524, -0.25657;0.28524, -0.25657;8.56
2026-06-17 11:12:34.950;TERMINAL;OUTPUT;[2026-06-17 11:12:34.950] SR830                Befehl: SNAP? 1,2       │ Antwort: 0.28524, -0.25657                        │ 8.6ms;;0
2026-06-17 11:12:35.051;SR830;SNAP? 1,2;0.27526, -0.24759;0.27526, -0.24759;8.37
2026-06-17 11:12:35.052;TERMINAL;OUTPUT;[2026-06-17 11:12:35.051] SR830                Befehl: SNAP? 1,2       │ Antwort: 0.27526, -0.24759                        │ 8.4ms;;0
2026-06-17 11:12:35.152;SR830;SNAP? 1,2;0.26514, -0.23848;0.26514, -0.23848;8.55
2026-06-17 11:12:35.153;TERMINAL;OUTPUT;[2026-06-17 11:12:35.152] SR830                Befehl: SNAP? 1,2       │ Antwort: 0.26514, -0.23848                        │ 8.6ms;;0
2026-06-17 11:12:35.252;SR830;SNAP? 1,2;0.26055, -0.23435;0.26055, -0.23435;8.53
2026-06-17 11:12:35.253;TERMINAL;OUTPUT;[2026-06-17 11:12:35.252] SR830                Befehl: SNAP? 1,2       │ Antwort: 0.26055, -0.23435                        │ 8.5ms;;0
2026-06-17 11:12:35.352;TERMINAL;OUTPUT;[EINGANG] 2026-06-17 11:12:34.851 | SR830 | SNAP? 1,2 -> 0.32184, -0.28951 (8.3ms);;0
2026-06-17 11:12:35.353;SR830;SNAP? 1,2;0.24644, -0.22165;0.24644, -0.22165;8.06
2026-06-17 11:12:35.354;TERMINAL;OUTPUT;[EINGANG] 2026-06-17 11:12:34.950 | SR830 | SNAP? 1,2 -> 0.28524, -0.25657 (8.6ms);;0
2026-06-17 11:12:35.354;TERMINAL;OUTPUT;[2026-06-17 11:12:35.353] SR830                Befehl: SNAP? 1,2       │ Antwort: 0.24644, -0.22165                        │ 8.1ms;;0
2026-06-17 11:12:35.355;TERMINAL;OUTPUT;[EINGANG] 2026-06-17 11:12:35.052 | SR830 | SNAP? 1,2 -> 0.27526, -0.24759 (8.4ms);;0
2026-06-17 11:12:35.355;TERMINAL;OUTPUT;[EINGANG] 2026-06-17 11:12:35.153 | SR830 | SNAP? 1,2 -> 0.26514, -0.23848 (8.6ms);;0
2026-06-17 11:12:35.357;TERMINAL;OUTPUT;[EINGANG] 2026-06-17 11:12:35.253 | SR830 | SNAP? 1,2 -> 0.26055, -0.23435 (8.5ms);;0
2026-06-17 11:12:35.358;TERMINAL;OUTPUT;[EINGANG] 2026-06-17 11:12:35.355 | SR830 | SNAP? 1,2 -> 0.24644, -0.22165 (8.1ms);;0
2026-06-17 11:12:35.454;SR830;SNAP? 1,2;0.24018, -0.21601;0.24018, -0.21601;8.51
2026-06-17 11:12:35.456;TERMINAL;OUTPUT;[2026-06-17 11:12:35.455] SR830                Befehl: SNAP? 1,2       │ Antwort: 0.24018, -0.21601                        │ 8.5ms;;0
2026-06-17 11:12:35.554;SR830;SNAP? 1,2;0.23732, -0.21344;0.23732, -0.21344;8.55
2026-06-17 11:12:35.555;TERMINAL;OUTPUT;[2026-06-17 11:12:35.554] SR830                Befehl: SNAP? 1,2       │ Antwort: 0.23732, -0.21344                        │ 8.5ms;;0
2026-06-17 11:12:35.655;SR830;SNAP? 1,2;0.23656, -0.21275;0.23656, -0.21275;8.56
2026-06-17 11:12:35.655;TERMINAL;OUTPUT;[2026-06-17 11:12:35.655] SR830                Befehl: SNAP? 1,2       │ Antwort: 0.23656, -0.21275                        │ 8.6ms;;0
2026-06-17 11:12:35.694;OsTech;GS;0x4000;;12.35
2026-06-17 11:12:35.695;TERMINAL;OUTPUT;[2026-06-17 11:12:35.695] OsTech               Befehl: GS              │ Antwort:                                          │ 12.4ms;;0
2026-06-17 11:12:35.709;OsTech;GT;2353.46;2353.46 °C;12.37
2026-06-17 11:12:35.709;TERMINAL;OUTPUT;[2026-06-17 11:12:35.709] OsTech               Befehl: GT              │ Antwort: 2353.46 °C                               │ 12.4ms;;0
2026-06-17 11:12:35.756;SR830;SNAP? 1,2;0.23475, -0.21112;0.23475, -0.21112;8.36
2026-06-17 11:12:35.757;TERMINAL;OUTPUT;[2026-06-17 11:12:35.756] SR830                Befehl: SNAP? 1,2       │ Antwort: 0.23475, -0.21112                        │ 8.4ms;;0
2026-06-17 11:12:35.857;SR830;SNAP? 1,2;0.23287, -0.20944;0.23287, -0.20944;8.20
2026-06-17 11:12:35.859;TERMINAL;OUTPUT;[2026-06-17 11:12:35.858] SR830                Befehl: SNAP? 1,2       │ Antwort: 0.23287, -0.20944                        │ 8.2ms;;0
2026-06-17 11:12:35.860;TERMINAL;OUTPUT;[EINGANG] 2026-06-17 11:12:35.457 | SR830 | SNAP? 1,2 -> 0.24018, -0.21601 (8.5ms);;0
2026-06-17 11:12:35.860;TERMINAL;OUTPUT;[EINGANG] 2026-06-17 11:12:35.555 | SR830 | SNAP? 1,2 -> 0.23732, -0.21344 (8.5ms);;0
2026-06-17 11:12:35.861;TERMINAL;OUTPUT;[EINGANG] 2026-06-17 11:12:35.655 | SR830 | SNAP? 1,2 -> 0.23656, -0.21275 (8.6ms);;0
2026-06-17 11:12:35.863;TERMINAL;OUTPUT;[EINGANG] 2026-06-17 11:12:35.695 | OsTech | GS ->  (12.4ms);;0
2026-06-17 11:12:35.864;TERMINAL;OUTPUT;[EINGANG] 2026-06-17 11:12:35.710 | OsTech | GT -> 2353.46 °C (12.4ms);;0
2026-06-17 11:12:35.865;TERMINAL;OUTPUT;[EINGANG] 2026-06-17 11:12:35.757 | SR830 | SNAP? 1,2 -> 0.23475, -0.21112 (8.4ms);;0
2026-06-17 11:12:35.866;TERMINAL;OUTPUT;[EINGANG] 2026-06-17 11:12:35.860 | SR830 | SNAP? 1,2 -> 0.23287, -0.20944 (8.2ms);;0
2026-06-17 11:12:35.959;SR830;SNAP? 1,2;0.23475, -0.21112;0.23475, -0.21112;8.35
2026-06-17 11:12:35.959;TERMINAL;OUTPUT;[2026-06-17 11:12:35.959] SR830                Befehl: SNAP? 1,2       │ Antwort: 0.23475, -0.21112                        │ 8.4ms;;0
2026-06-17 11:12:36.060;SR830;SNAP? 1,2;0.23788, -0.21394;0.23788, -0.21394;8.42
2026-06-17 11:12:36.062;TERMINAL;OUTPUT;[2026-06-17 11:12:36.062] SR830                Befehl: SNAP? 1,2       │ Antwort: 0.23788, -0.21394                        │ 8.4ms;;0
2026-06-17 11:12:36.161;SR830;SNAP? 1,2;0.23818, -0.21421;0.23818, -0.21421;8.51
2026-06-17 11:12:36.162;TERMINAL;OUTPUT;[2026-06-17 11:12:36.162] SR830                Befehl: SNAP? 1,2       │ Antwort: 0.23818, -0.21421                        │ 8.5ms;;0
2026-06-17 11:12:36.262;SR830;SNAP? 1,2;0.24165, -0.21733;0.24165, -0.21733;8.48
2026-06-17 11:12:36.264;TERMINAL;OUTPUT;[2026-06-17 11:12:36.262] SR830                Befehl: SNAP? 1,2       │ Antwort: 0.24165, -0.21733                        │ 8.5ms;;0
2026-06-17 11:12:36.363;SR830;SNAP? 1,2;0.24441, -0.21982;0.24441, -0.21982;8.50
2026-06-17 11:12:36.363;TERMINAL;OUTPUT;[2026-06-17 11:12:36.363] SR830                Befehl: SNAP? 1,2       │ Antwort: 0.24441, -0.21982                        │ 8.5ms;;0
2026-06-17 11:12:36.367;TERMINAL;OUTPUT;[EINGANG] 2026-06-17 11:12:35.959 | SR830 | SNAP? 1,2 -> 0.23475, -0.21112 (8.4ms);;0
2026-06-17 11:12:36.368;TERMINAL;OUTPUT;[EINGANG] 2026-06-17 11:12:36.064 | SR830 | SNAP? 1,2 -> 0.23788, -0.21394 (8.4ms);;0
2026-06-17 11:12:36.369;TERMINAL;OUTPUT;[EINGANG] 2026-06-17 11:12:36.162 | SR830 | SNAP? 1,2 -> 0.23818, -0.21421 (8.5ms);;0
2026-06-17 11:12:36.369;TERMINAL;OUTPUT;[EINGANG] 2026-06-17 11:12:36.265 | SR830 | SNAP? 1,2 -> 0.24165, -0.21733 (8.5ms);;0
2026-06-17 11:12:36.371;TERMINAL;OUTPUT;[EINGANG] 2026-06-17 11:12:36.364 | SR830 | SNAP? 1,2 -> 0.24441, -0.21982 (8.5ms);;0
2026-06-17 11:12:36.464;SR830;SNAP? 1,2;0.24708, -0.22222;0.24708, -0.22222;8.62
2026-06-17 11:12:36.465;TERMINAL;OUTPUT;[2026-06-17 11:12:36.464] SR830                Befehl: SNAP? 1,2       │ Antwort: 0.24708, -0.22222                        │ 8.6ms;;0
2026-06-17 11:12:36.564;SR830;SNAP? 1,2;0.24788, -0.22294;0.24788, -0.22294;8.47
2026-06-17 11:12:36.564;TERMINAL;OUTPUT;[2026-06-17 11:12:36.564] SR830                Befehl: SNAP? 1,2       │ Antwort: 0.24788, -0.22294                        │ 8.5ms;;0
2026-06-17 11:12:36.665;SR830;SNAP? 1,2;0.24784, -0.22291;0.24784, -0.22291;8.51
2026-06-17 11:12:36.666;TERMINAL;OUTPUT;[2026-06-17 11:12:36.665] SR830                Befehl: SNAP? 1,2       │ Antwort: 0.24784, -0.22291                        │ 8.5ms;;0
2026-06-17 11:12:36.695;OsTech;GS;0x4000;;12.57
2026-06-17 11:12:36.696;TERMINAL;OUTPUT;[2026-06-17 11:12:36.696] OsTech               Befehl: GS              │ Antwort:                                          │ 12.6ms;;0
2026-06-17 11:12:36.710;OsTech;GT;2492.54;2492.54 °C;12.10
2026-06-17 11:12:36.711;TERMINAL;OUTPUT;[2026-06-17 11:12:36.710] OsTech               Befehl: GT              │ Antwort: 2492.54 °C                               │ 12.1ms;;0
2026-06-17 11:12:36.766;SR830;SNAP? 1,2;0.25028, -0.22510;0.25028, -0.22510;8.11
2026-06-17 11:12:36.767;TERMINAL;OUTPUT;[2026-06-17 11:12:36.766] SR830                Befehl: SNAP? 1,2       │ Antwort: 0.25028, -0.22510                        │ 8.1ms;;0
2026-06-17 11:12:36.867;SR830;SNAP? 1,2;0.24895, -0.22391;0.24895, -0.22391;8.19
2026-06-17 11:12:36.868;TERMINAL;OUTPUT;[2026-06-17 11:12:36.868] SR830                Befehl: SNAP? 1,2       │ Antwort: 0.24895, -0.22391                        │ 8.2ms;;0
2026-06-17 11:12:36.872;TERMINAL;OUTPUT;[EINGANG] 2026-06-17 11:12:36.465 | SR830 | SNAP? 1,2 -> 0.24708, -0.22222 (8.6ms);;0
2026-06-17 11:12:36.873;TERMINAL;OUTPUT;[EINGANG] 2026-06-17 11:12:36.565 | SR830 | SNAP? 1,2 -> 0.24788, -0.22294 (8.5ms);;0
2026-06-17 11:12:36.875;TERMINAL;OUTPUT;[EINGANG] 2026-06-17 11:12:36.667 | SR830 | SNAP? 1,2 -> 0.24784, -0.22291 (8.5ms);;0
2026-06-17 11:12:36.876;TERMINAL;OUTPUT;[EINGANG] 2026-06-17 11:12:36.696 | OsTech | GS ->  (12.6ms);;0
2026-06-17 11:12:36.876;TERMINAL;OUTPUT;[EINGANG] 2026-06-17 11:12:36.711 | OsTech | GT -> 2492.54 °C (12.1ms);;0
2026-06-17 11:12:36.877;TERMINAL;OUTPUT;[EINGANG] 2026-06-17 11:12:36.768 | SR830 | SNAP? 1,2 -> 0.25028, -0.22510 (8.1ms);;0
2026-06-17 11:12:36.882;TERMINAL;OUTPUT;[EINGANG] 2026-06-17 11:12:36.868 | SR830 | SNAP? 1,2 -> 0.24895, -0.22391 (8.2ms);;0
2026-06-17 11:12:36.966;SR830;SNAP? 1,2;0.24766, -0.22274;0.24766, -0.22274;8.37
2026-06-17 11:12:36.968;TERMINAL;OUTPUT;[2026-06-17 11:12:36.966] SR830                Befehl: SNAP? 1,2       │ Antwort: 0.24766, -0.22274                        │ 8.4ms;;0
2026-06-17 11:12:37.068;SR830;SNAP? 1,2;0.24864, -0.22362;0.24864, -0.22362;8.17
2026-06-17 11:12:37.069;TERMINAL;OUTPUT;[2026-06-17 11:12:37.068] SR830                Befehl: SNAP? 1,2       │ Antwort: 0.24864, -0.22362                        │ 8.2ms;;0
2026-06-17 11:12:37.169;SR830;SNAP? 1,2;0.24568, -0.22097;0.24568, -0.22097;8.51
2026-06-17 11:12:37.169;TERMINAL;OUTPUT;[2026-06-17 11:12:37.169] SR830                Befehl: SNAP? 1,2       │ Antwort: 0.24568, -0.22097                        │ 8.5ms;;0
2026-06-17 11:12:37.269;SR830;SNAP? 1,2;0.24510, -0.22044;0.24510, -0.22044;8.40
2026-06-17 11:12:37.269;TERMINAL;OUTPUT;[2026-06-17 11:12:37.269] SR830                Befehl: SNAP? 1,2       │ Antwort: 0.24510, -0.22044                        │ 8.4ms;;0
2026-06-17 11:12:37.369;SR830;SNAP? 1,2;0.24390, -0.21936;0.24390, -0.21936;8.50
2026-06-17 11:12:37.369;TERMINAL;OUTPUT;[2026-06-17 11:12:37.369] SR830                Befehl: SNAP? 1,2       │ Antwort: 0.24390, -0.21936                        │ 8.5ms;;0
2026-06-17 11:12:37.384;TERMINAL;OUTPUT;[EINGANG] 2026-06-17 11:12:36.968 | SR830 | SNAP? 1,2 -> 0.24766, -0.22274 (8.4ms);;0
2026-06-17 11:12:37.385;TERMINAL;OUTPUT;[EINGANG] 2026-06-17 11:12:37.069 | SR830 | SNAP? 1,2 -> 0.24864, -0.22362 (8.2ms);;0
2026-06-17 11:12:37.387;TERMINAL;OUTPUT;[EINGANG] 2026-06-17 11:12:37.169 | SR830 | SNAP? 1,2 -> 0.24568, -0.22097 (8.5ms);;0
2026-06-17 11:12:37.388;TERMINAL;OUTPUT;[EINGANG] 2026-06-17 11:12:37.269 | SR830 | SNAP? 1,2 -> 0.24510, -0.22044 (8.4ms);;0
2026-06-17 11:12:37.392;TERMINAL;OUTPUT;[EINGANG] 2026-06-17 11:12:37.369 | SR830 | SNAP? 1,2 -> 0.24390, -0.21936 (8.5ms);;0
2026-06-17 11:12:37.471;SR830;SNAP? 1,2;0.23860, -0.21459;0.23860, -0.21459;8.08
2026-06-17 11:12:37.472;TERMINAL;OUTPUT;[2026-06-17 11:12:37.471] SR830                Befehl: SNAP? 1,2       │ Antwort: 0.23860, -0.21459                        │ 8.1ms;;0
2026-06-17 11:12:37.572;SR830;SNAP? 1,2;0.22517, -0.20250;0.22517, -0.20250;8.37
2026-06-17 11:12:37.573;TERMINAL;OUTPUT;[2026-06-17 11:12:37.572] SR830                Befehl: SNAP? 1,2       │ Antwort: 0.22517, -0.20250                        │ 8.4ms;;0
2026-06-17 11:12:37.672;SR830;SNAP? 1,2;0.22102, -0.19877;0.22102, -0.19877;8.18
2026-06-17 11:12:37.672;TERMINAL;OUTPUT;[2026-06-17 11:12:37.672] SR830                Befehl: SNAP? 1,2       │ Antwort: 0.22102, -0.19877                        │ 8.2ms;;0
2026-06-17 11:12:37.695;OsTech;GS;0x4000;;12.45
2026-06-17 11:12:37.697;TERMINAL;OUTPUT;[2026-06-17 11:12:37.695] OsTech               Befehl: GS              │ Antwort:                                          │ 12.4ms;;0
2026-06-17 11:12:37.712;OsTech;GT;1909.40;1909.40 °C;12.36
2026-06-17 11:12:37.712;TERMINAL;OUTPUT;[2026-06-17 11:12:37.712] OsTech               Befehl: GT              │ Antwort: 1909.40 °C                               │ 12.4ms;;0
2026-06-17 11:12:37.773;SR830;SNAP? 1,2;0.18085, -0.16261;0.18085, -0.16261;8.22
2026-06-17 11:12:37.774;TERMINAL;OUTPUT;[2026-06-17 11:12:37.773] SR830                Befehl: SNAP? 1,2       │ Antwort: 0.18085, -0.16261                        │ 8.2ms;;0
2026-06-17 11:12:37.874;SR830;SNAP? 1,2;0.16856, -0.15155;0.16856, -0.15155;8.22
2026-06-17 11:12:37.875;TERMINAL;OUTPUT;[2026-06-17 11:12:37.875] SR830                Befehl: SNAP? 1,2       │ Antwort: 0.16856, -0.15155                        │ 8.2ms;;0
2026-06-17 11:12:37.893;TERMINAL;OUTPUT;[EINGANG] 2026-06-17 11:12:37.472 | SR830 | SNAP? 1,2 -> 0.23860, -0.21459 (8.1ms);;0
2026-06-17 11:12:37.895;TERMINAL;OUTPUT;[EINGANG] 2026-06-17 11:12:37.573 | SR830 | SNAP? 1,2 -> 0.22517, -0.20250 (8.4ms);;0
2026-06-17 11:12:37.897;TERMINAL;OUTPUT;[EINGANG] 2026-06-17 11:12:37.672 | SR830 | SNAP? 1,2 -> 0.22102, -0.19877 (8.2ms);;0
2026-06-17 11:12:37.898;TERMINAL;OUTPUT;[EINGANG] 2026-06-17 11:12:37.699 | OsTech | GS ->  (12.4ms);;0
2026-06-17 11:12:37.898;TERMINAL;OUTPUT;[EINGANG] 2026-06-17 11:12:37.715 | OsTech | GT -> 1909.40 °C (12.4ms);;0
2026-06-17 11:12:37.900;TERMINAL;OUTPUT;[EINGANG] 2026-06-17 11:12:37.774 | SR830 | SNAP? 1,2 -> 0.18085, -0.16261 (8.2ms);;0
2026-06-17 11:12:37.902;TERMINAL;OUTPUT;[EINGANG] 2026-06-17 11:12:37.875 | SR830 | SNAP? 1,2 -> 0.16856, -0.15155 (8.2ms);;0
2026-06-17 11:12:37.975;SR830;SNAP? 1,2;0.14592, -0.13117;0.14592, -0.13117;8.34
2026-06-17 11:12:37.976;TERMINAL;OUTPUT;[2026-06-17 11:12:37.975] SR830                Befehl: SNAP? 1,2       │ Antwort: 0.14592, -0.13117                        │ 8.3ms;;0
2026-06-17 11:12:38.075;SR830;SNAP? 1,2;0.14703, -0.13217;0.14703, -0.13217;8.35
2026-06-17 11:12:38.076;TERMINAL;OUTPUT;[2026-06-17 11:12:38.075] SR830                Befehl: SNAP? 1,2       │ Antwort: 0.14703, -0.13217                        │ 8.3ms;;0
2026-06-17 11:12:38.176;SR830;SNAP? 1,2;0.14599, -0.13124;0.14599, -0.13124;8.52
2026-06-17 11:12:38.178;TERMINAL;OUTPUT;[2026-06-17 11:12:38.176] SR830                Befehl: SNAP? 1,2       │ Antwort: 0.14599, -0.13124                        │ 8.5ms;;0
2026-06-17 11:12:38.277;SR830;SNAP? 1,2;0.16464, -0.14802;0.16464, -0.14802;8.14
2026-06-17 11:12:38.279;TERMINAL;OUTPUT;[2026-06-17 11:12:38.277] SR830                Befehl: SNAP? 1,2       │ Antwort: 0.16464, -0.14802                        │ 8.1ms;;0
2026-06-17 11:12:38.376;SR830;SNAP? 1,2;0.16490, -0.14826;0.16490, -0.14826;8.14
2026-06-17 11:12:38.377;TERMINAL;OUTPUT;[2026-06-17 11:12:38.377] SR830                Befehl: SNAP? 1,2       │ Antwort: 0.16490, -0.14826                        │ 8.1ms;;0
2026-06-17 11:12:38.403;TERMINAL;OUTPUT;[EINGANG] 2026-06-17 11:12:37.977 | SR830 | SNAP? 1,2 -> 0.14592, -0.13117 (8.3ms);;0
2026-06-17 11:12:38.405;TERMINAL;OUTPUT;[EINGANG] 2026-06-17 11:12:38.077 | SR830 | SNAP? 1,2 -> 0.14703, -0.13217 (8.3ms);;0
2026-06-17 11:12:38.407;TERMINAL;OUTPUT;[EINGANG] 2026-06-17 11:12:38.178 | SR830 | SNAP? 1,2 -> 0.14599, -0.13124 (8.5ms);;0
2026-06-17 11:12:38.408;TERMINAL;OUTPUT;[EINGANG] 2026-06-17 11:12:38.279 | SR830 | SNAP? 1,2 -> 0.16464, -0.14802 (8.1ms);;0
2026-06-17 11:12:38.410;TERMINAL;OUTPUT;[EINGANG] 2026-06-17 11:12:38.378 | SR830 | SNAP? 1,2 -> 0.16490, -0.14826 (8.1ms);;0
2026-06-17 11:12:38.477;SR830;SNAP? 1,2;0.18766, -0.16875;0.18766, -0.16875;8.53
2026-06-17 11:12:38.478;TERMINAL;OUTPUT;[2026-06-17 11:12:38.477] SR830                Befehl: SNAP? 1,2       │ Antwort: 0.18766, -0.16875                        │ 8.5ms;;0
2026-06-17 11:12:38.577;SR830;SNAP? 1,2;0.29313, -0.26367;0.29313, -0.26367;8.35
2026-06-17 11:12:38.577;TERMINAL;OUTPUT;[2026-06-17 11:12:38.577] SR830                Befehl: SNAP? 1,2       │ Antwort: 0.29313, -0.26367                        │ 8.3ms;;0
2026-06-17 11:12:38.680;SR830;SNAP? 1,2;0.18171, -0.16339;0.18171, -0.16339;8.65
2026-06-17 11:12:38.681;TERMINAL;OUTPUT;[2026-06-17 11:12:38.680] SR830                Befehl: SNAP? 1,2       │ Antwort: 0.18171, -0.16339                        │ 8.7ms;;0
2026-06-17 11:12:38.697;OsTech;GS;0x4000;;12.25
2026-06-17 11:12:38.700;TERMINAL;OUTPUT;[2026-06-17 11:12:38.698] OsTech               Befehl: GS              │ Antwort:                                          │ 12.3ms;;0
2026-06-17 11:12:38.715;OsTech;GT;1410.74;1410.74 °C;12.53
2026-06-17 11:12:38.717;TERMINAL;OUTPUT;[2026-06-17 11:12:38.716] OsTech               Befehl: GT              │ Antwort: 1410.74 °C                               │ 12.5ms;;0
2026-06-17 11:12:38.781;SR830;SNAP? 1,2;0.13919, -0.12512;0.13919, -0.12512;8.40
2026-06-17 11:12:38.782;TERMINAL;OUTPUT;[2026-06-17 11:12:38.781] SR830                Befehl: SNAP? 1,2       │ Antwort: 0.13919, -0.12512                        │ 8.4ms;;0
2026-06-17 11:12:38.881;SR830;SNAP? 1,2;0.14496, -0.13031;0.14496, -0.13031;8.22
2026-06-17 11:12:38.883;TERMINAL;OUTPUT;[2026-06-17 11:12:38.882] SR830                Befehl: SNAP? 1,2       │ Antwort: 0.14496, -0.13031                        │ 8.2ms;;0
2026-06-17 11:12:38.913;TERMINAL;OUTPUT;[EINGANG] 2026-06-17 11:12:38.479 | SR830 | SNAP? 1,2 -> 0.18766, -0.16875 (8.5ms);;0
2026-06-17 11:12:38.915;TERMINAL;OUTPUT;[EINGANG] 2026-06-17 11:12:38.577 | SR830 | SNAP? 1,2 -> 0.29313, -0.26367 (8.3ms);;0
2026-06-17 11:12:38.917;TERMINAL;OUTPUT;[EINGANG] 2026-06-17 11:12:38.682 | SR830 | SNAP? 1,2 -> 0.18171, -0.16339 (8.7ms);;0
2026-06-17 11:12:38.919;TERMINAL;OUTPUT;[EINGANG] 2026-06-17 11:12:38.701 | OsTech | GS ->  (12.3ms);;0
2026-06-17 11:12:38.921;TERMINAL;OUTPUT;[EINGANG] 2026-06-17 11:12:38.717 | OsTech | GT -> 1410.74 °C (12.5ms);;0
2026-06-17 11:12:38.922;TERMINAL;OUTPUT;[EINGANG] 2026-06-17 11:12:38.783 | SR830 | SNAP? 1,2 -> 0.13919, -0.12512 (8.4ms);;0
2026-06-17 11:12:38.924;TERMINAL;OUTPUT;[EINGANG] 2026-06-17 11:12:38.883 | SR830 | SNAP? 1,2 -> 0.14496, -0.13031 (8.2ms);;0
2026-06-17 11:12:38.982;SR830;SNAP? 1,2;0.00150, -0.00120;0.00150, -0.00120;8.15
2026-06-17 11:12:38.983;TERMINAL;OUTPUT;[2026-06-17 11:12:38.982] SR830                Befehl: SNAP? 1,2       │ Antwort: 0.00150, -0.00120                        │ 8.1ms;;0
2026-06-17 11:12:39.083;SR830;SNAP? 1,2;0.33640, -0.30261;0.33640, -0.30261;8.35
2026-06-17 11:12:39.084;TERMINAL;OUTPUT;[2026-06-17 11:12:39.083] SR830                Befehl: SNAP? 1,2       │ Antwort: 0.33640, -0.30261                        │ 8.3ms;;0
2026-06-17 11:12:39.183;SR830;SNAP? 1,2;0.32184, -0.28951;0.32184, -0.28951;8.27
2026-06-17 11:12:39.184;TERMINAL;OUTPUT;[2026-06-17 11:12:39.183] SR830                Befehl: SNAP? 1,2       │ Antwort: 0.32184, -0.28951                        │ 8.3ms;;0
2026-06-17 11:12:39.284;SR830;SNAP? 1,2;0.28524, -0.25657;0.28524, -0.25657;8.14
2026-06-17 11:12:39.284;TERMINAL;OUTPUT;[2026-06-17 11:12:39.284] SR830                Befehl: SNAP? 1,2       │ Antwort: 0.28524, -0.25657                        │ 8.1ms;;0
2026-06-17 11:12:39.385;SR830;SNAP? 1,2;0.27526, -0.24759;0.27526, -0.24759;8.81
2026-06-17 11:12:39.385;TERMINAL;OUTPUT;[2026-06-17 11:12:39.385] SR830                Befehl: SNAP? 1,2       │ Antwort: 0.27526, -0.24759                        │ 8.8ms;;0
2026-06-17 11:12:39.425;TERMINAL;OUTPUT;[EINGANG] 2026-06-17 11:12:38.983 | SR830 | SNAP? 1,2 -> 0.00150, -0.00120 (8.1ms);;0
2026-06-17 11:12:39.427;TERMINAL;OUTPUT;[EINGANG] 2026-06-17 11:12:39.084 | SR830 | SNAP? 1,2 -> 0.33640, -0.30261 (8.3ms);;0
2026-06-17 11:12:39.427;TERMINAL;OUTPUT;[EINGANG] 2026-06-17 11:12:39.184 | SR830 | SNAP? 1,2 -> 0.32184, -0.28951 (8.3ms);;0
2026-06-17 11:12:39.429;TERMINAL;OUTPUT;[EINGANG] 2026-06-17 11:12:39.284 | SR830 | SNAP? 1,2 -> 0.28524, -0.25657 (8.1ms);;0
2026-06-17 11:12:39.430;TERMINAL;OUTPUT;[EINGANG] 2026-06-17 11:12:39.385 | SR830 | SNAP? 1,2 -> 0.27526, -0.24759 (8.8ms);;0
2026-06-17 11:12:39.485;SR830;SNAP? 1,2;0.26514, -0.23848;0.26514, -0.23848;8.28
2026-06-17 11:12:39.485;TERMINAL;OUTPUT;[2026-06-17 11:12:39.485] SR830                Befehl: SNAP? 1,2       │ Antwort: 0.26514, -0.23848                        │ 8.3ms;;0
2026-06-17 11:12:39.585;SR830;SNAP? 1,2;0.26055, -0.23435;0.26055, -0.23435;8.29
2026-06-17 11:12:39.585;TERMINAL;OUTPUT;[2026-06-17 11:12:39.585] SR830                Befehl: SNAP? 1,2       │ Antwort: 0.26055, -0.23435                        │ 8.3ms;;0
2026-06-17 11:12:39.686;SR830;SNAP? 1,2;0.24644, -0.22165;0.24644, -0.22165;8.53
2026-06-17 11:12:39.687;TERMINAL;OUTPUT;[2026-06-17 11:12:39.686] SR830                Befehl: SNAP? 1,2       │ Antwort: 0.24644, -0.22165                        │ 8.5ms;;0
2026-06-17 11:12:39.702;OsTech;GS;0x4405;Interlock OK | Laser Current ON;12.38
2026-06-17 11:12:39.702;TERMINAL;OUTPUT;[2026-06-17 11:12:39.702] OsTech               Befehl: GS              │ Antwort: Interlock OK | Laser Current ON          │ 12.4ms;;0
2026-06-17 11:12:39.720;OsTech;GT;2379.20;2379.20 °C;12.65
2026-06-17 11:12:39.721;TERMINAL;OUTPUT;[2026-06-17 11:12:39.720] OsTech               Befehl: GT              │ Antwort: 2379.20 °C                               │ 12.6ms;;0
2026-06-17 11:12:39.785;SR830;SNAP? 1,2;0.23656, -0.21275;0.23656, -0.21275;8.21
2026-06-17 11:12:39.787;TERMINAL;OUTPUT;[2026-06-17 11:12:39.786] SR830                Befehl: SNAP? 1,2       │ Antwort: 0.23656, -0.21275                        │ 8.2ms;;0
2026-06-17 11:12:39.886;SR830;SNAP? 1,2;0.23475, -0.21112;0.23475, -0.21112;8.54
2026-06-17 11:12:39.887;TERMINAL;OUTPUT;[2026-06-17 11:12:39.887] SR830                Befehl: SNAP? 1,2       │ Antwort: 0.23475, -0.21112                        │ 8.5ms;;0
2026-06-17 11:12:39.933;TERMINAL;OUTPUT;[EINGANG] 2026-06-17 11:12:39.486 | SR830 | SNAP? 1,2 -> 0.26514, -0.23848 (8.3ms);;0
2026-06-17 11:12:39.934;TERMINAL;OUTPUT;[EINGANG] 2026-06-17 11:12:39.586 | SR830 | SNAP? 1,2 -> 0.26055, -0.23435 (8.3ms);;0
2026-06-17 11:12:39.935;TERMINAL;OUTPUT;[EINGANG] 2026-06-17 11:12:39.688 | SR830 | SNAP? 1,2 -> 0.24644, -0.22165 (8.5ms);;0
2026-06-17 11:12:39.935;TERMINAL;OUTPUT;[EINGANG] 2026-06-17 11:12:39.702 | OsTech | GS -> Interlock OK | Laser Current ON (12.4ms);;0
2026-06-17 11:12:39.937;TERMINAL;OUTPUT;[EINGANG] 2026-06-17 11:12:39.721 | OsTech | GT -> 2379.20 °C (12.6ms);;0
2026-06-17 11:12:39.937;TERMINAL;OUTPUT;[EINGANG] 2026-06-17 11:12:39.787 | SR830 | SNAP? 1,2 -> 0.23656, -0.21275 (8.2ms);;0
2026-06-17 11:12:39.938;TERMINAL;OUTPUT;[EINGANG] 2026-06-17 11:12:39.887 | SR830 | SNAP? 1,2 -> 0.23475, -0.21112 (8.5ms);;0
2026-06-17 11:12:39.987;SR830;SNAP? 1,2;0.23475, -0.21112;0.23475, -0.21112;8.21
2026-06-17 11:12:39.989;TERMINAL;OUTPUT;[2026-06-17 11:12:39.988] SR830                Befehl: SNAP? 1,2       │ Antwort: 0.23475, -0.21112                        │ 8.2ms;;0
2026-06-17 11:12:40.089;SR830;SNAP? 1,2;0.23475, -0.21112;0.23475, -0.21112;8.12
2026-06-17 11:12:40.090;TERMINAL;OUTPUT;[2026-06-17 11:12:40.089] SR830                Befehl: SNAP? 1,2       │ Antwort: 0.23475, -0.21112                        │ 8.1ms;;0
2026-06-17 11:12:40.188;SR830;SNAP? 1,2;0.23287, -0.20944;0.23287, -0.20944;8.21
2026-06-17 11:12:40.188;TERMINAL;OUTPUT;[2026-06-17 11:12:40.188] SR830                Befehl: SNAP? 1,2       │ Antwort: 0.23287, -0.20944                        │ 8.2ms;;0
2026-06-17 11:12:40.290;SR830;SNAP? 1,2;0.23475, -0.21112;0.23475, -0.21112;8.54
2026-06-17 11:12:40.290;TERMINAL;OUTPUT;[2026-06-17 11:12:40.290] SR830                Befehl: SNAP? 1,2       │ Antwort: 0.23475, -0.21112                        │ 8.5ms;;0
2026-06-17 11:12:40.390;SR830;SNAP? 1,2;0.23788, -0.21394;0.23788, -0.21394;8.22
2026-06-17 11:12:40.392;TERMINAL;OUTPUT;[2026-06-17 11:12:40.391] SR830                Befehl: SNAP? 1,2       │ Antwort: 0.23788, -0.21394                        │ 8.2ms;;0
2026-06-17 11:12:40.441;TERMINAL;OUTPUT;[EINGANG] 2026-06-17 11:12:39.989 | SR830 | SNAP? 1,2 -> 0.23475, -0.21112 (8.2ms);;0
2026-06-17 11:12:40.441;TERMINAL;OUTPUT;[EINGANG] 2026-06-17 11:12:40.090 | SR830 | SNAP? 1,2 -> 0.23475, -0.21112 (8.1ms);;0
2026-06-17 11:12:40.442;TERMINAL;OUTPUT;[EINGANG] 2026-06-17 11:12:40.188 | SR830 | SNAP? 1,2 -> 0.23287, -0.20944 (8.2ms);;0
2026-06-17 11:12:40.442;TERMINAL;OUTPUT;[EINGANG] 2026-06-17 11:12:40.290 | SR830 | SNAP? 1,2 -> 0.23475, -0.21112 (8.5ms);;0
2026-06-17 11:12:40.444;TERMINAL;OUTPUT;[EINGANG] 2026-06-17 11:12:40.392 | SR830 | SNAP? 1,2 -> 0.23788, -0.21394 (8.2ms);;0
2026-06-17 11:12:40.491;SR830;SNAP? 1,2;0.23818, -0.21421;0.23818, -0.21421;8.39
2026-06-17 11:12:40.493;TERMINAL;OUTPUT;[2026-06-17 11:12:40.492] SR830                Befehl: SNAP? 1,2       │ Antwort: 0.23818, -0.21421                        │ 8.4ms;;0
2026-06-17 11:12:40.592;SR830;SNAP? 1,2;0.24165, -0.21733;0.24165, -0.21733;8.21
2026-06-17 11:12:40.594;TERMINAL;OUTPUT;[2026-06-17 11:12:40.593] SR830                Befehl: SNAP? 1,2       │ Antwort: 0.24165, -0.21733                        │ 8.2ms;;0
2026-06-17 11:12:40.692;SR830;SNAP? 1,2;0.24441, -0.21982;0.24441, -0.21982;8.64
2026-06-17 11:12:40.694;TERMINAL;OUTPUT;[2026-06-17 11:12:40.692] SR830                Befehl: SNAP? 1,2       │ Antwort: 0.24441, -0.21982                        │ 8.6ms;;0
2026-06-17 11:12:40.709;OsTech;GS;0x4405;Interlock OK | Laser Current ON;12.55
2026-06-17 11:12:40.711;TERMINAL;OUTPUT;[2026-06-17 11:12:40.709] OsTech               Befehl: GS              │ Antwort: Interlock OK | Laser Current ON          │ 12.5ms;;0
2026-06-17 11:12:40.724;OsTech;GT;2484.80;2484.80 °C;12.35
2026-06-17 11:12:40.726;TERMINAL;OUTPUT;[2026-06-17 11:12:40.724] OsTech               Befehl: GT              │ Antwort: 2484.80 °C                               │ 12.4ms;;0
2026-06-17 11:12:40.794;SR830;SNAP? 1,2;0.24784, -0.22291;0.24784, -0.22291;8.22
2026-06-17 11:12:40.795;TERMINAL;OUTPUT;[2026-06-17 11:12:40.794] SR830                Befehl: SNAP? 1,2       │ Antwort: 0.24784, -0.22291                        │ 8.2ms;;0
2026-06-17 11:12:40.893;SR830;SNAP? 1,2;0.24714, -0.22228;0.24714, -0.22228;8.49
2026-06-17 11:12:40.895;TERMINAL;OUTPUT;[2026-06-17 11:12:40.893] SR830                Befehl: SNAP? 1,2       │ Antwort: 0.24714, -0.22228                        │ 8.5ms;;0
2026-06-17 11:12:40.947;TERMINAL;OUTPUT;[EINGANG] 2026-06-17 11:12:40.494 | SR830 | SNAP? 1,2 -> 0.23818, -0.21421 (8.4ms);;0
2026-06-17 11:12:40.949;TERMINAL;OUTPUT;[EINGANG] 2026-06-17 11:12:40.594 | SR830 | SNAP? 1,2 -> 0.24165, -0.21733 (8.2ms);;0
2026-06-17 11:12:40.951;TERMINAL;OUTPUT;[EINGANG] 2026-06-17 11:12:40.694 | SR830 | SNAP? 1,2 -> 0.24441, -0.21982 (8.6ms);;0
2026-06-17 11:12:40.951;TERMINAL;OUTPUT;[EINGANG] 2026-06-17 11:12:40.711 | OsTech | GS -> Interlock OK | Laser Current ON (12.5ms);;0
2026-06-17 11:12:40.951;TERMINAL;OUTPUT;[EINGANG] 2026-06-17 11:12:40.726 | OsTech | GT -> 2484.80 °C (12.4ms);;0
2026-06-17 11:12:40.951;TERMINAL;OUTPUT;[EINGANG] 2026-06-17 11:12:40.795 | SR830 | SNAP? 1,2 -> 0.24784, -0.22291 (8.2ms);;0
2026-06-17 11:12:40.951;TERMINAL;OUTPUT;[EINGANG] 2026-06-17 11:12:40.895 | SR830 | SNAP? 1,2 -> 0.24714, -0.22228 (8.5ms);;0
2026-06-17 11:12:40.951;TERMINAL;OUTPUT;;;0
2026-06-17 11:12:40.951;TERMINAL;OUTPUT;================================================================================;;0
2026-06-17 11:12:40.951;TERMINAL;OUTPUT;SHUTDOWN;;0
2026-06-17 11:12:40.951;TERMINAL;OUTPUT;================================================================================;;0
2026-06-17 11:12:40.951;TERMINAL;OUTPUT;✓ Worker beendet;;0
2026-06-17 11:12:40.966;TERMINAL;OUTPUT;✓ Logdatei: logs\2026-06-17\plis_simulation_log.csv;;0
2026-06-17 11:12:40.967;TERMINAL;OUTPUT;================================================================================;;0
