Date,Time,Ms,Category,Tag,State,Message,Value,Info,AdditionalMessage,AdditionalValue,AdditionalInfo,Else
2026-09-15,10:11:43,872,KOM_Test,SR830,T,SR830 Kom Test Start,Ask,Komunkiations Test für SR830 und OSTECH,,,,
2026-09-15,10:11:43,943,KOM_Test,SR830,T,*IDN?,"b'Stanford_Research_Systems,SR830,s/n46328,ver1.07 \r'",Raw,Komunkiations Test für SR830 und OSTECH,,,
2026-09-15,10:11:43,950,KOM_Test,SR830,T,*IDN?,"Stanford_Research_Systems,SR830,s/n46328,ver1.07",Decoded,Komunkiations Test für SR830 und OSTECH,,,
2026-09-15,10:11:46,495,KOM_Test,OSTECH,T,OSTECH Kom Test Start,Ask,Komunkiations Test für SR830 und OSTECH,,,,
2026-09-15,10:11:46,505,KOM_Test,OSTECH,T,OSTECH Kom Test Start,b'GMS8\r',Raw,Komunkiations Test für SR830 und OSTECH,,,
2026-09-15,10:11:46,505,KOM_Test,OSTECH,T,OSTECH Kom Test Start,GMS8,Decoded,Komunkiations Test für SR830 und OSTECH,,,
2026-09-15,10:11:48,547,KOM_Test,SYSTEM,I,status,whileTest gestartet; Geräte-Threads laufen parallel.,status im SYSTEM-Thread,Komunkiations Test für SR830 und OSTECH,,,
2026-09-15,10:11:48,571,KOM_Test,OSTECH,T,LTM,25.0,result im OSTECH-Thread,Komunkiations Test für SR830 und OSTECH,,,
2026-09-15,10:11:48,589,KOM_Test,OSTECH,T,LCA,0.0,result im OSTECH-Thread,Komunkiations Test für SR830 und OSTECH,,,
2026-09-15,10:11:48,608,KOM_Test,OSTECH,T,LVA,0.0,result im OSTECH-Thread,Komunkiations Test für SR830 und OSTECH,,,
2026-09-15,10:11:48,690,KOM_Test,SR830,T,"SNAP 1,2,3,4,10,11","0,0,0,0,0,0",result im SR830-Thread,Komunkiations Test für SR830 und OSTECH,,,
2026-09-15,10:11:48,813,KOM_Test,SR830,T,"SNAP 5,6,7,8,9","-0.00166667,0.005,0.000666667,0.00266667,1000",result im SR830-Thread,Komunkiations Test für SR830 und OSTECH,,,
2026-09-15,10:11:48,839,KOM_Test,SR830,T,PHAS,0,result im SR830-Thread,Komunkiations Test für SR830 und OSTECH,,,
2026-09-15,10:11:48,858,KOM_Test,SR830,T,FREQ,1000,result im SR830-Thread,Komunkiations Test für SR830 und OSTECH,,,
2026-09-15,10:11:48,987,KOM_Test,SR830,T,"SNAP 1,2,3,4,10,11","0,-6.10356e-005,0,-90,0,-6.10356e-005",result im SR830-Thread,Komunkiations Test für SR830 und OSTECH,,,
2026-09-15,10:11:49,113,KOM_Test,SR830,T,"SNAP 5,6,7,8,9","-0.000666667,0.005,0.000666667,0.000666667,1000",result im SR830-Thread,Komunkiations Test für SR830 und OSTECH,,,
2026-09-15,10:11:49,143,KOM_Test,SR830,T,PHAS,0,result im SR830-Thread,Komunkiations Test für SR830 und OSTECH,,,
2026-09-15,10:11:49,162,KOM_Test,SR830,T,FREQ,1000,result im SR830-Thread,Komunkiations Test für SR830 und OSTECH,,,
2026-09-15,10:11:49,269,KOM_Test,SR830,T,"SNAP 1,2,3,4,10,11","0,0,0,45,0,0",result im SR830-Thread,Komunkiations Test für SR830 und OSTECH,,,
2026-09-15,10:11:49,383,KOM_Test,SR830,T,"SNAP 5,6,7,8,9","-0.002,0.00366667,0.001,-0.002,1000",result im SR830-Thread,Komunkiations Test für SR830 und OSTECH,,,
2026-09-15,10:11:49,401,KOM_Test,SR830,T,PHAS,0,result im SR830-Thread,Komunkiations Test für SR830 und OSTECH,,,
2026-09-15,10:11:49,425,KOM_Test,SR830,T,FREQ,1000,result im SR830-Thread,Komunkiations Test für SR830 und OSTECH,,,
2026-09-15,10:11:49,558,KOM_Test,SR830,T,"SNAP 1,2,3,4,10,11","-6.10356e-005,0,0,135,-6.10356e-005,0",result im SR830-Thread,Komunkiations Test für SR830 und OSTECH,,,
2026-09-15,10:11:49,690,KOM_Test,SR830,T,"SNAP 5,6,7,8,9","-0.00333333,0.00633333,0.000666667,-0.001,1000",result im SR830-Thread,Komunkiations Test für SR830 und OSTECH,,,
2026-09-15,10:11:49,712,KOM_Test,SR830,T,PHAS,0,result im SR830-Thread,Komunkiations Test für SR830 und OSTECH,,,
2026-09-15,10:11:49,739,KOM_Test,SR830,T,FREQ,1000,result im SR830-Thread,Komunkiations Test für SR830 und OSTECH,,,
2026-09-15,10:11:49,873,KOM_Test,SR830,T,"SNAP 1,2,3,4,10,11","-6.10356e-005,0,0,180,-6.10356e-005,0",result im SR830-Thread,Komunkiations Test für SR830 und OSTECH,,,
2026-09-15,10:11:50,008,KOM_Test,SR830,T,"SNAP 5,6,7,8,9","-0.000333333,0.00666667,0.00233333,-0.00233333,1000",result im SR830-Thread,Komunkiations Test für SR830 und OSTECH,,,
2026-09-15,10:11:50,032,KOM_Test,SR830,T,PHAS,0,result im SR830-Thread,Komunkiations Test für SR830 und OSTECH,,,
2026-09-15,10:11:50,058,KOM_Test,SR830,T,FREQ,1000,result im SR830-Thread,Komunkiations Test für SR830 und OSTECH,,,
2026-09-15,10:11:50,191,KOM_Test,SR830,T,"SNAP 1,2,3,4,10,11","-6.10356e-005,0,0,135,-6.10356e-005,0",result im SR830-Thread,Komunkiations Test für SR830 und OSTECH,,,
2026-09-15,10:11:50,353,KOM_Test,SR830,T,"SNAP 5,6,7,8,9","-0.000333333,0.00466667,0.000666667,-0.000666667,1000",result im SR830-Thread,Komunkiations Test für SR830 und OSTECH,,,
2026-09-15,10:11:50,379,KOM_Test,SR830,T,PHAS,0,result im SR830-Thread,Komunkiations Test für SR830 und OSTECH,,,
2026-09-15,10:11:50,401,KOM_Test,SR830,T,FREQ,1000,result im SR830-Thread,Komunkiations Test für SR830 und OSTECH,,,
2026-09-15,10:11:50,530,KOM_Test,SR830,T,"SNAP 1,2,3,4,10,11","0,-6.10356e-005,0,-90,0,-6.10356e-005",result im SR830-Thread,Komunkiations Test für SR830 und OSTECH,,,
2026-09-15,10:11:50,632,KOM_Test,OSTECH,E,error,"Befehl 'LTA' fehlgeschlagen: RuntimeError: Expected 5 response bytes, but received 0 bytes.",error im OSTECH-Thread,Komunkiations Test für SR830 und OSTECH,,,
2026-09-15,10:11:50,658,KOM_Test,SR830,T,"SNAP 5,6,7,8,9","-0.000666667,0.00766667,0.000666667,-0.002,1000",result im SR830-Thread,Komunkiations Test für SR830 und OSTECH,,,
2026-09-15,10:11:50,680,KOM_Test,SR830,T,PHAS,0,result im SR830-Thread,Komunkiations Test für SR830 und OSTECH,,,
2026-09-15,10:11:50,708,KOM_Test,SR830,T,FREQ,1000,result im SR830-Thread,Komunkiations Test für SR830 und OSTECH,,,
2026-09-15,10:11:50,828,KOM_Test,SR830,T,"SNAP 1,2,3,4,10,11","0,-6.10356e-005,0,-90,0,-6.10356e-005",result im SR830-Thread,Komunkiations Test für SR830 und OSTECH,,,
2026-09-15,10:11:50,946,KOM_Test,SR830,T,"SNAP 5,6,7,8,9","-0.002,0.005,0.00233333,0.00266667,1000",result im SR830-Thread,Komunkiations Test für SR830 und OSTECH,,,
2026-09-15,10:11:50,960,KOM_Test,SR830,T,PHAS,0,result im SR830-Thread,Komunkiations Test für SR830 und OSTECH,,,
2026-09-15,10:11:50,991,KOM_Test,SR830,T,FREQ,1000,result im SR830-Thread,Komunkiations Test für SR830 und OSTECH,,,
2026-09-15,10:11:51,176,KOM_Test,SR830,T,"SNAP 1,2,3,4,10,11","6.10356e-005,-6.10356e-005,6.10356e-005,-26.562,6.10356e-005,-6.10356e-005",result im SR830-Thread,Komunkiations Test für SR830 und OSTECH,,,
2026-09-15,10:11:51,296,KOM_Test,SR830,T,"SNAP 5,6,7,8,9","-0.00833333,0.00466667,-0.000333333,0.000666667,1000",result im SR830-Thread,Komunkiations Test für SR830 und OSTECH,,,
2026-09-15,10:11:51,316,KOM_Test,SR830,T,PHAS,0,result im SR830-Thread,Komunkiations Test für SR830 und OSTECH,,,
2026-09-15,10:11:51,337,KOM_Test,SR830,T,FREQ,1000,result im SR830-Thread,Komunkiations Test für SR830 und OSTECH,,,
2026-09-15,10:11:51,429,KOM_Test,SR830,T,"SNAP 1,2,3,4,10,11","0,0,0,0,0,0",result im SR830-Thread,Komunkiations Test für SR830 und OSTECH,,,
2026-09-15,10:11:51,556,KOM_Test,SR830,T,"SNAP 5,6,7,8,9","-0.000666667,0.00466667,-0.000666667,-0.00233333,1000",result im SR830-Thread,Komunkiations Test für SR830 und OSTECH,,,
2026-09-15,10:11:51,581,KOM_Test,SR830,T,PHAS,0,result im SR830-Thread,Komunkiations Test für SR830 und OSTECH,,,
2026-09-15,10:11:51,597,KOM_Test,SR830,T,FREQ,1000,result im SR830-Thread,Komunkiations Test für SR830 und OSTECH,,,
2026-09-15,10:11:51,782,KOM_Test,SR830,T,"SNAP 1,2,3,4,10,11","-0.000122071,-6.10356e-005,6.10356e-005,-161.568,-0.000122071,-6.10356e-005",result im SR830-Thread,Komunkiations Test für SR830 und OSTECH,,,
2026-09-15,10:11:51,905,KOM_Test,SR830,T,"SNAP 5,6,7,8,9","-0.002,0.00366667,-0.000333333,-0.000666667,1000",result im SR830-Thread,Komunkiations Test für SR830 und OSTECH,,,
2026-09-15,10:11:51,919,KOM_Test,SR830,T,PHAS,0,result im SR830-Thread,Komunkiations Test für SR830 und OSTECH,,,
2026-09-15,10:11:51,940,KOM_Test,SR830,T,FREQ,1000,result im SR830-Thread,Komunkiations Test für SR830 und OSTECH,,,
2026-09-15,10:11:52,065,KOM_Test,SR830,T,"SNAP 1,2,3,4,10,11","0,-6.10356e-005,0,-90,0,-6.10356e-005",result im SR830-Thread,Komunkiations Test für SR830 und OSTECH,,,
2026-09-15,10:11:52,197,KOM_Test,SR830,T,"SNAP 5,6,7,8,9","-0.000666667,0.00466667,-0.000333333,0.000666667,1000",result im SR830-Thread,Komunkiations Test für SR830 und OSTECH,,,
2026-09-15,10:11:52,219,KOM_Test,SR830,T,PHAS,0,result im SR830-Thread,Komunkiations Test für SR830 und OSTECH,,,
2026-09-15,10:11:52,252,KOM_Test,SR830,T,FREQ,1000,result im SR830-Thread,Komunkiations Test für SR830 und OSTECH,,,
2026-09-15,10:11:52,345,KOM_Test,SR830,T,"SNAP 1,2,3,4,10,11","0,0,0,0,0,0",result im SR830-Thread,Komunkiations Test für SR830 und OSTECH,,,
2026-09-15,10:11:52,461,KOM_Test,SR830,T,"SNAP 5,6,7,8,9","-0.002,0.00666667,-0.000666667,-0.000666667,1000",result im SR830-Thread,Komunkiations Test für SR830 und OSTECH,,,
2026-09-15,10:11:52,484,KOM_Test,SR830,T,PHAS,0,result im SR830-Thread,Komunkiations Test für SR830 und OSTECH,,,
2026-09-15,10:11:52,503,KOM_Test,SR830,T,FREQ,1000,result im SR830-Thread,Komunkiations Test für SR830 und OSTECH,,,
2026-09-15,10:11:52,644,KOM_Test,SR830,T,"SNAP 1,2,3,4,10,11","-0.000122071,0,6.10356e-005,180,-0.000122071,0",result im SR830-Thread,Komunkiations Test für SR830 und OSTECH,,,
2026-09-15,10:11:52,768,KOM_Test,SR830,T,"SNAP 5,6,7,8,9","-0.00633333,0.003,0.000666667,-0.000666667,1000",result im SR830-Thread,Komunkiations Test für SR830 und OSTECH,,,
2026-09-15,10:11:52,790,KOM_Test,SR830,T,PHAS,0,result im SR830-Thread,Komunkiations Test für SR830 und OSTECH,,,
2026-09-15,10:11:52,823,KOM_Test,SR830,T,FREQ,1000,result im SR830-Thread,Komunkiations Test für SR830 und OSTECH,,,
2026-09-15,10:11:52,914,KOM_Test,SR830,T,"SNAP 1,2,3,4,10,11","0,0,0,0,0,0",result im SR830-Thread,Komunkiations Test für SR830 und OSTECH,,,
2026-09-15,10:11:53,027,KOM_Test,SR830,T,"SNAP 5,6,7,8,9","0.003,0.00633333,0.00433333,0.000666667,1000",result im SR830-Thread,Komunkiations Test für SR830 und OSTECH,,,
2026-09-15,10:11:53,052,KOM_Test,SR830,T,PHAS,0,result im SR830-Thread,Komunkiations Test für SR830 und OSTECH,,,
2026-09-15,10:11:53,074,KOM_Test,SR830,T,FREQ,1000,result im SR830-Thread,Komunkiations Test für SR830 und OSTECH,,,
2026-09-15,10:11:53,176,KOM_Test,SR830,T,"SNAP 1,2,3,4,10,11","0,0,0,0,0,0",result im SR830-Thread,Komunkiations Test für SR830 und OSTECH,,,
2026-09-15,10:11:53,291,KOM_Test,SR830,T,"SNAP 5,6,7,8,9","-0.00166667,0.003,0.001,-0.000666667,1000",result im SR830-Thread,Komunkiations Test für SR830 und OSTECH,,,
2026-09-15,10:11:53,311,KOM_Test,SR830,T,PHAS,0,result im SR830-Thread,Komunkiations Test für SR830 und OSTECH,,,
2026-09-15,10:11:53,337,KOM_Test,SR830,T,FREQ,1000,result im SR830-Thread,Komunkiations Test für SR830 und OSTECH,,,
2026-09-15,10:11:53,471,KOM_Test,SR830,T,"SNAP 1,2,3,4,10,11","0,-6.10356e-005,0,-45,0,-6.10356e-005",result im SR830-Thread,Komunkiations Test für SR830 und OSTECH,,,
2026-09-15,10:11:53,607,KOM_Test,SR830,T,"SNAP 5,6,7,8,9","-0.000666667,0.00466667,0.000666667,0.000666667,1000",result im SR830-Thread,Komunkiations Test für SR830 und OSTECH,,,
2026-09-15,10:11:53,633,KOM_Test,SR830,T,PHAS,0,result im SR830-Thread,Komunkiations Test für SR830 und OSTECH,,,
2026-09-15,10:11:53,657,KOM_Test,SR830,T,FREQ,1000,result im SR830-Thread,Komunkiations Test für SR830 und OSTECH,,,
2026-09-15,10:11:53,803,KOM_Test,SR830,T,"SNAP 1,2,3,4,10,11","-0.000122071,0,6.10356e-005,180,-0.000122071,0",result im SR830-Thread,Komunkiations Test für SR830 und OSTECH,,,
2026-09-15,10:11:53,924,KOM_Test,SR830,T,"SNAP 5,6,7,8,9","-0.000666667,0.00666667,-0.002,-0.000666667,1000",result im SR830-Thread,Komunkiations Test für SR830 und OSTECH,,,
2026-09-15,10:11:53,948,KOM_Test,SR830,T,PHAS,0,result im SR830-Thread,Komunkiations Test für SR830 und OSTECH,,,
2026-09-15,10:11:53,966,KOM_Test,SR830,T,FREQ,1000,result im SR830-Thread,Komunkiations Test für SR830 und OSTECH,,,
2026-09-15,10:11:54,062,KOM_Test,SR830,T,"SNAP 1,2,3,4,10,11","0,0,0,0,0,0",result im SR830-Thread,Komunkiations Test für SR830 und OSTECH,,,
2026-09-15,10:11:54,177,KOM_Test,SR830,T,"SNAP 5,6,7,8,9","-0.000666667,0.005,0.001,0.000666667,1000",result im SR830-Thread,Komunkiations Test für SR830 und OSTECH,,,
2026-09-15,10:11:54,193,KOM_Test,SR830,T,PHAS,0,result im SR830-Thread,Komunkiations Test für SR830 und OSTECH,,,
2026-09-15,10:11:54,224,KOM_Test,SR830,T,FREQ,1000,result im SR830-Thread,Komunkiations Test für SR830 und OSTECH,,,
2026-09-15,10:11:54,399,KOM_Test,SR830,T,"SNAP 1,2,3,4,10,11","-6.10356e-005,-6.10356e-005,0,-135,-6.10356e-005,-6.10356e-005",result im SR830-Thread,Komunkiations Test für SR830 und OSTECH,,,
2026-09-15,10:11:54,528,KOM_Test,SR830,T,"SNAP 5,6,7,8,9","-0.000666667,0.005,0.000666667,0.000666667,1000",result im SR830-Thread,Komunkiations Test für SR830 und OSTECH,,,
2026-09-15,10:11:54,548,KOM_Test,SR830,T,PHAS,0,result im SR830-Thread,Komunkiations Test für SR830 und OSTECH,,,
2026-09-15,10:11:54,571,KOM_Test,SR830,T,FREQ,1000,result im SR830-Thread,Komunkiations Test für SR830 und OSTECH,,,
2026-09-15,10:11:54,695,KOM_Test,SR830,T,"SNAP 1,2,3,4,10,11","0,-6.10356e-005,0,-90,0,-6.10356e-005",result im SR830-Thread,Komunkiations Test für SR830 und OSTECH,,,
2026-09-15,10:11:54,828,KOM_Test,SR830,T,"SNAP 5,6,7,8,9","-0.00166667,0.003,-0.000666667,-0.000666667,1000",result im SR830-Thread,Komunkiations Test für SR830 und OSTECH,,,
2026-09-15,10:11:54,849,KOM_Test,SR830,T,PHAS,0,result im SR830-Thread,Komunkiations Test für SR830 und OSTECH,,,
2026-09-15,10:11:54,870,KOM_Test,SR830,T,FREQ,1000,result im SR830-Thread,Komunkiations Test für SR830 und OSTECH,,,
2026-09-15,10:11:54,975,KOM_Test,SR830,T,"SNAP 1,2,3,4,10,11","0,0,0,0,0,0",result im SR830-Thread,Komunkiations Test für SR830 und OSTECH,,,
2026-09-15,10:11:55,105,KOM_Test,SR830,T,"SNAP 5,6,7,8,9","-0.00366667,0.00366667,0.00366667,-0.000666667,1000",result im SR830-Thread,Komunkiations Test für SR830 und OSTECH,,,
2026-09-15,10:11:55,129,KOM_Test,SR830,T,PHAS,0,result im SR830-Thread,Komunkiations Test für SR830 und OSTECH,,,
2026-09-15,10:11:55,158,KOM_Test,SR830,T,FREQ,1000,result im SR830-Thread,Komunkiations Test für SR830 und OSTECH,,,
2026-09-15,10:11:55,247,KOM_Test,SR830,T,"SNAP 1,2,3,4,10,11","0,0,0,0,0,0",result im SR830-Thread,Komunkiations Test für SR830 und OSTECH,,,
2026-09-15,10:11:55,368,KOM_Test,SR830,T,"SNAP 5,6,7,8,9","-0.00166667,0.00666667,0.000666667,-0.001,1000",result im SR830-Thread,Komunkiations Test für SR830 und OSTECH,,,
2026-09-15,10:11:55,396,KOM_Test,SR830,T,PHAS,0,result im SR830-Thread,Komunkiations Test für SR830 und OSTECH,,,
2026-09-15,10:11:55,424,KOM_Test,SR830,T,FREQ,1000,result im SR830-Thread,Komunkiations Test für SR830 und OSTECH,,,
2026-09-15,10:11:55,514,KOM_Test,SR830,T,"SNAP 1,2,3,4,10,11","0,0,0,90,0,0",result im SR830-Thread,Komunkiations Test für SR830 und OSTECH,,,
2026-09-15,10:11:55,641,KOM_Test,SR830,T,"SNAP 5,6,7,8,9","-0.000333333,0.003,-0.002,0.000666667,1000",result im SR830-Thread,Komunkiations Test für SR830 und OSTECH,,,
2026-09-15,10:11:55,665,KOM_Test,SR830,T,PHAS,0,result im SR830-Thread,Komunkiations Test für SR830 und OSTECH,,,
2026-09-15,10:11:55,692,KOM_Test,SR830,T,FREQ,1000,result im SR830-Thread,Komunkiations Test für SR830 und OSTECH,,,
2026-09-15,10:11:55,796,KOM_Test,SR830,T,"SNAP 1,2,3,4,10,11","0,0,0,0,0,0",result im SR830-Thread,Komunkiations Test für SR830 und OSTECH,,,
2026-09-15,10:11:55,919,KOM_Test,SR830,T,"SNAP 5,6,7,8,9","-0.00166667,0.005,0.000666667,-0.001,1000",result im SR830-Thread,Komunkiations Test für SR830 und OSTECH,,,
2026-09-15,10:11:55,933,KOM_Test,SR830,T,PHAS,0,result im SR830-Thread,Komunkiations Test für SR830 und OSTECH,,,
2026-09-15,10:11:55,953,KOM_Test,SR830,T,FREQ,1000,result im SR830-Thread,Komunkiations Test für SR830 und OSTECH,,,
2026-09-15,10:11:56,084,KOM_Test,SR830,T,"SNAP 1,2,3,4,10,11","0,-6.10356e-005,0,-90,0,-6.10356e-005",result im SR830-Thread,Komunkiations Test für SR830 und OSTECH,,,
2026-09-15,10:11:56,214,KOM_Test,SR830,T,"SNAP 5,6,7,8,9","-0.00166667,0.00366667,0.000666667,0.000666667,1000",result im SR830-Thread,Komunkiations Test für SR830 und OSTECH,,,
2026-09-15,10:11:56,217,KOM_Test,SR830,T,PHAS,0,result im SR830-Thread,Komunkiations Test für SR830 und OSTECH,,,
2026-09-15,10:11:56,245,KOM_Test,SR830,T,FREQ,1000,result im SR830-Thread,Komunkiations Test für SR830 und OSTECH,,,
2026-09-15,10:11:56,346,KOM_Test,SR830,T,"SNAP 1,2,3,4,10,11","0,0,0,90,0,0",result im SR830-Thread,Komunkiations Test für SR830 und OSTECH,,,
2026-09-15,10:11:56,469,KOM_Test,SR830,T,"SNAP 5,6,7,8,9","-0.00166667,0.00633333,-0.002,0.000666667,1000",result im SR830-Thread,Komunkiations Test für SR830 und OSTECH,,,
2026-09-15,10:11:56,486,KOM_Test,SR830,T,PHAS,0,result im SR830-Thread,Komunkiations Test für SR830 und OSTECH,,,
2026-09-15,10:11:56,511,KOM_Test,SR830,T,FREQ,1000,result im SR830-Thread,Komunkiations Test für SR830 und OSTECH,,,
2026-09-15,10:11:56,642,KOM_Test,SR830,T,"SNAP 1,2,3,4,10,11","0,-6.10356e-005,0,-45,0,-6.10356e-005",result im SR830-Thread,Komunkiations Test für SR830 und OSTECH,,,
2026-09-15,10:11:56,775,KOM_Test,SR830,T,"SNAP 5,6,7,8,9","-0.00366667,0.00466667,-0.000666667,0.00266667,1000",result im SR830-Thread,Komunkiations Test für SR830 und OSTECH,,,
2026-09-15,10:11:56,792,KOM_Test,SR830,T,PHAS,0,result im SR830-Thread,Komunkiations Test für SR830 und OSTECH,,,
2026-09-15,10:11:56,825,KOM_Test,SR830,T,FREQ,1000,result im SR830-Thread,Komunkiations Test für SR830 und OSTECH,,,
2026-09-15,10:11:57,023,KOM_Test,SR830,T,"SNAP 1,2,3,4,10,11","-6.10356e-005,-0.000122071,6.10356e-005,-116.562,-6.10356e-005,-0.000122071",result im SR830-Thread,Komunkiations Test für SR830 und OSTECH,,,
2026-09-15,10:11:57,154,KOM_Test,SR830,T,"SNAP 5,6,7,8,9","-0.00333333,0.00366667,-0.000666667,0.000666667,1000",result im SR830-Thread,Komunkiations Test für SR830 und OSTECH,,,
2026-09-15,10:11:57,178,KOM_Test,SR830,T,PHAS,0,result im SR830-Thread,Komunkiations Test für SR830 und OSTECH,,,
2026-09-15,10:11:57,203,KOM_Test,SR830,T,FREQ,1000,result im SR830-Thread,Komunkiations Test für SR830 und OSTECH,,,
2026-09-15,10:11:57,297,KOM_Test,SR830,T,"SNAP 1,2,3,4,10,11","0,0,0,0,0,0",result im SR830-Thread,Komunkiations Test für SR830 und OSTECH,,,
2026-09-15,10:11:57,413,KOM_Test,SR830,T,"SNAP 5,6,7,8,9","0.001,0.00766667,0.001,-0.000666667,1000",result im SR830-Thread,Komunkiations Test für SR830 und OSTECH,,,
2026-09-15,10:11:57,434,KOM_Test,SR830,T,PHAS,0,result im SR830-Thread,Komunkiations Test für SR830 und OSTECH,,,
2026-09-15,10:11:57,452,KOM_Test,SR830,T,FREQ,1000,result im SR830-Thread,Komunkiations Test für SR830 und OSTECH,,,
2026-09-15,10:11:57,550,KOM_Test,SR830,T,"SNAP 1,2,3,4,10,11","0,0,0,0,0,0",result im SR830-Thread,Komunkiations Test für SR830 und OSTECH,,,
2026-09-15,10:11:57,675,KOM_Test,SR830,T,"SNAP 5,6,7,8,9","-0.00166667,0.00633333,0.000666667,0.00533333,1000",result im SR830-Thread,Komunkiations Test für SR830 und OSTECH,,,
2026-09-15,10:11:57,702,KOM_Test,SR830,T,PHAS,0,result im SR830-Thread,Komunkiations Test für SR830 und OSTECH,,,
2026-09-15,10:11:57,723,KOM_Test,SR830,T,FREQ,1000,result im SR830-Thread,Komunkiations Test für SR830 und OSTECH,,,
2026-09-15,10:11:57,842,KOM_Test,SR830,T,"SNAP 1,2,3,4,10,11","0,-6.10356e-005,0,-90,0,-6.10356e-005",result im SR830-Thread,Komunkiations Test für SR830 und OSTECH,,,
2026-09-15,10:11:57,959,KOM_Test,SR830,T,"SNAP 5,6,7,8,9","-0.000666667,0.003,-0.000333333,0.000666667,1000",result im SR830-Thread,Komunkiations Test für SR830 und OSTECH,,,
2026-09-15,10:11:57,973,KOM_Test,SR830,T,PHAS,0,result im SR830-Thread,Komunkiations Test für SR830 und OSTECH,,,
2026-09-15,10:11:58,006,KOM_Test,SR830,T,FREQ,1000,result im SR830-Thread,Komunkiations Test für SR830 und OSTECH,,,
2026-09-15,10:11:58,178,KOM_Test,SR830,T,"SNAP 1,2,3,4,10,11","-6.10356e-005,-6.10356e-005,0,-135,-6.10356e-005,-6.10356e-005",result im SR830-Thread,Komunkiations Test für SR830 und OSTECH,,,
2026-09-15,10:11:58,295,KOM_Test,SR830,T,"SNAP 5,6,7,8,9","-0.00466667,0.003,-0.000666667,-0.002,1000",result im SR830-Thread,Komunkiations Test für SR830 und OSTECH,,,
2026-09-15,10:11:58,312,KOM_Test,SR830,T,PHAS,0,result im SR830-Thread,Komunkiations Test für SR830 und OSTECH,,,
2026-09-15,10:11:58,339,KOM_Test,SR830,T,FREQ,1000,result im SR830-Thread,Komunkiations Test für SR830 und OSTECH,,,
2026-09-15,10:11:58,433,KOM_Test,SR830,T,"SNAP 1,2,3,4,10,11","0,0,0,0,0,0",result im SR830-Thread,Komunkiations Test für SR830 und OSTECH,,,
2026-09-15,10:11:58,542,KOM_Test,SR830,T,"SNAP 5,6,7,8,9","0.001,0.00633333,-0.00233333,-0.001,1000",result im SR830-Thread,Komunkiations Test für SR830 und OSTECH,,,
2026-09-15,10:11:58,567,KOM_Test,SR830,T,PHAS,0,result im SR830-Thread,Komunkiations Test für SR830 und OSTECH,,,
2026-09-15,10:11:58,592,KOM_Test,SR830,T,FREQ,1000,result im SR830-Thread,Komunkiations Test für SR830 und OSTECH,,,
2026-09-15,10:11:58,681,KOM_Test,SR830,T,"SNAP 1,2,3,4,10,11","0,0,0,0,0,0",result im SR830-Thread,Komunkiations Test für SR830 und OSTECH,,,
2026-09-15,10:11:58,799,KOM_Test,SR830,T,"SNAP 5,6,7,8,9","-0.00166667,0.005,0.000666667,-0.000666667,1000",result im SR830-Thread,Komunkiations Test für SR830 und OSTECH,,,
2026-09-15,10:11:58,829,KOM_Test,SR830,T,PHAS,0,result im SR830-Thread,Komunkiations Test für SR830 und OSTECH,,,
2026-09-15,10:11:58,861,KOM_Test,SR830,T,FREQ,1000,result im SR830-Thread,Komunkiations Test für SR830 und OSTECH,,,
2026-09-15,10:11:59,011,KOM_Test,SR830,T,"SNAP 1,2,3,4,10,11","0,-0.000122071,6.10356e-005,-90,0,-0.000122071",result im SR830-Thread,Komunkiations Test für SR830 und OSTECH,,,
2026-09-15,10:11:59,135,KOM_Test,SR830,T,"SNAP 5,6,7,8,9","-0.002,0.00666667,-0.000666667,0.000666667,1000",result im SR830-Thread,Komunkiations Test für SR830 und OSTECH,,,
2026-09-15,10:11:59,155,KOM_Test,SR830,T,PHAS,0,result im SR830-Thread,Komunkiations Test für SR830 und OSTECH,,,
2026-09-15,10:11:59,178,KOM_Test,SR830,T,FREQ,1000,result im SR830-Thread,Komunkiations Test für SR830 und OSTECH,,,
2026-09-15,10:11:59,277,KOM_Test,SR830,T,"SNAP 1,2,3,4,10,11","0,0,0,0,0,0",result im SR830-Thread,Komunkiations Test für SR830 und OSTECH,,,
2026-09-15,10:11:59,399,KOM_Test,SR830,T,"SNAP 5,6,7,8,9","-0.00166667,0.00633333,-0.002,-0.001,1000",result im SR830-Thread,Komunkiations Test für SR830 und OSTECH,,,
2026-09-15,10:11:59,421,KOM_Test,SR830,T,PHAS,0,result im SR830-Thread,Komunkiations Test für SR830 und OSTECH,,,
2026-09-15,10:11:59,448,KOM_Test,SR830,T,FREQ,1000,result im SR830-Thread,Komunkiations Test für SR830 und OSTECH,,,
2026-09-15,10:11:59,588,KOM_Test,SR830,T,"SNAP 1,2,3,4,10,11","-6.10356e-005,0,0,135,-6.10356e-005,0",result im SR830-Thread,Komunkiations Test für SR830 und OSTECH,,,
2026-09-15,10:11:59,706,KOM_Test,SR830,T,"SNAP 5,6,7,8,9","-0.002,0.00466667,0.000666667,0.000666667,1000",result im SR830-Thread,Komunkiations Test für SR830 und OSTECH,,,
2026-09-15,10:11:59,736,KOM_Test,SR830,T,PHAS,0,result im SR830-Thread,Komunkiations Test für SR830 und OSTECH,,,
2026-09-15,10:11:59,753,KOM_Test,SR830,T,FREQ,1000,result im SR830-Thread,Komunkiations Test für SR830 und OSTECH,,,
2026-09-15,10:11:59,947,KOM_Test,SR830,T,"SNAP 1,2,3,4,10,11","-0.000122071,-6.10356e-005,6.10356e-005,-161.568,-0.000122071,-6.10356e-005",result im SR830-Thread,Komunkiations Test für SR830 und OSTECH,,,
2026-09-15,10:12:00,070,KOM_Test,SR830,T,"SNAP 5,6,7,8,9","-0.00366667,0.00466667,-0.000666667,-0.001,1000",result im SR830-Thread,Komunkiations Test für SR830 und OSTECH,,,
2026-09-15,10:12:00,094,KOM_Test,SR830,T,PHAS,0,result im SR830-Thread,Komunkiations Test für SR830 und OSTECH,,,
2026-09-15,10:12:00,120,KOM_Test,SR830,T,FREQ,1000,result im SR830-Thread,Komunkiations Test für SR830 und OSTECH,,,
2026-09-15,10:12:00,243,KOM_Test,SR830,T,"SNAP 1,2,3,4,10,11","-6.10356e-005,0,0,180,-6.10356e-005,0",result im SR830-Thread,Komunkiations Test für SR830 und OSTECH,,,
2026-09-15,10:12:00,365,KOM_Test,SR830,T,"SNAP 5,6,7,8,9","-0.00166667,0.00633333,-0.000333333,-0.001,1000",result im SR830-Thread,Komunkiations Test für SR830 und OSTECH,,,
2026-09-15,10:12:00,381,KOM_Test,SR830,T,PHAS,0,result im SR830-Thread,Komunkiations Test für SR830 und OSTECH,,,
2026-09-15,10:12:00,404,KOM_Test,SR830,T,FREQ,1000,result im SR830-Thread,Komunkiations Test für SR830 und OSTECH,,,
2026-09-15,10:12:00,503,KOM_Test,SR830,T,"SNAP 1,2,3,4,10,11","0,0,0,90,0,0",result im SR830-Thread,Komunkiations Test für SR830 und OSTECH,,,
2026-09-15,10:12:00,634,KOM_Test,SR830,T,"SNAP 5,6,7,8,9","-0.00366667,0.00633333,-0.00233333,-0.000666667,1000",result im SR830-Thread,Komunkiations Test für SR830 und OSTECH,,,
2026-09-15,10:12:00,660,KOM_Test,SR830,T,PHAS,0,result im SR830-Thread,Komunkiations Test für SR830 und OSTECH,,,
2026-09-15,10:12:00,693,KOM_Test,SR830,T,FREQ,1000,result im SR830-Thread,Komunkiations Test für SR830 und OSTECH,,,
2026-09-15,10:12:00,840,KOM_Test,SR830,T,"SNAP 1,2,3,4,10,11","0,-0.000122071,6.10356e-005,-90,0,-0.000122071",result im SR830-Thread,Komunkiations Test für SR830 und OSTECH,,,
2026-09-15,10:12:00,976,KOM_Test,SR830,T,"SNAP 5,6,7,8,9","-0.00666667,0.00466667,-0.00233333,0.000666667,1000",result im SR830-Thread,Komunkiations Test für SR830 und OSTECH,,,
2026-09-15,10:12:01,004,KOM_Test,SR830,T,PHAS,0,result im SR830-Thread,Komunkiations Test für SR830 und OSTECH,,,
2026-09-15,10:12:01,025,KOM_Test,SR830,T,FREQ,1000,result im SR830-Thread,Komunkiations Test für SR830 und OSTECH,,,
2026-09-15,10:12:01,157,KOM_Test,SR830,T,"SNAP 1,2,3,4,10,11","-6.10356e-005,0,0,135,-6.10356e-005,0",result im SR830-Thread,Komunkiations Test für SR830 und OSTECH,,,
2026-09-15,10:12:01,275,KOM_Test,SR830,T,"SNAP 5,6,7,8,9","-0.000333333,0.003,0.00233333,0.000666667,1000",result im SR830-Thread,Komunkiations Test für SR830 und OSTECH,,,
2026-09-15,10:12:01,302,KOM_Test,SR830,T,PHAS,0,result im SR830-Thread,Komunkiations Test für SR830 und OSTECH,,,
2026-09-15,10:12:01,327,KOM_Test,SR830,T,FREQ,1000,result im SR830-Thread,Komunkiations Test für SR830 und OSTECH,,,
2026-09-15,10:12:01,461,KOM_Test,SR830,T,"SNAP 1,2,3,4,10,11","-6.10356e-005,0,0,135,-6.10356e-005,0",result im SR830-Thread,Komunkiations Test für SR830 und OSTECH,,,
2026-09-15,10:12:01,587,KOM_Test,SR830,T,"SNAP 5,6,7,8,9","-0.002,0.00466667,-0.00233333,-0.000666667,1000",result im SR830-Thread,Komunkiations Test für SR830 und OSTECH,,,
2026-09-15,10:12:01,617,KOM_Test,SR830,T,PHAS,0,result im SR830-Thread,Komunkiations Test für SR830 und OSTECH,,,
2026-09-15,10:12:01,638,KOM_Test,SR830,T,FREQ,1000,result im SR830-Thread,Komunkiations Test für SR830 und OSTECH,,,
2026-09-15,10:12:01,774,KOM_Test,SR830,T,"SNAP 1,2,3,4,10,11","0,6.10356e-005,6.10356e-005,90,0,6.10356e-005",result im SR830-Thread,Komunkiations Test für SR830 und OSTECH,,,
2026-09-15,10:12:01,911,KOM_Test,SR830,T,"SNAP 5,6,7,8,9","-0.00166667,0.00633333,-0.000333333,-0.00233333,1000",result im SR830-Thread,Komunkiations Test für SR830 und OSTECH,,,
2026-09-15,10:12:01,937,KOM_Test,SR830,T,PHAS,0,result im SR830-Thread,Komunkiations Test für SR830 und OSTECH,,,
2026-09-15,10:12:01,957,KOM_Test,SR830,T,FREQ,1000,result im SR830-Thread,Komunkiations Test für SR830 und OSTECH,,,
2026-09-15,10:12:02,062,KOM_Test,SR830,T,"SNAP 1,2,3,4,10,11","0,0,0,0,0,0",result im SR830-Thread,Komunkiations Test für SR830 und OSTECH,,,
2026-09-15,10:12:02,177,KOM_Test,SR830,T,"SNAP 5,6,7,8,9","-0.000333333,0.005,-0.000333333,-0.001,1000",result im SR830-Thread,Komunkiations Test für SR830 und OSTECH,,,
2026-09-15,10:12:02,189,KOM_Test,SR830,T,PHAS,0,result im SR830-Thread,Komunkiations Test für SR830 und OSTECH,,,
2026-09-15,10:12:02,220,KOM_Test,SR830,T,FREQ,1000,result im SR830-Thread,Komunkiations Test für SR830 und OSTECH,,,
2026-09-15,10:12:02,358,KOM_Test,SR830,T,"SNAP 1,2,3,4,10,11","0,-6.10356e-005,0,-90,0,-6.10356e-005",result im SR830-Thread,Komunkiations Test für SR830 und OSTECH,,,
2026-09-15,10:12:02,494,KOM_Test,SR830,T,"SNAP 5,6,7,8,9","-0.000666667,0.00666667,0.000666667,-0.00566667,1000",result im SR830-Thread,Komunkiations Test für SR830 und OSTECH,,,
2026-09-15,10:12:02,521,KOM_Test,SR830,T,PHAS,0,result im SR830-Thread,Komunkiations Test für SR830 und OSTECH,,,
2026-09-15,10:12:02,545,KOM_Test,SR830,T,FREQ,1000,result im SR830-Thread,Komunkiations Test für SR830 und OSTECH,,,
2026-09-15,10:12:02,656,KOM_Test,SR830,T,"SNAP 1,2,3,4,10,11","0,0,0,45,0,0",result im SR830-Thread,Komunkiations Test für SR830 und OSTECH,,,
2026-09-15,10:12:02,777,KOM_Test,SR830,T,"SNAP 5,6,7,8,9","-0.000666667,0.00633333,0.00233333,-0.001,1000",result im SR830-Thread,Komunkiations Test für SR830 und OSTECH,,,
2026-09-15,10:12:02,802,KOM_Test,SR830,T,PHAS,0,result im SR830-Thread,Komunkiations Test für SR830 und OSTECH,,,
2026-09-15,10:12:02,823,KOM_Test,SR830,T,FREQ,1000,result im SR830-Thread,Komunkiations Test für SR830 und OSTECH,,,
2026-09-15,10:12:02,958,KOM_Test,SR830,T,"SNAP 1,2,3,4,10,11","0,-6.10356e-005,0,-90,0,-6.10356e-005",result im SR830-Thread,Komunkiations Test für SR830 und OSTECH,,,
2026-09-15,10:12:03,090,KOM_Test,SR830,T,"SNAP 5,6,7,8,9","-0.00333333,0.00466667,0.000666667,0.001,1000",result im SR830-Thread,Komunkiations Test für SR830 und OSTECH,,,
2026-09-15,10:12:03,114,KOM_Test,SR830,T,PHAS,0,result im SR830-Thread,Komunkiations Test für SR830 und OSTECH,,,
2026-09-15,10:12:03,140,KOM_Test,SR830,T,FREQ,1000,result im SR830-Thread,Komunkiations Test für SR830 und OSTECH,,,
2026-09-15,10:12:03,277,KOM_Test,SR830,T,"SNAP 1,2,3,4,10,11","6.10356e-005,0,6.10356e-005,0,6.10356e-005,0",result im SR830-Thread,Komunkiations Test für SR830 und OSTECH,,,
2026-09-15,10:12:03,408,KOM_Test,SR830,T,"SNAP 5,6,7,8,9","0.00133333,0.00666667,0.00233333,-0.001,1000",result im SR830-Thread,Komunkiations Test für SR830 und OSTECH,,,
2026-09-15,10:12:03,434,KOM_Test,SR830,T,PHAS,0,result im SR830-Thread,Komunkiations Test für SR830 und OSTECH,,,
2026-09-15,10:12:03,459,KOM_Test,SR830,T,FREQ,1000,result im SR830-Thread,Komunkiations Test für SR830 und OSTECH,,,
2026-09-15,10:12:03,595,KOM_Test,SR830,T,"SNAP 1,2,3,4,10,11","6.10356e-005,0,6.10356e-005,0,6.10356e-005,0",result im SR830-Thread,Komunkiations Test für SR830 und OSTECH,,,
2026-09-15,10:12:03,728,KOM_Test,SR830,T,"SNAP 5,6,7,8,9","-0.00166667,0.00633333,-0.000333333,0.000666667,1000",result im SR830-Thread,Komunkiations Test für SR830 und OSTECH,,,
2026-09-15,10:12:03,750,KOM_Test,SR830,T,PHAS,0,result im SR830-Thread,Komunkiations Test für SR830 und OSTECH,,,
2026-09-15,10:12:03,770,KOM_Test,SR830,T,FREQ,1000,result im SR830-Thread,Komunkiations Test für SR830 und OSTECH,,,
2026-09-15,10:12:03,904,KOM_Test,SR830,T,"SNAP 1,2,3,4,10,11","6.10356e-005,0,6.10356e-005,0,6.10356e-005,0",result im SR830-Thread,Komunkiations Test für SR830 und OSTECH,,,
2026-09-15,10:12:04,028,KOM_Test,SR830,T,"SNAP 5,6,7,8,9","-0.00166667,0.00633333,0.00233333,-0.002,1000",result im SR830-Thread,Komunkiations Test für SR830 und OSTECH,,,
2026-09-15,10:12:04,052,KOM_Test,SR830,T,PHAS,0,result im SR830-Thread,Komunkiations Test für SR830 und OSTECH,,,
2026-09-15,10:12:04,075,KOM_Test,SR830,T,FREQ,1000,result im SR830-Thread,Komunkiations Test für SR830 und OSTECH,,,
2026-09-15,10:12:04,171,KOM_Test,SR830,T,"SNAP 1,2,3,4,10,11","0,0,0,45,0,0",result im SR830-Thread,Komunkiations Test für SR830 und OSTECH,,,
2026-09-15,10:12:04,292,KOM_Test,SR830,T,"SNAP 5,6,7,8,9","-0.002,0.00466667,0.001,-0.000666667,1000",result im SR830-Thread,Komunkiations Test für SR830 und OSTECH,,,
2026-09-15,10:12:04,319,KOM_Test,SR830,T,PHAS,0,result im SR830-Thread,Komunkiations Test für SR830 und OSTECH,,,
2026-09-15,10:12:04,344,KOM_Test,SR830,T,FREQ,1000,result im SR830-Thread,Komunkiations Test für SR830 und OSTECH,,,
2026-09-15,10:12:04,460,KOM_Test,SR830,T,"SNAP 1,2,3,4,10,11","0,0,0,45,0,0",result im SR830-Thread,Komunkiations Test für SR830 und OSTECH,,,
2026-09-15,10:12:04,595,KOM_Test,SR830,T,"SNAP 5,6,7,8,9","-0.00166667,0.00766667,-0.000666667,0.000666667,1000",result im SR830-Thread,Komunkiations Test für SR830 und OSTECH,,,
2026-09-15,10:12:04,618,KOM_Test,SR830,T,PHAS,0,result im SR830-Thread,Komunkiations Test für SR830 und OSTECH,,,
2026-09-15,10:12:04,642,KOM_Test,SR830,T,FREQ,1000,result im SR830-Thread,Komunkiations Test für SR830 und OSTECH,,,
2026-09-15,10:12:04,748,KOM_Test,SR830,T,"SNAP 1,2,3,4,10,11","0,0,0,45,0,0",result im SR830-Thread,Komunkiations Test für SR830 und OSTECH,,,
2026-09-15,10:12:04,878,KOM_Test,SR830,T,"SNAP 5,6,7,8,9","-0.00366667,0.00766667,-0.000333333,-0.002,1000",result im SR830-Thread,Komunkiations Test für SR830 und OSTECH,,,
2026-09-15,10:12:04,902,KOM_Test,SR830,T,PHAS,0,result im SR830-Thread,Komunkiations Test für SR830 und OSTECH,,,
2026-09-15,10:12:04,925,KOM_Test,SR830,T,FREQ,1000,result im SR830-Thread,Komunkiations Test für SR830 und OSTECH,,,
2026-09-15,10:12:05,062,KOM_Test,SR830,T,"SNAP 1,2,3,4,10,11","-6.10356e-005,0,0,135,-6.10356e-005,0",result im SR830-Thread,Komunkiations Test für SR830 und OSTECH,,,
2026-09-15,10:12:05,195,KOM_Test,SR830,T,"SNAP 5,6,7,8,9","-0.00666667,0.00466667,-0.000333333,-0.00233333,1000",result im SR830-Thread,Komunkiations Test für SR830 und OSTECH,,,
2026-09-15,10:12:05,220,KOM_Test,SR830,T,PHAS,0,result im SR830-Thread,Komunkiations Test für SR830 und OSTECH,,,
2026-09-15,10:12:05,247,KOM_Test,SR830,T,FREQ,1000,result im SR830-Thread,Komunkiations Test für SR830 und OSTECH,,,
2026-09-15,10:12:05,377,KOM_Test,SR830,T,"SNAP 1,2,3,4,10,11","-6.10356e-005,0,0,180,-6.10356e-005,0",result im SR830-Thread,Komunkiations Test für SR830 und OSTECH,,,
2026-09-15,10:12:05,503,KOM_Test,SR830,T,"SNAP 5,6,7,8,9","-0.000666667,0.003,-0.000333333,-0.002,1000",result im SR830-Thread,Komunkiations Test für SR830 und OSTECH,,,
2026-09-15,10:12:05,524,KOM_Test,SR830,T,PHAS,0,result im SR830-Thread,Komunkiations Test für SR830 und OSTECH,,,
2026-09-15,10:12:05,550,KOM_Test,SR830,T,FREQ,1000,result im SR830-Thread,Komunkiations Test für SR830 und OSTECH,,,
2026-09-15,10:12:05,678,KOM_Test,SR830,T,"SNAP 1,2,3,4,10,11","-6.10356e-005,0,0,135,-6.10356e-005,0",result im SR830-Thread,Komunkiations Test für SR830 und OSTECH,,,
2026-09-15,10:12:05,806,KOM_Test,SR830,T,"SNAP 5,6,7,8,9","-0.00366667,0.00633333,-0.000666667,-0.004,1000",result im SR830-Thread,Komunkiations Test für SR830 und OSTECH,,,
2026-09-15,10:12:05,812,KOM_Test,SR830,T,PHAS,0,result im SR830-Thread,Komunkiations Test für SR830 und OSTECH,,,
2026-09-15,10:12:05,845,KOM_Test,SR830,T,FREQ,1000,result im SR830-Thread,Komunkiations Test für SR830 und OSTECH,,,
2026-09-15,10:12:05,946,KOM_Test,SR830,T,"SNAP 1,2,3,4,10,11","0,0,0,90,0,0",result im SR830-Thread,Komunkiations Test für SR830 und OSTECH,,,
2026-09-15,10:12:06,077,KOM_Test,SR830,T,"SNAP 5,6,7,8,9","-0.000666667,0.005,0.000666667,-0.000666667,1000",result im SR830-Thread,Komunkiations Test für SR830 und OSTECH,,,
2026-09-15,10:12:06,079,KOM_Test,SR830,T,PHAS,0,result im SR830-Thread,Komunkiations Test für SR830 und OSTECH,,,
2026-09-15,10:12:06,112,KOM_Test,SR830,T,FREQ,1000,result im SR830-Thread,Komunkiations Test für SR830 und OSTECH,,,
2026-09-15,10:12:06,220,KOM_Test,SR830,T,"SNAP 1,2,3,4,10,11","0,0,0,90,0,0",result im SR830-Thread,Komunkiations Test für SR830 und OSTECH,,,
2026-09-15,10:12:06,352,KOM_Test,SR830,T,"SNAP 5,6,7,8,9","-0.00166667,0.00466667,0.000666667,-0.00233333,1000",result im SR830-Thread,Komunkiations Test für SR830 und OSTECH,,,
2026-09-15,10:12:06,372,KOM_Test,SR830,T,PHAS,0,result im SR830-Thread,Komunkiations Test für SR830 und OSTECH,,,
2026-09-15,10:12:06,390,KOM_Test,SR830,T,FREQ,1000,result im SR830-Thread,Komunkiations Test für SR830 und OSTECH,,,
2026-09-15,10:12:06,487,KOM_Test,SR830,T,"SNAP 1,2,3,4,10,11","0,0,0,0,0,0",result im SR830-Thread,Komunkiations Test für SR830 und OSTECH,,,
2026-09-15,10:12:06,604,KOM_Test,SR830,T,"SNAP 5,6,7,8,9","0.001,0.008,0.00233333,-0.000666667,1000",result im SR830-Thread,Komunkiations Test für SR830 und OSTECH,,,
2026-09-15,10:12:06,630,KOM_Test,SR830,T,PHAS,0,result im SR830-Thread,Komunkiations Test für SR830 und OSTECH,,,
2026-09-15,10:12:06,652,KOM_Test,SR830,T,FREQ,1000,result im SR830-Thread,Komunkiations Test für SR830 und OSTECH,,,
2026-09-15,10:12:06,789,KOM_Test,SR830,T,"SNAP 1,2,3,4,10,11","0,-6.10356e-005,0,-45,0,-6.10356e-005",result im SR830-Thread,Komunkiations Test für SR830 und OSTECH,,,
2026-09-15,10:12:06,902,KOM_Test,SR830,T,"SNAP 5,6,7,8,9","-0.00333333,0.005,-0.000666667,-0.001,1000",result im SR830-Thread,Komunkiations Test für SR830 und OSTECH,,,
2026-09-15,10:12:06,913,KOM_Test,SR830,T,PHAS,0,result im SR830-Thread,Komunkiations Test für SR830 und OSTECH,,,
2026-09-15,10:12:06,936,KOM_Test,SR830,T,FREQ,1000,result im SR830-Thread,Komunkiations Test für SR830 und OSTECH,,,
2026-09-15,10:12:07,062,KOM_Test,SR830,T,"SNAP 1,2,3,4,10,11","0,-6.10356e-005,0,-90,0,-6.10356e-005",result im SR830-Thread,Komunkiations Test für SR830 und OSTECH,,,
2026-09-15,10:12:07,192,KOM_Test,SR830,T,"SNAP 5,6,7,8,9","-0.00366667,0.00633333,0.001,-0.001,1000",result im SR830-Thread,Komunkiations Test für SR830 und OSTECH,,,
2026-09-15,10:12:07,219,KOM_Test,SR830,T,PHAS,0,result im SR830-Thread,Komunkiations Test für SR830 und OSTECH,,,
2026-09-15,10:12:07,242,KOM_Test,SR830,T,FREQ,1000,result im SR830-Thread,Komunkiations Test für SR830 und OSTECH,,,
2026-09-15,10:12:07,414,KOM_Test,SR830,T,"SNAP 1,2,3,4,10,11","-0.000122071,-0.000122071,6.10356e-005,-135,-0.000122071,-0.000122071",result im SR830-Thread,Komunkiations Test für SR830 und OSTECH,,,
2026-09-15,10:12:07,535,KOM_Test,SR830,T,"SNAP 5,6,7,8,9","-0.00333333,0.003,0.000666667,0.000666667,1000",result im SR830-Thread,Komunkiations Test für SR830 und OSTECH,,,
2026-09-15,10:12:07,553,KOM_Test,SR830,T,PHAS,0,result im SR830-Thread,Komunkiations Test für SR830 und OSTECH,,,
2026-09-15,10:12:07,598,KOM_Test,SR830,T,FREQ,1000,result im SR830-Thread,Komunkiations Test für SR830 und OSTECH,,,
2026-09-15,10:12:07,679,KOM_Test,SR830,T,"SNAP 1,2,3,4,10,11","0,0,0,45,0,0",result im SR830-Thread,Komunkiations Test für SR830 und OSTECH,,,
2026-09-15,10:12:07,804,KOM_Test,SR830,T,"SNAP 5,6,7,8,9","-0.00333333,0.003,0.001,-0.000666667,1000",result im SR830-Thread,Komunkiations Test für SR830 und OSTECH,,,
2026-09-15,10:12:07,832,KOM_Test,SR830,T,PHAS,0,result im SR830-Thread,Komunkiations Test für SR830 und OSTECH,,,
2026-09-15,10:12:07,862,KOM_Test,SR830,T,FREQ,1000,result im SR830-Thread,Komunkiations Test für SR830 und OSTECH,,,
2026-09-15,10:12:07,964,KOM_Test,SR830,T,"SNAP 1,2,3,4,10,11","0,0,0,0,0,0",result im SR830-Thread,Komunkiations Test für SR830 und OSTECH,,,
2026-09-15,10:12:08,096,KOM_Test,SR830,T,"SNAP 5,6,7,8,9","-0.00166667,0.00466667,0.000666667,0.000666667,1000",result im SR830-Thread,Komunkiations Test für SR830 und OSTECH,,,
2026-09-15,10:12:08,122,KOM_Test,SR830,T,PHAS,0,result im SR830-Thread,Komunkiations Test für SR830 und OSTECH,,,
2026-09-15,10:12:08,146,KOM_Test,SR830,T,FREQ,1000,result im SR830-Thread,Komunkiations Test für SR830 und OSTECH,,,
2026-09-15,10:12:08,253,KOM_Test,SR830,T,"SNAP 1,2,3,4,10,11","0,0,0,90,0,0",result im SR830-Thread,Komunkiations Test für SR830 und OSTECH,,,
2026-09-15,10:12:08,363,KOM_Test,SR830,T,"SNAP 5,6,7,8,9","-0.00633333,0.00633333,0.001,0.002,1000",result im SR830-Thread,Komunkiations Test für SR830 und OSTECH,,,
2026-09-15,10:12:08,390,KOM_Test,SR830,T,PHAS,0,result im SR830-Thread,Komunkiations Test für SR830 und OSTECH,,,
2026-09-15,10:12:08,413,KOM_Test,SR830,T,FREQ,1000,result im SR830-Thread,Komunkiations Test für SR830 und OSTECH,,,
2026-09-15,10:12:08,546,KOM_Test,SR830,T,"SNAP 1,2,3,4,10,11","0,-6.10356e-005,0,-90,0,-6.10356e-005",result im SR830-Thread,Komunkiations Test für SR830 und OSTECH,,,
2026-09-15,10:12:08,646,KOM_Test,SR830,T,"SNAP 5,6,7,8,9","-0.002,0.005,0.001,0.002,1000",result im SR830-Thread,Komunkiations Test für SR830 und OSTECH,,,
2026-09-15,10:12:08,666,KOM_Test,SR830,T,PHAS,0,result im SR830-Thread,Komunkiations Test für SR830 und OSTECH,,,
2026-09-15,10:12:08,694,KOM_Test,SR830,T,FREQ,1000,result im SR830-Thread,Komunkiations Test für SR830 und OSTECH,,,
2026-09-15,10:12:08,833,KOM_Test,SR830,T,"SNAP 1,2,3,4,10,11","0,-6.10356e-005,0,-90,0,-6.10356e-005",result im SR830-Thread,Komunkiations Test für SR830 und OSTECH,,,
2026-09-15,10:12:08,963,KOM_Test,SR830,T,"SNAP 5,6,7,8,9","-0.00366667,0.00633333,0.000666667,0.00266667,1000",result im SR830-Thread,Komunkiations Test für SR830 und OSTECH,,,
2026-09-15,10:12:08,990,KOM_Test,SR830,T,PHAS,0,result im SR830-Thread,Komunkiations Test für SR830 und OSTECH,,,
2026-09-15,10:12:09,013,KOM_Test,SR830,T,FREQ,1000,result im SR830-Thread,Komunkiations Test für SR830 und OSTECH,,,
2026-09-15,10:12:09,112,KOM_Test,SR830,T,"SNAP 1,2,3,4,10,11","0,0,0,0,0,0",result im SR830-Thread,Komunkiations Test für SR830 und OSTECH,,,
2026-09-15,10:12:09,245,KOM_Test,SR830,T,"SNAP 5,6,7,8,9","-0.000333333,0.005,-0.000666667,-0.000666667,1000",result im SR830-Thread,Komunkiations Test für SR830 und OSTECH,,,
2026-09-15,10:12:09,272,KOM_Test,SR830,T,PHAS,0,result im SR830-Thread,Komunkiations Test für SR830 und OSTECH,,,
2026-09-15,10:12:09,296,KOM_Test,SR830,T,FREQ,1000,result im SR830-Thread,Komunkiations Test für SR830 und OSTECH,,,
2026-09-15,10:12:09,388,KOM_Test,SR830,T,"SNAP 1,2,3,4,10,11","0,0,0,0,0,0",result im SR830-Thread,Komunkiations Test für SR830 und OSTECH,,,
2026-09-15,10:12:09,514,KOM_Test,SR830,T,"SNAP 5,6,7,8,9","-0.000333333,0.005,0.000666667,0.000666667,1000",result im SR830-Thread,Komunkiations Test für SR830 und OSTECH,,,
2026-09-15,10:12:09,543,KOM_Test,SR830,T,PHAS,0,result im SR830-Thread,Komunkiations Test für SR830 und OSTECH,,,
2026-09-15,10:12:09,564,KOM_Test,SR830,T,FREQ,1000,result im SR830-Thread,Komunkiations Test für SR830 und OSTECH,,,
2026-09-15,10:12:09,653,KOM_Test,SR830,T,"SNAP 1,2,3,4,10,11","0,0,0,0,0,0",result im SR830-Thread,Komunkiations Test für SR830 und OSTECH,,,
2026-09-15,10:12:09,783,KOM_Test,SR830,T,"SNAP 5,6,7,8,9","-0.00166667,0.00633333,-0.000666667,0.000666667,1000",result im SR830-Thread,Komunkiations Test für SR830 und OSTECH,,,
2026-09-15,10:12:09,796,KOM_Test,SR830,T,PHAS,0,result im SR830-Thread,Komunkiations Test für SR830 und OSTECH,,,
2026-09-15,10:12:09,820,KOM_Test,SR830,T,FREQ,1000,result im SR830-Thread,Komunkiations Test für SR830 und OSTECH,,,
2026-09-15,10:12:09,956,KOM_Test,SR830,T,"SNAP 1,2,3,4,10,11","-6.10356e-005,0,0,180,-6.10356e-005,0",result im SR830-Thread,Komunkiations Test für SR830 und OSTECH,,,
2026-09-15,10:12:10,066,KOM_Test,SR830,T,"SNAP 5,6,7,8,9","-0.002,0.00633333,0.001,0.000666667,1000",result im SR830-Thread,Komunkiations Test für SR830 und OSTECH,,,
2026-09-15,10:12:10,081,KOM_Test,SR830,T,PHAS,0,result im SR830-Thread,Komunkiations Test für SR830 und OSTECH,,,
2026-09-15,10:12:10,101,KOM_Test,SR830,T,FREQ,1000,result im SR830-Thread,Komunkiations Test für SR830 und OSTECH,,,
2026-09-15,10:12:10,204,KOM_Test,SR830,T,"SNAP 1,2,3,4,10,11","0,0,0,90,0,0",result im SR830-Thread,Komunkiations Test für SR830 und OSTECH,,,
2026-09-15,10:12:10,322,KOM_Test,SR830,T,"SNAP 5,6,7,8,9","-0.00166667,0.008,0.00233333,-0.004,1000",result im SR830-Thread,Komunkiations Test für SR830 und OSTECH,,,
2026-09-15,10:12:10,338,KOM_Test,SR830,T,PHAS,0,result im SR830-Thread,Komunkiations Test für SR830 und OSTECH,,,
2026-09-15,10:12:10,362,KOM_Test,SR830,T,FREQ,1000,result im SR830-Thread,Komunkiations Test für SR830 und OSTECH,,,
2026-09-15,10:12:10,471,KOM_Test,SR830,T,"SNAP 1,2,3,4,10,11","0,0,0,45,0,0",result im SR830-Thread,Komunkiations Test für SR830 und OSTECH,,,
2026-09-15,10:12:10,599,KOM_Test,SR830,T,"SNAP 5,6,7,8,9","-0.00166667,0.00633333,0.000666667,-0.000666667,1000",result im SR830-Thread,Komunkiations Test für SR830 und OSTECH,,,
2026-09-15,10:12:10,622,KOM_Test,SR830,T,PHAS,0,result im SR830-Thread,Komunkiations Test für SR830 und OSTECH,,,
2026-09-15,10:12:10,643,KOM_Test,SR830,T,FREQ,1000,result im SR830-Thread,Komunkiations Test für SR830 und OSTECH,,,
2026-09-15,10:12:10,785,KOM_Test,SR830,T,"SNAP 1,2,3,4,10,11","6.10356e-005,0,6.10356e-005,0,6.10356e-005,0",result im SR830-Thread,Komunkiations Test für SR830 und OSTECH,,,
2026-09-15,10:12:10,908,KOM_Test,SR830,T,"SNAP 5,6,7,8,9","0.001,0.00633333,0.00233333,-0.000666667,1000",result im SR830-Thread,Komunkiations Test für SR830 und OSTECH,,,
2026-09-15,10:12:10,914,KOM_Test,SR830,T,PHAS,0,result im SR830-Thread,Komunkiations Test für SR830 und OSTECH,,,
2026-09-15,10:12:10,944,KOM_Test,SR830,T,FREQ,1000,result im SR830-Thread,Komunkiations Test für SR830 und OSTECH,,,
2026-09-15,10:12:11,042,KOM_Test,SR830,T,"SNAP 1,2,3,4,10,11","0,0,0,0,0,0",result im SR830-Thread,Komunkiations Test für SR830 und OSTECH,,,
2026-09-15,10:12:11,164,KOM_Test,SR830,T,"SNAP 5,6,7,8,9","-0.000666667,0.00666667,0.00366667,0.000666667,1000",result im SR830-Thread,Komunkiations Test für SR830 und OSTECH,,,
2026-09-15,10:12:11,187,KOM_Test,SR830,T,PHAS,0,result im SR830-Thread,Komunkiations Test für SR830 und OSTECH,,,
2026-09-15,10:12:11,222,KOM_Test,SR830,T,FREQ,1000,result im SR830-Thread,Komunkiations Test für SR830 und OSTECH,,,
2026-09-15,10:12:11,347,KOM_Test,SR830,T,"SNAP 1,2,3,4,10,11","-0.000122071,0,6.10356e-005,180,-0.000122071,0",result im SR830-Thread,Komunkiations Test für SR830 und OSTECH,,,
2026-09-15,10:12:11,478,KOM_Test,SR830,T,"SNAP 5,6,7,8,9","-0.002,0.00466667,-0.000666667,-0.000666667,1000",result im SR830-Thread,Komunkiations Test für SR830 und OSTECH,,,
2026-09-15,10:12:11,507,KOM_Test,SR830,T,PHAS,0,result im SR830-Thread,Komunkiations Test für SR830 und OSTECH,,,
2026-09-15,10:12:11,528,KOM_Test,SR830,T,FREQ,1000,result im SR830-Thread,Komunkiations Test für SR830 und OSTECH,,,
2026-09-15,10:12:11,649,KOM_Test,SR830,T,"SNAP 1,2,3,4,10,11","-6.10356e-005,0,0,180,-6.10356e-005,0",result im SR830-Thread,Komunkiations Test für SR830 und OSTECH,,,
2026-09-15,10:12:11,769,KOM_Test,SR830,T,"SNAP 5,6,7,8,9","0.00266667,0.00766667,0.00233333,0.000666667,1000",result im SR830-Thread,Komunkiations Test für SR830 und OSTECH,,,
2026-09-15,10:12:11,791,KOM_Test,SR830,T,PHAS,0,result im SR830-Thread,Komunkiations Test für SR830 und OSTECH,,,
2026-09-15,10:12:11,809,KOM_Test,SR830,T,FREQ,1000,result im SR830-Thread,Komunkiations Test für SR830 und OSTECH,,,
2026-09-15,10:12:11,942,KOM_Test,SR830,T,"SNAP 1,2,3,4,10,11","-6.10356e-005,0,0,180,-6.10356e-005,0",result im SR830-Thread,Komunkiations Test für SR830 und OSTECH,,,
2026-09-15,10:12:12,061,KOM_Test,SR830,T,"SNAP 5,6,7,8,9","-0.000666667,0.00633333,-0.000333333,0.001,1000",result im SR830-Thread,Komunkiations Test für SR830 und OSTECH,,,
2026-09-15,10:12:12,072,KOM_Test,SR830,T,PHAS,0,result im SR830-Thread,Komunkiations Test für SR830 und OSTECH,,,
2026-09-15,10:12:12,096,KOM_Test,SR830,T,FREQ,1000,result im SR830-Thread,Komunkiations Test für SR830 und OSTECH,,,
2026-09-15,10:12:12,231,KOM_Test,SR830,T,"SNAP 1,2,3,4,10,11","-6.10356e-005,0,0,180,-6.10356e-005,0",result im SR830-Thread,Komunkiations Test für SR830 und OSTECH,,,
2026-09-15,10:12:12,353,KOM_Test,SR830,T,"SNAP 5,6,7,8,9","-0.002,0.00633333,0.000666667,-0.000666667,1000",result im SR830-Thread,Komunkiations Test für SR830 und OSTECH,,,
2026-09-15,10:12:12,364,KOM_Test,SR830,T,PHAS,0,result im SR830-Thread,Komunkiations Test für SR830 und OSTECH,,,
2026-09-15,10:12:12,394,KOM_Test,SR830,T,FREQ,1000,result im SR830-Thread,Komunkiations Test für SR830 und OSTECH,,,
2026-09-15,10:12:12,560,KOM_Test,SR830,T,"SNAP 1,2,3,4,10,11","-6.10356e-005,-6.10356e-005,0,-135,-6.10356e-005,-6.10356e-005",result im SR830-Thread,Komunkiations Test für SR830 und OSTECH,,,
2026-09-15,10:12:12,682,KOM_Test,SR830,T,"SNAP 5,6,7,8,9","-0.002,0.005,-0.000666667,-0.001,1000",result im SR830-Thread,Komunkiations Test für SR830 und OSTECH,,,
2026-09-15,10:12:12,694,KOM_Test,SR830,T,PHAS,0,result im SR830-Thread,Komunkiations Test für SR830 und OSTECH,,,
2026-09-15,10:12:12,720,KOM_Test,SR830,T,FREQ,1000,result im SR830-Thread,Komunkiations Test für SR830 und OSTECH,,,
2026-09-15,10:12:12,819,KOM_Test,SR830,T,"SNAP 1,2,3,4,10,11","0,0,0,90,0,0",result im SR830-Thread,Komunkiations Test für SR830 und OSTECH,,,
2026-09-15,10:12:12,931,KOM_Test,SR830,T,"SNAP 5,6,7,8,9","-0.002,0.00666667,0.001,-0.001,1000",result im SR830-Thread,Komunkiations Test für SR830 und OSTECH,,,
2026-09-15,10:12:12,954,KOM_Test,SR830,T,PHAS,0,result im SR830-Thread,Komunkiations Test für SR830 und OSTECH,,,
2026-09-15,10:12:12,977,KOM_Test,SR830,T,FREQ,1000,result im SR830-Thread,Komunkiations Test für SR830 und OSTECH,,,
2026-09-15,10:12:13,107,KOM_Test,SR830,T,"SNAP 1,2,3,4,10,11","-6.10356e-005,0,0,180,-6.10356e-005,0",result im SR830-Thread,Komunkiations Test für SR830 und OSTECH,,,
2026-09-15,10:12:13,243,KOM_Test,SR830,T,"SNAP 5,6,7,8,9","-0.00166667,0.00633333,-0.000333333,-0.000666667,1000",result im SR830-Thread,Komunkiations Test für SR830 und OSTECH,,,
2026-09-15,10:12:13,268,KOM_Test,SR830,T,PHAS,0,result im SR830-Thread,Komunkiations Test für SR830 und OSTECH,,,
2026-09-15,10:12:13,294,KOM_Test,SR830,T,FREQ,1000,result im SR830-Thread,Komunkiations Test für SR830 und OSTECH,,,
2026-09-15,10:12:13,389,KOM_Test,SR830,T,"SNAP 1,2,3,4,10,11","0,0,0,90,0,0",result im SR830-Thread,Komunkiations Test für SR830 und OSTECH,,,
2026-09-15,10:12:13,517,KOM_Test,SR830,T,"SNAP 5,6,7,8,9","-0.00466667,0.00166667,-0.00233333,-0.001,1000",result im SR830-Thread,Komunkiations Test für SR830 und OSTECH,,,
2026-09-15,10:12:13,533,KOM_Test,SR830,T,PHAS,0,result im SR830-Thread,Komunkiations Test für SR830 und OSTECH,,,
2026-09-15,10:12:13,552,KOM_Test,SR830,T,FREQ,1000,result im SR830-Thread,Komunkiations Test für SR830 und OSTECH,,,
2026-09-15,10:12:13,651,KOM_Test,SR830,T,"SNAP 1,2,3,4,10,11","0,0,0,0,0,0",result im SR830-Thread,Komunkiations Test für SR830 und OSTECH,,,
2026-09-15,10:12:13,753,KOM_Test,SR830,T,"SNAP 5,6,7,8,9","-0.002,0.003,0.00233333,-0.001,1000",result im SR830-Thread,Komunkiations Test für SR830 und OSTECH,,,
2026-09-15,10:12:13,765,KOM_Test,SR830,T,PHAS,0,result im SR830-Thread,Komunkiations Test für SR830 und OSTECH,,,
2026-09-15,10:12:13,790,KOM_Test,SR830,T,FREQ,1000,result im SR830-Thread,Komunkiations Test für SR830 und OSTECH,,,
2026-09-15,10:12:13,920,KOM_Test,SR830,T,"SNAP 1,2,3,4,10,11","0,-6.10356e-005,0,-90,0,-6.10356e-005",result im SR830-Thread,Komunkiations Test für SR830 und OSTECH,,,
2026-09-15,10:12:14,048,KOM_Test,SR830,T,"SNAP 5,6,7,8,9","-0.000666667,0.00633333,0.00233333,0.000666667,1000",result im SR830-Thread,Komunkiations Test für SR830 und OSTECH,,,
2026-09-15,10:12:14,068,KOM_Test,SR830,T,PHAS,0,result im SR830-Thread,Komunkiations Test für SR830 und OSTECH,,,
2026-09-15,10:12:14,098,KOM_Test,SR830,T,FREQ,1000,result im SR830-Thread,Komunkiations Test für SR830 und OSTECH,,,
2026-09-15,10:12:14,202,KOM_Test,SR830,T,"SNAP 1,2,3,4,10,11","0,0,0,45,0,0",result im SR830-Thread,Komunkiations Test für SR830 und OSTECH,,,
2026-09-15,10:12:14,332,KOM_Test,SR830,T,"SNAP 5,6,7,8,9","-0.00166667,0.00933333,-0.000333333,0.000666667,1000",result im SR830-Thread,Komunkiations Test für SR830 und OSTECH,,,
2026-09-15,10:12:14,353,KOM_Test,SR830,T,PHAS,0,result im SR830-Thread,Komunkiations Test für SR830 und OSTECH,,,
2026-09-15,10:12:14,384,KOM_Test,SR830,T,FREQ,1000,result im SR830-Thread,Komunkiations Test für SR830 und OSTECH,,,
2026-09-15,10:12:14,493,KOM_Test,SR830,T,"SNAP 1,2,3,4,10,11","0,0,0,45,0,0",result im SR830-Thread,Komunkiations Test für SR830 und OSTECH,,,
2026-09-15,10:12:14,613,KOM_Test,SR830,T,"SNAP 5,6,7,8,9","-0.000666667,0.005,0.00233333,0.000666667,1000",result im SR830-Thread,Komunkiations Test für SR830 und OSTECH,,,
2026-09-15,10:12:14,635,KOM_Test,SR830,T,PHAS,0,result im SR830-Thread,Komunkiations Test für SR830 und OSTECH,,,
2026-09-15,10:12:14,668,KOM_Test,SR830,T,FREQ,1000,result im SR830-Thread,Komunkiations Test für SR830 und OSTECH,,,
2026-09-15,10:12:14,827,KOM_Test,SR830,T,"SNAP 1,2,3,4,10,11","-6.10356e-005,-6.10356e-005,0,-135,-6.10356e-005,-6.10356e-005",result im SR830-Thread,Komunkiations Test für SR830 und OSTECH,,,
2026-09-15,10:12:14,948,KOM_Test,SR830,T,"SNAP 5,6,7,8,9","-0.00166667,0.00466667,0.00233333,0.000666667,1000",result im SR830-Thread,Komunkiations Test für SR830 und OSTECH,,,
2026-09-15,10:12:14,968,KOM_Test,SR830,T,PHAS,0,result im SR830-Thread,Komunkiations Test für SR830 und OSTECH,,,
2026-09-15,10:12:15,045,KOM_Test,SR830,T,FREQ,1000,result im SR830-Thread,Komunkiations Test für SR830 und OSTECH,,,
2026-09-15,10:12:15,149,KOM_Test,SR830,T,"SNAP 1,2,3,4,10,11","0,0,0,45,0,0",result im SR830-Thread,Komunkiations Test für SR830 und OSTECH,,,
2026-09-15,10:12:15,272,KOM_Test,SR830,T,"SNAP 5,6,7,8,9","-0.00333333,0.00466667,0.000666667,0.00266667,1000",result im SR830-Thread,Komunkiations Test für SR830 und OSTECH,,,
2026-09-15,10:12:15,291,KOM_Test,SR830,T,PHAS,0,result im SR830-Thread,Komunkiations Test für SR830 und OSTECH,,,
2026-09-15,10:12:15,316,KOM_Test,SR830,T,FREQ,1000,result im SR830-Thread,Komunkiations Test für SR830 und OSTECH,,,
2026-09-15,10:12:15,478,KOM_Test,SR830,T,"SNAP 1,2,3,4,10,11","-6.10356e-005,-6.10356e-005,0,-135,-6.10356e-005,-6.10356e-005",result im SR830-Thread,Komunkiations Test für SR830 und OSTECH,,,
2026-09-15,10:12:15,596,KOM_Test,SR830,T,"SNAP 5,6,7,8,9","-0.002,0.005,-0.000666667,-0.004,1000",result im SR830-Thread,Komunkiations Test für SR830 und OSTECH,,,
2026-09-15,10:12:15,603,KOM_Test,SR830,T,PHAS,0,result im SR830-Thread,Komunkiations Test für SR830 und OSTECH,,,
2026-09-15,10:12:15,632,KOM_Test,SR830,T,FREQ,1000,result im SR830-Thread,Komunkiations Test für SR830 und OSTECH,,,
2026-09-15,10:12:15,734,KOM_Test,SR830,T,"SNAP 1,2,3,4,10,11","0,0,0,0,0,0",result im SR830-Thread,Komunkiations Test für SR830 und OSTECH,,,
2026-09-15,10:12:15,866,KOM_Test,SR830,T,"SNAP 5,6,7,8,9","-0.00166667,0.00633333,-0.000333333,-0.000666667,1000",result im SR830-Thread,Komunkiations Test für SR830 und OSTECH,,,
2026-09-15,10:12:15,887,KOM_Test,SR830,T,PHAS,0,result im SR830-Thread,Komunkiations Test für SR830 und OSTECH,,,
2026-09-15,10:12:15,918,KOM_Test,SR830,T,FREQ,1000,result im SR830-Thread,Komunkiations Test für SR830 und OSTECH,,,
2026-09-15,10:12:16,091,KOM_Test,SR830,T,"SNAP 1,2,3,4,10,11","-6.10356e-005,0,0,180,-6.10356e-005,0",result im SR830-Thread,Komunkiations Test für SR830 und OSTECH,,,
2026-09-15,10:12:16,216,KOM_Test,SR830,T,"SNAP 5,6,7,8,9","-0.00333333,0.00466667,0.00233333,-0.000666667,1000",result im SR830-Thread,Komunkiations Test für SR830 und OSTECH,,,
2026-09-15,10:12:16,243,KOM_Test,SR830,T,PHAS,0,result im SR830-Thread,Komunkiations Test für SR830 und OSTECH,,,
2026-09-15,10:12:16,261,KOM_Test,SR830,T,FREQ,1000,result im SR830-Thread,Komunkiations Test für SR830 und OSTECH,,,
2026-09-15,10:12:16,354,KOM_Test,SR830,T,"SNAP 1,2,3,4,10,11","0,0,0,90,0,0",result im SR830-Thread,Komunkiations Test für SR830 und OSTECH,,,
2026-09-15,10:12:16,479,KOM_Test,SR830,T,"SNAP 5,6,7,8,9","-0.000333333,0.005,-0.000666667,0.000666667,1000",result im SR830-Thread,Komunkiations Test für SR830 und OSTECH,,,
2026-09-15,10:12:16,482,KOM_Test,SR830,T,PHAS,0,result im SR830-Thread,Komunkiations Test für SR830 und OSTECH,,,
2026-09-15,10:12:16,513,KOM_Test,SR830,T,FREQ,1000,result im SR830-Thread,Komunkiations Test für SR830 und OSTECH,,,
2026-09-15,10:12:16,640,KOM_Test,SR830,T,"SNAP 1,2,3,4,10,11","-6.10356e-005,0,0,180,-6.10356e-005,0",result im SR830-Thread,Komunkiations Test für SR830 und OSTECH,,,
2026-09-15,10:12:16,770,KOM_Test,SR830,T,"SNAP 5,6,7,8,9","-0.00166667,0.00933333,0.001,0.000666667,1000",result im SR830-Thread,Komunkiations Test für SR830 und OSTECH,,,
2026-09-15,10:12:16,792,KOM_Test,SR830,T,PHAS,0,result im SR830-Thread,Komunkiations Test für SR830 und OSTECH,,,
2026-09-15,10:12:16,816,KOM_Test,SR830,T,FREQ,1000,result im SR830-Thread,Komunkiations Test für SR830 und OSTECH,,,
2026-09-15,10:12:16,960,KOM_Test,SR830,T,"SNAP 1,2,3,4,10,11","0,-0.000122071,6.10356e-005,-90,0,-0.000122071",result im SR830-Thread,Komunkiations Test für SR830 und OSTECH,,,
2026-09-15,10:12:17,089,KOM_Test,SR830,T,"SNAP 5,6,7,8,9","-0.00466667,0.00666667,0.00233333,-0.001,1000",result im SR830-Thread,Komunkiations Test für SR830 und OSTECH,,,
2026-09-15,10:12:17,103,KOM_Test,SR830,T,PHAS,0,result im SR830-Thread,Komunkiations Test für SR830 und OSTECH,,,
2026-09-15,10:12:17,133,KOM_Test,SR830,T,FREQ,1000,result im SR830-Thread,Komunkiations Test für SR830 und OSTECH,,,
2026-09-15,10:12:17,267,KOM_Test,SR830,T,"SNAP 1,2,3,4,10,11","-6.10356e-005,0,0,135,-6.10356e-005,0",result im SR830-Thread,Komunkiations Test für SR830 und OSTECH,,,
2026-09-15,10:12:17,391,KOM_Test,SR830,T,"SNAP 5,6,7,8,9","-0.002,0.00633333,0.000666667,-0.000666667,1000",result im SR830-Thread,Komunkiations Test für SR830 und OSTECH,,,
2026-09-15,10:12:17,412,KOM_Test,SR830,T,PHAS,0,result im SR830-Thread,Komunkiations Test für SR830 und OSTECH,,,
2026-09-15,10:12:17,436,KOM_Test,SR830,T,FREQ,1000,result im SR830-Thread,Komunkiations Test für SR830 und OSTECH,,,
2026-09-15,10:12:17,526,KOM_Test,SR830,T,"SNAP 1,2,3,4,10,11","0,0,0,0,0,0",result im SR830-Thread,Komunkiations Test für SR830 und OSTECH,,,
2026-09-15,10:12:17,643,KOM_Test,SR830,T,"SNAP 5,6,7,8,9","-0.00333333,0.005,0.00233333,-0.000666667,1000",result im SR830-Thread,Komunkiations Test für SR830 und OSTECH,,,
2026-09-15,10:12:17,672,KOM_Test,SR830,T,PHAS,0,result im SR830-Thread,Komunkiations Test für SR830 und OSTECH,,,
2026-09-15,10:12:17,695,KOM_Test,SR830,T,FREQ,1000,result im SR830-Thread,Komunkiations Test für SR830 und OSTECH,,,
2026-09-15,10:12:17,789,KOM_Test,SR830,T,"SNAP 1,2,3,4,10,11","0,0,0,90,0,0",result im SR830-Thread,Komunkiations Test für SR830 und OSTECH,,,
2026-09-15,10:12:17,909,KOM_Test,SR830,T,"SNAP 5,6,7,8,9","-0.000666667,0.005,-0.000333333,0.000666667,1000",result im SR830-Thread,Komunkiations Test für SR830 und OSTECH,,,
2026-09-15,10:12:17,930,KOM_Test,SR830,T,PHAS,0,result im SR830-Thread,Komunkiations Test für SR830 und OSTECH,,,
2026-09-15,10:12:17,964,KOM_Test,SR830,T,FREQ,1000,result im SR830-Thread,Komunkiations Test für SR830 und OSTECH,,,
2026-09-15,10:12:18,057,KOM_Test,SR830,T,"SNAP 1,2,3,4,10,11","0,0,0,90,0,0",result im SR830-Thread,Komunkiations Test für SR830 und OSTECH,,,
2026-09-15,10:12:18,176,KOM_Test,SR830,T,"SNAP 5,6,7,8,9","-0.00333333,0.00666667,0.00233333,-0.002,1000",result im SR830-Thread,Komunkiations Test für SR830 und OSTECH,,,
2026-09-15,10:12:18,206,KOM_Test,SR830,T,PHAS,0,result im SR830-Thread,Komunkiations Test für SR830 und OSTECH,,,
2026-09-15,10:12:18,234,KOM_Test,SR830,T,FREQ,1000,result im SR830-Thread,Komunkiations Test für SR830 und OSTECH,,,
2026-09-15,10:12:18,372,KOM_Test,SR830,T,"SNAP 1,2,3,4,10,11","0,6.10356e-005,6.10356e-005,90,0,6.10356e-005",result im SR830-Thread,Komunkiations Test für SR830 und OSTECH,,,
2026-09-15,10:12:18,496,KOM_Test,SR830,T,"SNAP 5,6,7,8,9","-0.00333333,0.00633333,0.00233333,0.00266667,1000",result im SR830-Thread,Komunkiations Test für SR830 und OSTECH,,,
2026-09-15,10:12:18,513,KOM_Test,SR830,T,PHAS,0,result im SR830-Thread,Komunkiations Test für SR830 und OSTECH,,,
2026-09-15,10:12:18,533,KOM_Test,SR830,T,FREQ,1000,result im SR830-Thread,Komunkiations Test für SR830 und OSTECH,,,
2026-09-15,10:12:18,700,KOM_Test,SR830,T,"SNAP 1,2,3,4,10,11","-6.10356e-005,-6.10356e-005,0,-135,-6.10356e-005,-6.10356e-005",result im SR830-Thread,Komunkiations Test für SR830 und OSTECH,,,
2026-09-15,10:12:18,821,KOM_Test,SR830,T,"SNAP 5,6,7,8,9","-0.00333333,0.00633333,0.001,0.000666667,1000",result im SR830-Thread,Komunkiations Test für SR830 und OSTECH,,,
2026-09-15,10:12:18,842,KOM_Test,SR830,T,PHAS,0,result im SR830-Thread,Komunkiations Test für SR830 und OSTECH,,,
2026-09-15,10:12:18,875,KOM_Test,SR830,T,FREQ,1000,result im SR830-Thread,Komunkiations Test für SR830 und OSTECH,,,
2026-09-15,10:12:19,017,KOM_Test,SR830,T,"SNAP 1,2,3,4,10,11","0,-0.000122071,6.10356e-005,-71.568,0,-0.000122071",result im SR830-Thread,Komunkiations Test für SR830 und OSTECH,,,
2026-09-15,10:12:19,147,KOM_Test,SR830,T,"SNAP 5,6,7,8,9","-0.000666667,0.00466667,-0.000333333,-0.001,1000",result im SR830-Thread,Komunkiations Test für SR830 und OSTECH,,,
2026-09-15,10:12:19,171,KOM_Test,SR830,T,PHAS,0,result im SR830-Thread,Komunkiations Test für SR830 und OSTECH,,,
2026-09-15,10:12:19,198,KOM_Test,SR830,T,FREQ,1000,result im SR830-Thread,Komunkiations Test für SR830 und OSTECH,,,
2026-09-15,10:12:19,328,KOM_Test,SR830,T,"SNAP 1,2,3,4,10,11","-6.10356e-005,0,0,135,-6.10356e-005,0",result im SR830-Thread,Komunkiations Test für SR830 und OSTECH,,,
2026-09-15,10:12:19,435,KOM_Test,SR830,T,"SNAP 5,6,7,8,9","-0.002,0.008,0.000666667,-0.000666667,1000",result im SR830-Thread,Komunkiations Test für SR830 und OSTECH,,,
2026-09-15,10:12:19,454,KOM_Test,SR830,T,PHAS,0,result im SR830-Thread,Komunkiations Test für SR830 und OSTECH,,,
2026-09-15,10:12:19,485,KOM_Test,SR830,T,FREQ,1000,result im SR830-Thread,Komunkiations Test für SR830 und OSTECH,,,
2026-09-15,10:12:19,598,KOM_Test,SR830,T,"SNAP 1,2,3,4,10,11","0,0,0,45,0,0",result im SR830-Thread,Komunkiations Test für SR830 und OSTECH,,,
2026-09-15,10:12:19,719,KOM_Test,SR830,T,"SNAP 5,6,7,8,9","-0.000666667,0.00633333,-0.002,-0.000666667,1000",result im SR830-Thread,Komunkiations Test für SR830 und OSTECH,,,
2026-09-15,10:12:19,737,KOM_Test,SR830,T,PHAS,0,result im SR830-Thread,Komunkiations Test für SR830 und OSTECH,,,
2026-09-15,10:12:19,761,KOM_Test,SR830,T,FREQ,1000,result im SR830-Thread,Komunkiations Test für SR830 und OSTECH,,,
2026-09-15,10:12:19,856,KOM_Test,SR830,T,"SNAP 1,2,3,4,10,11","0,0,0,0,0,0",result im SR830-Thread,Komunkiations Test für SR830 und OSTECH,,,
2026-09-15,10:12:19,967,KOM_Test,SR830,T,"SNAP 5,6,7,8,9","-0.002,0.005,0.000666667,-0.001,1000",result im SR830-Thread,Komunkiations Test für SR830 und OSTECH,,,
2026-09-15,10:12:19,979,KOM_Test,SR830,T,PHAS,0,result im SR830-Thread,Komunkiations Test für SR830 und OSTECH,,,
2026-09-15,10:12:20,003,KOM_Test,SR830,T,FREQ,1000,result im SR830-Thread,Komunkiations Test für SR830 und OSTECH,,,
2026-09-15,10:12:20,134,KOM_Test,SR830,T,"SNAP 1,2,3,4,10,11","-6.10356e-005,0,0,135,-6.10356e-005,0",result im SR830-Thread,Komunkiations Test für SR830 und OSTECH,,,
2026-09-15,10:12:20,263,KOM_Test,SR830,T,"SNAP 5,6,7,8,9","-0.00166667,0.00466667,0.001,-0.000666667,1000",result im SR830-Thread,Komunkiations Test für SR830 und OSTECH,,,
2026-09-15,10:12:20,279,KOM_Test,SR830,T,PHAS,0,result im SR830-Thread,Komunkiations Test für SR830 und OSTECH,,,
2026-09-15,10:12:20,301,KOM_Test,SR830,T,FREQ,1000,result im SR830-Thread,Komunkiations Test für SR830 und OSTECH,,,
2026-09-15,10:12:20,390,KOM_Test,SR830,T,"SNAP 1,2,3,4,10,11","0,0,0,0,0,0",result im SR830-Thread,Komunkiations Test für SR830 und OSTECH,,,
2026-09-15,10:12:20,517,KOM_Test,SR830,T,"SNAP 5,6,7,8,9","-0.00333333,0.00466667,0.000666667,0.000666667,1000",result im SR830-Thread,Komunkiations Test für SR830 und OSTECH,,,
2026-09-15,10:12:20,540,KOM_Test,SR830,T,PHAS,0,result im SR830-Thread,Komunkiations Test für SR830 und OSTECH,,,
2026-09-15,10:12:20,569,KOM_Test,SR830,T,FREQ,1000,result im SR830-Thread,Komunkiations Test für SR830 und OSTECH,,,
2026-09-15,10:12:20,737,KOM_Test,SR830,T,"SNAP 1,2,3,4,10,11","-6.10356e-005,-6.10356e-005,0,-135,-6.10356e-005,-6.10356e-005",result im SR830-Thread,Komunkiations Test für SR830 und OSTECH,,,
2026-09-15,10:12:20,867,KOM_Test,SR830,T,"SNAP 5,6,7,8,9","-0.000666667,0.00633333,0.00233333,0.000666667,1000",result im SR830-Thread,Komunkiations Test für SR830 und OSTECH,,,
2026-09-15,10:12:20,895,KOM_Test,SR830,T,PHAS,0,result im SR830-Thread,Komunkiations Test für SR830 und OSTECH,,,
2026-09-15,10:12:20,924,KOM_Test,SR830,T,FREQ,1000,result im SR830-Thread,Komunkiations Test für SR830 und OSTECH,,,
2026-09-15,10:12:21,020,KOM_Test,SR830,T,"SNAP 1,2,3,4,10,11","0,0,0,90,0,0",result im SR830-Thread,Komunkiations Test für SR830 und OSTECH,,,
2026-09-15,10:12:21,134,KOM_Test,SR830,T,"SNAP 5,6,7,8,9","-0.000333333,0.00633333,0.001,-0.00666667,1000",result im SR830-Thread,Komunkiations Test für SR830 und OSTECH,,,
2026-09-15,10:12:21,158,KOM_Test,SR830,T,PHAS,0,result im SR830-Thread,Komunkiations Test für SR830 und OSTECH,,,
2026-09-15,10:12:21,183,KOM_Test,SR830,T,FREQ,1000,result im SR830-Thread,Komunkiations Test für SR830 und OSTECH,,,
2026-09-15,10:12:21,293,KOM_Test,SR830,T,"SNAP 1,2,3,4,10,11","0,0,0,90,0,0",result im SR830-Thread,Komunkiations Test für SR830 und OSTECH,,,
2026-09-15,10:12:21,417,KOM_Test,SR830,T,"SNAP 5,6,7,8,9","-0.00366667,0.00466667,0.000666667,-0.001,1000",result im SR830-Thread,Komunkiations Test für SR830 und OSTECH,,,
2026-09-15,10:12:21,425,KOM_Test,SR830,T,PHAS,0,result im SR830-Thread,Komunkiations Test für SR830 und OSTECH,,,
2026-09-15,10:12:21,451,KOM_Test,SR830,T,FREQ,1000,result im SR830-Thread,Komunkiations Test für SR830 und OSTECH,,,
2026-09-15,10:12:21,543,KOM_Test,SR830,T,"SNAP 1,2,3,4,10,11","0,0,0,90,0,0",result im SR830-Thread,Komunkiations Test für SR830 und OSTECH,,,
2026-09-15,10:12:21,658,KOM_Test,SR830,T,"SNAP 5,6,7,8,9","-0.002,0.005,0.000666667,-0.001,1000",result im SR830-Thread,Komunkiations Test für SR830 und OSTECH,,,
2026-09-15,10:12:21,679,KOM_Test,SR830,T,PHAS,0,result im SR830-Thread,Komunkiations Test für SR830 und OSTECH,,,
2026-09-15,10:12:21,704,KOM_Test,SR830,T,FREQ,1000,result im SR830-Thread,Komunkiations Test für SR830 und OSTECH,,,
2026-09-15,10:12:21,842,KOM_Test,SR830,T,"SNAP 1,2,3,4,10,11","-6.10356e-005,0,0,135,-6.10356e-005,0",result im SR830-Thread,Komunkiations Test für SR830 und OSTECH,,,
2026-09-15,10:12:21,968,KOM_Test,SR830,T,"SNAP 5,6,7,8,9","0.00133333,0.005,0.000666667,-0.000666667,1000",result im SR830-Thread,Komunkiations Test für SR830 und OSTECH,,,
2026-09-15,10:12:21,989,KOM_Test,SR830,T,PHAS,0,result im SR830-Thread,Komunkiations Test für SR830 und OSTECH,,,
2026-09-15,10:12:22,017,KOM_Test,SR830,T,FREQ,1000,result im SR830-Thread,Komunkiations Test für SR830 und OSTECH,,,
2026-09-15,10:12:22,144,KOM_Test,SR830,T,"SNAP 1,2,3,4,10,11","0,-6.10356e-005,0,-90,0,-6.10356e-005",result im SR830-Thread,Komunkiations Test für SR830 und OSTECH,,,
2026-09-15,10:12:22,255,KOM_Test,SR830,T,"SNAP 5,6,7,8,9","-0.002,0.005,0.000666667,0.000666667,1000",result im SR830-Thread,Komunkiations Test für SR830 und OSTECH,,,
2026-09-15,10:12:22,291,KOM_Test,SR830,T,PHAS,0,result im SR830-Thread,Komunkiations Test für SR830 und OSTECH,,,
2026-09-15,10:12:22,318,KOM_Test,SR830,T,FREQ,1000,result im SR830-Thread,Komunkiations Test für SR830 und OSTECH,,,
2026-09-15,10:12:22,455,KOM_Test,SR830,T,"SNAP 1,2,3,4,10,11","0,-6.10356e-005,0,-90,0,-6.10356e-005",result im SR830-Thread,Komunkiations Test für SR830 und OSTECH,,,
2026-09-15,10:12:22,581,KOM_Test,SR830,T,"SNAP 5,6,7,8,9","-0.000666667,0.008,-0.000666667,-0.000666667,1000",result im SR830-Thread,Komunkiations Test für SR830 und OSTECH,,,
2026-09-15,10:12:22,603,KOM_Test,SR830,T,PHAS,0,result im SR830-Thread,Komunkiations Test für SR830 und OSTECH,,,
2026-09-15,10:12:22,623,KOM_Test,SR830,T,FREQ,1000,result im SR830-Thread,Komunkiations Test für SR830 und OSTECH,,,
2026-09-15,10:12:22,720,KOM_Test,SR830,T,"SNAP 1,2,3,4,10,11","0,0,0,0,0,0",result im SR830-Thread,Komunkiations Test für SR830 und OSTECH,,,
2026-09-15,10:12:22,819,KOM_Test,SR830,T,"SNAP 5,6,7,8,9","0.00266667,0.008,0.001,0.002,1000",result im SR830-Thread,Komunkiations Test für SR830 und OSTECH,,,
2026-09-15,10:12:22,844,KOM_Test,SR830,T,PHAS,0,result im SR830-Thread,Komunkiations Test für SR830 und OSTECH,,,
2026-09-15,10:12:22,864,KOM_Test,SR830,T,FREQ,1000,result im SR830-Thread,Komunkiations Test für SR830 und OSTECH,,,
2026-09-15,10:12:22,994,KOM_Test,SR830,T,"SNAP 1,2,3,4,10,11","-6.10356e-005,0,0,180,-6.10356e-005,0",result im SR830-Thread,Komunkiations Test für SR830 und OSTECH,,,
2026-09-15,10:12:23,118,KOM_Test,SR830,T,"SNAP 5,6,7,8,9","-0.00466667,0.00766667,0.000666667,-0.001,1000",result im SR830-Thread,Komunkiations Test für SR830 und OSTECH,,,
2026-09-15,10:12:23,145,KOM_Test,SR830,T,PHAS,0,result im SR830-Thread,Komunkiations Test für SR830 und OSTECH,,,
2026-09-15,10:12:23,166,KOM_Test,SR830,T,FREQ,1000,result im SR830-Thread,Komunkiations Test für SR830 und OSTECH,,,
2026-09-15,10:12:23,264,KOM_Test,SR830,T,"SNAP 1,2,3,4,10,11","0,0,0,90,0,0",result im SR830-Thread,Komunkiations Test für SR830 und OSTECH,,,
2026-09-15,10:12:23,385,KOM_Test,SR830,T,"SNAP 5,6,7,8,9","-0.000666667,0.00366667,-0.000666667,0.002,1000",result im SR830-Thread,Komunkiations Test für SR830 und OSTECH,,,
2026-09-15,10:12:23,409,KOM_Test,SR830,T,PHAS,0,result im SR830-Thread,Komunkiations Test für SR830 und OSTECH,,,
2026-09-15,10:12:23,434,KOM_Test,SR830,T,FREQ,1000,result im SR830-Thread,Komunkiations Test für SR830 und OSTECH,,,
2026-09-15,10:12:23,616,KOM_Test,SR830,T,"SNAP 1,2,3,4,10,11","-0.000122071,-6.10356e-005,6.10356e-005,-153.438,-0.000122071,-6.10356e-005",result im SR830-Thread,Komunkiations Test für SR830 und OSTECH,,,
2026-09-15,10:12:23,752,KOM_Test,SR830,T,"SNAP 5,6,7,8,9","-0.00166667,0.00666667,0.001,-0.000666667,1000",result im SR830-Thread,Komunkiations Test für SR830 und OSTECH,,,
2026-09-15,10:12:23,776,KOM_Test,SR830,T,PHAS,0,result im SR830-Thread,Komunkiations Test für SR830 und OSTECH,,,
2026-09-15,10:12:23,805,KOM_Test,SR830,T,FREQ,1000,result im SR830-Thread,Komunkiations Test für SR830 und OSTECH,,,
2026-09-15,10:12:23,980,KOM_Test,SR830,T,"SNAP 1,2,3,4,10,11","-6.10356e-005,-6.10356e-005,0,-135,-6.10356e-005,-6.10356e-005",result im SR830-Thread,Komunkiations Test für SR830 und OSTECH,,,
2026-09-15,10:12:24,103,KOM_Test,SR830,T,"SNAP 5,6,7,8,9","-0.00333333,0.00633333,0.001,0.007,1000",result im SR830-Thread,Komunkiations Test für SR830 und OSTECH,,,
2026-09-15,10:12:24,126,KOM_Test,SR830,T,PHAS,0,result im SR830-Thread,Komunkiations Test für SR830 und OSTECH,,,
2026-09-15,10:12:24,153,KOM_Test,SR830,T,FREQ,1000,result im SR830-Thread,Komunkiations Test für SR830 und OSTECH,,,
2026-09-15,10:12:24,285,KOM_Test,SR830,T,"SNAP 1,2,3,4,10,11","6.10356e-005,0,6.10356e-005,0,6.10356e-005,0",result im SR830-Thread,Komunkiations Test für SR830 und OSTECH,,,
2026-09-15,10:12:24,418,KOM_Test,SR830,T,"SNAP 5,6,7,8,9","-0.000666667,0.00633333,0.001,-0.005,1000",result im SR830-Thread,Komunkiations Test für SR830 und OSTECH,,,
2026-09-15,10:12:24,443,KOM_Test,SR830,T,PHAS,0,result im SR830-Thread,Komunkiations Test für SR830 und OSTECH,,,
2026-09-15,10:12:24,469,KOM_Test,SR830,T,FREQ,1000,result im SR830-Thread,Komunkiations Test für SR830 und OSTECH,,,
2026-09-15,10:12:24,609,KOM_Test,SR830,T,"SNAP 1,2,3,4,10,11","0,-6.10356e-005,0,-90,0,-6.10356e-005",result im SR830-Thread,Komunkiations Test für SR830 und OSTECH,,,
2026-09-15,10:12:24,726,KOM_Test,SR830,T,"SNAP 5,6,7,8,9","-0.000333333,0.00666667,0.001,-0.001,1000",result im SR830-Thread,Komunkiations Test für SR830 und OSTECH,,,
2026-09-15,10:12:24,754,KOM_Test,SR830,T,PHAS,0,result im SR830-Thread,Komunkiations Test für SR830 und OSTECH,,,
2026-09-15,10:12:24,776,KOM_Test,SR830,T,FREQ,1000,result im SR830-Thread,Komunkiations Test für SR830 und OSTECH,,,
2026-09-15,10:12:24,870,KOM_Test,SR830,T,"SNAP 1,2,3,4,10,11","0,0,0,0,0,0",result im SR830-Thread,Komunkiations Test für SR830 und OSTECH,,,
2026-09-15,10:12:25,000,KOM_Test,SR830,T,"SNAP 5,6,7,8,9","-0.000333333,0.00366667,0.001,0.00266667,1000",result im SR830-Thread,Komunkiations Test für SR830 und OSTECH,,,
2026-09-15,10:12:25,026,KOM_Test,SR830,T,PHAS,0,result im SR830-Thread,Komunkiations Test für SR830 und OSTECH,,,
2026-09-15,10:12:25,054,KOM_Test,SR830,T,FREQ,1000,result im SR830-Thread,Komunkiations Test für SR830 und OSTECH,,,
2026-09-15,10:12:25,199,KOM_Test,SR830,T,"SNAP 1,2,3,4,10,11","6.10356e-005,0,6.10356e-005,26.562,6.10356e-005,0",result im SR830-Thread,Komunkiations Test für SR830 und OSTECH,,,
2026-09-15,10:12:25,336,KOM_Test,SR830,T,"SNAP 5,6,7,8,9","-0.00166667,0.00633333,-0.000333333,0.000666667,1000",result im SR830-Thread,Komunkiations Test für SR830 und OSTECH,,,
2026-09-15,10:12:25,359,KOM_Test,SR830,T,PHAS,0,result im SR830-Thread,Komunkiations Test für SR830 und OSTECH,,,
2026-09-15,10:12:25,386,KOM_Test,SR830,T,FREQ,1000,result im SR830-Thread,Komunkiations Test für SR830 und OSTECH,,,
2026-09-15,10:12:25,491,KOM_Test,SR830,T,"SNAP 1,2,3,4,10,11","0,0,0,0,0,0",result im SR830-Thread,Komunkiations Test für SR830 und OSTECH,,,
2026-09-15,10:12:25,609,KOM_Test,SR830,T,"SNAP 5,6,7,8,9","-0.00166667,0.00666667,0.000666667,0.000666667,1000",result im SR830-Thread,Komunkiations Test für SR830 und OSTECH,,,
2026-09-15,10:12:25,631,KOM_Test,SR830,T,PHAS,0,result im SR830-Thread,Komunkiations Test für SR830 und OSTECH,,,
2026-09-15,10:12:25,652,KOM_Test,SR830,T,FREQ,1000,result im SR830-Thread,Komunkiations Test für SR830 und OSTECH,,,
2026-09-15,10:12:25,794,KOM_Test,SR830,T,"SNAP 1,2,3,4,10,11","0,-6.10356e-005,0,-45,0,-6.10356e-005",result im SR830-Thread,Komunkiations Test für SR830 und OSTECH,,,
2026-09-15,10:12:25,913,KOM_Test,SR830,T,"SNAP 5,6,7,8,9","-0.002,0.005,0.00366667,-0.00233333,1000",result im SR830-Thread,Komunkiations Test für SR830 und OSTECH,,,
2026-09-15,10:12:25,931,KOM_Test,SR830,T,PHAS,0,result im SR830-Thread,Komunkiations Test für SR830 und OSTECH,,,
2026-09-15,10:12:25,965,KOM_Test,SR830,T,FREQ,1000,result im SR830-Thread,Komunkiations Test für SR830 und OSTECH,,,
2026-09-15,10:12:26,133,KOM_Test,SR830,T,"SNAP 1,2,3,4,10,11","-6.10356e-005,-6.10356e-005,0,-135,-6.10356e-005,-6.10356e-005",result im SR830-Thread,Komunkiations Test für SR830 und OSTECH,,,
2026-09-15,10:12:26,269,KOM_Test,SR830,T,"SNAP 5,6,7,8,9","-0.00166667,0.005,-0.000666667,-0.000666667,1000",result im SR830-Thread,Komunkiations Test für SR830 und OSTECH,,,
2026-09-15,10:12:26,296,KOM_Test,SR830,T,PHAS,0,result im SR830-Thread,Komunkiations Test für SR830 und OSTECH,,,
2026-09-15,10:12:26,327,KOM_Test,SR830,T,FREQ,1000,result im SR830-Thread,Komunkiations Test für SR830 und OSTECH,,,
2026-09-15,10:12:26,514,KOM_Test,SR830,T,"SNAP 1,2,3,4,10,11","-0.000122071,-6.10356e-005,6.10356e-005,-153.438,-0.000122071,-6.10356e-005",result im SR830-Thread,Komunkiations Test für SR830 und OSTECH,,,
2026-09-15,10:12:26,643,KOM_Test,SR830,T,"SNAP 5,6,7,8,9","-0.00366667,0.00766667,-0.000333333,-0.002,1000",result im SR830-Thread,Komunkiations Test für SR830 und OSTECH,,,
2026-09-15,10:12:26,660,KOM_Test,SR830,T,PHAS,0,result im SR830-Thread,Komunkiations Test für SR830 und OSTECH,,,
2026-09-15,10:12:26,687,KOM_Test,SR830,T,FREQ,1000,result im SR830-Thread,Komunkiations Test für SR830 und OSTECH,,,
2026-09-15,10:12:26,808,KOM_Test,SR830,T,"SNAP 1,2,3,4,10,11","-6.10356e-005,0,0,180,-6.10356e-005,0",result im SR830-Thread,Komunkiations Test für SR830 und OSTECH,,,
2026-09-15,10:12:26,920,KOM_Test,SR830,T,"SNAP 5,6,7,8,9","-0.000333333,0.00466667,0.001,-0.001,1000",result im SR830-Thread,Komunkiations Test für SR830 und OSTECH,,,
2026-09-15,10:12:26,944,KOM_Test,SR830,T,PHAS,0,result im SR830-Thread,Komunkiations Test für SR830 und OSTECH,,,
2026-09-15,10:12:26,970,KOM_Test,SR830,T,FREQ,1000,result im SR830-Thread,Komunkiations Test für SR830 und OSTECH,,,
2026-09-15,10:12:27,070,KOM_Test,SR830,T,"SNAP 1,2,3,4,10,11","0,0,0,0,0,0",result im SR830-Thread,Komunkiations Test für SR830 und OSTECH,,,
2026-09-15,10:12:27,192,KOM_Test,SR830,T,"SNAP 5,6,7,8,9","-0.00166667,0.00633333,0.000666667,-0.000666667,1000",result im SR830-Thread,Komunkiations Test für SR830 und OSTECH,,,
2026-09-15,10:12:27,212,KOM_Test,SR830,T,PHAS,0,result im SR830-Thread,Komunkiations Test für SR830 und OSTECH,,,
2026-09-15,10:12:27,239,KOM_Test,SR830,T,FREQ,1000,result im SR830-Thread,Komunkiations Test für SR830 und OSTECH,,,
2026-09-15,10:12:27,421,KOM_Test,SR830,T,"SNAP 1,2,3,4,10,11","6.10356e-005,-6.10356e-005,6.10356e-005,-26.562,6.10356e-005,-6.10356e-005",result im SR830-Thread,Komunkiations Test für SR830 und OSTECH,,,
2026-09-15,10:12:27,551,KOM_Test,SR830,T,"SNAP 5,6,7,8,9","-0.000666667,0.00466667,0.00233333,-0.001,1000",result im SR830-Thread,Komunkiations Test für SR830 und OSTECH,,,
2026-09-15,10:12:27,571,KOM_Test,SR830,T,PHAS,0,result im SR830-Thread,Komunkiations Test für SR830 und OSTECH,,,
2026-09-15,10:12:27,594,KOM_Test,SR830,T,FREQ,1000,result im SR830-Thread,Komunkiations Test für SR830 und OSTECH,,,
2026-09-15,10:12:27,677,KOM_Test,SR830,T,"SNAP 1,2,3,4,10,11","0,0,0,90,0,0",result im SR830-Thread,Komunkiations Test für SR830 und OSTECH,,,
2026-09-15,10:12:27,794,KOM_Test,SR830,T,"SNAP 5,6,7,8,9","-0.00166667,0.003,-0.000666667,0.007,1000",result im SR830-Thread,Komunkiations Test für SR830 und OSTECH,,,
2026-09-15,10:12:27,816,KOM_Test,SR830,T,PHAS,0,result im SR830-Thread,Komunkiations Test für SR830 und OSTECH,,,
2026-09-15,10:12:27,850,KOM_Test,SR830,T,FREQ,1000,result im SR830-Thread,Komunkiations Test für SR830 und OSTECH,,,
2026-09-15,10:12:27,953,KOM_Test,SR830,T,"SNAP 1,2,3,4,10,11","0,0,0,90,0,0",result im SR830-Thread,Komunkiations Test für SR830 und OSTECH,,,
2026-09-15,10:12:28,083,KOM_Test,SR830,T,"SNAP 5,6,7,8,9","0.003,0.00633333,0.000666667,-0.000666667,1000",result im SR830-Thread,Komunkiations Test für SR830 und OSTECH,,,
2026-09-15,10:12:28,106,KOM_Test,SR830,T,PHAS,0,result im SR830-Thread,Komunkiations Test für SR830 und OSTECH,,,
2026-09-15,10:12:28,132,KOM_Test,SR830,T,FREQ,1000,result im SR830-Thread,Komunkiations Test für SR830 und OSTECH,,,
2026-09-15,10:12:28,284,KOM_Test,SR830,T,"SNAP 1,2,3,4,10,11","0,-0.000122071,6.10356e-005,-63.438,0,-0.000122071",result im SR830-Thread,Komunkiations Test für SR830 und OSTECH,,,
2026-09-15,10:12:28,429,KOM_Test,SR830,T,"SNAP 5,6,7,8,9","-0.00166667,0.00633333,-0.000666667,-0.000666667,1000",result im SR830-Thread,Komunkiations Test für SR830 und OSTECH,,,
2026-09-15,10:12:28,437,KOM_Test,SR830,T,PHAS,0,result im SR830-Thread,Komunkiations Test für SR830 und OSTECH,,,
2026-09-15,10:12:28,464,KOM_Test,SR830,T,FREQ,1000,result im SR830-Thread,Komunkiations Test für SR830 und OSTECH,,,
2026-09-15,10:12:28,561,KOM_Test,SR830,T,"SNAP 1,2,3,4,10,11","0,0,0,0,0,0",result im SR830-Thread,Komunkiations Test für SR830 und OSTECH,,,
2026-09-15,10:12:28,684,KOM_Test,SR830,T,"SNAP 5,6,7,8,9","-0.00466667,0.00366667,-0.00333333,-0.00233333,1000",result im SR830-Thread,Komunkiations Test für SR830 und OSTECH,,,
2026-09-15,10:12:28,698,KOM_Test,SR830,T,PHAS,0,result im SR830-Thread,Komunkiations Test für SR830 und OSTECH,,,
2026-09-15,10:12:28,724,KOM_Test,SR830,T,FREQ,1000,result im SR830-Thread,Komunkiations Test für SR830 und OSTECH,,,
2026-09-15,10:12:28,811,KOM_Test,SR830,T,"SNAP 1,2,3,4,10,11","0,0,0,0,0,0",result im SR830-Thread,Komunkiations Test für SR830 und OSTECH,,,
2026-09-15,10:12:28,922,KOM_Test,SR830,T,"SNAP 5,6,7,8,9","-0.002,0.00633333,0.000666667,0.002,1000",result im SR830-Thread,Komunkiations Test für SR830 und OSTECH,,,
2026-09-15,10:12:28,931,KOM_Test,SR830,T,PHAS,0,result im SR830-Thread,Komunkiations Test für SR830 und OSTECH,,,
2026-09-15,10:12:28,955,KOM_Test,SR830,T,FREQ,1000,result im SR830-Thread,Komunkiations Test für SR830 und OSTECH,,,
2026-09-15,10:12:29,059,KOM_Test,SR830,T,"SNAP 1,2,3,4,10,11","0,0,0,90,0,0",result im SR830-Thread,Komunkiations Test für SR830 und OSTECH,,,
2026-09-15,10:12:29,187,KOM_Test,SR830,T,"SNAP 5,6,7,8,9","-0.000666667,0.00666667,-0.000666667,-0.002,1000",result im SR830-Thread,Komunkiations Test für SR830 und OSTECH,,,
2026-09-15,10:12:29,204,KOM_Test,SR830,T,PHAS,0,result im SR830-Thread,Komunkiations Test für SR830 und OSTECH,,,
2026-09-15,10:12:29,224,KOM_Test,SR830,T,FREQ,1000,result im SR830-Thread,Komunkiations Test für SR830 und OSTECH,,,
2026-09-15,10:12:29,320,KOM_Test,SR830,T,"SNAP 1,2,3,4,10,11","0,0,0,90,0,0",result im SR830-Thread,Komunkiations Test für SR830 und OSTECH,,,
2026-09-15,10:12:29,456,KOM_Test,SR830,T,"SNAP 5,6,7,8,9","-0.00166667,0.00766667,0.00233333,0.000666667,1000",result im SR830-Thread,Komunkiations Test für SR830 und OSTECH,,,
2026-09-15,10:12:29,477,KOM_Test,SR830,T,PHAS,0,result im SR830-Thread,Komunkiations Test für SR830 und OSTECH,,,
2026-09-15,10:12:29,501,KOM_Test,SR830,T,FREQ,1000,result im SR830-Thread,Komunkiations Test für SR830 und OSTECH,,,
2026-09-15,10:12:29,594,KOM_Test,SR830,T,"SNAP 1,2,3,4,10,11","0,0,0,0,0,0",result im SR830-Thread,Komunkiations Test für SR830 und OSTECH,,,
2026-09-15,10:12:29,721,KOM_Test,SR830,T,"SNAP 5,6,7,8,9","-0.002,0.00633333,-0.000666667,-0.000666667,1000",result im SR830-Thread,Komunkiations Test für SR830 und OSTECH,,,
2026-09-15,10:12:29,741,KOM_Test,SR830,T,PHAS,0,result im SR830-Thread,Komunkiations Test für SR830 und OSTECH,,,
2026-09-15,10:12:29,768,KOM_Test,SR830,T,FREQ,1000,result im SR830-Thread,Komunkiations Test für SR830 und OSTECH,,,
2026-09-15,10:12:29,871,KOM_Test,SR830,T,"SNAP 1,2,3,4,10,11","0,0,0,0,0,0",result im SR830-Thread,Komunkiations Test für SR830 und OSTECH,,,
2026-09-15,10:12:29,978,KOM_Test,SR830,T,"SNAP 5,6,7,8,9","-0.00466667,0.003,-0.00233333,-0.001,1000",result im SR830-Thread,Komunkiations Test für SR830 und OSTECH,,,
2026-09-15,10:12:29,998,KOM_Test,SR830,T,PHAS,0,result im SR830-Thread,Komunkiations Test für SR830 und OSTECH,,,
2026-09-15,10:12:30,021,KOM_Test,SR830,T,FREQ,1000,result im SR830-Thread,Komunkiations Test für SR830 und OSTECH,,,
2026-09-15,10:12:30,128,KOM_Test,SR830,T,"SNAP 1,2,3,4,10,11","0,0,0,45,0,0",result im SR830-Thread,Komunkiations Test für SR830 und OSTECH,,,
2026-09-15,10:12:30,258,KOM_Test,SR830,T,"SNAP 5,6,7,8,9","-0.000333333,0.005,0.00233333,-0.000666667,1000",result im SR830-Thread,Komunkiations Test für SR830 und OSTECH,,,
2026-09-15,10:12:30,286,KOM_Test,SR830,T,PHAS,0,result im SR830-Thread,Komunkiations Test für SR830 und OSTECH,,,
2026-09-15,10:12:30,309,KOM_Test,SR830,T,FREQ,1000,result im SR830-Thread,Komunkiations Test für SR830 und OSTECH,,,
2026-09-15,10:12:30,411,KOM_Test,SR830,T,"SNAP 1,2,3,4,10,11","0,0,0,0,0,0",result im SR830-Thread,Komunkiations Test für SR830 und OSTECH,,,
2026-09-15,10:12:30,516,KOM_Test,SR830,T,"SNAP 5,6,7,8,9","-0.002,0.008,-0.000666667,0.001,1000",result im SR830-Thread,Komunkiations Test für SR830 und OSTECH,,,
2026-09-15,10:12:30,538,KOM_Test,SR830,T,PHAS,0,result im SR830-Thread,Komunkiations Test für SR830 und OSTECH,,,
2026-09-15,10:12:30,558,KOM_Test,SR830,T,FREQ,1000,result im SR830-Thread,Komunkiations Test für SR830 und OSTECH,,,
2026-09-15,10:12:30,655,KOM_Test,SR830,T,"SNAP 1,2,3,4,10,11","0,0,0,0,0,0",result im SR830-Thread,Komunkiations Test für SR830 und OSTECH,,,
2026-09-15,10:12:30,772,KOM_Test,SR830,T,"SNAP 5,6,7,8,9","-0.00166667,0.005,0.00233333,0.00266667,1000",result im SR830-Thread,Komunkiations Test für SR830 und OSTECH,,,
2026-09-15,10:12:30,798,KOM_Test,SR830,T,PHAS,0,result im SR830-Thread,Komunkiations Test für SR830 und OSTECH,,,
2026-09-15,10:12:30,818,KOM_Test,SR830,T,FREQ,1000,result im SR830-Thread,Komunkiations Test für SR830 und OSTECH,,,
2026-09-15,10:12:30,924,KOM_Test,SR830,T,"SNAP 1,2,3,4,10,11","0,0,0,90,0,0",result im SR830-Thread,Komunkiations Test für SR830 und OSTECH,,,
2026-09-15,10:12:31,043,KOM_Test,SR830,T,"SNAP 5,6,7,8,9","-0.00166667,0.005,0.000666667,0.001,1000",result im SR830-Thread,Komunkiations Test für SR830 und OSTECH,,,
2026-09-15,10:12:31,056,KOM_Test,SR830,T,PHAS,0,result im SR830-Thread,Komunkiations Test für SR830 und OSTECH,,,
2026-09-15,10:12:31,073,KOM_Test,SR830,T,FREQ,1000,result im SR830-Thread,Komunkiations Test für SR830 und OSTECH,,,
2026-09-15,10:12:31,221,KOM_Test,SR830,T,"SNAP 1,2,3,4,10,11","-6.10356e-005,-6.10356e-005,0,-135,-6.10356e-005,-6.10356e-005",result im SR830-Thread,Komunkiations Test für SR830 und OSTECH,,,
2026-09-15,10:12:31,366,KOM_Test,SR830,T,"SNAP 5,6,7,8,9","-0.00166667,0.00666667,-0.000666667,-0.000666667,1000",result im SR830-Thread,Komunkiations Test für SR830 und OSTECH,,,
2026-09-15,10:12:31,378,KOM_Test,SR830,T,PHAS,0,result im SR830-Thread,Komunkiations Test für SR830 und OSTECH,,,
2026-09-15,10:12:31,398,KOM_Test,SR830,T,FREQ,1000,result im SR830-Thread,Komunkiations Test für SR830 und OSTECH,,,
2026-09-15,10:12:31,587,KOM_Test,SR830,T,"SNAP 1,2,3,4,10,11","-0.000122071,-6.10356e-005,6.10356e-005,-161.568,-0.000122071,-6.10356e-005",result im SR830-Thread,Komunkiations Test für SR830 und OSTECH,,,
2026-09-15,10:12:31,698,KOM_Test,SR830,T,"SNAP 5,6,7,8,9","-0.000666667,0.003,-0.000333333,-0.002,1000",result im SR830-Thread,Komunkiations Test für SR830 und OSTECH,,,
2026-09-15,10:12:31,716,KOM_Test,SR830,T,PHAS,0,result im SR830-Thread,Komunkiations Test für SR830 und OSTECH,,,
2026-09-15,10:12:31,741,KOM_Test,SR830,T,FREQ,1000,result im SR830-Thread,Komunkiations Test für SR830 und OSTECH,,,
2026-09-15,10:12:31,901,KOM_Test,SR830,T,"SNAP 1,2,3,4,10,11","6.10356e-005,0,6.10356e-005,26.562,6.10356e-005,0",result im SR830-Thread,Komunkiations Test für SR830 und OSTECH,,,
2026-09-15,10:12:32,027,KOM_Test,SR830,T,"SNAP 5,6,7,8,9","0.00133333,0.00633333,0.000666667,0.000666667,1000",result im SR830-Thread,Komunkiations Test für SR830 und OSTECH,,,
2026-09-15,10:12:32,043,KOM_Test,SR830,T,PHAS,0,result im SR830-Thread,Komunkiations Test für SR830 und OSTECH,,,
2026-09-15,10:12:32,067,KOM_Test,SR830,T,FREQ,1000,result im SR830-Thread,Komunkiations Test für SR830 und OSTECH,,,
2026-09-15,10:12:32,155,KOM_Test,SR830,T,"SNAP 1,2,3,4,10,11","0,0,0,45,0,0",result im SR830-Thread,Komunkiations Test für SR830 und OSTECH,,,
2026-09-15,10:12:32,293,KOM_Test,SR830,T,"SNAP 5,6,7,8,9","-0.00333333,0.00633333,0.000666667,-0.000666667,1000",result im SR830-Thread,Komunkiations Test für SR830 und OSTECH,,,
2026-09-15,10:12:32,313,KOM_Test,SR830,T,PHAS,0,result im SR830-Thread,Komunkiations Test für SR830 und OSTECH,,,
2026-09-15,10:12:32,339,KOM_Test,SR830,T,FREQ,1000,result im SR830-Thread,Komunkiations Test für SR830 und OSTECH,,,
2026-09-15,10:12:32,472,KOM_Test,SR830,T,"SNAP 1,2,3,4,10,11","6.10356e-005,0,6.10356e-005,0,6.10356e-005,0",result im SR830-Thread,Komunkiations Test für SR830 und OSTECH,,,
2026-09-15,10:12:32,597,KOM_Test,SR830,T,"SNAP 5,6,7,8,9","-0.00333333,0.005,0.00233333,0.000666667,1000",result im SR830-Thread,Komunkiations Test für SR830 und OSTECH,,,
2026-09-15,10:12:32,613,KOM_Test,SR830,T,PHAS,0,result im SR830-Thread,Komunkiations Test für SR830 und OSTECH,,,
2026-09-15,10:12:32,640,KOM_Test,SR830,T,FREQ,1000,result im SR830-Thread,Komunkiations Test für SR830 und OSTECH,,,
2026-09-15,10:12:32,750,KOM_Test,SR830,T,"SNAP 1,2,3,4,10,11","0,0,0,45,0,0",result im SR830-Thread,Komunkiations Test für SR830 und OSTECH,,,
2026-09-15,10:12:32,872,KOM_Test,SR830,T,"SNAP 5,6,7,8,9","-0.000666667,0.00466667,0.001,-0.000666667,1000",result im SR830-Thread,Komunkiations Test für SR830 und OSTECH,,,
2026-09-15,10:12:32,889,KOM_Test,SR830,T,PHAS,0,result im SR830-Thread,Komunkiations Test für SR830 und OSTECH,,,
2026-09-15,10:12:32,918,KOM_Test,SR830,T,FREQ,1000,result im SR830-Thread,Komunkiations Test für SR830 und OSTECH,,,
2026-09-15,10:12:33,056,KOM_Test,SR830,T,"SNAP 1,2,3,4,10,11","0,-0.000122071,6.10356e-005,-90,0,-0.000122071",result im SR830-Thread,Komunkiations Test für SR830 und OSTECH,,,
2026-09-15,10:12:33,182,KOM_Test,SR830,T,"SNAP 5,6,7,8,9","-0.00666667,0.00466667,-0.000666667,-0.001,1000",result im SR830-Thread,Komunkiations Test für SR830 und OSTECH,,,
2026-09-15,10:12:33,202,KOM_Test,SR830,T,PHAS,0,result im SR830-Thread,Komunkiations Test für SR830 und OSTECH,,,
2026-09-15,10:12:33,234,KOM_Test,SR830,T,FREQ,1000,result im SR830-Thread,Komunkiations Test für SR830 und OSTECH,,,
2026-09-15,10:12:33,340,KOM_Test,SR830,T,"SNAP 1,2,3,4,10,11","0,0,0,0,0,0",result im SR830-Thread,Komunkiations Test für SR830 und OSTECH,,,
2026-09-15,10:12:33,465,KOM_Test,SR830,T,"SNAP 5,6,7,8,9","-0.00366667,0.00633333,-0.000333333,0.00266667,1000",result im SR830-Thread,Komunkiations Test für SR830 und OSTECH,,,
2026-09-15,10:12:33,492,KOM_Test,SR830,T,PHAS,0,result im SR830-Thread,Komunkiations Test für SR830 und OSTECH,,,
2026-09-15,10:12:33,514,KOM_Test,SR830,T,FREQ,1000,result im SR830-Thread,Komunkiations Test für SR830 und OSTECH,,,
2026-09-15,10:12:33,655,KOM_Test,SR830,T,"SNAP 1,2,3,4,10,11","0,-6.10356e-005,0,-45,0,-6.10356e-005",result im SR830-Thread,Komunkiations Test für SR830 und OSTECH,,,
2026-09-15,10:12:33,779,KOM_Test,SR830,T,"SNAP 5,6,7,8,9","-0.000666667,0.005,0.001,0.001,1000",result im SR830-Thread,Komunkiations Test für SR830 und OSTECH,,,
2026-09-15,10:12:33,799,KOM_Test,SR830,T,PHAS,0,result im SR830-Thread,Komunkiations Test für SR830 und OSTECH,,,
2026-09-15,10:12:33,825,KOM_Test,SR830,T,FREQ,1000,result im SR830-Thread,Komunkiations Test für SR830 und OSTECH,,,
2026-09-15,10:12:33,952,KOM_Test,SR830,T,"SNAP 1,2,3,4,10,11","0,-6.10356e-005,0,-90,0,-6.10356e-005",result im SR830-Thread,Komunkiations Test für SR830 und OSTECH,,,
2026-09-15,10:12:34,069,KOM_Test,SR830,T,"SNAP 5,6,7,8,9","-0.000666667,0.005,0.001,-0.000666667,1000",result im SR830-Thread,Komunkiations Test für SR830 und OSTECH,,,
2026-09-15,10:12:34,095,KOM_Test,SR830,T,PHAS,0,result im SR830-Thread,Komunkiations Test für SR830 und OSTECH,,,
2026-09-15,10:12:34,127,KOM_Test,SR830,T,FREQ,1000,result im SR830-Thread,Komunkiations Test für SR830 und OSTECH,,,
2026-09-15,10:12:34,303,KOM_Test,SR830,T,"SNAP 1,2,3,4,10,11","-6.10356e-005,-0.000122071,6.10356e-005,-108.432,-6.10356e-005,-0.000122071",result im SR830-Thread,Komunkiations Test für SR830 und OSTECH,,,
2026-09-15,10:12:34,440,KOM_Test,SR830,T,"SNAP 5,6,7,8,9","-0.000333333,0.005,0.000666667,0.000666667,1000",result im SR830-Thread,Komunkiations Test für SR830 und OSTECH,,,
2026-09-15,10:12:34,465,KOM_Test,SR830,T,PHAS,0,result im SR830-Thread,Komunkiations Test für SR830 und OSTECH,,,
2026-09-15,10:12:34,490,KOM_Test,SR830,T,FREQ,1000,result im SR830-Thread,Komunkiations Test für SR830 und OSTECH,,,
2026-09-15,10:12:34,629,KOM_Test,SR830,T,"SNAP 1,2,3,4,10,11","0,-6.10356e-005,0,-90,0,-6.10356e-005",result im SR830-Thread,Komunkiations Test für SR830 und OSTECH,,,
2026-09-15,10:12:34,743,KOM_Test,SR830,T,"SNAP 5,6,7,8,9","-0.002,0.005,0.001,-0.000666667,1000",result im SR830-Thread,Komunkiations Test für SR830 und OSTECH,,,
2026-09-15,10:12:34,767,KOM_Test,SR830,T,PHAS,0,result im SR830-Thread,Komunkiations Test für SR830 und OSTECH,,,
2026-09-15,10:12:34,792,KOM_Test,SR830,T,FREQ,1000,result im SR830-Thread,Komunkiations Test für SR830 und OSTECH,,,
2026-09-15,10:12:34,923,KOM_Test,SR830,T,"SNAP 1,2,3,4,10,11","0,-6.10356e-005,0,-90,0,-6.10356e-005",result im SR830-Thread,Komunkiations Test für SR830 und OSTECH,,,
2026-09-15,10:12:35,052,KOM_Test,SR830,T,"SNAP 5,6,7,8,9","-0.00333333,0.00666667,-0.00333333,0.00266667,1000",result im SR830-Thread,Komunkiations Test für SR830 und OSTECH,,,
2026-09-15,10:12:35,069,KOM_Test,SR830,T,PHAS,0,result im SR830-Thread,Komunkiations Test für SR830 und OSTECH,,,
2026-09-15,10:12:35,091,KOM_Test,SR830,T,FREQ,1000,result im SR830-Thread,Komunkiations Test für SR830 und OSTECH,,,
2026-09-15,10:12:35,181,KOM_Test,SR830,T,"SNAP 1,2,3,4,10,11","0,0,0,0,0,0",result im SR830-Thread,Komunkiations Test für SR830 und OSTECH,,,
2026-09-15,10:12:35,302,KOM_Test,SR830,T,"SNAP 5,6,7,8,9","-0.000333333,0.003,-0.000666667,0.00533333,1000",result im SR830-Thread,Komunkiations Test für SR830 und OSTECH,,,
2026-09-15,10:12:35,319,KOM_Test,SR830,T,PHAS,0,result im SR830-Thread,Komunkiations Test für SR830 und OSTECH,,,
2026-09-15,10:12:35,352,KOM_Test,SR830,T,FREQ,1000,result im SR830-Thread,Komunkiations Test für SR830 und OSTECH,,,
2026-09-15,10:12:35,488,KOM_Test,SR830,T,"SNAP 1,2,3,4,10,11","0,-0.000122071,6.10356e-005,-90,0,-0.000122071",result im SR830-Thread,Komunkiations Test für SR830 und OSTECH,,,
2026-09-15,10:12:35,615,KOM_Test,SR830,T,"SNAP 5,6,7,8,9","-0.00333333,0.00466667,-0.00233333,0.000666667,1000",result im SR830-Thread,Komunkiations Test für SR830 und OSTECH,,,
2026-09-15,10:12:35,630,KOM_Test,SR830,T,PHAS,0,result im SR830-Thread,Komunkiations Test für SR830 und OSTECH,,,
2026-09-15,10:12:35,653,KOM_Test,SR830,T,FREQ,1000,result im SR830-Thread,Komunkiations Test für SR830 und OSTECH,,,
2026-09-15,10:12:35,760,KOM_Test,SR830,T,"SNAP 1,2,3,4,10,11","0,0,0,90,0,0",result im SR830-Thread,Komunkiations Test für SR830 und OSTECH,,,
2026-09-15,10:12:35,875,KOM_Test,SR830,T,"SNAP 5,6,7,8,9","-0.00366667,0.003,0.001,-0.000666667,1000",result im SR830-Thread,Komunkiations Test für SR830 und OSTECH,,,
2026-09-15,10:12:35,903,KOM_Test,SR830,T,PHAS,0,result im SR830-Thread,Komunkiations Test für SR830 und OSTECH,,,
2026-09-15,10:12:35,927,KOM_Test,SR830,T,FREQ,1000,result im SR830-Thread,Komunkiations Test für SR830 und OSTECH,,,
2026-09-15,10:12:36,051,KOM_Test,SR830,T,"SNAP 1,2,3,4,10,11","0,-6.10356e-005,0,-90,0,-6.10356e-005",result im SR830-Thread,Komunkiations Test für SR830 und OSTECH,,,
2026-09-15,10:12:36,172,KOM_Test,SR830,T,"SNAP 5,6,7,8,9","-0.000666667,0.005,0.000666667,-0.000666667,1000",result im SR830-Thread,Komunkiations Test für SR830 und OSTECH,,,
2026-09-15,10:12:36,186,KOM_Test,SR830,T,PHAS,0,result im SR830-Thread,Komunkiations Test für SR830 und OSTECH,,,
2026-09-15,10:12:36,222,KOM_Test,SR830,T,FREQ,1000,result im SR830-Thread,Komunkiations Test für SR830 und OSTECH,,,
2026-09-15,10:12:36,346,KOM_Test,SR830,T,"SNAP 1,2,3,4,10,11","-6.10356e-005,0,0,180,-6.10356e-005,0",result im SR830-Thread,Komunkiations Test für SR830 und OSTECH,,,
2026-09-15,10:12:36,459,KOM_Test,SR830,T,"SNAP 5,6,7,8,9","-0.00166667,0.003,-0.000666667,-0.004,1000",result im SR830-Thread,Komunkiations Test für SR830 und OSTECH,,,
2026-09-15,10:12:36,479,KOM_Test,SR830,T,PHAS,0,result im SR830-Thread,Komunkiations Test für SR830 und OSTECH,,,
2026-09-15,10:12:36,502,KOM_Test,SR830,T,FREQ,1000,result im SR830-Thread,Komunkiations Test für SR830 und OSTECH,,,
2026-09-15,10:12:36,603,KOM_Test,SR830,T,"SNAP 1,2,3,4,10,11","0,0,0,45,0,0",result im SR830-Thread,Komunkiations Test für SR830 und OSTECH,,,
2026-09-15,10:12:36,723,KOM_Test,SR830,T,"SNAP 5,6,7,8,9","-0.000666667,0.00666667,0.001,-0.001,1000",result im SR830-Thread,Komunkiations Test für SR830 und OSTECH,,,
2026-09-15,10:12:36,743,KOM_Test,SR830,T,PHAS,0,result im SR830-Thread,Komunkiations Test für SR830 und OSTECH,,,
2026-09-15,10:12:36,771,KOM_Test,SR830,T,FREQ,1000,result im SR830-Thread,Komunkiations Test für SR830 und OSTECH,,,
2026-09-15,10:12:36,921,KOM_Test,SR830,T,"SNAP 1,2,3,4,10,11","6.10356e-005,0,6.10356e-005,26.562,6.10356e-005,0",result im SR830-Thread,Komunkiations Test für SR830 und OSTECH,,,
2026-09-15,10:12:37,037,KOM_Test,SR830,T,"SNAP 5,6,7,8,9","-0.00333333,0.003,-0.000666667,-0.002,1000",result im SR830-Thread,Komunkiations Test für SR830 und OSTECH,,,
2026-09-15,10:12:37,058,KOM_Test,SR830,T,PHAS,0,result im SR830-Thread,Komunkiations Test für SR830 und OSTECH,,,
2026-09-15,10:12:37,078,KOM_Test,SR830,T,FREQ,1000,result im SR830-Thread,Komunkiations Test für SR830 und OSTECH,,,
2026-09-15,10:12:37,205,KOM_Test,SR830,T,"SNAP 1,2,3,4,10,11","-6.10356e-005,0,0,135,-6.10356e-005,0",result im SR830-Thread,Komunkiations Test für SR830 und OSTECH,,,
2026-09-15,10:12:37,324,KOM_Test,SR830,T,"SNAP 5,6,7,8,9","-0.00166667,0.005,0.001,-0.001,1000",result im SR830-Thread,Komunkiations Test für SR830 und OSTECH,,,
2026-09-15,10:12:37,333,KOM_Test,SR830,T,PHAS,0,result im SR830-Thread,Komunkiations Test für SR830 und OSTECH,,,
2026-09-15,10:12:37,358,KOM_Test,SR830,T,FREQ,1000,result im SR830-Thread,Komunkiations Test für SR830 und OSTECH,,,
2026-09-15,10:12:37,462,KOM_Test,SR830,T,"SNAP 1,2,3,4,10,11","0,0,0,0,0,0",result im SR830-Thread,Komunkiations Test für SR830 und OSTECH,,,
2026-09-15,10:12:37,590,KOM_Test,SR830,T,"SNAP 5,6,7,8,9","-0.00366667,0.00466667,0.00233333,0.000666667,1000",result im SR830-Thread,Komunkiations Test für SR830 und OSTECH,,,
2026-09-15,10:12:37,612,KOM_Test,SR830,T,PHAS,0,result im SR830-Thread,Komunkiations Test für SR830 und OSTECH,,,
2026-09-15,10:12:37,637,KOM_Test,SR830,T,FREQ,1000,result im SR830-Thread,Komunkiations Test für SR830 und OSTECH,,,
2026-09-15,10:12:37,765,KOM_Test,SR830,T,"SNAP 1,2,3,4,10,11","-6.10356e-005,0,0,135,-6.10356e-005,0",result im SR830-Thread,Komunkiations Test für SR830 und OSTECH,,,
2026-09-15,10:12:37,884,KOM_Test,SR830,T,"SNAP 5,6,7,8,9","-0.00166667,0.00633333,0.00233333,-0.001,1000",result im SR830-Thread,Komunkiations Test für SR830 und OSTECH,,,
2026-09-15,10:12:37,905,KOM_Test,SR830,T,PHAS,0,result im SR830-Thread,Komunkiations Test für SR830 und OSTECH,,,
2026-09-15,10:12:37,926,KOM_Test,SR830,T,FREQ,1000,result im SR830-Thread,Komunkiations Test für SR830 und OSTECH,,,
2026-09-15,10:12:38,065,KOM_Test,SR830,T,"SNAP 1,2,3,4,10,11","-6.10356e-005,0,0,180,-6.10356e-005,0",result im SR830-Thread,Komunkiations Test für SR830 und OSTECH,,,
2026-09-15,10:12:38,177,KOM_Test,SR830,T,"SNAP 5,6,7,8,9","-0.000666667,0.005,-0.002,-0.000666667,1000",result im SR830-Thread,Komunkiations Test für SR830 und OSTECH,,,
2026-09-15,10:12:38,191,KOM_Test,SR830,T,PHAS,0,result im SR830-Thread,Komunkiations Test für SR830 und OSTECH,,,
2026-09-15,10:12:38,209,KOM_Test,SR830,T,FREQ,1000,result im SR830-Thread,Komunkiations Test für SR830 und OSTECH,,,
2026-09-15,10:12:38,347,KOM_Test,SR830,T,"SNAP 1,2,3,4,10,11","6.10356e-005,0,6.10356e-005,0,6.10356e-005,0",result im SR830-Thread,Komunkiations Test für SR830 und OSTECH,,,
2026-09-15,10:12:38,478,KOM_Test,SR830,T,"SNAP 5,6,7,8,9","-0.00333333,0.00466667,-0.000333333,-0.000666667,1000",result im SR830-Thread,Komunkiations Test für SR830 und OSTECH,,,
2026-09-15,10:12:38,493,KOM_Test,SR830,T,PHAS,0,result im SR830-Thread,Komunkiations Test für SR830 und OSTECH,,,
2026-09-15,10:12:38,509,KOM_Test,SR830,T,FREQ,1000,result im SR830-Thread,Komunkiations Test für SR830 und OSTECH,,,
2026-09-15,10:12:38,643,KOM_Test,SR830,T,"SNAP 1,2,3,4,10,11","0,-6.10356e-005,0,-45,0,-6.10356e-005",result im SR830-Thread,Komunkiations Test für SR830 und OSTECH,,,
2026-09-15,10:12:38,757,KOM_Test,SR830,T,"SNAP 5,6,7,8,9","-0.000666667,0.00766667,-0.002,-0.001,1000",result im SR830-Thread,Komunkiations Test für SR830 und OSTECH,,,
2026-09-15,10:12:38,774,KOM_Test,SR830,T,PHAS,0,result im SR830-Thread,Komunkiations Test für SR830 und OSTECH,,,
2026-09-15,10:12:38,799,KOM_Test,SR830,T,FREQ,1000,result im SR830-Thread,Komunkiations Test für SR830 und OSTECH,,,
2026-09-15,10:12:38,938,KOM_Test,SR830,T,"SNAP 1,2,3,4,10,11","6.10356e-005,0,6.10356e-005,0,6.10356e-005,0",result im SR830-Thread,Komunkiations Test für SR830 und OSTECH,,,
2026-09-15,10:12:39,075,KOM_Test,SR830,T,"SNAP 5,6,7,8,9","-0.000666667,0.00466667,-0.000666667,0.002,1000",result im SR830-Thread,Komunkiations Test für SR830 und OSTECH,,,
2026-09-15,10:12:39,096,KOM_Test,SR830,T,PHAS,0,result im SR830-Thread,Komunkiations Test für SR830 und OSTECH,,,
2026-09-15,10:12:39,113,KOM_Test,SR830,T,FREQ,1000,result im SR830-Thread,Komunkiations Test für SR830 und OSTECH,,,
2026-09-15,10:12:39,215,KOM_Test,SR830,T,"SNAP 1,2,3,4,10,11","0,0,0,90,0,0",result im SR830-Thread,Komunkiations Test für SR830 und OSTECH,,,
2026-09-15,10:12:39,327,KOM_Test,SR830,T,"SNAP 5,6,7,8,9","-0.000666667,0.00466667,-0.002,-0.004,1000",result im SR830-Thread,Komunkiations Test für SR830 und OSTECH,,,
2026-09-15,10:12:39,352,KOM_Test,SR830,T,PHAS,0,result im SR830-Thread,Komunkiations Test für SR830 und OSTECH,,,
2026-09-15,10:12:39,379,KOM_Test,SR830,T,FREQ,1000,result im SR830-Thread,Komunkiations Test für SR830 und OSTECH,,,
2026-09-15,10:12:39,524,KOM_Test,SR830,T,"SNAP 1,2,3,4,10,11","6.10356e-005,0,6.10356e-005,0,6.10356e-005,0",result im SR830-Thread,Komunkiations Test für SR830 und OSTECH,,,
2026-09-15,10:12:39,647,KOM_Test,SR830,T,"SNAP 5,6,7,8,9","-0.00166667,0.005,0.001,-0.002,1000",result im SR830-Thread,Komunkiations Test für SR830 und OSTECH,,,
2026-09-15,10:12:39,664,KOM_Test,SR830,T,PHAS,0,result im SR830-Thread,Komunkiations Test für SR830 und OSTECH,,,
2026-09-15,10:12:39,693,KOM_Test,SR830,T,FREQ,1000,result im SR830-Thread,Komunkiations Test für SR830 und OSTECH,,,
2026-09-15,10:12:39,790,KOM_Test,SR830,T,"SNAP 1,2,3,4,10,11","0,0,0,0,0,0",result im SR830-Thread,Komunkiations Test für SR830 und OSTECH,,,
2026-09-15,10:12:39,916,KOM_Test,SR830,T,"SNAP 5,6,7,8,9","-0.000666667,0.00466667,-0.000666667,-0.004,1000",result im SR830-Thread,Komunkiations Test für SR830 und OSTECH,,,
2026-09-15,10:12:39,935,KOM_Test,SR830,T,PHAS,0,result im SR830-Thread,Komunkiations Test für SR830 und OSTECH,,,
2026-09-15,10:12:39,960,KOM_Test,SR830,T,FREQ,1000,result im SR830-Thread,Komunkiations Test für SR830 und OSTECH,,,
2026-09-15,10:12:40,088,KOM_Test,SR830,T,"SNAP 1,2,3,4,10,11","-6.10356e-005,0,0,135,-6.10356e-005,0",result im SR830-Thread,Komunkiations Test für SR830 und OSTECH,,,
2026-09-15,10:12:40,203,KOM_Test,SR830,T,"SNAP 5,6,7,8,9","-0.00333333,0.005,0.000666667,-0.001,1000",result im SR830-Thread,Komunkiations Test für SR830 und OSTECH,,,
2026-09-15,10:12:40,220,KOM_Test,SR830,T,PHAS,0,result im SR830-Thread,Komunkiations Test für SR830 und OSTECH,,,
2026-09-15,10:12:40,244,KOM_Test,SR830,T,FREQ,1000,result im SR830-Thread,Komunkiations Test für SR830 und OSTECH,,,
2026-09-15,10:12:40,419,KOM_Test,SR830,T,"SNAP 1,2,3,4,10,11","-6.10356e-005,6.10356e-005,6.10356e-005,116.562,-6.10356e-005,6.10356e-005",result im SR830-Thread,Komunkiations Test für SR830 und OSTECH,,,
2026-09-15,10:12:40,562,KOM_Test,SR830,T,"SNAP 5,6,7,8,9","-0.000666667,0.00466667,-0.000666667,0.000666667,1000",result im SR830-Thread,Komunkiations Test für SR830 und OSTECH,,,
2026-09-15,10:12:40,579,KOM_Test,SR830,T,PHAS,0,result im SR830-Thread,Komunkiations Test für SR830 und OSTECH,,,
2026-09-15,10:12:40,619,KOM_Test,SR830,T,FREQ,1000,result im SR830-Thread,Komunkiations Test für SR830 und OSTECH,,,
2026-09-15,10:12:40,772,KOM_Test,SR830,T,"SNAP 1,2,3,4,10,11","0,6.10356e-005,6.10356e-005,63.438,0,6.10356e-005",result im SR830-Thread,Komunkiations Test für SR830 und OSTECH,,,
2026-09-15,10:12:40,895,KOM_Test,SR830,T,"SNAP 5,6,7,8,9","-0.000666667,0.005,-0.000666667,-0.000666667,1000",result im SR830-Thread,Komunkiations Test für SR830 und OSTECH,,,
2026-09-15,10:12:40,918,KOM_Test,SR830,T,PHAS,0,result im SR830-Thread,Komunkiations Test für SR830 und OSTECH,,,
2026-09-15,10:12:40,945,KOM_Test,SR830,T,FREQ,1000,result im SR830-Thread,Komunkiations Test für SR830 und OSTECH,,,
2026-09-15,10:12:41,075,KOM_Test,SR830,T,"SNAP 1,2,3,4,10,11","0,-6.10356e-005,0,-45,0,-6.10356e-005",result im SR830-Thread,Komunkiations Test für SR830 und OSTECH,,,
2026-09-15,10:12:41,198,KOM_Test,SR830,T,"SNAP 5,6,7,8,9","-0.00166667,0.00466667,0.000666667,-0.001,1000",result im SR830-Thread,Komunkiations Test für SR830 und OSTECH,,,
2026-09-15,10:12:41,220,KOM_Test,SR830,T,PHAS,0,result im SR830-Thread,Komunkiations Test für SR830 und OSTECH,,,
2026-09-15,10:12:41,240,KOM_Test,SR830,T,FREQ,1000,result im SR830-Thread,Komunkiations Test für SR830 und OSTECH,,,
2026-09-15,10:12:41,384,KOM_Test,SR830,T,"SNAP 1,2,3,4,10,11","-6.10356e-005,0,0,135,-6.10356e-005,0",result im SR830-Thread,Komunkiations Test für SR830 und OSTECH,,,
2026-09-15,10:12:41,513,KOM_Test,SR830,T,"SNAP 5,6,7,8,9","-0.00166667,0.003,-0.000333333,0.000666667,1000",result im SR830-Thread,Komunkiations Test für SR830 und OSTECH,,,
2026-09-15,10:12:41,528,KOM_Test,SR830,T,PHAS,0,result im SR830-Thread,Komunkiations Test für SR830 und OSTECH,,,
2026-09-15,10:12:41,561,KOM_Test,SR830,T,FREQ,1000,result im SR830-Thread,Komunkiations Test für SR830 und OSTECH,,,
2026-09-15,10:12:41,656,KOM_Test,SR830,T,"SNAP 1,2,3,4,10,11","0,0,0,0,0,0",result im SR830-Thread,Komunkiations Test für SR830 und OSTECH,,,
2026-09-15,10:12:41,786,KOM_Test,SR830,T,"SNAP 5,6,7,8,9","-0.000666667,0.00666667,0.000666667,-0.000666667,1000",result im SR830-Thread,Komunkiations Test für SR830 und OSTECH,,,
2026-09-15,10:12:41,810,KOM_Test,SR830,T,PHAS,0,result im SR830-Thread,Komunkiations Test für SR830 und OSTECH,,,
2026-09-15,10:12:41,844,KOM_Test,SR830,T,FREQ,1000,result im SR830-Thread,Komunkiations Test für SR830 und OSTECH,,,
2026-09-15,10:12:41,942,KOM_Test,SR830,T,"SNAP 1,2,3,4,10,11","0,0,0,90,0,0",result im SR830-Thread,Komunkiations Test für SR830 und OSTECH,,,
2026-09-15,10:12:42,069,KOM_Test,SR830,T,"SNAP 5,6,7,8,9","-0.00166667,0.00466667,0.000666667,-0.001,1000",result im SR830-Thread,Komunkiations Test für SR830 und OSTECH,,,
2026-09-15,10:12:42,087,KOM_Test,SR830,T,PHAS,0,result im SR830-Thread,Komunkiations Test für SR830 und OSTECH,,,
2026-09-15,10:12:42,119,KOM_Test,SR830,T,FREQ,1000,result im SR830-Thread,Komunkiations Test für SR830 und OSTECH,,,
2026-09-15,10:12:42,217,KOM_Test,SR830,T,"SNAP 1,2,3,4,10,11","0,0,0,0,0,0",result im SR830-Thread,Komunkiations Test für SR830 und OSTECH,,,
2026-09-15,10:12:42,333,KOM_Test,SR830,T,"SNAP 5,6,7,8,9","-0.002,0.003,0.000666667,0.000666667,1000",result im SR830-Thread,Komunkiations Test für SR830 und OSTECH,,,
2026-09-15,10:12:42,350,KOM_Test,SR830,T,PHAS,0,result im SR830-Thread,Komunkiations Test für SR830 und OSTECH,,,
2026-09-15,10:12:42,376,KOM_Test,SR830,T,FREQ,1000,result im SR830-Thread,Komunkiations Test für SR830 und OSTECH,,,
2026-09-15,10:12:42,515,KOM_Test,SR830,T,"SNAP 1,2,3,4,10,11","-6.10356e-005,0,0,180,-6.10356e-005,0",result im SR830-Thread,Komunkiations Test für SR830 und OSTECH,,,
2026-09-15,10:12:42,635,KOM_Test,SR830,T,"SNAP 5,6,7,8,9","-0.002,0.005,-0.000333333,0.00566667,1000",result im SR830-Thread,Komunkiations Test für SR830 und OSTECH,,,
2026-09-15,10:12:42,664,KOM_Test,SR830,T,PHAS,0,result im SR830-Thread,Komunkiations Test für SR830 und OSTECH,,,
2026-09-15,10:12:42,692,KOM_Test,SR830,T,FREQ,1000,result im SR830-Thread,Komunkiations Test für SR830 und OSTECH,,,
2026-09-15,10:12:42,891,KOM_Test,SR830,T,"SNAP 1,2,3,4,10,11","-0.000122071,-6.10356e-005,6.10356e-005,-153.438,-0.000122071,-6.10356e-005",result im SR830-Thread,Komunkiations Test für SR830 und OSTECH,,,
2026-09-15,10:12:43,010,KOM_Test,SR830,T,"SNAP 5,6,7,8,9","-0.002,0.00466667,-0.000333333,0.00266667,1000",result im SR830-Thread,Komunkiations Test für SR830 und OSTECH,,,
2026-09-15,10:12:43,029,KOM_Test,SR830,T,PHAS,0,result im SR830-Thread,Komunkiations Test für SR830 und OSTECH,,,
2026-09-15,10:12:43,051,KOM_Test,SR830,T,FREQ,1000,result im SR830-Thread,Komunkiations Test für SR830 und OSTECH,,,
2026-09-15,10:12:43,169,KOM_Test,SR830,T,"SNAP 1,2,3,4,10,11","0,-6.10356e-005,0,-45,0,-6.10356e-005",result im SR830-Thread,Komunkiations Test für SR830 und OSTECH,,,
2026-09-15,10:12:43,293,KOM_Test,SR830,T,"SNAP 5,6,7,8,9","0.00133333,0.00766667,0.000666667,0.000666667,1000",result im SR830-Thread,Komunkiations Test für SR830 und OSTECH,,,
2026-09-15,10:12:43,315,KOM_Test,SR830,T,PHAS,0,result im SR830-Thread,Komunkiations Test für SR830 und OSTECH,,,
2026-09-15,10:12:43,341,KOM_Test,SR830,T,FREQ,1000,result im SR830-Thread,Komunkiations Test für SR830 und OSTECH,,,
2026-09-15,10:12:43,439,KOM_Test,SR830,T,"SNAP 1,2,3,4,10,11","0,0,0,0,0,0",result im SR830-Thread,Komunkiations Test für SR830 und OSTECH,,,
2026-09-15,10:12:43,550,KOM_Test,SR830,T,"SNAP 5,6,7,8,9","-0.00666667,0.003,0.001,-0.000666667,1000",result im SR830-Thread,Komunkiations Test für SR830 und OSTECH,,,
2026-09-15,10:12:43,571,KOM_Test,SR830,T,PHAS,0,result im SR830-Thread,Komunkiations Test für SR830 und OSTECH,,,
2026-09-15,10:12:43,591,KOM_Test,SR830,T,FREQ,1000,result im SR830-Thread,Komunkiations Test für SR830 und OSTECH,,,
2026-09-15,10:12:43,728,KOM_Test,SR830,T,"SNAP 1,2,3,4,10,11","-6.10356e-005,0,0,180,-6.10356e-005,0",result im SR830-Thread,Komunkiations Test für SR830 und OSTECH,,,
2026-09-15,10:12:43,856,KOM_Test,SR830,T,"SNAP 5,6,7,8,9","-0.000666667,0.00633333,-0.000333333,0.000666667,1000",result im SR830-Thread,Komunkiations Test für SR830 und OSTECH,,,
2026-09-15,10:12:43,871,KOM_Test,SR830,T,PHAS,0,result im SR830-Thread,Komunkiations Test für SR830 und OSTECH,,,
2026-09-15,10:12:43,895,KOM_Test,SR830,T,FREQ,1000,result im SR830-Thread,Komunkiations Test für SR830 und OSTECH,,,
2026-09-15,10:12:44,030,KOM_Test,SR830,T,"SNAP 1,2,3,4,10,11","-6.10356e-005,0,0,180,-6.10356e-005,0",result im SR830-Thread,Komunkiations Test für SR830 und OSTECH,,,
2026-09-15,10:12:44,159,KOM_Test,SR830,T,"SNAP 5,6,7,8,9","-0.00166667,0.00766667,-0.000666667,0.002,1000",result im SR830-Thread,Komunkiations Test für SR830 und OSTECH,,,
2026-09-15,10:12:44,178,KOM_Test,SR830,T,PHAS,0,result im SR830-Thread,Komunkiations Test für SR830 und OSTECH,,,
2026-09-15,10:12:44,200,KOM_Test,SR830,T,FREQ,1000,result im SR830-Thread,Komunkiations Test für SR830 und OSTECH,,,
2026-09-15,10:12:44,299,KOM_Test,SR830,T,"SNAP 1,2,3,4,10,11","0,0,0,0,0,0",result im SR830-Thread,Komunkiations Test für SR830 und OSTECH,,,
2026-09-15,10:12:44,414,KOM_Test,SR830,T,"SNAP 5,6,7,8,9","-0.00333333,0.005,-0.000333333,-0.005,1000",result im SR830-Thread,Komunkiations Test für SR830 und OSTECH,,,
2026-09-15,10:12:44,431,KOM_Test,SR830,T,PHAS,0,result im SR830-Thread,Komunkiations Test für SR830 und OSTECH,,,
2026-09-15,10:12:44,447,KOM_Test,SR830,T,FREQ,1000,result im SR830-Thread,Komunkiations Test für SR830 und OSTECH,,,
2026-09-15,10:12:44,545,KOM_Test,SR830,T,"SNAP 1,2,3,4,10,11","0,0,0,90,0,0",result im SR830-Thread,Komunkiations Test für SR830 und OSTECH,,,
2026-09-15,10:12:44,677,KOM_Test,SR830,T,"SNAP 5,6,7,8,9","-0.00166667,0.00466667,-0.000333333,0.000666667,1000",result im SR830-Thread,Komunkiations Test für SR830 und OSTECH,,,
2026-09-15,10:12:44,698,KOM_Test,SR830,T,PHAS,0,result im SR830-Thread,Komunkiations Test für SR830 und OSTECH,,,
2026-09-15,10:12:44,726,KOM_Test,SR830,T,FREQ,1000,result im SR830-Thread,Komunkiations Test für SR830 und OSTECH,,,
2026-09-15,10:12:44,883,KOM_Test,SR830,T,"SNAP 1,2,3,4,10,11","-0.000122071,0,6.10356e-005,180,-0.000122071,0",result im SR830-Thread,Komunkiations Test für SR830 und OSTECH,,,
2026-09-15,10:12:45,013,KOM_Test,SR830,T,"SNAP 5,6,7,8,9","-0.00366667,0.00633333,-0.000666667,-0.000666667,1000",result im SR830-Thread,Komunkiations Test für SR830 und OSTECH,,,
2026-09-15,10:12:45,033,KOM_Test,SR830,T,PHAS,0,result im SR830-Thread,Komunkiations Test für SR830 und OSTECH,,,
2026-09-15,10:12:45,062,KOM_Test,SR830,T,FREQ,1000,result im SR830-Thread,Komunkiations Test für SR830 und OSTECH,,,
2026-09-15,10:12:45,202,KOM_Test,SR830,T,"SNAP 1,2,3,4,10,11","-6.10356e-005,0,0,135,-6.10356e-005,0",result im SR830-Thread,Komunkiations Test für SR830 und OSTECH,,,
2026-09-15,10:12:45,335,KOM_Test,SR830,T,"SNAP 5,6,7,8,9","0.00133333,0.008,0.00233333,0.000666667,1000",result im SR830-Thread,Komunkiations Test für SR830 und OSTECH,,,
2026-09-15,10:12:45,352,KOM_Test,SR830,T,PHAS,0,result im SR830-Thread,Komunkiations Test für SR830 und OSTECH,,,
2026-09-15,10:12:45,381,KOM_Test,SR830,T,FREQ,1000,result im SR830-Thread,Komunkiations Test für SR830 und OSTECH,,,
2026-09-15,10:12:45,510,KOM_Test,SR830,T,"SNAP 1,2,3,4,10,11","0,-6.10356e-005,0,-90,0,-6.10356e-005",result im SR830-Thread,Komunkiations Test für SR830 und OSTECH,,,
2026-09-15,10:12:45,644,KOM_Test,SR830,T,"SNAP 5,6,7,8,9","-0.000666667,0.00633333,0.000666667,0.000666667,1000",result im SR830-Thread,Komunkiations Test für SR830 und OSTECH,,,
2026-09-15,10:12:45,663,KOM_Test,SR830,T,PHAS,0,result im SR830-Thread,Komunkiations Test für SR830 und OSTECH,,,
2026-09-15,10:12:45,690,KOM_Test,SR830,T,FREQ,1000,result im SR830-Thread,Komunkiations Test für SR830 und OSTECH,,,
2026-09-15,10:12:45,785,KOM_Test,SR830,T,"SNAP 1,2,3,4,10,11","0,0,0,0,0,0",result im SR830-Thread,Komunkiations Test für SR830 und OSTECH,,,
2026-09-15,10:12:45,913,KOM_Test,SR830,T,"SNAP 5,6,7,8,9","-0.00166667,0.00633333,0.001,0.000666667,1000",result im SR830-Thread,Komunkiations Test für SR830 und OSTECH,,,
2026-09-15,10:12:45,929,KOM_Test,SR830,T,PHAS,0,result im SR830-Thread,Komunkiations Test für SR830 und OSTECH,,,
2026-09-15,10:12:45,963,KOM_Test,SR830,T,FREQ,1000,result im SR830-Thread,Komunkiations Test für SR830 und OSTECH,,,
2026-09-15,10:12:46,094,KOM_Test,SR830,T,"SNAP 1,2,3,4,10,11","0,-6.10356e-005,0,-90,0,-6.10356e-005",result im SR830-Thread,Komunkiations Test für SR830 und OSTECH,,,
2026-09-15,10:12:46,219,KOM_Test,SR830,T,"SNAP 5,6,7,8,9","-0.00366667,0.00633333,0.000666667,-0.001,1000",result im SR830-Thread,Komunkiations Test für SR830 und OSTECH,,,
2026-09-15,10:12:46,246,KOM_Test,SR830,T,PHAS,0,result im SR830-Thread,Komunkiations Test für SR830 und OSTECH,,,
2026-09-15,10:12:46,278,KOM_Test,SR830,T,FREQ,1000,result im SR830-Thread,Komunkiations Test für SR830 und OSTECH,,,
2026-09-15,10:12:46,415,KOM_Test,SR830,T,"SNAP 1,2,3,4,10,11","-6.10356e-005,0,0,180,-6.10356e-005,0",result im SR830-Thread,Komunkiations Test für SR830 und OSTECH,,,
2026-09-15,10:12:46,544,KOM_Test,SR830,T,"SNAP 5,6,7,8,9","-0.00366667,0.00466667,0.000666667,0.000666667,1000",result im SR830-Thread,Komunkiations Test für SR830 und OSTECH,,,
2026-09-15,10:12:46,563,KOM_Test,SR830,T,PHAS,0,result im SR830-Thread,Komunkiations Test für SR830 und OSTECH,,,
2026-09-15,10:12:46,594,KOM_Test,SR830,T,FREQ,1000,result im SR830-Thread,Komunkiations Test für SR830 und OSTECH,,,
2026-09-15,10:12:46,716,KOM_Test,SR830,T,"SNAP 1,2,3,4,10,11","0,-6.10356e-005,0,-90,0,-6.10356e-005",result im SR830-Thread,Komunkiations Test für SR830 und OSTECH,,,
2026-09-15,10:12:46,844,KOM_Test,SR830,T,"SNAP 5,6,7,8,9","-0.000666667,0.00633333,-0.000333333,-0.00233333,1000",result im SR830-Thread,Komunkiations Test für SR830 und OSTECH,,,
2026-09-15,10:12:46,861,KOM_Test,SR830,T,PHAS,0,result im SR830-Thread,Komunkiations Test für SR830 und OSTECH,,,
2026-09-15,10:12:46,880,KOM_Test,SR830,T,FREQ,1000,result im SR830-Thread,Komunkiations Test für SR830 und OSTECH,,,
2026-09-15,10:12:46,976,KOM_Test,SR830,T,"SNAP 1,2,3,4,10,11","0,0,0,0,0,0",result im SR830-Thread,Komunkiations Test für SR830 und OSTECH,,,
2026-09-15,10:12:47,090,KOM_Test,SR830,T,"SNAP 5,6,7,8,9","-0.000666667,0.005,0.001,-0.001,1000",result im SR830-Thread,Komunkiations Test für SR830 und OSTECH,,,
2026-09-15,10:12:47,100,KOM_Test,SR830,T,PHAS,0,result im SR830-Thread,Komunkiations Test für SR830 und OSTECH,,,
2026-09-15,10:12:47,128,KOM_Test,SR830,T,FREQ,1000,result im SR830-Thread,Komunkiations Test für SR830 und OSTECH,,,
2026-09-15,10:12:47,261,KOM_Test,SR830,T,"SNAP 1,2,3,4,10,11","0,-6.10356e-005,0,-90,0,-6.10356e-005",result im SR830-Thread,Komunkiations Test für SR830 und OSTECH,,,
2026-09-15,10:12:47,391,KOM_Test,SR830,T,"SNAP 5,6,7,8,9","-0.000333333,0.00633333,-0.000333333,0.000666667,1000",result im SR830-Thread,Komunkiations Test für SR830 und OSTECH,,,
2026-09-15,10:12:47,415,KOM_Test,SR830,T,PHAS,0,result im SR830-Thread,Komunkiations Test für SR830 und OSTECH,,,
2026-09-15,10:12:47,445,KOM_Test,SR830,T,FREQ,1000,result im SR830-Thread,Komunkiations Test für SR830 und OSTECH,,,
2026-09-15,10:12:47,577,KOM_Test,SR830,T,"SNAP 1,2,3,4,10,11","-6.10356e-005,0,0,135,-6.10356e-005,0",result im SR830-Thread,Komunkiations Test für SR830 und OSTECH,,,
2026-09-15,10:12:47,710,KOM_Test,SR830,T,"SNAP 5,6,7,8,9","-0.00333333,0.005,-0.000666667,-0.000666667,1000",result im SR830-Thread,Komunkiations Test für SR830 und OSTECH,,,
2026-09-15,10:12:47,737,KOM_Test,SR830,T,PHAS,0,result im SR830-Thread,Komunkiations Test für SR830 und OSTECH,,,
2026-09-15,10:12:47,761,KOM_Test,SR830,T,FREQ,1000,result im SR830-Thread,Komunkiations Test für SR830 und OSTECH,,,
2026-09-15,10:12:47,852,KOM_Test,SR830,T,"SNAP 1,2,3,4,10,11","0,0,0,0,0,0",result im SR830-Thread,Komunkiations Test für SR830 und OSTECH,,,
2026-09-15,10:12:47,980,KOM_Test,SR830,T,"SNAP 5,6,7,8,9","-0.00166667,0.00666667,0.00233333,0.000666667,1000",result im SR830-Thread,Komunkiations Test für SR830 und OSTECH,,,
2026-09-15,10:12:48,005,KOM_Test,SR830,T,PHAS,0,result im SR830-Thread,Komunkiations Test für SR830 und OSTECH,,,
2026-09-15,10:12:48,031,KOM_Test,SR830,T,FREQ,1000,result im SR830-Thread,Komunkiations Test für SR830 und OSTECH,,,
2026-09-15,10:12:48,168,KOM_Test,SR830,T,"SNAP 1,2,3,4,10,11","0,-6.10356e-005,0,-90,0,-6.10356e-005",result im SR830-Thread,Komunkiations Test für SR830 und OSTECH,,,
2026-09-15,10:12:48,284,KOM_Test,SR830,T,"SNAP 5,6,7,8,9","-0.00466667,0.00766667,-0.000666667,-0.001,1000",result im SR830-Thread,Komunkiations Test für SR830 und OSTECH,,,
2026-09-15,10:12:48,306,KOM_Test,SR830,T,PHAS,0,result im SR830-Thread,Komunkiations Test für SR830 und OSTECH,,,
2026-09-15,10:12:48,328,KOM_Test,SR830,T,FREQ,1000,result im SR830-Thread,Komunkiations Test für SR830 und OSTECH,,,
2026-09-15,10:12:48,461,KOM_Test,SR830,T,"SNAP 1,2,3,4,10,11","0,-6.10356e-005,0,-90,0,-6.10356e-005",result im SR830-Thread,Komunkiations Test für SR830 und OSTECH,,,
2026-09-15,10:12:48,579,KOM_Test,SR830,T,"SNAP 5,6,7,8,9","-0.002,0.005,-0.000666667,-0.002,1000",result im SR830-Thread,Komunkiations Test für SR830 und OSTECH,,,
2026-09-15,10:12:48,599,KOM_Test,SR830,T,PHAS,0,result im SR830-Thread,Komunkiations Test für SR830 und OSTECH,,,
2026-09-15,10:12:48,623,KOM_Test,SR830,T,FREQ,1000,result im SR830-Thread,Komunkiations Test für SR830 und OSTECH,,,
2026-09-15,10:12:48,762,KOM_Test,SR830,T,"SNAP 1,2,3,4,10,11","-6.10356e-005,0,0,180,-6.10356e-005,0",result im SR830-Thread,Komunkiations Test für SR830 und OSTECH,,,
2026-09-15,10:12:48,878,KOM_Test,SR830,T,"SNAP 5,6,7,8,9","-0.00333333,0.003,0.001,-0.00666667,1000",result im SR830-Thread,Komunkiations Test für SR830 und OSTECH,,,
2026-09-15,10:12:48,898,KOM_Test,SR830,T,PHAS,0,result im SR830-Thread,Komunkiations Test für SR830 und OSTECH,,,
2026-09-15,10:12:48,928,KOM_Test,SR830,T,FREQ,1000,result im SR830-Thread,Komunkiations Test für SR830 und OSTECH,,,
2026-09-15,10:12:49,053,KOM_Test,SR830,T,"SNAP 1,2,3,4,10,11","-6.10356e-005,0,0,180,-6.10356e-005,0",result im SR830-Thread,Komunkiations Test für SR830 und OSTECH,,,
2026-09-15,10:12:49,185,KOM_Test,SR830,T,"SNAP 5,6,7,8,9","-0.000666667,0.00466667,0.001,0.000666667,1000",result im SR830-Thread,Komunkiations Test für SR830 und OSTECH,,,
2026-09-15,10:12:49,198,KOM_Test,SR830,T,PHAS,0,result im SR830-Thread,Komunkiations Test für SR830 und OSTECH,,,
2026-09-15,10:12:49,228,KOM_Test,SR830,T,FREQ,1000,result im SR830-Thread,Komunkiations Test für SR830 und OSTECH,,,
2026-09-15,10:12:49,402,KOM_Test,SR830,T,"SNAP 1,2,3,4,10,11","6.10356e-005,-0.000122071,6.10356e-005,-45,6.10356e-005,-0.000122071",result im SR830-Thread,Komunkiations Test für SR830 und OSTECH,,,
2026-09-15,10:12:49,535,KOM_Test,SR830,T,"SNAP 5,6,7,8,9","-0.00166667,0.00466667,0.000666667,-0.001,1000",result im SR830-Thread,Komunkiations Test für SR830 und OSTECH,,,
2026-09-15,10:12:49,556,KOM_Test,SR830,T,PHAS,0,result im SR830-Thread,Komunkiations Test für SR830 und OSTECH,,,
2026-09-15,10:12:49,578,KOM_Test,SR830,T,FREQ,1000,result im SR830-Thread,Komunkiations Test für SR830 und OSTECH,,,
2026-09-15,10:12:49,712,KOM_Test,SR830,T,"SNAP 1,2,3,4,10,11","0,-0.000122071,6.10356e-005,-90,0,-0.000122071",result im SR830-Thread,Komunkiations Test für SR830 und OSTECH,,,
2026-09-15,10:12:49,838,KOM_Test,SR830,T,"SNAP 5,6,7,8,9","-0.000666667,0.00466667,-0.002,0.000666667,1000",result im SR830-Thread,Komunkiations Test für SR830 und OSTECH,,,
2026-09-15,10:12:49,852,KOM_Test,SR830,T,PHAS,0,result im SR830-Thread,Komunkiations Test für SR830 und OSTECH,,,
2026-09-15,10:12:49,879,KOM_Test,SR830,T,FREQ,1000,result im SR830-Thread,Komunkiations Test für SR830 und OSTECH,,,
2026-09-15,10:12:50,012,KOM_Test,SR830,T,"SNAP 1,2,3,4,10,11","0,-6.10356e-005,0,-90,0,-6.10356e-005",result im SR830-Thread,Komunkiations Test für SR830 und OSTECH,,,
2026-09-15,10:12:50,145,KOM_Test,SR830,T,"SNAP 5,6,7,8,9","-0.00166667,0.00933333,-0.000333333,0.000666667,1000",result im SR830-Thread,Komunkiations Test für SR830 und OSTECH,,,
2026-09-15,10:12:50,169,KOM_Test,SR830,T,PHAS,0,result im SR830-Thread,Komunkiations Test für SR830 und OSTECH,,,
2026-09-15,10:12:50,195,KOM_Test,SR830,T,FREQ,1000,result im SR830-Thread,Komunkiations Test für SR830 und OSTECH,,,
2026-09-15,10:12:50,295,KOM_Test,SR830,T,"SNAP 1,2,3,4,10,11","0,0,0,0,0,0",result im SR830-Thread,Komunkiations Test für SR830 und OSTECH,,,
2026-09-15,10:12:50,417,KOM_Test,SR830,T,"SNAP 5,6,7,8,9","-0.00166667,0.00466667,-0.000666667,-0.002,1000",result im SR830-Thread,Komunkiations Test für SR830 und OSTECH,,,
2026-09-15,10:12:50,433,KOM_Test,SR830,T,PHAS,0,result im SR830-Thread,Komunkiations Test für SR830 und OSTECH,,,
2026-09-15,10:12:50,457,KOM_Test,SR830,T,FREQ,1000,result im SR830-Thread,Komunkiations Test für SR830 und OSTECH,,,
2026-09-15,10:12:50,570,KOM_Test,SR830,T,"SNAP 1,2,3,4,10,11","0,0,0,0,0,0",result im SR830-Thread,Komunkiations Test für SR830 und OSTECH,,,
2026-09-15,10:12:50,675,KOM_Test,SR830,T,"SNAP 5,6,7,8,9","-0.002,0.005,0.001,-0.005,1000",result im SR830-Thread,Komunkiations Test für SR830 und OSTECH,,,
2026-09-15,10:12:50,687,KOM_Test,SR830,T,PHAS,0,result im SR830-Thread,Komunkiations Test für SR830 und OSTECH,,,
2026-09-15,10:12:50,712,KOM_Test,SR830,T,FREQ,1000,result im SR830-Thread,Komunkiations Test für SR830 und OSTECH,,,
2026-09-15,10:12:50,808,KOM_Test,SR830,T,"SNAP 1,2,3,4,10,11","0,0,0,0,0,0",result im SR830-Thread,Komunkiations Test für SR830 und OSTECH,,,
2026-09-15,10:12:50,937,KOM_Test,SR830,T,"SNAP 5,6,7,8,9","-0.000333333,0.005,0.000666667,-0.001,1000",result im SR830-Thread,Komunkiations Test für SR830 und OSTECH,,,
2026-09-15,10:12:50,955,KOM_Test,SR830,T,PHAS,0,result im SR830-Thread,Komunkiations Test für SR830 und OSTECH,,,
2026-09-15,10:12:50,984,KOM_Test,SR830,T,FREQ,1000,result im SR830-Thread,Komunkiations Test für SR830 und OSTECH,,,
2026-09-15,10:12:51,131,KOM_Test,SR830,T,"SNAP 1,2,3,4,10,11","6.10356e-005,0,6.10356e-005,26.562,6.10356e-005,0",result im SR830-Thread,Komunkiations Test für SR830 und OSTECH,,,
2026-09-15,10:12:51,262,KOM_Test,SR830,T,"SNAP 5,6,7,8,9","-0.002,0.00466667,0.00233333,0.000666667,1000",result im SR830-Thread,Komunkiations Test für SR830 und OSTECH,,,
2026-09-15,10:12:51,284,KOM_Test,SR830,T,PHAS,0,result im SR830-Thread,Komunkiations Test für SR830 und OSTECH,,,
2026-09-15,10:12:51,313,KOM_Test,SR830,T,FREQ,1000,result im SR830-Thread,Komunkiations Test für SR830 und OSTECH,,,
2026-09-15,10:12:51,456,KOM_Test,SR830,T,"SNAP 1,2,3,4,10,11","-6.10356e-005,0,0,135,-6.10356e-005,0",result im SR830-Thread,Komunkiations Test für SR830 und OSTECH,,,
2026-09-15,10:12:51,571,KOM_Test,SR830,T,"SNAP 5,6,7,8,9","-0.00366667,0.005,-0.000333333,-0.00233333,1000",result im SR830-Thread,Komunkiations Test für SR830 und OSTECH,,,
2026-09-15,10:12:51,601,KOM_Test,SR830,T,PHAS,0,result im SR830-Thread,Komunkiations Test für SR830 und OSTECH,,,
2026-09-15,10:12:51,620,KOM_Test,SR830,T,FREQ,1000,result im SR830-Thread,Komunkiations Test für SR830 und OSTECH,,,
2026-09-15,10:12:51,742,KOM_Test,SR830,T,"SNAP 1,2,3,4,10,11","0,-6.10356e-005,0,-90,0,-6.10356e-005",result im SR830-Thread,Komunkiations Test für SR830 und OSTECH,,,
2026-09-15,10:12:51,860,KOM_Test,SR830,T,"SNAP 5,6,7,8,9","-0.000666667,0.005,0.001,0.000666667,1000",result im SR830-Thread,Komunkiations Test für SR830 und OSTECH,,,
2026-09-15,10:12:51,876,KOM_Test,SR830,T,PHAS,0,result im SR830-Thread,Komunkiations Test für SR830 und OSTECH,,,
2026-09-15,10:12:51,908,KOM_Test,SR830,T,FREQ,1000,result im SR830-Thread,Komunkiations Test für SR830 und OSTECH,,,
2026-09-15,10:12:52,041,KOM_Test,SR830,T,"SNAP 1,2,3,4,10,11","0,-6.10356e-005,0,-90,0,-6.10356e-005",result im SR830-Thread,Komunkiations Test für SR830 und OSTECH,,,
2026-09-15,10:12:52,161,KOM_Test,SR830,T,"SNAP 5,6,7,8,9","-0.00333333,0.005,0.00233333,0.000666667,1000",result im SR830-Thread,Komunkiations Test für SR830 und OSTECH,,,
2026-09-15,10:12:52,170,KOM_Test,SR830,T,PHAS,0,result im SR830-Thread,Komunkiations Test für SR830 und OSTECH,,,
2026-09-15,10:12:52,198,KOM_Test,SR830,T,FREQ,1000,result im SR830-Thread,Komunkiations Test für SR830 und OSTECH,,,
2026-09-15,10:12:52,340,KOM_Test,SR830,T,"SNAP 1,2,3,4,10,11","-6.10356e-005,0,0,180,-6.10356e-005,0",result im SR830-Thread,Komunkiations Test für SR830 und OSTECH,,,
2026-09-15,10:12:52,464,KOM_Test,SR830,T,"SNAP 5,6,7,8,9","-0.00166667,0.00466667,-0.000333333,0.000666667,1000",result im SR830-Thread,Komunkiations Test für SR830 und OSTECH,,,
2026-09-15,10:12:52,488,KOM_Test,SR830,T,PHAS,0,result im SR830-Thread,Komunkiations Test für SR830 und OSTECH,,,
2026-09-15,10:12:52,513,KOM_Test,SR830,T,FREQ,1000,result im SR830-Thread,Komunkiations Test für SR830 und OSTECH,,,
2026-09-15,10:12:52,611,KOM_Test,SR830,T,"SNAP 1,2,3,4,10,11","0,0,0,0,0,0",result im SR830-Thread,Komunkiations Test für SR830 und OSTECH,,,
2026-09-15,10:12:52,730,KOM_Test,SR830,T,"SNAP 5,6,7,8,9","-0.00633333,0.003,-0.002,0.000666667,1000",result im SR830-Thread,Komunkiations Test für SR830 und OSTECH,,,
2026-09-15,10:12:52,754,KOM_Test,SR830,T,PHAS,0,result im SR830-Thread,Komunkiations Test für SR830 und OSTECH,,,
2026-09-15,10:12:52,780,KOM_Test,SR830,T,FREQ,1000,result im SR830-Thread,Komunkiations Test für SR830 und OSTECH,,,
2026-09-15,10:12:52,922,KOM_Test,SR830,T,"SNAP 1,2,3,4,10,11","-6.10356e-005,0,0,135,-6.10356e-005,0",result im SR830-Thread,Komunkiations Test für SR830 und OSTECH,,,
2026-09-15,10:12:53,046,KOM_Test,SR830,T,"SNAP 5,6,7,8,9","-0.000333333,0.00633333,-0.002,-0.002,1000",result im SR830-Thread,Komunkiations Test für SR830 und OSTECH,,,
2026-09-15,10:12:53,063,KOM_Test,SR830,T,PHAS,0,result im SR830-Thread,Komunkiations Test für SR830 und OSTECH,,,
2026-09-15,10:12:53,087,KOM_Test,SR830,T,FREQ,1000,result im SR830-Thread,Komunkiations Test für SR830 und OSTECH,,,
2026-09-15,10:12:53,180,KOM_Test,SR830,T,"SNAP 1,2,3,4,10,11","0,0,0,0,0,0",result im SR830-Thread,Komunkiations Test für SR830 und OSTECH,,,
2026-09-15,10:12:53,319,KOM_Test,SR830,T,"SNAP 5,6,7,8,9","-0.00166667,0.00466667,0.000666667,-0.000666667,1000",result im SR830-Thread,Komunkiations Test für SR830 und OSTECH,,,
2026-09-15,10:12:53,330,KOM_Test,SR830,T,PHAS,0,result im SR830-Thread,Komunkiations Test für SR830 und OSTECH,,,
2026-09-15,10:12:53,349,KOM_Test,SR830,T,FREQ,1000,result im SR830-Thread,Komunkiations Test für SR830 und OSTECH,,,
2026-09-15,10:12:53,499,KOM_Test,SR830,T,"SNAP 1,2,3,4,10,11","0,-0.000122071,6.10356e-005,-90,0,-0.000122071",result im SR830-Thread,Komunkiations Test für SR830 und OSTECH,,,
2026-09-15,10:12:53,623,KOM_Test,SR830,T,"SNAP 5,6,7,8,9","-0.000666667,0.005,0.00233333,0.00666667,1000",result im SR830-Thread,Komunkiations Test für SR830 und OSTECH,,,
2026-09-15,10:12:53,637,KOM_Test,SR830,T,PHAS,0,result im SR830-Thread,Komunkiations Test für SR830 und OSTECH,,,
2026-09-15,10:12:53,663,KOM_Test,SR830,T,FREQ,1000,result im SR830-Thread,Komunkiations Test für SR830 und OSTECH,,,
2026-09-15,10:12:53,764,KOM_Test,SR830,T,"SNAP 1,2,3,4,10,11","0,0,0,0,0,0",result im SR830-Thread,Komunkiations Test für SR830 und OSTECH,,,
2026-09-15,10:12:53,889,KOM_Test,SR830,T,"SNAP 5,6,7,8,9","-0.002,0.00633333,0.000666667,0.000666667,1000",result im SR830-Thread,Komunkiations Test für SR830 und OSTECH,,,
2026-09-15,10:12:53,908,KOM_Test,SR830,T,PHAS,0,result im SR830-Thread,Komunkiations Test für SR830 und OSTECH,,,
2026-09-15,10:12:53,932,KOM_Test,SR830,T,FREQ,1000,result im SR830-Thread,Komunkiations Test für SR830 und OSTECH,,,
2026-09-15,10:12:54,073,KOM_Test,SR830,T,"SNAP 1,2,3,4,10,11","-6.10356e-005,0,0,135,-6.10356e-005,0",result im SR830-Thread,Komunkiations Test für SR830 und OSTECH,,,
2026-09-15,10:12:54,194,KOM_Test,SR830,T,"SNAP 5,6,7,8,9","-0.000666667,0.005,0.001,0.002,1000",result im SR830-Thread,Komunkiations Test für SR830 und OSTECH,,,
2026-09-15,10:12:54,215,KOM_Test,SR830,T,PHAS,0,result im SR830-Thread,Komunkiations Test für SR830 und OSTECH,,,
2026-09-15,10:12:54,226,KOM_Test,SR830,T,FREQ,1000,result im SR830-Thread,Komunkiations Test für SR830 und OSTECH,,,
2026-09-15,10:12:54,393,KOM_Test,SR830,T,"SNAP 1,2,3,4,10,11","-6.10356e-005,-6.10356e-005,0,-135,-6.10356e-005,-6.10356e-005",result im SR830-Thread,Komunkiations Test für SR830 und OSTECH,,,
2026-09-15,10:12:54,518,KOM_Test,SR830,T,"SNAP 5,6,7,8,9","-0.000333333,0.008,-0.000333333,-0.001,1000",result im SR830-Thread,Komunkiations Test für SR830 und OSTECH,,,
2026-09-15,10:12:54,540,KOM_Test,SR830,T,PHAS,0,result im SR830-Thread,Komunkiations Test für SR830 und OSTECH,,,
2026-09-15,10:12:54,563,KOM_Test,SR830,T,FREQ,1000,result im SR830-Thread,Komunkiations Test für SR830 und OSTECH,,,
2026-09-15,10:12:54,656,KOM_Test,SR830,T,"SNAP 1,2,3,4,10,11","0,0,0,0,0,0",result im SR830-Thread,Komunkiations Test für SR830 und OSTECH,,,
2026-09-15,10:12:54,774,KOM_Test,SR830,T,"SNAP 5,6,7,8,9","-0.00333333,0.00666667,-0.004,0.000666667,1000",result im SR830-Thread,Komunkiations Test für SR830 und OSTECH,,,
2026-09-15,10:12:54,787,KOM_Test,SR830,T,PHAS,0,result im SR830-Thread,Komunkiations Test für SR830 und OSTECH,,,
2026-09-15,10:12:54,814,KOM_Test,SR830,T,FREQ,1000,result im SR830-Thread,Komunkiations Test für SR830 und OSTECH,,,
2026-09-15,10:12:54,922,KOM_Test,SR830,T,"SNAP 1,2,3,4,10,11","0,0,0,90,0,0",result im SR830-Thread,Komunkiations Test für SR830 und OSTECH,,,
2026-09-15,10:12:55,054,KOM_Test,SR830,T,"SNAP 5,6,7,8,9","-0.000666667,0.00633333,0.00233333,0.000666667,1000",result im SR830-Thread,Komunkiations Test für SR830 und OSTECH,,,
2026-09-15,10:12:55,071,KOM_Test,SR830,T,PHAS,0,result im SR830-Thread,Komunkiations Test für SR830 und OSTECH,,,
2026-09-15,10:12:55,092,KOM_Test,SR830,T,FREQ,1000,result im SR830-Thread,Komunkiations Test für SR830 und OSTECH,,,
2026-09-15,10:12:55,220,KOM_Test,SR830,T,"SNAP 1,2,3,4,10,11","-6.10356e-005,0,0,180,-6.10356e-005,0",result im SR830-Thread,Komunkiations Test für SR830 und OSTECH,,,
2026-09-15,10:12:55,333,KOM_Test,SR830,T,"SNAP 5,6,7,8,9","0.001,0.003,-0.000666667,0.000666667,1000",result im SR830-Thread,Komunkiations Test für SR830 und OSTECH,,,
2026-09-15,10:12:55,354,KOM_Test,SR830,T,PHAS,0,result im SR830-Thread,Komunkiations Test für SR830 und OSTECH,,,
2026-09-15,10:12:55,381,KOM_Test,SR830,T,FREQ,1000,result im SR830-Thread,Komunkiations Test für SR830 und OSTECH,,,
2026-09-15,10:12:55,521,KOM_Test,SR830,T,"SNAP 1,2,3,4,10,11","-6.10356e-005,0,0,180,-6.10356e-005,0",result im SR830-Thread,Komunkiations Test für SR830 und OSTECH,,,
2026-09-15,10:12:55,645,KOM_Test,SR830,T,"SNAP 5,6,7,8,9","-0.002,0.00666667,-0.000333333,0.000666667,1000",result im SR830-Thread,Komunkiations Test für SR830 und OSTECH,,,
2026-09-15,10:12:55,664,KOM_Test,SR830,T,PHAS,0,result im SR830-Thread,Komunkiations Test für SR830 und OSTECH,,,
2026-09-15,10:12:55,697,KOM_Test,SR830,T,FREQ,1000,result im SR830-Thread,Komunkiations Test für SR830 und OSTECH,,,
2026-09-15,10:12:55,798,KOM_Test,SR830,T,"SNAP 1,2,3,4,10,11","0,0,0,0,0,0",result im SR830-Thread,Komunkiations Test für SR830 und OSTECH,,,
2026-09-15,10:12:55,931,KOM_Test,SR830,T,"SNAP 5,6,7,8,9","-0.000666667,0.00933333,-0.000666667,-0.00366667,1000",result im SR830-Thread,Komunkiations Test für SR830 und OSTECH,,,
2026-09-15,10:12:55,947,KOM_Test,SR830,T,PHAS,0,result im SR830-Thread,Komunkiations Test für SR830 und OSTECH,,,
2026-09-15,10:12:55,973,KOM_Test,SR830,T,FREQ,1000,result im SR830-Thread,Komunkiations Test für SR830 und OSTECH,,,
2026-09-15,10:12:56,114,KOM_Test,SR830,T,"SNAP 1,2,3,4,10,11","0,6.10356e-005,6.10356e-005,63.438,0,6.10356e-005",result im SR830-Thread,Komunkiations Test für SR830 und OSTECH,,,
2026-09-15,10:12:56,247,KOM_Test,SR830,T,"SNAP 5,6,7,8,9","0.00133333,0.00933333,0.00233333,0.000666667,1000",result im SR830-Thread,Komunkiations Test für SR830 und OSTECH,,,
2026-09-15,10:12:56,270,KOM_Test,SR830,T,PHAS,0,result im SR830-Thread,Komunkiations Test für SR830 und OSTECH,,,
2026-09-15,10:12:56,297,KOM_Test,SR830,T,FREQ,1000,result im SR830-Thread,Komunkiations Test für SR830 und OSTECH,,,
2026-09-15,10:12:56,431,KOM_Test,SR830,T,"SNAP 1,2,3,4,10,11","6.10356e-005,0,6.10356e-005,0,6.10356e-005,0",result im SR830-Thread,Komunkiations Test für SR830 und OSTECH,,,
2026-09-15,10:12:56,569,KOM_Test,SR830,T,"SNAP 5,6,7,8,9","-0.000666667,0.00766667,0.000666667,0.000666667,1000",result im SR830-Thread,Komunkiations Test für SR830 und OSTECH,,,
2026-09-15,10:12:56,584,KOM_Test,SR830,T,PHAS,0,result im SR830-Thread,Komunkiations Test für SR830 und OSTECH,,,
2026-09-15,10:12:56,609,KOM_Test,SR830,T,FREQ,1000,result im SR830-Thread,Komunkiations Test für SR830 und OSTECH,,,
2026-09-15,10:12:56,705,KOM_Test,SR830,T,"SNAP 1,2,3,4,10,11","0,0,0,90,0,0",result im SR830-Thread,Komunkiations Test für SR830 und OSTECH,,,
2026-09-15,10:12:56,823,KOM_Test,SR830,T,"SNAP 5,6,7,8,9","-0.002,0.003,-0.000666667,-0.00233333,1000",result im SR830-Thread,Komunkiations Test für SR830 und OSTECH,,,
2026-09-15,10:12:56,844,KOM_Test,SR830,T,PHAS,0,result im SR830-Thread,Komunkiations Test für SR830 und OSTECH,,,
2026-09-15,10:12:56,864,KOM_Test,SR830,T,FREQ,1000,result im SR830-Thread,Komunkiations Test für SR830 und OSTECH,,,
2026-09-15,10:12:56,958,KOM_Test,SR830,T,"SNAP 1,2,3,4,10,11","0,0,0,0,0,0",result im SR830-Thread,Komunkiations Test für SR830 und OSTECH,,,
2026-09-15,10:12:57,081,KOM_Test,SR830,T,"SNAP 5,6,7,8,9","-0.00166667,0.00366667,-0.000666667,-0.000666667,1000",result im SR830-Thread,Komunkiations Test für SR830 und OSTECH,,,
2026-09-15,10:12:57,103,KOM_Test,SR830,T,PHAS,0,result im SR830-Thread,Komunkiations Test für SR830 und OSTECH,,,
2026-09-15,10:12:57,123,KOM_Test,SR830,T,FREQ,1000,result im SR830-Thread,Komunkiations Test für SR830 und OSTECH,,,
2026-09-15,10:12:57,275,KOM_Test,SR830,T,"SNAP 1,2,3,4,10,11","6.10356e-005,0,6.10356e-005,26.562,6.10356e-005,0",result im SR830-Thread,Komunkiations Test für SR830 und OSTECH,,,
2026-09-15,10:12:57,406,KOM_Test,SR830,T,"SNAP 5,6,7,8,9","-0.00333333,0.00633333,-0.000333333,0.000666667,1000",result im SR830-Thread,Komunkiations Test für SR830 und OSTECH,,,
2026-09-15,10:12:57,427,KOM_Test,SR830,T,PHAS,0,result im SR830-Thread,Komunkiations Test für SR830 und OSTECH,,,
2026-09-15,10:12:57,449,KOM_Test,SR830,T,FREQ,1000,result im SR830-Thread,Komunkiations Test für SR830 und OSTECH,,,
2026-09-15,10:12:57,630,KOM_Test,SR830,T,"SNAP 1,2,3,4,10,11","-6.10356e-005,-0.000122071,6.10356e-005,-116.562,-6.10356e-005,-0.000122071",result im SR830-Thread,Komunkiations Test für SR830 und OSTECH,,,
2026-09-15,10:12:57,748,KOM_Test,SR830,T,"SNAP 5,6,7,8,9","0.001,0.00933333,0.000666667,0.002,1000",result im SR830-Thread,Komunkiations Test für SR830 und OSTECH,,,
2026-09-15,10:12:57,771,KOM_Test,SR830,T,PHAS,0,result im SR830-Thread,Komunkiations Test für SR830 und OSTECH,,,
2026-09-15,10:12:57,796,KOM_Test,SR830,T,FREQ,1000,result im SR830-Thread,Komunkiations Test für SR830 und OSTECH,,,
2026-09-15,10:12:57,979,KOM_Test,SR830,T,"SNAP 1,2,3,4,10,11","-6.10356e-005,6.10356e-005,6.10356e-005,116.562,-6.10356e-005,6.10356e-005",result im SR830-Thread,Komunkiations Test für SR830 und OSTECH,,,
2026-09-15,10:12:58,099,KOM_Test,SR830,T,"SNAP 5,6,7,8,9","-0.00166667,0.00633333,0.000666667,-0.001,1000",result im SR830-Thread,Komunkiations Test für SR830 und OSTECH,,,
2026-09-15,10:12:58,115,KOM_Test,SR830,T,PHAS,0,result im SR830-Thread,Komunkiations Test für SR830 und OSTECH,,,
2026-09-15,10:12:58,150,KOM_Test,SR830,T,FREQ,1000,result im SR830-Thread,Komunkiations Test für SR830 und OSTECH,,,
2026-09-15,10:12:58,328,KOM_Test,SR830,T,"SNAP 1,2,3,4,10,11","-6.10356e-005,-6.10356e-005,0,-135,-6.10356e-005,-6.10356e-005",result im SR830-Thread,Komunkiations Test für SR830 und OSTECH,,,
2026-09-15,10:12:58,455,KOM_Test,SR830,T,"SNAP 5,6,7,8,9","0.00266667,0.00766667,0.001,0.000666667,1000",result im SR830-Thread,Komunkiations Test für SR830 und OSTECH,,,
2026-09-15,10:12:58,471,KOM_Test,SR830,T,PHAS,0,result im SR830-Thread,Komunkiations Test für SR830 und OSTECH,,,
2026-09-15,10:12:58,498,KOM_Test,SR830,T,FREQ,1000,result im SR830-Thread,Komunkiations Test für SR830 und OSTECH,,,
2026-09-15,10:12:58,662,KOM_Test,SR830,T,"SNAP 1,2,3,4,10,11","-6.10356e-005,-6.10356e-005,0,-135,-6.10356e-005,-6.10356e-005",result im SR830-Thread,Komunkiations Test für SR830 und OSTECH,,,
2026-09-15,10:12:58,792,KOM_Test,SR830,T,"SNAP 5,6,7,8,9","-0.00366667,0.002,0.000666667,0.000666667,1000",result im SR830-Thread,Komunkiations Test für SR830 und OSTECH,,,
2026-09-15,10:12:58,809,KOM_Test,SR830,T,PHAS,0,result im SR830-Thread,Komunkiations Test für SR830 und OSTECH,,,
2026-09-15,10:12:58,827,KOM_Test,SR830,T,FREQ,1000,result im SR830-Thread,Komunkiations Test für SR830 und OSTECH,,,
2026-09-15,10:12:58,970,KOM_Test,SR830,T,"SNAP 1,2,3,4,10,11","0,-6.10356e-005,0,-90,0,-6.10356e-005",result im SR830-Thread,Komunkiations Test für SR830 und OSTECH,,,
2026-09-15,10:12:59,097,KOM_Test,SR830,T,"SNAP 5,6,7,8,9","-0.00333333,0.00666667,-0.000333333,-0.000666667,1000",result im SR830-Thread,Komunkiations Test für SR830 und OSTECH,,,
2026-09-15,10:12:59,115,KOM_Test,SR830,T,PHAS,0,result im SR830-Thread,Komunkiations Test für SR830 und OSTECH,,,
2026-09-15,10:12:59,140,KOM_Test,SR830,T,FREQ,1000,result im SR830-Thread,Komunkiations Test für SR830 und OSTECH,,,
2026-09-15,10:12:59,224,KOM_Test,SR830,T,"SNAP 1,2,3,4,10,11","0,0,0,90,0,0",result im SR830-Thread,Komunkiations Test für SR830 und OSTECH,,,
2026-09-15,10:12:59,358,KOM_Test,SR830,T,"SNAP 5,6,7,8,9","-0.00166667,0.00466667,-0.000333333,-0.000666667,1000",result im SR830-Thread,Komunkiations Test für SR830 und OSTECH,,,
2026-09-15,10:12:59,367,KOM_Test,SR830,T,PHAS,0,result im SR830-Thread,Komunkiations Test für SR830 und OSTECH,,,
2026-09-15,10:12:59,397,KOM_Test,SR830,T,FREQ,1000,result im SR830-Thread,Komunkiations Test für SR830 und OSTECH,,,
2026-09-15,10:12:59,535,KOM_Test,SR830,T,"SNAP 1,2,3,4,10,11","-6.10356e-005,0,0,180,-6.10356e-005,0",result im SR830-Thread,Komunkiations Test für SR830 und OSTECH,,,
2026-09-15,10:12:59,667,KOM_Test,SR830,T,"SNAP 5,6,7,8,9","-0.00366667,0.00466667,0.00233333,0.000666667,1000",result im SR830-Thread,Komunkiations Test für SR830 und OSTECH,,,
2026-09-15,10:12:59,692,KOM_Test,SR830,T,PHAS,0,result im SR830-Thread,Komunkiations Test für SR830 und OSTECH,,,
2026-09-15,10:12:59,717,KOM_Test,SR830,T,FREQ,1000,result im SR830-Thread,Komunkiations Test für SR830 und OSTECH,,,
2026-09-15,10:12:59,823,KOM_Test,SR830,T,"SNAP 1,2,3,4,10,11","0,0,0,90,0,0",result im SR830-Thread,Komunkiations Test für SR830 und OSTECH,,,
2026-09-15,10:12:59,942,KOM_Test,SR830,T,"SNAP 5,6,7,8,9","-0.000333333,0.005,-0.002,0.000666667,1000",result im SR830-Thread,Komunkiations Test für SR830 und OSTECH,,,
2026-09-15,10:12:59,958,KOM_Test,SR830,T,PHAS,0,result im SR830-Thread,Komunkiations Test für SR830 und OSTECH,,,
2026-09-15,10:12:59,968,KOM_Test,SR830,T,FREQ,1000,result im SR830-Thread,Komunkiations Test für SR830 und OSTECH,,,
2026-09-15,10:13:00,070,KOM_Test,SR830,T,"SNAP 1,2,3,4,10,11","0,0,0,0,0,0",result im SR830-Thread,Komunkiations Test für SR830 und OSTECH,,,
2026-09-15,10:13:00,196,KOM_Test,SR830,T,"SNAP 5,6,7,8,9","-0.002,0.00633333,-0.000333333,0.00266667,1000",result im SR830-Thread,Komunkiations Test für SR830 und OSTECH,,,
2026-09-15,10:13:00,211,KOM_Test,SR830,T,PHAS,0,result im SR830-Thread,Komunkiations Test für SR830 und OSTECH,,,
2026-09-15,10:13:00,241,KOM_Test,SR830,T,FREQ,1000,result im SR830-Thread,Komunkiations Test für SR830 und OSTECH,,,
2026-09-15,10:13:00,395,KOM_Test,SR830,T,"SNAP 1,2,3,4,10,11","-0.000122071,0,6.10356e-005,153.438,-0.000122071,0",result im SR830-Thread,Komunkiations Test für SR830 und OSTECH,,,
2026-09-15,10:13:00,501,KOM_Test,SR830,T,"SNAP 5,6,7,8,9","-0.002,0.00633333,-0.002,-0.000666667,1000",result im SR830-Thread,Komunkiations Test für SR830 und OSTECH,,,
2026-09-15,10:13:00,526,KOM_Test,SR830,T,PHAS,0,result im SR830-Thread,Komunkiations Test für SR830 und OSTECH,,,
2026-09-15,10:13:00,551,KOM_Test,SR830,T,FREQ,1000,result im SR830-Thread,Komunkiations Test für SR830 und OSTECH,,,
2026-09-15,10:13:00,670,KOM_Test,SR830,T,"SNAP 1,2,3,4,10,11","0,-6.10356e-005,0,-90,0,-6.10356e-005",result im SR830-Thread,Komunkiations Test für SR830 und OSTECH,,,
2026-09-15,10:13:00,783,KOM_Test,SR830,T,"SNAP 5,6,7,8,9","-0.00333333,0.00466667,-0.000666667,0.004,1000",result im SR830-Thread,Komunkiations Test für SR830 und OSTECH,,,
2026-09-15,10:13:00,803,KOM_Test,SR830,T,PHAS,0,result im SR830-Thread,Komunkiations Test für SR830 und OSTECH,,,
2026-09-15,10:13:00,824,KOM_Test,SR830,T,FREQ,1000,result im SR830-Thread,Komunkiations Test für SR830 und OSTECH,,,
2026-09-15,10:13:00,949,KOM_Test,SR830,T,"SNAP 1,2,3,4,10,11","-6.10356e-005,0,0,180,-6.10356e-005,0",result im SR830-Thread,Komunkiations Test für SR830 und OSTECH,,,
2026-09-15,10:13:01,073,KOM_Test,SR830,T,"SNAP 5,6,7,8,9","-0.00166667,0.003,0.000666667,-0.002,1000",result im SR830-Thread,Komunkiations Test für SR830 und OSTECH,,,
2026-09-15,10:13:01,091,KOM_Test,SR830,T,PHAS,0,result im SR830-Thread,Komunkiations Test für SR830 und OSTECH,,,
2026-09-15,10:13:01,116,KOM_Test,SR830,T,FREQ,1000,result im SR830-Thread,Komunkiations Test für SR830 und OSTECH,,,
2026-09-15,10:13:01,258,KOM_Test,SR830,T,"SNAP 1,2,3,4,10,11","0,0,0,90,0,0",result im SR830-Thread,Komunkiations Test für SR830 und OSTECH,,,
2026-09-15,10:13:01,384,KOM_Test,SR830,T,"SNAP 5,6,7,8,9","-0.000333333,0.00666667,0.00366667,-0.000666667,1000",result im SR830-Thread,Komunkiations Test für SR830 und OSTECH,,,
2026-09-15,10:13:01,401,KOM_Test,SR830,T,PHAS,0,result im SR830-Thread,Komunkiations Test für SR830 und OSTECH,,,
2026-09-15,10:13:01,424,KOM_Test,SR830,T,FREQ,1000,result im SR830-Thread,Komunkiations Test für SR830 und OSTECH,,,
2026-09-15,10:13:01,555,KOM_Test,SR830,T,"SNAP 1,2,3,4,10,11","-6.10356e-005,0,0,180,-6.10356e-005,0",result im SR830-Thread,Komunkiations Test für SR830 und OSTECH,,,
2026-09-15,10:13:01,685,KOM_Test,SR830,T,"SNAP 5,6,7,8,9","-0.000666667,0.005,-0.000333333,-0.000666667,1000",result im SR830-Thread,Komunkiations Test für SR830 und OSTECH,,,
2026-09-15,10:13:01,703,KOM_Test,SR830,T,PHAS,0,result im SR830-Thread,Komunkiations Test für SR830 und OSTECH,,,
2026-09-15,10:13:01,734,KOM_Test,SR830,T,FREQ,1000,result im SR830-Thread,Komunkiations Test für SR830 und OSTECH,,,
2026-09-15,10:13:01,868,KOM_Test,SR830,T,"SNAP 1,2,3,4,10,11","-6.10356e-005,0,0,180,-6.10356e-005,0",result im SR830-Thread,Komunkiations Test für SR830 und OSTECH,,,
2026-09-15,10:13:01,984,KOM_Test,SR830,T,"SNAP 5,6,7,8,9","-0.002,0.00766667,0.00366667,-0.000666667,1000",result im SR830-Thread,Komunkiations Test für SR830 und OSTECH,,,
2026-09-15,10:13:02,009,KOM_Test,SR830,T,PHAS,0,result im SR830-Thread,Komunkiations Test für SR830 und OSTECH,,,
2026-09-15,10:13:02,034,KOM_Test,SR830,T,FREQ,1000,result im SR830-Thread,Komunkiations Test für SR830 und OSTECH,,,
2026-09-15,10:13:02,155,KOM_Test,SR830,T,"SNAP 1,2,3,4,10,11","0,-6.10356e-005,0,-90,0,-6.10356e-005",result im SR830-Thread,Komunkiations Test für SR830 und OSTECH,,,
2026-09-15,10:13:02,266,KOM_Test,SR830,T,"SNAP 5,6,7,8,9","-0.002,0.00466667,0.001,0.000666667,1000",result im SR830-Thread,Komunkiations Test für SR830 und OSTECH,,,
2026-09-15,10:13:02,283,KOM_Test,SR830,T,PHAS,0,result im SR830-Thread,Komunkiations Test für SR830 und OSTECH,,,
2026-09-15,10:13:02,311,KOM_Test,SR830,T,FREQ,1000,result im SR830-Thread,Komunkiations Test für SR830 und OSTECH,,,
2026-09-15,10:13:02,434,KOM_Test,SR830,T,"SNAP 1,2,3,4,10,11","-6.10356e-005,0,0,180,-6.10356e-005,0",result im SR830-Thread,Komunkiations Test für SR830 und OSTECH,,,
2026-09-15,10:13:02,563,KOM_Test,SR830,T,"SNAP 5,6,7,8,9","-0.000666667,0.00466667,0.00233333,0.00566667,1000",result im SR830-Thread,Komunkiations Test für SR830 und OSTECH,,,
2026-09-15,10:13:02,579,KOM_Test,SR830,T,PHAS,0,result im SR830-Thread,Komunkiations Test für SR830 und OSTECH,,,
2026-09-15,10:13:02,600,KOM_Test,SR830,T,FREQ,1000,result im SR830-Thread,Komunkiations Test für SR830 und OSTECH,,,
2026-09-15,10:13:02,708,KOM_Test,SR830,T,"SNAP 1,2,3,4,10,11","0,0,0,0,0,0",result im SR830-Thread,Komunkiations Test für SR830 und OSTECH,,,
2026-09-15,10:13:02,833,KOM_Test,SR830,T,"SNAP 5,6,7,8,9","-0.000666667,0.00633333,-0.000333333,-0.001,1000",result im SR830-Thread,Komunkiations Test für SR830 und OSTECH,,,
2026-09-15,10:13:02,852,KOM_Test,SR830,T,PHAS,0,result im SR830-Thread,Komunkiations Test für SR830 und OSTECH,,,
2026-09-15,10:13:02,878,KOM_Test,SR830,T,FREQ,1000,result im SR830-Thread,Komunkiations Test für SR830 und OSTECH,,,
2026-09-15,10:13:02,967,KOM_Test,SR830,T,"SNAP 1,2,3,4,10,11","0,0,0,0,0,0",result im SR830-Thread,Komunkiations Test für SR830 und OSTECH,,,
2026-09-15,10:13:03,084,KOM_Test,SR830,T,"SNAP 5,6,7,8,9","0.00133333,0.00766667,0.000666667,0.000666667,1000",result im SR830-Thread,Komunkiations Test für SR830 und OSTECH,,,
2026-09-15,10:13:03,108,KOM_Test,SR830,T,PHAS,0,result im SR830-Thread,Komunkiations Test für SR830 und OSTECH,,,
2026-09-15,10:13:03,128,KOM_Test,SR830,T,FREQ,1000,result im SR830-Thread,Komunkiations Test für SR830 und OSTECH,,,
2026-09-15,10:13:03,264,KOM_Test,SR830,T,"SNAP 1,2,3,4,10,11","-6.10356e-005,0,0,180,-6.10356e-005,0",result im SR830-Thread,Komunkiations Test für SR830 und OSTECH,,,
2026-09-15,10:13:03,394,KOM_Test,SR830,T,"SNAP 5,6,7,8,9","-0.00466667,0.003,0.000666667,0.000666667,1000",result im SR830-Thread,Komunkiations Test für SR830 und OSTECH,,,
2026-09-15,10:13:03,410,KOM_Test,SR830,T,PHAS,0,result im SR830-Thread,Komunkiations Test für SR830 und OSTECH,,,
2026-09-15,10:13:03,430,KOM_Test,SR830,T,FREQ,1000,result im SR830-Thread,Komunkiations Test für SR830 und OSTECH,,,
2026-09-15,10:13:03,531,KOM_Test,SR830,T,"SNAP 1,2,3,4,10,11","0,0,0,90,0,0",result im SR830-Thread,Komunkiations Test für SR830 und OSTECH,,,
2026-09-15,10:13:03,658,KOM_Test,SR830,T,"SNAP 5,6,7,8,9","-0.00166667,0.003,0.00233333,0.000666667,1000",result im SR830-Thread,Komunkiations Test für SR830 und OSTECH,,,
2026-09-15,10:13:03,675,KOM_Test,SR830,T,PHAS,0,result im SR830-Thread,Komunkiations Test für SR830 und OSTECH,,,
2026-09-15,10:13:03,698,KOM_Test,SR830,T,FREQ,1000,result im SR830-Thread,Komunkiations Test für SR830 und OSTECH,,,
2026-09-15,10:13:03,834,KOM_Test,SR830,T,"SNAP 1,2,3,4,10,11","-6.10356e-005,0,0,180,-6.10356e-005,0",result im SR830-Thread,Komunkiations Test für SR830 und OSTECH,,,
2026-09-15,10:13:03,950,KOM_Test,SR830,T,"SNAP 5,6,7,8,9","-0.00166667,0.005,0.001,0.000666667,1000",result im SR830-Thread,Komunkiations Test für SR830 und OSTECH,,,
2026-09-15,10:13:03,974,KOM_Test,SR830,T,PHAS,0,result im SR830-Thread,Komunkiations Test für SR830 und OSTECH,,,
2026-09-15,10:13:04,002,KOM_Test,SR830,T,FREQ,1000,result im SR830-Thread,Komunkiations Test für SR830 und OSTECH,,,
2026-09-15,10:13:04,141,KOM_Test,SR830,T,"SNAP 1,2,3,4,10,11","-6.10356e-005,0,0,135,-6.10356e-005,0",result im SR830-Thread,Komunkiations Test für SR830 und OSTECH,,,
2026-09-15,10:13:04,272,KOM_Test,SR830,T,"SNAP 5,6,7,8,9","-0.000333333,0.00666667,0.000666667,0.000666667,1000",result im SR830-Thread,Komunkiations Test für SR830 und OSTECH,,,
2026-09-15,10:13:04,296,KOM_Test,SR830,T,PHAS,0,result im SR830-Thread,Komunkiations Test für SR830 und OSTECH,,,
2026-09-15,10:13:04,319,KOM_Test,SR830,T,FREQ,1000,result im SR830-Thread,Komunkiations Test für SR830 und OSTECH,,,
2026-09-15,10:13:04,451,KOM_Test,SR830,T,"SNAP 1,2,3,4,10,11","0,-6.10356e-005,0,-90,0,-6.10356e-005",result im SR830-Thread,Komunkiations Test für SR830 und OSTECH,,,
2026-09-15,10:13:04,560,KOM_Test,SR830,T,"SNAP 5,6,7,8,9","-0.002,0.003,-0.000333333,0.001,1000",result im SR830-Thread,Komunkiations Test für SR830 und OSTECH,,,
2026-09-15,10:13:04,585,KOM_Test,SR830,T,PHAS,0,result im SR830-Thread,Komunkiations Test für SR830 und OSTECH,,,
2026-09-15,10:13:04,619,KOM_Test,SR830,T,FREQ,1000,result im SR830-Thread,Komunkiations Test für SR830 und OSTECH,,,
2026-09-15,10:13:04,751,KOM_Test,SR830,T,"SNAP 1,2,3,4,10,11","-6.10356e-005,0,0,180,-6.10356e-005,0",result im SR830-Thread,Komunkiations Test für SR830 und OSTECH,,,
2026-09-15,10:13:04,881,KOM_Test,SR830,T,"SNAP 5,6,7,8,9","-0.00166667,0.00466667,0.001,-0.000666667,1000",result im SR830-Thread,Komunkiations Test für SR830 und OSTECH,,,
2026-09-15,10:13:04,897,KOM_Test,SR830,T,PHAS,0,result im SR830-Thread,Komunkiations Test für SR830 und OSTECH,,,
2026-09-15,10:13:04,925,KOM_Test,SR830,T,FREQ,1000,result im SR830-Thread,Komunkiations Test für SR830 und OSTECH,,,
2026-09-15,10:13:05,024,KOM_Test,SR830,T,"SNAP 1,2,3,4,10,11","0,0,0,0,0,0",result im SR830-Thread,Komunkiations Test für SR830 und OSTECH,,,
2026-09-15,10:13:05,135,KOM_Test,SR830,T,"SNAP 5,6,7,8,9","0.00133333,0.00766667,0.000666667,0.000666667,1000",result im SR830-Thread,Komunkiations Test für SR830 und OSTECH,,,
2026-09-15,10:13:05,157,KOM_Test,SR830,T,PHAS,0,result im SR830-Thread,Komunkiations Test für SR830 und OSTECH,,,
2026-09-15,10:13:05,181,KOM_Test,SR830,T,FREQ,1000,result im SR830-Thread,Komunkiations Test für SR830 und OSTECH,,,
2026-09-15,10:13:05,351,KOM_Test,SR830,T,"SNAP 1,2,3,4,10,11","-6.10356e-005,-6.10356e-005,0,-135,-6.10356e-005,-6.10356e-005",result im SR830-Thread,Komunkiations Test für SR830 und OSTECH,,,
2026-09-15,10:13:05,482,KOM_Test,SR830,T,"SNAP 5,6,7,8,9","-0.00366667,0.00466667,-0.000666667,-0.002,1000",result im SR830-Thread,Komunkiations Test für SR830 und OSTECH,,,
2026-09-15,10:13:05,492,KOM_Test,SR830,T,PHAS,0,result im SR830-Thread,Komunkiations Test für SR830 und OSTECH,,,
2026-09-15,10:13:05,520,KOM_Test,SR830,T,FREQ,1000,result im SR830-Thread,Komunkiations Test für SR830 und OSTECH,,,
2026-09-15,10:13:05,623,KOM_Test,SR830,T,"SNAP 1,2,3,4,10,11","0,0,0,90,0,0",result im SR830-Thread,Komunkiations Test für SR830 und OSTECH,,,
2026-09-15,10:13:05,753,KOM_Test,SR830,T,"SNAP 5,6,7,8,9","-0.00166667,0.00666667,-0.000666667,0.000666667,1000",result im SR830-Thread,Komunkiations Test für SR830 und OSTECH,,,
2026-09-15,10:13:05,777,KOM_Test,SR830,T,PHAS,0,result im SR830-Thread,Komunkiations Test für SR830 und OSTECH,,,
2026-09-15,10:13:05,803,KOM_Test,SR830,T,FREQ,1000,result im SR830-Thread,Komunkiations Test für SR830 und OSTECH,,,
2026-09-15,10:13:05,901,KOM_Test,SR830,T,"SNAP 1,2,3,4,10,11","0,0,0,90,0,0",result im SR830-Thread,Komunkiations Test für SR830 und OSTECH,,,
2026-09-15,10:13:06,038,KOM_Test,SR830,T,"SNAP 5,6,7,8,9","-0.000666667,0.00766667,0.000666667,0.000666667,1000",result im SR830-Thread,Komunkiations Test für SR830 und OSTECH,,,
2026-09-15,10:13:06,052,KOM_Test,SR830,T,PHAS,0,result im SR830-Thread,Komunkiations Test für SR830 und OSTECH,,,
2026-09-15,10:13:06,079,KOM_Test,SR830,T,FREQ,1000,result im SR830-Thread,Komunkiations Test für SR830 und OSTECH,,,
2026-09-15,10:13:06,203,KOM_Test,SR830,T,"SNAP 1,2,3,4,10,11","-6.10356e-005,0,0,180,-6.10356e-005,0",result im SR830-Thread,Komunkiations Test für SR830 und OSTECH,,,
2026-09-15,10:13:06,326,KOM_Test,SR830,T,"SNAP 5,6,7,8,9","-0.002,0.00466667,-0.002,-0.000666667,1000",result im SR830-Thread,Komunkiations Test für SR830 und OSTECH,,,
2026-09-15,10:13:06,343,KOM_Test,SR830,T,PHAS,0,result im SR830-Thread,Komunkiations Test für SR830 und OSTECH,,,
2026-09-15,10:13:06,370,KOM_Test,SR830,T,FREQ,1000,result im SR830-Thread,Komunkiations Test für SR830 und OSTECH,,,
2026-09-15,10:13:06,502,KOM_Test,SR830,T,"SNAP 1,2,3,4,10,11","-6.10356e-005,0,0,135,-6.10356e-005,0",result im SR830-Thread,Komunkiations Test für SR830 und OSTECH,,,
2026-09-15,10:13:06,630,KOM_Test,SR830,T,"SNAP 5,6,7,8,9","-0.00333333,0.00466667,-0.000666667,-0.001,1000",result im SR830-Thread,Komunkiations Test für SR830 und OSTECH,,,
2026-09-15,10:13:06,654,KOM_Test,SR830,T,PHAS,0,result im SR830-Thread,Komunkiations Test für SR830 und OSTECH,,,
2026-09-15,10:13:06,681,KOM_Test,SR830,T,FREQ,1000,result im SR830-Thread,Komunkiations Test für SR830 und OSTECH,,,
2026-09-15,10:13:06,776,KOM_Test,SR830,T,"SNAP 1,2,3,4,10,11","0,0,0,0,0,0",result im SR830-Thread,Komunkiations Test für SR830 und OSTECH,,,
2026-09-15,10:13:06,891,KOM_Test,SR830,T,"SNAP 5,6,7,8,9","0.001,0.00466667,0.00233333,-0.002,1000",result im SR830-Thread,Komunkiations Test für SR830 und OSTECH,,,
2026-09-15,10:13:06,910,KOM_Test,SR830,T,PHAS,0,result im SR830-Thread,Komunkiations Test für SR830 und OSTECH,,,
2026-09-15,10:13:06,937,KOM_Test,SR830,T,FREQ,1000,result im SR830-Thread,Komunkiations Test für SR830 und OSTECH,,,
2026-09-15,10:13:07,031,KOM_Test,SR830,T,"SNAP 1,2,3,4,10,11","0,0,0,45,0,0",result im SR830-Thread,Komunkiations Test für SR830 und OSTECH,,,
2026-09-15,10:13:07,156,KOM_Test,SR830,T,"SNAP 5,6,7,8,9","-0.00366667,0.00466667,-0.000666667,0.00533333,1000",result im SR830-Thread,Komunkiations Test für SR830 und OSTECH,,,
2026-09-15,10:13:07,178,KOM_Test,SR830,T,PHAS,0,result im SR830-Thread,Komunkiations Test für SR830 und OSTECH,,,
2026-09-15,10:13:07,202,KOM_Test,SR830,T,FREQ,1000,result im SR830-Thread,Komunkiations Test für SR830 und OSTECH,,,
2026-09-15,10:13:07,297,KOM_Test,SR830,T,"SNAP 1,2,3,4,10,11","0,0,0,0,0,0",result im SR830-Thread,Komunkiations Test für SR830 und OSTECH,,,
2026-09-15,10:13:07,435,KOM_Test,SR830,T,"SNAP 5,6,7,8,9","-0.000333333,0.00666667,-0.000333333,-0.000666667,1000",result im SR830-Thread,Komunkiations Test für SR830 und OSTECH,,,
2026-09-15,10:13:07,456,KOM_Test,SR830,T,PHAS,0,result im SR830-Thread,Komunkiations Test für SR830 und OSTECH,,,
2026-09-15,10:13:07,479,KOM_Test,SR830,T,FREQ,1000,result im SR830-Thread,Komunkiations Test für SR830 und OSTECH,,,
2026-09-15,10:13:07,587,KOM_Test,SR830,T,"SNAP 1,2,3,4,10,11","0,0,0,90,0,0",result im SR830-Thread,Komunkiations Test für SR830 und OSTECH,,,
2026-09-15,10:13:07,697,KOM_Test,SR830,T,"SNAP 5,6,7,8,9","-0.002,0.005,0.00233333,-0.00366667,1000",result im SR830-Thread,Komunkiations Test für SR830 und OSTECH,,,
2026-09-15,10:13:07,709,KOM_Test,SR830,T,PHAS,0,result im SR830-Thread,Komunkiations Test für SR830 und OSTECH,,,
2026-09-15,10:13:07,736,KOM_Test,SR830,T,FREQ,1000,result im SR830-Thread,Komunkiations Test für SR830 und OSTECH,,,
2026-09-15,10:13:07,871,KOM_Test,SR830,T,"SNAP 1,2,3,4,10,11","-6.10356e-005,0,0,135,-6.10356e-005,0",result im SR830-Thread,Komunkiations Test für SR830 und OSTECH,,,
2026-09-15,10:13:07,995,KOM_Test,SR830,T,"SNAP 5,6,7,8,9","-0.00166667,0.00366667,0.000666667,-0.005,1000",result im SR830-Thread,Komunkiations Test für SR830 und OSTECH,,,
2026-09-15,10:13:08,009,KOM_Test,SR830,T,PHAS,0,result im SR830-Thread,Komunkiations Test für SR830 und OSTECH,,,
2026-09-15,10:13:08,031,KOM_Test,SR830,T,FREQ,1000,result im SR830-Thread,Komunkiations Test für SR830 und OSTECH,,,
2026-09-15,10:13:08,128,KOM_Test,SR830,T,"SNAP 1,2,3,4,10,11","0,0,0,45,0,0",result im SR830-Thread,Komunkiations Test für SR830 und OSTECH,,,
2026-09-15,10:13:08,257,KOM_Test,SR830,T,"SNAP 5,6,7,8,9","-0.000333333,0.00466667,-0.000666667,0.000666667,1000",result im SR830-Thread,Komunkiations Test für SR830 und OSTECH,,,
2026-09-15,10:13:08,680,KOM_Test,SR830,T,PHAS,0,result im SR830-Thread,Komunkiations Test für SR830 und OSTECH,,,
2026-09-15,10:13:08,683,KOM_Test,SR830,T,FREQ,1000,result im SR830-Thread,Komunkiations Test für SR830 und OSTECH,,,
2026-09-15,10:13:08,683,KOM_Test,SR830,T,"SNAP 1,2,3,4,10,11","0,-6.10356e-005,0,-45,0,-6.10356e-005",result im SR830-Thread,Komunkiations Test für SR830 und OSTECH,,,
2026-09-15,10:13:08,685,KOM_Test,SR830,T,"SNAP 5,6,7,8,9","-0.00366667,0.005,0.000666667,-0.002,1000",result im SR830-Thread,Komunkiations Test für SR830 und OSTECH,,,
2026-09-15,10:13:08,686,KOM_Test,SR830,T,PHAS,0,result im SR830-Thread,Komunkiations Test für SR830 und OSTECH,,,
2026-09-15,10:13:08,688,KOM_Test,SR830,T,FREQ,1000,result im SR830-Thread,Komunkiations Test für SR830 und OSTECH,,,
2026-09-15,10:13:08,706,KOM_Test,SR830,T,"SNAP 1,2,3,4,10,11","-6.10356e-005,0,0,180,-6.10356e-005,0",result im SR830-Thread,Komunkiations Test für SR830 und OSTECH,,,
2026-09-15,10:13:08,848,KOM_Test,SR830,T,"SNAP 5,6,7,8,9","-0.000333333,0.005,0.000666667,-0.000666667,1000",result im SR830-Thread,Komunkiations Test für SR830 und OSTECH,,,
2026-09-15,10:13:08,856,KOM_Test,SR830,T,PHAS,0,result im SR830-Thread,Komunkiations Test für SR830 und OSTECH,,,
2026-09-15,10:13:08,902,KOM_Test,SR830,T,FREQ,1000,result im SR830-Thread,Komunkiations Test für SR830 und OSTECH,,,
2026-09-15,10:13:09,054,KOM_Test,SR830,T,"SNAP 1,2,3,4,10,11","-6.10356e-005,-6.10356e-005,0,-135,-6.10356e-005,-6.10356e-005",result im SR830-Thread,Komunkiations Test für SR830 und OSTECH,,,
2026-09-15,10:13:09,174,KOM_Test,SR830,T,"SNAP 5,6,7,8,9","-0.00166667,0.00466667,0.001,-0.00233333,1000",result im SR830-Thread,Komunkiations Test für SR830 und OSTECH,,,
2026-09-15,10:13:09,194,KOM_Test,SR830,T,PHAS,0,result im SR830-Thread,Komunkiations Test für SR830 und OSTECH,,,
2026-09-15,10:13:09,219,KOM_Test,SR830,T,FREQ,1000,result im SR830-Thread,Komunkiations Test für SR830 und OSTECH,,,
2026-09-15,10:13:09,313,KOM_Test,SR830,T,"SNAP 1,2,3,4,10,11","0,0,0,0,0,0",result im SR830-Thread,Komunkiations Test für SR830 und OSTECH,,,
2026-09-15,10:13:09,433,KOM_Test,SR830,T,"SNAP 5,6,7,8,9","-0.000666667,0.00633333,-0.000333333,0.002,1000",result im SR830-Thread,Komunkiations Test für SR830 und OSTECH,,,
2026-09-15,10:13:09,447,KOM_Test,SR830,T,PHAS,0,result im SR830-Thread,Komunkiations Test für SR830 und OSTECH,,,
2026-09-15,10:13:09,475,KOM_Test,SR830,T,FREQ,1000,result im SR830-Thread,Komunkiations Test für SR830 und OSTECH,,,
2026-09-15,10:13:09,616,KOM_Test,SR830,T,"SNAP 1,2,3,4,10,11","-6.10356e-005,0,0,135,-6.10356e-005,0",result im SR830-Thread,Komunkiations Test für SR830 und OSTECH,,,
2026-09-15,10:13:09,728,KOM_Test,SR830,T,"SNAP 5,6,7,8,9","-0.000333333,0.005,0.001,-0.001,1000",result im SR830-Thread,Komunkiations Test für SR830 und OSTECH,,,
2026-09-15,10:13:09,752,KOM_Test,SR830,T,PHAS,0,result im SR830-Thread,Komunkiations Test für SR830 und OSTECH,,,
2026-09-15,10:13:09,780,KOM_Test,SR830,T,FREQ,1000,result im SR830-Thread,Komunkiations Test für SR830 und OSTECH,,,
2026-09-15,10:13:09,908,KOM_Test,SR830,T,"SNAP 1,2,3,4,10,11","-6.10356e-005,0,0,180,-6.10356e-005,0",result im SR830-Thread,Komunkiations Test für SR830 und OSTECH,,,
2026-09-15,10:13:10,036,KOM_Test,SR830,T,"SNAP 5,6,7,8,9","-0.000666667,0.00633333,-0.000666667,-0.001,1000",result im SR830-Thread,Komunkiations Test für SR830 und OSTECH,,,
2026-09-15,10:13:10,054,KOM_Test,SR830,T,PHAS,0,result im SR830-Thread,Komunkiations Test für SR830 und OSTECH,,,
2026-09-15,10:13:10,075,KOM_Test,SR830,T,FREQ,1000,result im SR830-Thread,Komunkiations Test für SR830 und OSTECH,,,
2026-09-15,10:13:10,169,KOM_Test,SR830,T,"SNAP 1,2,3,4,10,11","0,0,0,0,0,0",result im SR830-Thread,Komunkiations Test für SR830 und OSTECH,,,
2026-09-15,10:13:10,286,KOM_Test,SR830,T,"SNAP 5,6,7,8,9","-0.002,0.00466667,0.000666667,-0.001,1000",result im SR830-Thread,Komunkiations Test für SR830 und OSTECH,,,
2026-09-15,10:13:10,304,KOM_Test,SR830,T,PHAS,0,result im SR830-Thread,Komunkiations Test für SR830 und OSTECH,,,
2026-09-15,10:13:10,330,KOM_Test,SR830,T,FREQ,1000,result im SR830-Thread,Komunkiations Test für SR830 und OSTECH,,,
2026-09-15,10:13:10,460,KOM_Test,SR830,T,"SNAP 1,2,3,4,10,11","-6.10356e-005,0,0,180,-6.10356e-005,0",result im SR830-Thread,Komunkiations Test für SR830 und OSTECH,,,
2026-09-15,10:13:10,584,KOM_Test,SR830,T,"SNAP 5,6,7,8,9","0.001,0.00466667,-0.002,-0.00233333,1000",result im SR830-Thread,Komunkiations Test für SR830 und OSTECH,,,
2026-09-15,10:13:10,598,KOM_Test,SR830,T,PHAS,0,result im SR830-Thread,Komunkiations Test für SR830 und OSTECH,,,
2026-09-15,10:13:10,620,KOM_Test,SR830,T,FREQ,1000,result im SR830-Thread,Komunkiations Test für SR830 und OSTECH,,,
2026-09-15,10:13:10,745,KOM_Test,SR830,T,"SNAP 1,2,3,4,10,11","-6.10356e-005,0,0,180,-6.10356e-005,0",result im SR830-Thread,Komunkiations Test für SR830 und OSTECH,,,
2026-09-15,10:13:10,871,KOM_Test,SR830,T,"SNAP 5,6,7,8,9","-0.00333333,0.005,-0.000333333,-0.000666667,1000",result im SR830-Thread,Komunkiations Test für SR830 und OSTECH,,,
2026-09-15,10:13:10,898,KOM_Test,SR830,T,PHAS,0,result im SR830-Thread,Komunkiations Test für SR830 und OSTECH,,,
2026-09-15,10:13:10,919,KOM_Test,SR830,T,FREQ,1000,result im SR830-Thread,Komunkiations Test für SR830 und OSTECH,,,
2026-09-15,10:13:11,071,KOM_Test,SR830,T,"SNAP 1,2,3,4,10,11","-0.000122071,0,6.10356e-005,153.438,-0.000122071,0",result im SR830-Thread,Komunkiations Test für SR830 und OSTECH,,,
2026-09-15,10:13:11,200,KOM_Test,SR830,T,"SNAP 5,6,7,8,9","-0.00166667,0.00633333,-0.000666667,-0.002,1000",result im SR830-Thread,Komunkiations Test für SR830 und OSTECH,,,
2026-09-15,10:13:11,220,KOM_Test,SR830,T,PHAS,0,result im SR830-Thread,Komunkiations Test für SR830 und OSTECH,,,
2026-09-15,10:13:11,241,KOM_Test,SR830,T,FREQ,1000,result im SR830-Thread,Komunkiations Test für SR830 und OSTECH,,,
2026-09-15,10:13:11,373,KOM_Test,SR830,T,"SNAP 1,2,3,4,10,11","-6.10356e-005,0,0,180,-6.10356e-005,0",result im SR830-Thread,Komunkiations Test für SR830 und OSTECH,,,
2026-09-15,10:13:11,493,KOM_Test,SR830,T,"SNAP 5,6,7,8,9","-0.00466667,0.00633333,0.001,0.000666667,1000",result im SR830-Thread,Komunkiations Test für SR830 und OSTECH,,,
2026-09-15,10:13:11,514,KOM_Test,SR830,T,PHAS,0,result im SR830-Thread,Komunkiations Test für SR830 und OSTECH,,,
2026-09-15,10:13:11,539,KOM_Test,SR830,T,FREQ,1000,result im SR830-Thread,Komunkiations Test für SR830 und OSTECH,,,
2026-09-15,10:13:11,642,KOM_Test,SR830,T,"SNAP 1,2,3,4,10,11","0,0,0,0,0,0",result im SR830-Thread,Komunkiations Test für SR830 und OSTECH,,,
2026-09-15,10:13:11,776,KOM_Test,SR830,T,"SNAP 5,6,7,8,9","-0.000333333,0.00633333,-0.000333333,-0.001,1000",result im SR830-Thread,Komunkiations Test für SR830 und OSTECH,,,
2026-09-15,10:13:11,806,KOM_Test,SR830,T,PHAS,0,result im SR830-Thread,Komunkiations Test für SR830 und OSTECH,,,
2026-09-15,10:13:11,837,KOM_Test,SR830,T,FREQ,1000,result im SR830-Thread,Komunkiations Test für SR830 und OSTECH,,,
2026-09-15,10:13:11,957,KOM_Test,SR830,T,"SNAP 1,2,3,4,10,11","0,-6.10356e-005,0,-90,0,-6.10356e-005",result im SR830-Thread,Komunkiations Test für SR830 und OSTECH,,,
2026-09-15,10:13:12,071,KOM_Test,SR830,T,"SNAP 5,6,7,8,9","-0.000666667,0.00766667,0.001,-0.001,1000",result im SR830-Thread,Komunkiations Test für SR830 und OSTECH,,,
2026-09-15,10:13:12,089,KOM_Test,SR830,T,PHAS,0,result im SR830-Thread,Komunkiations Test für SR830 und OSTECH,,,
2026-09-15,10:13:12,117,KOM_Test,SR830,T,FREQ,1000,result im SR830-Thread,Komunkiations Test für SR830 und OSTECH,,,
2026-09-15,10:13:12,209,KOM_Test,SR830,T,"SNAP 1,2,3,4,10,11","0,0,0,0,0,0",result im SR830-Thread,Komunkiations Test für SR830 und OSTECH,,,
2026-09-15,10:13:12,339,KOM_Test,SR830,T,"SNAP 5,6,7,8,9","-0.00666667,0.00666667,-0.000666667,-0.00233333,1000",result im SR830-Thread,Komunkiations Test für SR830 und OSTECH,,,
2026-09-15,10:13:12,365,KOM_Test,SR830,T,PHAS,0,result im SR830-Thread,Komunkiations Test für SR830 und OSTECH,,,
2026-09-15,10:13:12,387,KOM_Test,SR830,T,FREQ,1000,result im SR830-Thread,Komunkiations Test für SR830 und OSTECH,,,
2026-09-15,10:13:12,496,KOM_Test,SR830,T,"SNAP 1,2,3,4,10,11","0,0,0,90,0,0",result im SR830-Thread,Komunkiations Test für SR830 und OSTECH,,,
2026-09-15,10:13:12,617,KOM_Test,SR830,T,"SNAP 5,6,7,8,9","-0.00366667,0.00766667,0.000666667,-0.001,1000",result im SR830-Thread,Komunkiations Test für SR830 und OSTECH,,,
2026-09-15,10:13:12,640,KOM_Test,SR830,T,PHAS,0,result im SR830-Thread,Komunkiations Test für SR830 und OSTECH,,,
2026-09-15,10:13:12,670,KOM_Test,SR830,T,FREQ,1000,result im SR830-Thread,Komunkiations Test für SR830 und OSTECH,,,
2026-09-15,10:13:12,779,KOM_Test,SR830,T,"SNAP 1,2,3,4,10,11","0,0,0,90,0,0",result im SR830-Thread,Komunkiations Test für SR830 und OSTECH,,,
2026-09-15,10:13:12,916,KOM_Test,SR830,T,"SNAP 5,6,7,8,9","-0.00166667,0.00466667,-0.000666667,-0.000666667,1000",result im SR830-Thread,Komunkiations Test für SR830 und OSTECH,,,
2026-09-15,10:13:12,929,KOM_Test,SR830,T,PHAS,0,result im SR830-Thread,Komunkiations Test für SR830 und OSTECH,,,
2026-09-15,10:13:12,954,KOM_Test,SR830,T,FREQ,1000,result im SR830-Thread,Komunkiations Test für SR830 und OSTECH,,,
2026-09-15,10:13:13,060,KOM_Test,SR830,T,"SNAP 1,2,3,4,10,11","0,0,0,90,0,0",result im SR830-Thread,Komunkiations Test für SR830 und OSTECH,,,
2026-09-15,10:13:13,188,KOM_Test,SR830,T,"SNAP 5,6,7,8,9","-0.00166667,0.00633333,0.00233333,0.000666667,1000",result im SR830-Thread,Komunkiations Test für SR830 und OSTECH,,,
2026-09-15,10:13:13,204,KOM_Test,SR830,T,PHAS,0,result im SR830-Thread,Komunkiations Test für SR830 und OSTECH,,,
2026-09-15,10:13:13,232,KOM_Test,SR830,T,FREQ,1000,result im SR830-Thread,Komunkiations Test für SR830 und OSTECH,,,
2026-09-15,10:13:13,332,KOM_Test,SR830,T,"SNAP 1,2,3,4,10,11","0,0,0,45,0,0",result im SR830-Thread,Komunkiations Test für SR830 und OSTECH,,,
2026-09-15,10:13:13,464,KOM_Test,SR830,T,"SNAP 5,6,7,8,9","-0.00166667,0.00666667,-0.000666667,-0.00366667,1000",result im SR830-Thread,Komunkiations Test für SR830 und OSTECH,,,
2026-09-15,10:13:13,472,KOM_Test,SR830,T,PHAS,0,result im SR830-Thread,Komunkiations Test für SR830 und OSTECH,,,
2026-09-15,10:13:13,498,KOM_Test,SR830,T,FREQ,1000,result im SR830-Thread,Komunkiations Test für SR830 und OSTECH,,,
2026-09-15,10:13:13,585,KOM_Test,SR830,T,"SNAP 1,2,3,4,10,11","0,0,0,0,0,0",result im SR830-Thread,Komunkiations Test für SR830 und OSTECH,,,
2026-09-15,10:13:13,701,KOM_Test,SR830,T,"SNAP 5,6,7,8,9","-0.00166667,0.00633333,0.001,0.000666667,1000",result im SR830-Thread,Komunkiations Test für SR830 und OSTECH,,,
2026-09-15,10:13:13,723,KOM_Test,SR830,T,PHAS,0,result im SR830-Thread,Komunkiations Test für SR830 und OSTECH,,,
2026-09-15,10:13:13,741,KOM_Test,SR830,T,FREQ,1000,result im SR830-Thread,Komunkiations Test für SR830 und OSTECH,,,
2026-09-15,10:13:13,846,KOM_Test,SR830,T,"SNAP 1,2,3,4,10,11","0,0,0,90,0,0",result im SR830-Thread,Komunkiations Test für SR830 und OSTECH,,,
2026-09-15,10:13:13,968,KOM_Test,SR830,T,"SNAP 5,6,7,8,9","-0.002,0.003,-0.000333333,0.000666667,1000",result im SR830-Thread,Komunkiations Test für SR830 und OSTECH,,,
2026-09-15,10:13:13,989,KOM_Test,SR830,T,PHAS,0,result im SR830-Thread,Komunkiations Test für SR830 und OSTECH,,,
2026-09-15,10:13:14,016,KOM_Test,SR830,T,FREQ,1000,result im SR830-Thread,Komunkiations Test für SR830 und OSTECH,,,
2026-09-15,10:13:14,109,KOM_Test,SR830,T,"SNAP 1,2,3,4,10,11","0,0,0,0,0,0",result im SR830-Thread,Komunkiations Test für SR830 und OSTECH,,,
2026-09-15,10:13:14,227,KOM_Test,SR830,T,"SNAP 5,6,7,8,9","-0.00333333,0.00466667,0.001,-0.000666667,1000",result im SR830-Thread,Komunkiations Test für SR830 und OSTECH,,,
2026-09-15,10:13:14,243,KOM_Test,SR830,T,PHAS,0,result im SR830-Thread,Komunkiations Test für SR830 und OSTECH,,,
2026-09-15,10:13:14,262,KOM_Test,SR830,T,FREQ,1000,result im SR830-Thread,Komunkiations Test für SR830 und OSTECH,,,
2026-09-15,10:13:14,361,KOM_Test,SR830,T,"SNAP 1,2,3,4,10,11","0,0,0,0,0,0",result im SR830-Thread,Komunkiations Test für SR830 und OSTECH,,,
2026-09-15,10:13:14,484,KOM_Test,SR830,T,"SNAP 5,6,7,8,9","-0.000666667,0.005,-0.000333333,0.000666667,1000",result im SR830-Thread,Komunkiations Test für SR830 und OSTECH,,,
2026-09-15,10:13:14,504,KOM_Test,SR830,T,PHAS,0,result im SR830-Thread,Komunkiations Test für SR830 und OSTECH,,,
2026-09-15,10:13:14,529,KOM_Test,SR830,T,FREQ,1000,result im SR830-Thread,Komunkiations Test für SR830 und OSTECH,,,
2026-09-15,10:13:14,659,KOM_Test,SR830,T,"SNAP 1,2,3,4,10,11","0,-6.10356e-005,0,-90,0,-6.10356e-005",result im SR830-Thread,Komunkiations Test für SR830 und OSTECH,,,
2026-09-15,10:13:14,776,KOM_Test,SR830,T,"SNAP 5,6,7,8,9","-0.002,0.005,-0.000666667,0.000666667,1000",result im SR830-Thread,Komunkiations Test für SR830 und OSTECH,,,
2026-09-15,10:13:14,797,KOM_Test,SR830,T,PHAS,0,result im SR830-Thread,Komunkiations Test für SR830 und OSTECH,,,
2026-09-15,10:13:14,817,KOM_Test,SR830,T,FREQ,1000,result im SR830-Thread,Komunkiations Test für SR830 und OSTECH,,,
2026-09-15,10:13:14,940,KOM_Test,SR830,T,"SNAP 1,2,3,4,10,11","-6.10356e-005,0,0,180,-6.10356e-005,0",result im SR830-Thread,Komunkiations Test für SR830 und OSTECH,,,
2026-09-15,10:13:15,068,KOM_Test,SR830,T,"SNAP 5,6,7,8,9","-0.00166667,0.00633333,-0.000333333,-0.002,1000",result im SR830-Thread,Komunkiations Test für SR830 und OSTECH,,,
2026-09-15,10:13:15,076,KOM_Test,SR830,T,PHAS,0,result im SR830-Thread,Komunkiations Test für SR830 und OSTECH,,,
2026-09-15,10:13:15,103,KOM_Test,SR830,T,FREQ,1000,result im SR830-Thread,Komunkiations Test für SR830 und OSTECH,,,
2026-09-15,10:13:15,195,KOM_Test,SR830,T,"SNAP 1,2,3,4,10,11","0,0,0,90,0,0",result im SR830-Thread,Komunkiations Test für SR830 und OSTECH,,,
2026-09-15,10:13:15,324,KOM_Test,SR830,T,"SNAP 5,6,7,8,9","-0.00333333,0.00766667,-0.000666667,-0.000666667,1000",result im SR830-Thread,Komunkiations Test für SR830 und OSTECH,,,
2026-09-15,10:13:15,350,KOM_Test,SR830,T,PHAS,0,result im SR830-Thread,Komunkiations Test für SR830 und OSTECH,,,
2026-09-15,10:13:15,373,KOM_Test,SR830,T,FREQ,1000,result im SR830-Thread,Komunkiations Test für SR830 und OSTECH,,,
2026-09-15,10:13:15,526,KOM_Test,SR830,T,"SNAP 1,2,3,4,10,11","-0.000122071,0,6.10356e-005,180,-0.000122071,0",result im SR830-Thread,Komunkiations Test für SR830 und OSTECH,,,
2026-09-15,10:13:15,638,KOM_Test,SR830,T,"SNAP 5,6,7,8,9","-0.002,0.005,-0.000666667,0.000666667,1000",result im SR830-Thread,Komunkiations Test für SR830 und OSTECH,,,
2026-09-15,10:13:15,666,KOM_Test,SR830,T,PHAS,0,result im SR830-Thread,Komunkiations Test für SR830 und OSTECH,,,
2026-09-15,10:13:15,690,KOM_Test,SR830,T,FREQ,1000,result im SR830-Thread,Komunkiations Test für SR830 und OSTECH,,,
2026-09-15,10:13:15,815,KOM_Test,SR830,T,"SNAP 1,2,3,4,10,11","-6.10356e-005,0,0,180,-6.10356e-005,0",result im SR830-Thread,Komunkiations Test für SR830 und OSTECH,,,
2026-09-15,10:13:15,937,KOM_Test,SR830,T,"SNAP 5,6,7,8,9","-0.00333333,0.005,-0.000666667,0.000666667,1000",result im SR830-Thread,Komunkiations Test für SR830 und OSTECH,,,
2026-09-15,10:13:15,958,KOM_Test,SR830,T,PHAS,0,result im SR830-Thread,Komunkiations Test für SR830 und OSTECH,,,
2026-09-15,10:13:15,978,KOM_Test,SR830,T,FREQ,1000,result im SR830-Thread,Komunkiations Test für SR830 und OSTECH,,,
2026-09-15,10:13:16,105,KOM_Test,SR830,T,"SNAP 1,2,3,4,10,11","-6.10356e-005,0,0,135,-6.10356e-005,0",result im SR830-Thread,Komunkiations Test für SR830 und OSTECH,,,
2026-09-15,10:13:16,224,KOM_Test,SR830,T,"SNAP 5,6,7,8,9","-0.002,0.00466667,0.000666667,0.000666667,1000",result im SR830-Thread,Komunkiations Test für SR830 und OSTECH,,,
2026-09-15,10:13:16,249,KOM_Test,SR830,T,PHAS,0,result im SR830-Thread,Komunkiations Test für SR830 und OSTECH,,,
2026-09-15,10:13:16,275,KOM_Test,SR830,T,FREQ,1000,result im SR830-Thread,Komunkiations Test für SR830 und OSTECH,,,
2026-09-15,10:13:16,365,KOM_Test,SR830,T,"SNAP 1,2,3,4,10,11","0,0,0,0,0,0",result im SR830-Thread,Komunkiations Test für SR830 und OSTECH,,,
2026-09-15,10:13:16,488,KOM_Test,SR830,T,"SNAP 5,6,7,8,9","-0.000666667,0.00666667,-0.000333333,-0.001,1000",result im SR830-Thread,Komunkiations Test für SR830 und OSTECH,,,
2026-09-15,10:13:16,512,KOM_Test,SR830,T,PHAS,0,result im SR830-Thread,Komunkiations Test für SR830 und OSTECH,,,
2026-09-15,10:13:16,536,KOM_Test,SR830,T,FREQ,1000,result im SR830-Thread,Komunkiations Test für SR830 und OSTECH,,,
2026-09-15,10:13:16,626,KOM_Test,SR830,T,"SNAP 1,2,3,4,10,11","0,0,0,0,0,0",result im SR830-Thread,Komunkiations Test für SR830 und OSTECH,,,
2026-09-15,10:13:16,752,KOM_Test,SR830,T,"SNAP 5,6,7,8,9","-0.00166667,0.00633333,-0.00233333,0.000666667,1000",result im SR830-Thread,Komunkiations Test für SR830 und OSTECH,,,
2026-09-15,10:13:16,773,KOM_Test,SR830,T,PHAS,0,result im SR830-Thread,Komunkiations Test für SR830 und OSTECH,,,
2026-09-15,10:13:16,801,KOM_Test,SR830,T,FREQ,1000,result im SR830-Thread,Komunkiations Test für SR830 und OSTECH,,,
2026-09-15,10:13:16,932,KOM_Test,SR830,T,"SNAP 1,2,3,4,10,11","0,6.10356e-005,6.10356e-005,90,0,6.10356e-005",result im SR830-Thread,Komunkiations Test für SR830 und OSTECH,,,
2026-09-15,10:13:17,055,KOM_Test,SR830,T,"SNAP 5,6,7,8,9","-0.002,0.00766667,0.000666667,-0.001,1000",result im SR830-Thread,Komunkiations Test für SR830 und OSTECH,,,
2026-09-15,10:13:17,073,KOM_Test,SR830,T,PHAS,0,result im SR830-Thread,Komunkiations Test für SR830 und OSTECH,,,
2026-09-15,10:13:17,094,KOM_Test,SR830,T,FREQ,1000,result im SR830-Thread,Komunkiations Test für SR830 und OSTECH,,,
2026-09-15,10:13:17,230,KOM_Test,SR830,T,"SNAP 1,2,3,4,10,11","-6.10356e-005,0,0,135,-6.10356e-005,0",result im SR830-Thread,Komunkiations Test für SR830 und OSTECH,,,
2026-09-15,10:13:17,365,KOM_Test,SR830,T,"SNAP 5,6,7,8,9","-0.00166667,0.00633333,0.000666667,0.00566667,1000",result im SR830-Thread,Komunkiations Test für SR830 und OSTECH,,,
2026-09-15,10:13:17,383,KOM_Test,SR830,T,PHAS,0,result im SR830-Thread,Komunkiations Test für SR830 und OSTECH,,,
2026-09-15,10:13:17,406,KOM_Test,SR830,T,FREQ,1000,result im SR830-Thread,Komunkiations Test für SR830 und OSTECH,,,
2026-09-15,10:13:17,545,KOM_Test,SR830,T,"SNAP 1,2,3,4,10,11","-6.10356e-005,0,0,135,-6.10356e-005,0",result im SR830-Thread,Komunkiations Test für SR830 und OSTECH,,,
2026-09-15,10:13:17,673,KOM_Test,SR830,T,"SNAP 5,6,7,8,9","-0.00166667,0.00666667,0.00233333,-0.000666667,1000",result im SR830-Thread,Komunkiations Test für SR830 und OSTECH,,,
2026-09-15,10:13:17,691,KOM_Test,SR830,T,PHAS,0,result im SR830-Thread,Komunkiations Test für SR830 und OSTECH,,,
2026-09-15,10:13:17,717,KOM_Test,SR830,T,FREQ,1000,result im SR830-Thread,Komunkiations Test für SR830 und OSTECH,,,
2026-09-15,10:13:17,850,KOM_Test,SR830,T,"SNAP 1,2,3,4,10,11","0,-6.10356e-005,0,-90,0,-6.10356e-005",result im SR830-Thread,Komunkiations Test für SR830 und OSTECH,,,
2026-09-15,10:13:17,987,KOM_Test,SR830,T,"SNAP 5,6,7,8,9","-0.000666667,0.00633333,0.000666667,-0.000666667,1000",result im SR830-Thread,Komunkiations Test für SR830 und OSTECH,,,
2026-09-15,10:13:18,011,KOM_Test,SR830,T,PHAS,0,result im SR830-Thread,Komunkiations Test für SR830 und OSTECH,,,
2026-09-15,10:13:18,035,KOM_Test,SR830,T,FREQ,1000,result im SR830-Thread,Komunkiations Test für SR830 und OSTECH,,,
2026-09-15,10:13:18,162,KOM_Test,SR830,T,"SNAP 1,2,3,4,10,11","0,-6.10356e-005,0,-90,0,-6.10356e-005",result im SR830-Thread,Komunkiations Test für SR830 und OSTECH,,,
2026-09-15,10:13:18,294,KOM_Test,SR830,T,"SNAP 5,6,7,8,9","-0.000666667,0.00633333,0.000666667,0.000666667,1000",result im SR830-Thread,Komunkiations Test für SR830 und OSTECH,,,
2026-09-15,10:13:18,312,KOM_Test,SR830,T,PHAS,0,result im SR830-Thread,Komunkiations Test für SR830 und OSTECH,,,
2026-09-15,10:13:18,347,KOM_Test,SR830,T,FREQ,1000,result im SR830-Thread,Komunkiations Test für SR830 und OSTECH,,,
2026-09-15,10:13:18,449,KOM_Test,SR830,T,"SNAP 1,2,3,4,10,11","0,0,0,45,0,0",result im SR830-Thread,Komunkiations Test für SR830 und OSTECH,,,
2026-09-15,10:13:18,568,KOM_Test,SR830,T,"SNAP 5,6,7,8,9","-0.002,0.003,0.000666667,0.000666667,1000",result im SR830-Thread,Komunkiations Test für SR830 und OSTECH,,,
2026-09-15,10:13:18,576,KOM_Test,SR830,T,PHAS,0,result im SR830-Thread,Komunkiations Test für SR830 und OSTECH,,,
2026-09-15,10:13:18,601,KOM_Test,SR830,T,FREQ,1000,result im SR830-Thread,Komunkiations Test für SR830 und OSTECH,,,
2026-09-15,10:13:18,740,KOM_Test,SR830,T,"SNAP 1,2,3,4,10,11","0,-6.10356e-005,0,-45,0,-6.10356e-005",result im SR830-Thread,Komunkiations Test für SR830 und OSTECH,,,
2026-09-15,10:13:18,875,KOM_Test,SR830,T,"SNAP 5,6,7,8,9","-0.000333333,0.00633333,-0.000333333,0.000666667,1000",result im SR830-Thread,Komunkiations Test für SR830 und OSTECH,,,
2026-09-15,10:13:18,897,KOM_Test,SR830,T,PHAS,0,result im SR830-Thread,Komunkiations Test für SR830 und OSTECH,,,
2026-09-15,10:13:18,919,KOM_Test,SR830,T,FREQ,1000,result im SR830-Thread,Komunkiations Test für SR830 und OSTECH,,,
2026-09-15,10:13:19,040,KOM_Test,SR830,T,"SNAP 1,2,3,4,10,11","0,-6.10356e-005,0,-90,0,-6.10356e-005",result im SR830-Thread,Komunkiations Test für SR830 und OSTECH,,,
2026-09-15,10:13:19,179,KOM_Test,SR830,T,"SNAP 5,6,7,8,9","-0.000666667,0.00466667,-0.000666667,-0.000666667,1000",result im SR830-Thread,Komunkiations Test für SR830 und OSTECH,,,
2026-09-15,10:13:19,203,KOM_Test,SR830,T,PHAS,0,result im SR830-Thread,Komunkiations Test für SR830 und OSTECH,,,
2026-09-15,10:13:19,235,KOM_Test,SR830,T,FREQ,1000,result im SR830-Thread,Komunkiations Test für SR830 und OSTECH,,,
2026-09-15,10:13:19,420,KOM_Test,SR830,T,"SNAP 1,2,3,4,10,11","6.10356e-005,-6.10356e-005,6.10356e-005,-26.562,6.10356e-005,-6.10356e-005",result im SR830-Thread,Komunkiations Test für SR830 und OSTECH,,,
2026-09-15,10:13:19,550,KOM_Test,SR830,T,"SNAP 5,6,7,8,9","-0.00466667,0.00633333,0.000666667,-0.000666667,1000",result im SR830-Thread,Komunkiations Test für SR830 und OSTECH,,,
2026-09-15,10:13:19,567,KOM_Test,SR830,T,PHAS,0,result im SR830-Thread,Komunkiations Test für SR830 und OSTECH,,,
2026-09-15,10:13:19,592,KOM_Test,SR830,T,FREQ,1000,result im SR830-Thread,Komunkiations Test für SR830 und OSTECH,,,
2026-09-15,10:13:19,678,KOM_Test,SR830,T,"SNAP 1,2,3,4,10,11","0,0,0,0,0,0",result im SR830-Thread,Komunkiations Test für SR830 und OSTECH,,,
2026-09-15,10:13:19,800,KOM_Test,SR830,T,"SNAP 5,6,7,8,9","-0.000666667,0.00633333,0.00233333,-0.00566667,1000",result im SR830-Thread,Komunkiations Test für SR830 und OSTECH,,,
2026-09-15,10:13:19,817,KOM_Test,SR830,T,PHAS,0,result im SR830-Thread,Komunkiations Test für SR830 und OSTECH,,,
2026-09-15,10:13:20,327,KOM_Test,SR830,T,FREQ,1000,result im SR830-Thread,Komunkiations Test für SR830 und OSTECH,,,
2026-09-15,10:13:20,328,KOM_Test,SR830,T,"SNAP 1,2,3,4,10,11","6.10356e-005,0,6.10356e-005,0,6.10356e-005,0",result im SR830-Thread,Komunkiations Test für SR830 und OSTECH,,,
2026-09-15,10:13:20,329,KOM_Test,SR830,T,"SNAP 5,6,7,8,9","-0.00166667,0.00666667,-0.000333333,0.000666667,1000",result im SR830-Thread,Komunkiations Test für SR830 und OSTECH,,,
2026-09-15,10:13:20,331,KOM_Test,SR830,T,PHAS,0,result im SR830-Thread,Komunkiations Test für SR830 und OSTECH,,,
2026-09-15,10:13:20,331,KOM_Test,SR830,T,FREQ,1000,result im SR830-Thread,Komunkiations Test für SR830 und OSTECH,,,
2026-09-15,10:13:20,334,KOM_Test,SR830,T,"SNAP 1,2,3,4,10,11","0,0,0,90,0,0",result im SR830-Thread,Komunkiations Test für SR830 und OSTECH,,,
2026-09-15,10:13:20,367,KOM_Test,SR830,T,"SNAP 5,6,7,8,9","-0.00333333,0.003,0.000666667,-0.00233333,1000",result im SR830-Thread,Komunkiations Test für SR830 und OSTECH,,,
2026-09-15,10:13:20,379,KOM_Test,SR830,T,PHAS,0,result im SR830-Thread,Komunkiations Test für SR830 und OSTECH,,,
2026-09-15,10:13:20,409,KOM_Test,SR830,T,FREQ,1000,result im SR830-Thread,Komunkiations Test für SR830 und OSTECH,,,
2026-09-15,10:13:20,513,KOM_Test,SR830,T,"SNAP 1,2,3,4,10,11","0,0,0,0,0,0",result im SR830-Thread,Komunkiations Test für SR830 und OSTECH,,,
2026-09-15,10:13:20,632,KOM_Test,SR830,T,"SNAP 5,6,7,8,9","-0.000333333,0.00633333,0.00233333,-0.001,1000",result im SR830-Thread,Komunkiations Test für SR830 und OSTECH,,,
2026-09-15,10:13:20,646,KOM_Test,SR830,T,PHAS,0,result im SR830-Thread,Komunkiations Test für SR830 und OSTECH,,,
2026-09-15,10:13:20,680,KOM_Test,SR830,T,FREQ,1000,result im SR830-Thread,Komunkiations Test für SR830 und OSTECH,,,
2026-09-15,10:13:20,811,KOM_Test,SR830,T,"SNAP 1,2,3,4,10,11","0,-6.10356e-005,0,-90,0,-6.10356e-005",result im SR830-Thread,Komunkiations Test für SR830 und OSTECH,,,
2026-09-15,10:13:20,937,KOM_Test,SR830,T,"SNAP 5,6,7,8,9","-0.000666667,0.003,0.000666667,0.000666667,1000",result im SR830-Thread,Komunkiations Test für SR830 und OSTECH,,,
2026-09-15,10:13:20,954,KOM_Test,SR830,T,PHAS,0,result im SR830-Thread,Komunkiations Test für SR830 und OSTECH,,,
2026-09-15,10:13:20,987,KOM_Test,SR830,T,FREQ,1000,result im SR830-Thread,Komunkiations Test für SR830 und OSTECH,,,
2026-09-15,10:13:21,088,KOM_Test,SR830,T,"SNAP 1,2,3,4,10,11","0,0,0,45,0,0",result im SR830-Thread,Komunkiations Test für SR830 und OSTECH,,,
2026-09-15,10:13:21,212,KOM_Test,SR830,T,"SNAP 5,6,7,8,9","-0.000333333,0.00466667,0.000666667,0.000666667,1000",result im SR830-Thread,Komunkiations Test für SR830 und OSTECH,,,
2026-09-15,10:13:21,231,KOM_Test,SR830,T,PHAS,0,result im SR830-Thread,Komunkiations Test für SR830 und OSTECH,,,
2026-09-15,10:13:21,260,KOM_Test,SR830,T,FREQ,1000,result im SR830-Thread,Komunkiations Test für SR830 und OSTECH,,,
2026-09-15,10:13:21,357,KOM_Test,SR830,T,"SNAP 1,2,3,4,10,11","0,0,0,45,0,0",result im SR830-Thread,Komunkiations Test für SR830 und OSTECH,,,
2026-09-15,10:13:21,470,KOM_Test,SR830,T,"SNAP 5,6,7,8,9","-0.00333333,0.003,0.001,-0.00566667,1000",result im SR830-Thread,Komunkiations Test für SR830 und OSTECH,,,
2026-09-15,10:13:21,493,KOM_Test,SR830,T,PHAS,0,result im SR830-Thread,Komunkiations Test für SR830 und OSTECH,,,
2026-09-15,10:13:21,524,KOM_Test,SR830,T,FREQ,1000,result im SR830-Thread,Komunkiations Test für SR830 und OSTECH,,,
2026-09-15,10:13:21,623,KOM_Test,SR830,T,"SNAP 1,2,3,4,10,11","0,0,0,0,0,0",result im SR830-Thread,Komunkiations Test für SR830 und OSTECH,,,
2026-09-15,10:13:21,744,KOM_Test,SR830,T,"SNAP 5,6,7,8,9","-0.00166667,0.00633333,0.001,-0.000666667,1000",result im SR830-Thread,Komunkiations Test für SR830 und OSTECH,,,
2026-09-15,10:13:21,767,KOM_Test,SR830,T,PHAS,0,result im SR830-Thread,Komunkiations Test für SR830 und OSTECH,,,
2026-09-15,10:13:21,788,KOM_Test,SR830,T,FREQ,1000,result im SR830-Thread,Komunkiations Test für SR830 und OSTECH,,,
2026-09-15,10:13:21,880,KOM_Test,SR830,T,"SNAP 1,2,3,4,10,11","0,0,0,0,0,0",result im SR830-Thread,Komunkiations Test für SR830 und OSTECH,,,
2026-09-15,10:13:22,007,KOM_Test,SR830,T,"SNAP 5,6,7,8,9","-0.000666667,0.00633333,-0.000666667,0.000666667,1000",result im SR830-Thread,Komunkiations Test für SR830 und OSTECH,,,
2026-09-15,10:13:22,024,KOM_Test,SR830,T,PHAS,0,result im SR830-Thread,Komunkiations Test für SR830 und OSTECH,,,
2026-09-15,10:13:22,052,KOM_Test,SR830,T,FREQ,1000,result im SR830-Thread,Komunkiations Test für SR830 und OSTECH,,,
2026-09-15,10:13:22,191,KOM_Test,SR830,T,"SNAP 1,2,3,4,10,11","-6.10356e-005,0,0,135,-6.10356e-005,0",result im SR830-Thread,Komunkiations Test für SR830 und OSTECH,,,
2026-09-15,10:13:22,317,KOM_Test,SR830,T,"SNAP 5,6,7,8,9","-0.00166667,0.00666667,-0.000666667,-0.000666667,1000",result im SR830-Thread,Komunkiations Test für SR830 und OSTECH,,,
2026-09-15,10:13:22,343,KOM_Test,SR830,T,PHAS,0,result im SR830-Thread,Komunkiations Test für SR830 und OSTECH,,,
2026-09-15,10:13:22,369,KOM_Test,SR830,T,FREQ,1000,result im SR830-Thread,Komunkiations Test für SR830 und OSTECH,,,
2026-09-15,10:13:22,466,KOM_Test,SR830,T,"SNAP 1,2,3,4,10,11","0,0,0,0,0,0",result im SR830-Thread,Komunkiations Test für SR830 und OSTECH,,,
2026-09-15,10:13:22,595,KOM_Test,SR830,T,"SNAP 5,6,7,8,9","-0.00166667,0.003,-0.000666667,-0.000666667,1000",result im SR830-Thread,Komunkiations Test für SR830 und OSTECH,,,
2026-09-15,10:13:22,618,KOM_Test,SR830,T,PHAS,0,result im SR830-Thread,Komunkiations Test für SR830 und OSTECH,,,
2026-09-15,10:13:22,641,KOM_Test,SR830,T,FREQ,1000,result im SR830-Thread,Komunkiations Test für SR830 und OSTECH,,,
2026-09-15,10:13:22,724,KOM_Test,SR830,T,"SNAP 1,2,3,4,10,11","0,0,0,0,0,0",result im SR830-Thread,Komunkiations Test für SR830 und OSTECH,,,
2026-09-15,10:13:22,842,KOM_Test,SR830,T,"SNAP 5,6,7,8,9","0.003,0.00933333,0.00233333,-0.000666667,1000",result im SR830-Thread,Komunkiations Test für SR830 und OSTECH,,,
2026-09-15,10:13:22,859,KOM_Test,SR830,T,PHAS,0,result im SR830-Thread,Komunkiations Test für SR830 und OSTECH,,,
2026-09-15,10:13:22,890,KOM_Test,SR830,T,FREQ,1000,result im SR830-Thread,Komunkiations Test für SR830 und OSTECH,,,
2026-09-15,10:13:22,980,KOM_Test,SR830,T,"SNAP 1,2,3,4,10,11","0,0,0,90,0,0",result im SR830-Thread,Komunkiations Test für SR830 und OSTECH,,,
2026-09-15,10:13:23,095,KOM_Test,SR830,T,"SNAP 5,6,7,8,9","-0.000666667,0.00633333,0.001,-0.001,1000",result im SR830-Thread,Komunkiations Test für SR830 und OSTECH,,,
2026-09-15,10:13:23,116,KOM_Test,SR830,T,PHAS,0,result im SR830-Thread,Komunkiations Test für SR830 und OSTECH,,,
2026-09-15,10:13:23,141,KOM_Test,SR830,T,FREQ,1000,result im SR830-Thread,Komunkiations Test für SR830 und OSTECH,,,
2026-09-15,10:13:23,270,KOM_Test,SR830,T,"SNAP 1,2,3,4,10,11","-6.10356e-005,0,0,180,-6.10356e-005,0",result im SR830-Thread,Komunkiations Test für SR830 und OSTECH,,,
2026-09-15,10:13:23,391,KOM_Test,SR830,T,"SNAP 5,6,7,8,9","-0.00166667,0.00633333,0.001,-0.000666667,1000",result im SR830-Thread,Komunkiations Test für SR830 und OSTECH,,,
2026-09-15,10:13:23,408,KOM_Test,SR830,T,PHAS,0,result im SR830-Thread,Komunkiations Test für SR830 und OSTECH,,,
2026-09-15,10:13:23,446,KOM_Test,SR830,T,FREQ,1000,result im SR830-Thread,Komunkiations Test für SR830 und OSTECH,,,
2026-09-15,10:13:23,562,KOM_Test,SR830,T,"SNAP 1,2,3,4,10,11","0,-6.10356e-005,0,-90,0,-6.10356e-005",result im SR830-Thread,Komunkiations Test für SR830 und OSTECH,,,
2026-09-15,10:13:23,688,KOM_Test,SR830,T,"SNAP 5,6,7,8,9","-0.00466667,0.00666667,-0.000666667,0.001,1000",result im SR830-Thread,Komunkiations Test für SR830 und OSTECH,,,
2026-09-15,10:13:23,708,KOM_Test,SR830,T,PHAS,0,result im SR830-Thread,Komunkiations Test für SR830 und OSTECH,,,
2026-09-15,10:13:23,742,KOM_Test,SR830,T,FREQ,1000,result im SR830-Thread,Komunkiations Test für SR830 und OSTECH,,,
2026-09-15,10:13:23,940,KOM_Test,SR830,T,"SNAP 1,2,3,4,10,11","-6.10356e-005,-0.000122071,6.10356e-005,-116.562,-6.10356e-005,-0.000122071",result im SR830-Thread,Komunkiations Test für SR830 und OSTECH,,,
2026-09-15,10:13:24,066,KOM_Test,SR830,T,"SNAP 5,6,7,8,9","-0.00366667,0.005,-0.000333333,-0.002,1000",result im SR830-Thread,Komunkiations Test für SR830 und OSTECH,,,
2026-09-15,10:13:24,087,KOM_Test,SR830,T,PHAS,0,result im SR830-Thread,Komunkiations Test für SR830 und OSTECH,,,
2026-09-15,10:13:24,108,KOM_Test,SR830,T,FREQ,1000,result im SR830-Thread,Komunkiations Test für SR830 und OSTECH,,,
2026-09-15,10:13:24,199,KOM_Test,SR830,T,"SNAP 1,2,3,4,10,11","0,0,0,90,0,0",result im SR830-Thread,Komunkiations Test für SR830 und OSTECH,,,
2026-09-15,10:13:24,319,KOM_Test,SR830,T,"SNAP 5,6,7,8,9","-0.002,0.008,-0.000333333,0.000666667,1000",result im SR830-Thread,Komunkiations Test für SR830 und OSTECH,,,
2026-09-15,10:13:24,358,KOM_Test,SR830,T,PHAS,0,result im SR830-Thread,Komunkiations Test für SR830 und OSTECH,,,
2026-09-15,10:13:24,360,KOM_Test,SR830,T,FREQ,1000,result im SR830-Thread,Komunkiations Test für SR830 und OSTECH,,,
2026-09-15,10:13:24,466,KOM_Test,SR830,T,"SNAP 1,2,3,4,10,11","0,0,0,0,0,0",result im SR830-Thread,Komunkiations Test für SR830 und OSTECH,,,
2026-09-15,10:13:24,579,KOM_Test,SR830,T,"SNAP 5,6,7,8,9","-0.000333333,0.00466667,-0.002,-0.001,1000",result im SR830-Thread,Komunkiations Test für SR830 und OSTECH,,,
2026-09-15,10:13:24,595,KOM_Test,SR830,T,PHAS,0,result im SR830-Thread,Komunkiations Test für SR830 und OSTECH,,,
2026-09-15,10:13:24,619,KOM_Test,SR830,T,FREQ,1000,result im SR830-Thread,Komunkiations Test für SR830 und OSTECH,,,
2026-09-15,10:13:24,757,KOM_Test,SR830,T,"SNAP 1,2,3,4,10,11","-6.10356e-005,0,0,135,-6.10356e-005,0",result im SR830-Thread,Komunkiations Test für SR830 und OSTECH,,,
2026-09-15,10:13:24,891,KOM_Test,SR830,T,"SNAP 5,6,7,8,9","-0.000333333,0.00633333,-0.000333333,-0.000666667,1000",result im SR830-Thread,Komunkiations Test für SR830 und OSTECH,,,
2026-09-15,10:13:24,915,KOM_Test,SR830,T,PHAS,0,result im SR830-Thread,Komunkiations Test für SR830 und OSTECH,,,
2026-09-15,10:13:24,942,KOM_Test,SR830,T,FREQ,1000,result im SR830-Thread,Komunkiations Test für SR830 und OSTECH,,,
2026-09-15,10:13:25,075,KOM_Test,SR830,T,"SNAP 1,2,3,4,10,11","0,-6.10356e-005,0,-45,0,-6.10356e-005",result im SR830-Thread,Komunkiations Test für SR830 und OSTECH,,,
2026-09-15,10:13:25,193,KOM_Test,SR830,T,"SNAP 5,6,7,8,9","-0.002,0.00633333,-0.000666667,-0.001,1000",result im SR830-Thread,Komunkiations Test für SR830 und OSTECH,,,
2026-09-15,10:13:25,213,KOM_Test,SR830,T,PHAS,0,result im SR830-Thread,Komunkiations Test für SR830 und OSTECH,,,
2026-09-15,10:13:25,240,KOM_Test,SR830,T,FREQ,1000,result im SR830-Thread,Komunkiations Test für SR830 und OSTECH,,,
2026-09-15,10:13:25,342,KOM_Test,SR830,T,"SNAP 1,2,3,4,10,11","0,0,0,45,0,0",result im SR830-Thread,Komunkiations Test für SR830 und OSTECH,,,
2026-09-15,10:13:25,459,KOM_Test,SR830,T,"SNAP 5,6,7,8,9","-0.00533333,0.00633333,0.001,0.002,1000",result im SR830-Thread,Komunkiations Test für SR830 und OSTECH,,,
2026-09-15,10:13:25,481,KOM_Test,SR830,T,PHAS,0,result im SR830-Thread,Komunkiations Test für SR830 und OSTECH,,,
2026-09-15,10:13:25,509,KOM_Test,SR830,T,FREQ,1000,result im SR830-Thread,Komunkiations Test für SR830 und OSTECH,,,
2026-09-15,10:13:25,683,KOM_Test,SR830,T,"SNAP 1,2,3,4,10,11","-6.10356e-005,-6.10356e-005,0,-135,-6.10356e-005,-6.10356e-005",result im SR830-Thread,Komunkiations Test für SR830 und OSTECH,,,
2026-09-15,10:13:25,810,KOM_Test,SR830,T,"SNAP 5,6,7,8,9","-0.00333333,0.00766667,-0.002,-0.000666667,1000",result im SR830-Thread,Komunkiations Test für SR830 und OSTECH,,,
2026-09-15,10:13:25,829,KOM_Test,SR830,T,PHAS,0,result im SR830-Thread,Komunkiations Test für SR830 und OSTECH,,,
2026-09-15,10:13:25,859,KOM_Test,SR830,T,FREQ,1000,result im SR830-Thread,Komunkiations Test für SR830 und OSTECH,,,
2026-09-15,10:13:26,018,KOM_Test,SR830,T,"SNAP 1,2,3,4,10,11","-6.10356e-005,-6.10356e-005,0,-135,-6.10356e-005,-6.10356e-005",result im SR830-Thread,Komunkiations Test für SR830 und OSTECH,,,
2026-09-15,10:13:26,138,KOM_Test,SR830,T,"SNAP 5,6,7,8,9","-0.002,0.00466667,0.00433333,-0.000666667,1000",result im SR830-Thread,Komunkiations Test für SR830 und OSTECH,,,
2026-09-15,10:13:26,154,KOM_Test,SR830,T,PHAS,0,result im SR830-Thread,Komunkiations Test für SR830 und OSTECH,,,
2026-09-15,10:13:26,182,KOM_Test,SR830,T,FREQ,1000,result im SR830-Thread,Komunkiations Test für SR830 und OSTECH,,,
2026-09-15,10:13:26,304,KOM_Test,SR830,T,"SNAP 1,2,3,4,10,11","-6.10356e-005,0,0,180,-6.10356e-005,0",result im SR830-Thread,Komunkiations Test für SR830 und OSTECH,,,
2026-09-15,10:13:26,421,KOM_Test,SR830,T,"SNAP 5,6,7,8,9","0.001,0.00633333,0.001,0.000666667,1000",result im SR830-Thread,Komunkiations Test für SR830 und OSTECH,,,
2026-09-15,10:13:26,446,KOM_Test,SR830,T,PHAS,0,result im SR830-Thread,Komunkiations Test für SR830 und OSTECH,,,
2026-09-15,10:13:26,479,KOM_Test,SR830,T,FREQ,1000,result im SR830-Thread,Komunkiations Test für SR830 und OSTECH,,,
2026-09-15,10:13:26,606,KOM_Test,SR830,T,"SNAP 1,2,3,4,10,11","-6.10356e-005,0,0,135,-6.10356e-005,0",result im SR830-Thread,Komunkiations Test für SR830 und OSTECH,,,
2026-09-15,10:13:26,734,KOM_Test,SR830,T,"SNAP 5,6,7,8,9","-0.000333333,0.00633333,0.000666667,0.000666667,1000",result im SR830-Thread,Komunkiations Test für SR830 und OSTECH,,,
2026-09-15,10:13:26,748,KOM_Test,SR830,T,PHAS,0,result im SR830-Thread,Komunkiations Test für SR830 und OSTECH,,,
2026-09-15,10:13:26,776,KOM_Test,SR830,T,FREQ,1000,result im SR830-Thread,Komunkiations Test für SR830 und OSTECH,,,
2026-09-15,10:13:26,911,KOM_Test,SR830,T,"SNAP 1,2,3,4,10,11","-6.10356e-005,0,0,180,-6.10356e-005,0",result im SR830-Thread,Komunkiations Test für SR830 und OSTECH,,,
2026-09-15,10:13:27,027,KOM_Test,SR830,T,"SNAP 5,6,7,8,9","-0.000333333,0.00466667,0.00233333,-0.001,1000",result im SR830-Thread,Komunkiations Test für SR830 und OSTECH,,,
2026-09-15,10:13:27,045,KOM_Test,SR830,T,PHAS,0,result im SR830-Thread,Komunkiations Test für SR830 und OSTECH,,,
2026-09-15,10:13:27,076,KOM_Test,SR830,T,FREQ,1000,result im SR830-Thread,Komunkiations Test für SR830 und OSTECH,,,
2026-09-15,10:13:27,182,KOM_Test,SR830,T,"SNAP 1,2,3,4,10,11","0,0,0,90,0,0",result im SR830-Thread,Komunkiations Test für SR830 und OSTECH,,,
2026-09-15,10:13:27,311,KOM_Test,SR830,T,"SNAP 5,6,7,8,9","-0.00333333,0.00633333,-0.00333333,-0.000666667,1000",result im SR830-Thread,Komunkiations Test für SR830 und OSTECH,,,
2026-09-15,10:13:27,339,KOM_Test,SR830,T,PHAS,0,result im SR830-Thread,Komunkiations Test für SR830 und OSTECH,,,
2026-09-15,10:13:27,364,KOM_Test,SR830,T,FREQ,1000,result im SR830-Thread,Komunkiations Test für SR830 und OSTECH,,,
2026-09-15,10:13:27,516,KOM_Test,SR830,T,"SNAP 1,2,3,4,10,11","0,-0.000122071,6.10356e-005,-63.438,0,-0.000122071",result im SR830-Thread,Komunkiations Test für SR830 und OSTECH,,,
2026-09-15,10:13:27,647,KOM_Test,SR830,T,"SNAP 5,6,7,8,9","-0.000666667,0.008,0.000666667,0.00266667,1000",result im SR830-Thread,Komunkiations Test für SR830 und OSTECH,,,
2026-09-15,10:13:27,661,KOM_Test,SR830,T,PHAS,0,result im SR830-Thread,Komunkiations Test für SR830 und OSTECH,,,
2026-09-15,10:13:27,693,KOM_Test,SR830,T,FREQ,1000,result im SR830-Thread,Komunkiations Test für SR830 und OSTECH,,,
2026-09-15,10:13:27,799,KOM_Test,SR830,T,"SNAP 1,2,3,4,10,11","0,0,0,0,0,0",result im SR830-Thread,Komunkiations Test für SR830 und OSTECH,,,
2026-09-15,10:13:27,918,KOM_Test,SR830,T,"SNAP 5,6,7,8,9","-0.00166667,0.005,0.000666667,0.00266667,1000",result im SR830-Thread,Komunkiations Test für SR830 und OSTECH,,,
2026-09-15,10:13:27,934,KOM_Test,SR830,T,PHAS,0,result im SR830-Thread,Komunkiations Test für SR830 und OSTECH,,,
2026-09-15,10:13:27,960,KOM_Test,SR830,T,FREQ,1000,result im SR830-Thread,Komunkiations Test für SR830 und OSTECH,,,
2026-09-15,10:13:28,058,KOM_Test,SR830,T,"SNAP 1,2,3,4,10,11","0,0,0,0,0,0",result im SR830-Thread,Komunkiations Test für SR830 und OSTECH,,,
2026-09-15,10:13:28,181,KOM_Test,SR830,T,"SNAP 5,6,7,8,9","-0.00333333,0.00666667,0.001,-0.001,1000",result im SR830-Thread,Komunkiations Test für SR830 und OSTECH,,,
2026-09-15,10:13:28,193,KOM_Test,SR830,T,PHAS,0,result im SR830-Thread,Komunkiations Test für SR830 und OSTECH,,,
2026-09-15,10:13:28,214,KOM_Test,SR830,T,FREQ,1000,result im SR830-Thread,Komunkiations Test für SR830 und OSTECH,,,
2026-09-15,10:13:28,316,KOM_Test,SR830,T,"SNAP 1,2,3,4,10,11","0,0,0,0,0,0",result im SR830-Thread,Komunkiations Test für SR830 und OSTECH,,,
2026-09-15,10:13:28,427,KOM_Test,SR830,T,"SNAP 5,6,7,8,9","-0.00333333,0.005,-0.000333333,0.002,1000",result im SR830-Thread,Komunkiations Test für SR830 und OSTECH,,,
2026-09-15,10:13:28,443,KOM_Test,SR830,T,PHAS,0,result im SR830-Thread,Komunkiations Test für SR830 und OSTECH,,,
2026-09-15,10:13:28,466,KOM_Test,SR830,T,FREQ,1000,result im SR830-Thread,Komunkiations Test für SR830 und OSTECH,,,
2026-09-15,10:13:28,561,KOM_Test,SR830,T,"SNAP 1,2,3,4,10,11","0,0,0,90,0,0",result im SR830-Thread,Komunkiations Test für SR830 und OSTECH,,,
2026-09-15,10:13:28,685,KOM_Test,SR830,T,"SNAP 5,6,7,8,9","-0.00366667,0.00633333,0.00233333,-0.000666667,1000",result im SR830-Thread,Komunkiations Test für SR830 und OSTECH,,,
2026-09-15,10:13:28,701,KOM_Test,SR830,T,PHAS,0,result im SR830-Thread,Komunkiations Test für SR830 und OSTECH,,,
2026-09-15,10:13:28,726,KOM_Test,SR830,T,FREQ,1000,result im SR830-Thread,Komunkiations Test für SR830 und OSTECH,,,
2026-09-15,10:13:28,871,KOM_Test,SR830,T,"SNAP 1,2,3,4,10,11","0,-6.10356e-005,0,-45,0,-6.10356e-005",result im SR830-Thread,Komunkiations Test für SR830 und OSTECH,,,
2026-09-15,10:13:28,978,KOM_Test,SR830,T,"SNAP 5,6,7,8,9","0.001,0.005,0.000666667,0.002,1000",result im SR830-Thread,Komunkiations Test für SR830 und OSTECH,,,
2026-09-15,10:13:29,002,KOM_Test,SR830,T,PHAS,0,result im SR830-Thread,Komunkiations Test für SR830 und OSTECH,,,
2026-09-15,10:13:29,027,KOM_Test,SR830,T,FREQ,1000,result im SR830-Thread,Komunkiations Test für SR830 und OSTECH,,,
2026-09-15,10:13:29,155,KOM_Test,SR830,T,"SNAP 1,2,3,4,10,11","-6.10356e-005,0,0,180,-6.10356e-005,0",result im SR830-Thread,Komunkiations Test für SR830 und OSTECH,,,
2026-09-15,10:13:29,277,KOM_Test,SR830,T,"SNAP 5,6,7,8,9","-0.000666667,0.00366667,0.00233333,-0.001,1000",result im SR830-Thread,Komunkiations Test für SR830 und OSTECH,,,
2026-09-15,10:13:29,306,KOM_Test,SR830,T,PHAS,0,result im SR830-Thread,Komunkiations Test für SR830 und OSTECH,,,
2026-09-15,10:13:29,336,KOM_Test,SR830,T,FREQ,1000,result im SR830-Thread,Komunkiations Test für SR830 und OSTECH,,,
2026-09-15,10:13:29,481,KOM_Test,SR830,T,"SNAP 1,2,3,4,10,11","0,-0.000122071,6.10356e-005,-90,0,-0.000122071",result im SR830-Thread,Komunkiations Test für SR830 und OSTECH,,,
2026-09-15,10:13:29,616,KOM_Test,SR830,T,"SNAP 5,6,7,8,9","0.00133333,0.00766667,0.00233333,0.000666667,1000",result im SR830-Thread,Komunkiations Test für SR830 und OSTECH,,,
2026-09-15,10:13:29,627,KOM_Test,SR830,T,PHAS,0,result im SR830-Thread,Komunkiations Test für SR830 und OSTECH,,,
2026-09-15,10:13:29,647,KOM_Test,SR830,T,FREQ,1000,result im SR830-Thread,Komunkiations Test für SR830 und OSTECH,,,
2026-09-15,10:13:29,733,KOM_Test,SR830,T,"SNAP 1,2,3,4,10,11","0,0,0,0,0,0",result im SR830-Thread,Komunkiations Test für SR830 und OSTECH,,,
2026-09-15,10:13:29,856,KOM_Test,SR830,T,"SNAP 5,6,7,8,9","-0.00166667,0.005,0.000666667,0.000666667,1000",result im SR830-Thread,Komunkiations Test für SR830 und OSTECH,,,
2026-09-15,10:13:29,885,KOM_Test,SR830,T,PHAS,0,result im SR830-Thread,Komunkiations Test für SR830 und OSTECH,,,
2026-09-15,10:13:29,912,KOM_Test,SR830,T,FREQ,1000,result im SR830-Thread,Komunkiations Test für SR830 und OSTECH,,,
2026-09-15,10:13:30,041,KOM_Test,SR830,T,"SNAP 1,2,3,4,10,11","0,-6.10356e-005,0,-90,0,-6.10356e-005",result im SR830-Thread,Komunkiations Test für SR830 und OSTECH,,,
2026-09-15,10:13:30,161,KOM_Test,SR830,T,"SNAP 5,6,7,8,9","0.001,0.00766667,-0.000666667,-0.002,1000",result im SR830-Thread,Komunkiations Test für SR830 und OSTECH,,,
2026-09-15,10:13:30,178,KOM_Test,SR830,T,PHAS,0,result im SR830-Thread,Komunkiations Test für SR830 und OSTECH,,,
2026-09-15,10:13:30,196,KOM_Test,SR830,T,FREQ,1000,result im SR830-Thread,Komunkiations Test für SR830 und OSTECH,,,
2026-09-15,10:13:30,300,KOM_Test,SR830,T,"SNAP 1,2,3,4,10,11","0,0,0,0,0,0",result im SR830-Thread,Komunkiations Test für SR830 und OSTECH,,,
2026-09-15,10:13:30,414,KOM_Test,SR830,T,"SNAP 5,6,7,8,9","-0.000666667,0.00466667,0.001,-0.002,1000",result im SR830-Thread,Komunkiations Test für SR830 und OSTECH,,,
2026-09-15,10:13:30,427,KOM_Test,SR830,T,PHAS,0,result im SR830-Thread,Komunkiations Test für SR830 und OSTECH,,,
2026-09-15,10:13:30,449,KOM_Test,SR830,T,FREQ,1000,result im SR830-Thread,Komunkiations Test für SR830 und OSTECH,,,
2026-09-15,10:13:30,535,KOM_Test,SR830,T,"SNAP 1,2,3,4,10,11","0,0,0,0,0,0",result im SR830-Thread,Komunkiations Test für SR830 und OSTECH,,,
2026-09-15,10:13:30,657,KOM_Test,SR830,T,"SNAP 5,6,7,8,9","-0.000666667,0.002,-0.000666667,0.000666667,1000",result im SR830-Thread,Komunkiations Test für SR830 und OSTECH,,,
2026-09-15,10:13:30,679,KOM_Test,SR830,T,PHAS,0,result im SR830-Thread,Komunkiations Test für SR830 und OSTECH,,,
2026-09-15,10:13:30,714,KOM_Test,SR830,T,FREQ,1000,result im SR830-Thread,Komunkiations Test für SR830 und OSTECH,,,
2026-09-15,10:13:30,806,KOM_Test,SR830,T,"SNAP 1,2,3,4,10,11","0,0,0,45,0,0",result im SR830-Thread,Komunkiations Test für SR830 und OSTECH,,,
2026-09-15,10:13:30,922,KOM_Test,SR830,T,"SNAP 5,6,7,8,9","-0.002,0.005,-0.000333333,-0.001,1000",result im SR830-Thread,Komunkiations Test für SR830 und OSTECH,,,
2026-09-15,10:13:30,942,KOM_Test,SR830,T,PHAS,0,result im SR830-Thread,Komunkiations Test für SR830 und OSTECH,,,
2026-09-15,10:13:30,962,KOM_Test,SR830,T,FREQ,1000,result im SR830-Thread,Komunkiations Test für SR830 und OSTECH,,,
2026-09-15,10:13:31,052,KOM_Test,SR830,T,"SNAP 1,2,3,4,10,11","0,0,0,0,0,0",result im SR830-Thread,Komunkiations Test für SR830 und OSTECH,,,
2026-09-15,10:13:31,170,KOM_Test,SR830,T,"SNAP 5,6,7,8,9","-0.000333333,0.005,0.000666667,0.000666667,1000",result im SR830-Thread,Komunkiations Test für SR830 und OSTECH,,,
2026-09-15,10:13:31,186,KOM_Test,SR830,T,PHAS,0,result im SR830-Thread,Komunkiations Test für SR830 und OSTECH,,,
2026-09-15,10:13:31,207,KOM_Test,SR830,T,FREQ,1000,result im SR830-Thread,Komunkiations Test für SR830 und OSTECH,,,
2026-09-15,10:13:31,318,KOM_Test,SR830,T,"SNAP 1,2,3,4,10,11","0,0,0,90,0,0",result im SR830-Thread,Komunkiations Test für SR830 und OSTECH,,,
2026-09-15,10:13:31,442,KOM_Test,SR830,T,"SNAP 5,6,7,8,9","-0.00166667,0.00666667,0.000666667,-0.000666667,1000",result im SR830-Thread,Komunkiations Test für SR830 und OSTECH,,,
2026-09-15,10:13:31,469,KOM_Test,SR830,T,PHAS,0,result im SR830-Thread,Komunkiations Test für SR830 und OSTECH,,,
2026-09-15,10:13:31,495,KOM_Test,SR830,T,FREQ,1000,result im SR830-Thread,Komunkiations Test für SR830 und OSTECH,,,
2026-09-15,10:13:31,663,KOM_Test,SR830,T,"SNAP 1,2,3,4,10,11","-6.10356e-005,-6.10356e-005,0,-135,-6.10356e-005,-6.10356e-005",result im SR830-Thread,Komunkiations Test für SR830 und OSTECH,,,
2026-09-15,10:13:31,791,KOM_Test,SR830,T,"SNAP 5,6,7,8,9","-0.00166667,0.00466667,0.001,0.000666667,1000",result im SR830-Thread,Komunkiations Test für SR830 und OSTECH,,,
2026-09-15,10:13:31,813,KOM_Test,SR830,T,PHAS,0,result im SR830-Thread,Komunkiations Test für SR830 und OSTECH,,,
2026-09-15,10:13:31,834,KOM_Test,SR830,T,FREQ,1000,result im SR830-Thread,Komunkiations Test für SR830 und OSTECH,,,
2026-09-15,10:13:31,984,KOM_Test,SR830,T,"SNAP 1,2,3,4,10,11","-0.000122071,0,6.10356e-005,180,-0.000122071,0",result im SR830-Thread,Komunkiations Test für SR830 und OSTECH,,,
2026-09-15,10:13:32,111,KOM_Test,SR830,T,"SNAP 5,6,7,8,9","-0.000666667,0.00466667,0.00233333,0.000666667,1000",result im SR830-Thread,Komunkiations Test für SR830 und OSTECH,,,
2026-09-15,10:13:32,139,KOM_Test,SR830,T,PHAS,0,result im SR830-Thread,Komunkiations Test für SR830 und OSTECH,,,
2026-09-15,10:13:32,164,KOM_Test,SR830,T,FREQ,1000,result im SR830-Thread,Komunkiations Test für SR830 und OSTECH,,,
2026-09-15,10:13:32,267,KOM_Test,SR830,T,"SNAP 1,2,3,4,10,11","0,0,0,90,0,0",result im SR830-Thread,Komunkiations Test für SR830 und OSTECH,,,
2026-09-15,10:13:32,400,KOM_Test,SR830,T,"SNAP 5,6,7,8,9","-0.00166667,0.00633333,0.00233333,-0.000666667,1000",result im SR830-Thread,Komunkiations Test für SR830 und OSTECH,,,
2026-09-15,10:13:32,419,KOM_Test,SR830,T,PHAS,0,result im SR830-Thread,Komunkiations Test für SR830 und OSTECH,,,
2026-09-15,10:13:32,443,KOM_Test,SR830,T,FREQ,1000,result im SR830-Thread,Komunkiations Test für SR830 und OSTECH,,,
2026-09-15,10:13:32,537,KOM_Test,SR830,T,"SNAP 1,2,3,4,10,11","0,0,0,0,0,0",result im SR830-Thread,Komunkiations Test für SR830 und OSTECH,,,
2026-09-15,10:13:32,651,KOM_Test,SR830,T,"SNAP 5,6,7,8,9","-0.00333333,0.00633333,0.001,-0.001,1000",result im SR830-Thread,Komunkiations Test für SR830 und OSTECH,,,
2026-09-15,10:13:32,671,KOM_Test,SR830,T,PHAS,0,result im SR830-Thread,Komunkiations Test für SR830 und OSTECH,,,
2026-09-15,10:13:32,701,KOM_Test,SR830,T,FREQ,1000,result im SR830-Thread,Komunkiations Test für SR830 und OSTECH,,,
2026-09-15,10:13:32,801,KOM_Test,SR830,T,"SNAP 1,2,3,4,10,11","0,0,0,0,0,0",result im SR830-Thread,Komunkiations Test für SR830 und OSTECH,,,
2026-09-15,10:13:32,916,KOM_Test,SR830,T,"SNAP 5,6,7,8,9","-0.002,0.00466667,-0.000333333,0.000666667,1000",result im SR830-Thread,Komunkiations Test für SR830 und OSTECH,,,
2026-09-15,10:13:32,933,KOM_Test,SR830,T,PHAS,0,result im SR830-Thread,Komunkiations Test für SR830 und OSTECH,,,
2026-09-15,10:13:32,958,KOM_Test,SR830,T,FREQ,1000,result im SR830-Thread,Komunkiations Test für SR830 und OSTECH,,,
2026-09-15,10:13:33,060,KOM_Test,SR830,T,"SNAP 1,2,3,4,10,11","0,0,0,90,0,0",result im SR830-Thread,Komunkiations Test für SR830 und OSTECH,,,
2026-09-15,10:13:33,197,KOM_Test,SR830,T,"SNAP 5,6,7,8,9","-0.00333333,0.00633333,0.00233333,-0.000666667,1000",result im SR830-Thread,Komunkiations Test für SR830 und OSTECH,,,
2026-09-15,10:13:33,213,KOM_Test,SR830,T,PHAS,0,result im SR830-Thread,Komunkiations Test für SR830 und OSTECH,,,
2026-09-15,10:13:33,234,KOM_Test,SR830,T,FREQ,1000,result im SR830-Thread,Komunkiations Test für SR830 und OSTECH,,,
2026-09-15,10:13:33,328,KOM_Test,SR830,T,"SNAP 1,2,3,4,10,11","0,0,0,90,0,0",result im SR830-Thread,Komunkiations Test für SR830 und OSTECH,,,
2026-09-15,10:13:33,470,KOM_Test,SR830,T,"SNAP 5,6,7,8,9","-0.000666667,0.00633333,-0.000333333,-0.000666667,1000",result im SR830-Thread,Komunkiations Test für SR830 und OSTECH,,,
2026-09-15,10:13:33,487,KOM_Test,SR830,T,PHAS,0,result im SR830-Thread,Komunkiations Test für SR830 und OSTECH,,,
2026-09-15,10:13:33,519,KOM_Test,SR830,T,FREQ,1000,result im SR830-Thread,Komunkiations Test für SR830 und OSTECH,,,
2026-09-15,10:13:33,626,KOM_Test,SR830,T,"SNAP 1,2,3,4,10,11","0,0,0,45,0,0",result im SR830-Thread,Komunkiations Test für SR830 und OSTECH,,,
2026-09-15,10:13:33,741,KOM_Test,SR830,T,"SNAP 5,6,7,8,9","-0.00333333,0.00933333,0.001,-0.002,1000",result im SR830-Thread,Komunkiations Test für SR830 und OSTECH,,,
2026-09-15,10:13:33,753,KOM_Test,SR830,T,PHAS,0,result im SR830-Thread,Komunkiations Test für SR830 und OSTECH,,,
2026-09-15,10:13:33,787,KOM_Test,SR830,T,FREQ,1000,result im SR830-Thread,Komunkiations Test für SR830 und OSTECH,,,
2026-09-15,10:13:33,882,KOM_Test,SR830,T,"SNAP 1,2,3,4,10,11","0,0,0,45,0,0",result im SR830-Thread,Komunkiations Test für SR830 und OSTECH,,,
2026-09-15,10:13:34,013,KOM_Test,SR830,T,"SNAP 5,6,7,8,9","-0.00366667,0.00366667,0.000666667,0.000666667,1000",result im SR830-Thread,Komunkiations Test für SR830 und OSTECH,,,
2026-09-15,10:13:34,032,KOM_Test,SR830,T,PHAS,0,result im SR830-Thread,Komunkiations Test für SR830 und OSTECH,,,
2026-09-15,10:13:34,063,KOM_Test,SR830,T,FREQ,1000,result im SR830-Thread,Komunkiations Test für SR830 und OSTECH,,,
2026-09-15,10:13:34,160,KOM_Test,SR830,T,"SNAP 1,2,3,4,10,11","0,0,0,0,0,0",result im SR830-Thread,Komunkiations Test für SR830 und OSTECH,,,
2026-09-15,10:13:34,285,KOM_Test,SR830,T,"SNAP 5,6,7,8,9","-0.00166667,0.005,-0.000666667,0.002,1000",result im SR830-Thread,Komunkiations Test für SR830 und OSTECH,,,
2026-09-15,10:13:34,308,KOM_Test,SR830,T,PHAS,0,result im SR830-Thread,Komunkiations Test für SR830 und OSTECH,,,
2026-09-15,10:13:34,331,KOM_Test,SR830,T,FREQ,1000,result im SR830-Thread,Komunkiations Test für SR830 und OSTECH,,,
2026-09-15,10:13:34,509,KOM_Test,SR830,T,"SNAP 1,2,3,4,10,11","-6.10356e-005,-6.10356e-005,0,-135,-6.10356e-005,-6.10356e-005",result im SR830-Thread,Komunkiations Test für SR830 und OSTECH,,,
2026-09-15,10:13:34,638,KOM_Test,SR830,T,"SNAP 5,6,7,8,9","-0.00333333,0.00633333,0.001,0.000666667,1000",result im SR830-Thread,Komunkiations Test für SR830 und OSTECH,,,
2026-09-15,10:13:34,658,KOM_Test,SR830,T,PHAS,0,result im SR830-Thread,Komunkiations Test für SR830 und OSTECH,,,
2026-09-15,10:13:34,690,KOM_Test,SR830,T,FREQ,1000,result im SR830-Thread,Komunkiations Test für SR830 und OSTECH,,,
2026-09-15,10:13:34,818,KOM_Test,SR830,T,"SNAP 1,2,3,4,10,11","0,-6.10356e-005,0,-90,0,-6.10356e-005",result im SR830-Thread,Komunkiations Test für SR830 und OSTECH,,,
2026-09-15,10:13:34,953,KOM_Test,SR830,T,"SNAP 5,6,7,8,9","-0.00166667,0.00633333,-0.000333333,0.000666667,1000",result im SR830-Thread,Komunkiations Test für SR830 und OSTECH,,,
2026-09-15,10:13:34,974,KOM_Test,SR830,T,PHAS,0,result im SR830-Thread,Komunkiations Test für SR830 und OSTECH,,,
2026-09-15,10:13:34,998,KOM_Test,SR830,T,FREQ,1000,result im SR830-Thread,Komunkiations Test für SR830 und OSTECH,,,
2026-09-15,10:13:35,135,KOM_Test,SR830,T,"SNAP 1,2,3,4,10,11","-6.10356e-005,0,0,135,-6.10356e-005,0",result im SR830-Thread,Komunkiations Test für SR830 und OSTECH,,,
2026-09-15,10:13:35,262,KOM_Test,SR830,T,"SNAP 5,6,7,8,9","-0.002,0.00666667,-0.000333333,0.000666667,1000",result im SR830-Thread,Komunkiations Test für SR830 und OSTECH,,,
2026-09-15,10:13:35,284,KOM_Test,SR830,T,PHAS,0,result im SR830-Thread,Komunkiations Test für SR830 und OSTECH,,,
2026-09-15,10:13:35,313,KOM_Test,SR830,T,FREQ,1000,result im SR830-Thread,Komunkiations Test für SR830 und OSTECH,,,
2026-09-15,10:13:35,417,KOM_Test,SR830,T,"SNAP 1,2,3,4,10,11","0,0,0,0,0,0",result im SR830-Thread,Komunkiations Test für SR830 und OSTECH,,,
2026-09-15,10:13:35,546,KOM_Test,SR830,T,"SNAP 5,6,7,8,9","-0.002,0.00633333,0.00266667,-0.000666667,1000",result im SR830-Thread,Komunkiations Test für SR830 und OSTECH,,,
2026-09-15,10:13:35,564,KOM_Test,SR830,T,PHAS,0,result im SR830-Thread,Komunkiations Test für SR830 und OSTECH,,,
2026-09-15,10:13:35,590,KOM_Test,SR830,T,FREQ,1000,result im SR830-Thread,Komunkiations Test für SR830 und OSTECH,,,
2026-09-15,10:13:35,686,KOM_Test,SR830,T,"SNAP 1,2,3,4,10,11","0,0,0,0,0,0",result im SR830-Thread,Komunkiations Test für SR830 und OSTECH,,,
2026-09-15,10:13:35,823,KOM_Test,SR830,T,"SNAP 5,6,7,8,9","-0.00633333,0.003,-0.000333333,0.000666667,1000",result im SR830-Thread,Komunkiations Test für SR830 und OSTECH,,,
2026-09-15,10:13:35,838,KOM_Test,SR830,T,PHAS,0,result im SR830-Thread,Komunkiations Test für SR830 und OSTECH,,,
2026-09-15,10:13:35,865,KOM_Test,SR830,T,FREQ,1000,result im SR830-Thread,Komunkiations Test für SR830 und OSTECH,,,
2026-09-15,10:13:36,038,KOM_Test,SR830,T,"SNAP 1,2,3,4,10,11","6.10356e-005,6.10356e-005,0.000122071,56.31,6.10356e-005,6.10356e-005",result im SR830-Thread,Komunkiations Test für SR830 und OSTECH,,,
2026-09-15,10:13:36,184,KOM_Test,SR830,T,"SNAP 5,6,7,8,9","-0.00166667,0.00466667,0.000666667,-0.000666667,1000",result im SR830-Thread,Komunkiations Test für SR830 und OSTECH,,,
2026-09-15,10:13:36,199,KOM_Test,SR830,T,PHAS,0,result im SR830-Thread,Komunkiations Test für SR830 und OSTECH,,,
2026-09-15,10:13:36,220,KOM_Test,SR830,T,FREQ,1000,result im SR830-Thread,Komunkiations Test für SR830 und OSTECH,,,
2026-09-15,10:13:36,314,KOM_Test,SR830,T,"SNAP 1,2,3,4,10,11","0,0,0,0,0,0",result im SR830-Thread,Komunkiations Test für SR830 und OSTECH,,,
2026-09-15,10:13:36,438,KOM_Test,SR830,T,"SNAP 5,6,7,8,9","-0.00166667,0.00466667,-0.002,-0.00666667,1000",result im SR830-Thread,Komunkiations Test für SR830 und OSTECH,,,
2026-09-15,10:13:36,458,KOM_Test,SR830,T,PHAS,0,result im SR830-Thread,Komunkiations Test für SR830 und OSTECH,,,
2026-09-15,10:13:36,490,KOM_Test,SR830,T,FREQ,1000,result im SR830-Thread,Komunkiations Test für SR830 und OSTECH,,,
2026-09-15,10:13:36,574,KOM_Test,SR830,T,"SNAP 1,2,3,4,10,11","0,0,0,0,0,0",result im SR830-Thread,Komunkiations Test für SR830 und OSTECH,,,
2026-09-15,10:13:36,696,KOM_Test,SR830,T,"SNAP 5,6,7,8,9","-0.00166667,0.00466667,-0.000666667,-0.001,1000",result im SR830-Thread,Komunkiations Test für SR830 und OSTECH,,,
2026-09-15,10:13:36,716,KOM_Test,SR830,T,PHAS,0,result im SR830-Thread,Komunkiations Test für SR830 und OSTECH,,,
2026-09-15,10:13:36,742,KOM_Test,SR830,T,FREQ,1000,result im SR830-Thread,Komunkiations Test für SR830 und OSTECH,,,
2026-09-15,10:13:36,874,KOM_Test,SR830,T,"SNAP 1,2,3,4,10,11","0,-6.10356e-005,0,-45,0,-6.10356e-005",result im SR830-Thread,Komunkiations Test für SR830 und OSTECH,,,
2026-09-15,10:13:37,001,KOM_Test,SR830,T,"SNAP 5,6,7,8,9","-0.00333333,0.00633333,0.00233333,-0.000666667,1000",result im SR830-Thread,Komunkiations Test für SR830 und OSTECH,,,
2026-09-15,10:13:37,023,KOM_Test,SR830,T,PHAS,0,result im SR830-Thread,Komunkiations Test für SR830 und OSTECH,,,
2026-09-15,10:13:37,051,KOM_Test,SR830,T,FREQ,1000,result im SR830-Thread,Komunkiations Test für SR830 und OSTECH,,,
2026-09-15,10:13:37,183,KOM_Test,SR830,T,"SNAP 1,2,3,4,10,11","-6.10356e-005,0,0,180,-6.10356e-005,0",result im SR830-Thread,Komunkiations Test für SR830 und OSTECH,,,
2026-09-15,10:13:37,313,KOM_Test,SR830,T,"SNAP 5,6,7,8,9","-0.000333333,0.00466667,0.000666667,-0.001,1000",result im SR830-Thread,Komunkiations Test für SR830 und OSTECH,,,
2026-09-15,10:13:37,335,KOM_Test,SR830,T,PHAS,0,result im SR830-Thread,Komunkiations Test für SR830 und OSTECH,,,
2026-09-15,10:13:37,356,KOM_Test,SR830,T,FREQ,1000,result im SR830-Thread,Komunkiations Test für SR830 und OSTECH,,,
2026-09-15,10:13:37,446,KOM_Test,SR830,T,"SNAP 1,2,3,4,10,11","0,0,0,90,0,0",result im SR830-Thread,Komunkiations Test für SR830 und OSTECH,,,
2026-09-15,10:13:37,564,KOM_Test,SR830,T,"SNAP 5,6,7,8,9","-0.002,0.005,0.00233333,-0.001,1000",result im SR830-Thread,Komunkiations Test für SR830 und OSTECH,,,
2026-09-15,10:13:37,583,KOM_Test,SR830,T,PHAS,0,result im SR830-Thread,Komunkiations Test für SR830 und OSTECH,,,
2026-09-15,10:13:37,605,KOM_Test,SR830,T,FREQ,1000,result im SR830-Thread,Komunkiations Test für SR830 und OSTECH,,,
2026-09-15,10:13:37,748,KOM_Test,SR830,T,"SNAP 1,2,3,4,10,11","0,6.10356e-005,6.10356e-005,63.438,0,6.10356e-005",result im SR830-Thread,Komunkiations Test für SR830 und OSTECH,,,
2026-09-15,10:13:37,880,KOM_Test,SR830,T,"SNAP 5,6,7,8,9","-0.002,0.00466667,-0.00233333,0.000666667,1000",result im SR830-Thread,Komunkiations Test für SR830 und OSTECH,,,
2026-09-15,10:13:37,899,KOM_Test,SR830,T,PHAS,0,result im SR830-Thread,Komunkiations Test für SR830 und OSTECH,,,
2026-09-15,10:13:37,926,KOM_Test,SR830,T,FREQ,1000,result im SR830-Thread,Komunkiations Test für SR830 und OSTECH,,,
2026-09-15,10:13:38,019,KOM_Test,SR830,T,"SNAP 1,2,3,4,10,11","0,0,0,0,0,0",result im SR830-Thread,Komunkiations Test für SR830 und OSTECH,,,
2026-09-15,10:13:38,147,KOM_Test,SR830,T,"SNAP 5,6,7,8,9","-0.000333333,0.005,0.000666667,0.000666667,1000",result im SR830-Thread,Komunkiations Test für SR830 und OSTECH,,,
2026-09-15,10:13:38,169,KOM_Test,SR830,T,PHAS,0,result im SR830-Thread,Komunkiations Test für SR830 und OSTECH,,,
2026-09-15,10:13:38,194,KOM_Test,SR830,T,FREQ,1000,result im SR830-Thread,Komunkiations Test für SR830 und OSTECH,,,
2026-09-15,10:13:38,286,KOM_Test,SR830,T,"SNAP 1,2,3,4,10,11","0,0,0,0,0,0",result im SR830-Thread,Komunkiations Test für SR830 und OSTECH,,,
2026-09-15,10:13:38,392,KOM_Test,SR830,T,"SNAP 5,6,7,8,9","-0.000666667,0.003,0.001,-0.004,1000",result im SR830-Thread,Komunkiations Test für SR830 und OSTECH,,,
2026-09-15,10:13:38,406,KOM_Test,SR830,T,PHAS,0,result im SR830-Thread,Komunkiations Test für SR830 und OSTECH,,,
2026-09-15,10:13:38,447,KOM_Test,SR830,T,FREQ,1000,result im SR830-Thread,Komunkiations Test für SR830 und OSTECH,,,
2026-09-15,10:13:38,552,KOM_Test,SR830,T,"SNAP 1,2,3,4,10,11","0,0,0,90,0,0",result im SR830-Thread,Komunkiations Test für SR830 und OSTECH,,,
2026-09-15,10:13:38,658,KOM_Test,SR830,T,"SNAP 5,6,7,8,9","0.003,0.00933333,0.00233333,0.002,1000",result im SR830-Thread,Komunkiations Test für SR830 und OSTECH,,,
2026-09-15,10:13:38,671,KOM_Test,SR830,T,PHAS,0,result im SR830-Thread,Komunkiations Test für SR830 und OSTECH,,,
2026-09-15,10:13:38,697,KOM_Test,SR830,T,FREQ,1000,result im SR830-Thread,Komunkiations Test für SR830 und OSTECH,,,
2026-09-15,10:13:38,786,KOM_Test,SR830,T,"SNAP 1,2,3,4,10,11","0,0,0,0,0,0",result im SR830-Thread,Komunkiations Test für SR830 und OSTECH,,,
2026-09-15,10:13:39,074,KOM_Test,SR830,T,"SNAP 5,6,7,8,9","-0.00333333,0.00466667,-0.000666667,0.000666667,1000",result im SR830-Thread,Komunkiations Test für SR830 und OSTECH,,,
2026-09-15,10:13:39,076,KOM_Test,SR830,T,PHAS,0,result im SR830-Thread,Komunkiations Test für SR830 und OSTECH,,,
2026-09-15,10:13:39,081,KOM_Test,SR830,T,FREQ,1000,result im SR830-Thread,Komunkiations Test für SR830 und OSTECH,,,
2026-09-15,10:13:39,093,KOM_Test,SR830,T,"SNAP 1,2,3,4,10,11","6.10356e-005,0,6.10356e-005,0,6.10356e-005,0",result im SR830-Thread,Komunkiations Test für SR830 und OSTECH,,,
2026-09-15,10:13:39,211,KOM_Test,SR830,T,"SNAP 5,6,7,8,9","-0.00166667,0.005,-0.002,-0.000666667,1000",result im SR830-Thread,Komunkiations Test für SR830 und OSTECH,,,
2026-09-15,10:13:39,240,KOM_Test,SR830,T,PHAS,0,result im SR830-Thread,Komunkiations Test für SR830 und OSTECH,,,
2026-09-15,10:13:39,264,KOM_Test,SR830,T,FREQ,1000,result im SR830-Thread,Komunkiations Test für SR830 und OSTECH,,,
2026-09-15,10:13:39,405,KOM_Test,SR830,T,"SNAP 1,2,3,4,10,11","6.10356e-005,0,6.10356e-005,0,6.10356e-005,0",result im SR830-Thread,Komunkiations Test für SR830 und OSTECH,,,
2026-09-15,10:13:39,535,KOM_Test,SR830,T,"SNAP 5,6,7,8,9","0.00266667,0.00766667,0.00233333,0.000666667,1000",result im SR830-Thread,Komunkiations Test für SR830 und OSTECH,,,
2026-09-15,10:13:39,552,KOM_Test,SR830,T,PHAS,0,result im SR830-Thread,Komunkiations Test für SR830 und OSTECH,,,
2026-09-15,10:13:39,580,KOM_Test,SR830,T,FREQ,1000,result im SR830-Thread,Komunkiations Test für SR830 und OSTECH,,,
2026-09-15,10:13:39,670,KOM_Test,SR830,T,"SNAP 1,2,3,4,10,11","0,0,0,0,0,0",result im SR830-Thread,Komunkiations Test für SR830 und OSTECH,,,
2026-09-15,10:13:39,794,KOM_Test,SR830,T,"SNAP 5,6,7,8,9","-0.002,0.00466667,-0.000333333,0.00366667,1000",result im SR830-Thread,Komunkiations Test für SR830 und OSTECH,,,
2026-09-15,10:13:39,808,KOM_Test,SR830,T,PHAS,0,result im SR830-Thread,Komunkiations Test für SR830 und OSTECH,,,
2026-09-15,10:13:39,834,KOM_Test,SR830,T,FREQ,1000,result im SR830-Thread,Komunkiations Test für SR830 und OSTECH,,,
2026-09-15,10:13:39,976,KOM_Test,SR830,T,"SNAP 1,2,3,4,10,11","6.10356e-005,0,6.10356e-005,26.562,6.10356e-005,0",result im SR830-Thread,Komunkiations Test für SR830 und OSTECH,,,
2026-09-15,10:13:40,089,KOM_Test,SR830,T,"SNAP 5,6,7,8,9","-0.002,0.005,0.000666667,-0.001,1000",result im SR830-Thread,Komunkiations Test für SR830 und OSTECH,,,
2026-09-15,10:13:40,103,KOM_Test,SR830,T,PHAS,0,result im SR830-Thread,Komunkiations Test für SR830 und OSTECH,,,
2026-09-15,10:13:40,125,KOM_Test,SR830,T,FREQ,1000,result im SR830-Thread,Komunkiations Test für SR830 und OSTECH,,,
2026-09-15,10:13:40,256,KOM_Test,SR830,T,"SNAP 1,2,3,4,10,11","0,-6.10356e-005,0,-45,0,-6.10356e-005",result im SR830-Thread,Komunkiations Test für SR830 und OSTECH,,,
2026-09-15,10:13:40,372,KOM_Test,SR830,T,"SNAP 5,6,7,8,9","-0.000333333,0.003,0.00233333,0.002,1000",result im SR830-Thread,Komunkiations Test für SR830 und OSTECH,,,
2026-09-15,10:13:40,391,KOM_Test,SR830,T,PHAS,0,result im SR830-Thread,Komunkiations Test für SR830 und OSTECH,,,
2026-09-15,10:13:40,417,KOM_Test,SR830,T,FREQ,1000,result im SR830-Thread,Komunkiations Test für SR830 und OSTECH,,,
2026-09-15,10:13:40,506,KOM_Test,SR830,T,"SNAP 1,2,3,4,10,11","0,0,0,90,0,0",result im SR830-Thread,Komunkiations Test für SR830 und OSTECH,,,
2026-09-15,10:13:40,626,KOM_Test,SR830,T,"SNAP 5,6,7,8,9","-0.00166667,0.00666667,0.000666667,0.001,1000",result im SR830-Thread,Komunkiations Test für SR830 und OSTECH,,,
2026-09-15,10:13:40,650,KOM_Test,SR830,T,PHAS,0,result im SR830-Thread,Komunkiations Test für SR830 und OSTECH,,,
2026-09-15,10:13:40,681,KOM_Test,SR830,T,FREQ,1000,result im SR830-Thread,Komunkiations Test für SR830 und OSTECH,,,
2026-09-15,10:13:40,781,KOM_Test,SR830,T,"SNAP 1,2,3,4,10,11","0,0,0,90,0,0",result im SR830-Thread,Komunkiations Test für SR830 und OSTECH,,,
2026-09-15,10:13:40,902,KOM_Test,SR830,T,"SNAP 5,6,7,8,9","-0.00666667,0.003,-0.000666667,0.00266667,1000",result im SR830-Thread,Komunkiations Test für SR830 und OSTECH,,,
2026-09-15,10:13:40,916,KOM_Test,SR830,T,PHAS,0,result im SR830-Thread,Komunkiations Test für SR830 und OSTECH,,,
2026-09-15,10:13:40,942,KOM_Test,SR830,T,FREQ,1000,result im SR830-Thread,Komunkiations Test für SR830 und OSTECH,,,
2026-09-15,10:13:41,087,KOM_Test,SR830,T,"SNAP 1,2,3,4,10,11","0,-6.10356e-005,0,-45,0,-6.10356e-005",result im SR830-Thread,Komunkiations Test für SR830 und OSTECH,,,
2026-09-15,10:13:41,207,KOM_Test,SR830,T,"SNAP 5,6,7,8,9","-0.002,0.00666667,0.00233333,-0.000666667,1000",result im SR830-Thread,Komunkiations Test für SR830 und OSTECH,,,
2026-09-15,10:13:41,235,KOM_Test,SR830,T,PHAS,0,result im SR830-Thread,Komunkiations Test für SR830 und OSTECH,,,
2026-09-15,10:13:41,256,KOM_Test,SR830,T,FREQ,1000,result im SR830-Thread,Komunkiations Test für SR830 und OSTECH,,,
2026-09-15,10:13:41,398,KOM_Test,SR830,T,"SNAP 1,2,3,4,10,11","6.10356e-005,0,6.10356e-005,0,6.10356e-005,0",result im SR830-Thread,Komunkiations Test für SR830 und OSTECH,,,
2026-09-15,10:13:41,509,KOM_Test,SR830,T,"SNAP 5,6,7,8,9","-0.002,0.00366667,-0.00233333,-0.001,1000",result im SR830-Thread,Komunkiations Test für SR830 und OSTECH,,,
2026-09-15,10:13:41,527,KOM_Test,SR830,T,PHAS,0,result im SR830-Thread,Komunkiations Test für SR830 und OSTECH,,,
2026-09-15,10:13:41,556,KOM_Test,SR830,T,FREQ,1000,result im SR830-Thread,Komunkiations Test für SR830 und OSTECH,,,
2026-09-15,10:13:41,648,KOM_Test,SR830,T,"SNAP 1,2,3,4,10,11","0,0,0,0,0,0",result im SR830-Thread,Komunkiations Test für SR830 und OSTECH,,,
2026-09-15,10:13:41,782,KOM_Test,SR830,T,"SNAP 5,6,7,8,9","-0.000333333,0.00666667,-0.000333333,-0.001,1000",result im SR830-Thread,Komunkiations Test für SR830 und OSTECH,,,
2026-09-15,10:13:41,805,KOM_Test,SR830,T,PHAS,0,result im SR830-Thread,Komunkiations Test für SR830 und OSTECH,,,
2026-09-15,10:13:41,839,KOM_Test,SR830,T,FREQ,1000,result im SR830-Thread,Komunkiations Test für SR830 und OSTECH,,,
2026-09-15,10:13:41,935,KOM_Test,SR830,T,"SNAP 1,2,3,4,10,11","0,0,0,0,0,0",result im SR830-Thread,Komunkiations Test für SR830 und OSTECH,,,
2026-09-15,10:13:42,063,KOM_Test,SR830,T,"SNAP 5,6,7,8,9","-0.00366667,0.002,-0.000666667,0.000666667,1000",result im SR830-Thread,Komunkiations Test für SR830 und OSTECH,,,
2026-09-15,10:13:42,088,KOM_Test,SR830,T,PHAS,0,result im SR830-Thread,Komunkiations Test für SR830 und OSTECH,,,
2026-09-15,10:13:42,123,KOM_Test,SR830,T,FREQ,1000,result im SR830-Thread,Komunkiations Test für SR830 und OSTECH,,,
2026-09-15,10:13:42,251,KOM_Test,SR830,T,"SNAP 1,2,3,4,10,11","6.10356e-005,0,6.10356e-005,0,6.10356e-005,0",result im SR830-Thread,Komunkiations Test für SR830 und OSTECH,,,
2026-09-15,10:13:42,377,KOM_Test,SR830,T,"SNAP 5,6,7,8,9","-0.00166667,0.00466667,0.000666667,-0.000666667,1000",result im SR830-Thread,Komunkiations Test für SR830 und OSTECH,,,
2026-09-15,10:13:42,387,KOM_Test,SR830,T,PHAS,0,result im SR830-Thread,Komunkiations Test für SR830 und OSTECH,,,
2026-09-15,10:13:42,413,KOM_Test,SR830,T,FREQ,1000,result im SR830-Thread,Komunkiations Test für SR830 und OSTECH,,,
2026-09-15,10:13:42,584,KOM_Test,SR830,T,"SNAP 1,2,3,4,10,11","-6.10356e-005,-6.10356e-005,0,-135,-6.10356e-005,-6.10356e-005",result im SR830-Thread,Komunkiations Test für SR830 und OSTECH,,,
2026-09-15,10:13:42,708,KOM_Test,SR830,T,"SNAP 5,6,7,8,9","-0.00333333,0.00633333,-0.000333333,-0.002,1000",result im SR830-Thread,Komunkiations Test für SR830 und OSTECH,,,
2026-09-15,10:13:42,732,KOM_Test,SR830,T,PHAS,0,result im SR830-Thread,Komunkiations Test für SR830 und OSTECH,,,
2026-09-15,10:13:42,755,KOM_Test,SR830,T,FREQ,1000,result im SR830-Thread,Komunkiations Test für SR830 und OSTECH,,,
2026-09-15,10:13:42,851,KOM_Test,SR830,T,"SNAP 1,2,3,4,10,11","0,0,0,0,0,0",result im SR830-Thread,Komunkiations Test für SR830 und OSTECH,,,
2026-09-15,10:13:42,982,KOM_Test,SR830,T,"SNAP 5,6,7,8,9","-0.00166667,0.00633333,0.00233333,0.000666667,1000",result im SR830-Thread,Komunkiations Test für SR830 und OSTECH,,,
2026-09-15,10:13:42,999,KOM_Test,SR830,T,PHAS,0,result im SR830-Thread,Komunkiations Test für SR830 und OSTECH,,,
2026-09-15,10:13:43,032,KOM_Test,SR830,T,FREQ,1000,result im SR830-Thread,Komunkiations Test für SR830 und OSTECH,,,
2026-09-15,10:13:43,137,KOM_Test,SR830,T,"SNAP 1,2,3,4,10,11","0,0,0,0,0,0",result im SR830-Thread,Komunkiations Test für SR830 und OSTECH,,,
2026-09-15,10:13:43,265,KOM_Test,SR830,T,"SNAP 5,6,7,8,9","-0.000666667,0.005,0.000666667,-0.00233333,1000",result im SR830-Thread,Komunkiations Test für SR830 und OSTECH,,,
2026-09-15,10:13:43,287,KOM_Test,SR830,T,PHAS,0,result im SR830-Thread,Komunkiations Test für SR830 und OSTECH,,,
2026-09-15,10:13:43,318,KOM_Test,SR830,T,FREQ,1000,result im SR830-Thread,Komunkiations Test für SR830 und OSTECH,,,
2026-09-15,10:13:43,405,KOM_Test,SR830,T,"SNAP 1,2,3,4,10,11","0,0,0,0,0,0",result im SR830-Thread,Komunkiations Test für SR830 und OSTECH,,,
2026-09-15,10:13:43,525,KOM_Test,SR830,T,"SNAP 5,6,7,8,9","-0.002,0.00466667,-0.000333333,-0.004,1000",result im SR830-Thread,Komunkiations Test für SR830 und OSTECH,,,
2026-09-15,10:13:43,552,KOM_Test,SR830,T,PHAS,0,result im SR830-Thread,Komunkiations Test für SR830 und OSTECH,,,
2026-09-15,10:13:43,583,KOM_Test,SR830,T,FREQ,1000,result im SR830-Thread,Komunkiations Test für SR830 und OSTECH,,,
2026-09-15,10:13:43,694,KOM_Test,SR830,T,"SNAP 1,2,3,4,10,11","0,0,0,45,0,0",result im SR830-Thread,Komunkiations Test für SR830 und OSTECH,,,
2026-09-15,10:13:43,828,KOM_Test,SR830,T,"SNAP 5,6,7,8,9","-0.00166667,0.005,-0.000666667,0.000666667,1000",result im SR830-Thread,Komunkiations Test für SR830 und OSTECH,,,
2026-09-15,10:13:43,843,KOM_Test,SR830,T,PHAS,0,result im SR830-Thread,Komunkiations Test für SR830 und OSTECH,,,
2026-09-15,10:13:43,870,KOM_Test,SR830,T,FREQ,1000,result im SR830-Thread,Komunkiations Test für SR830 und OSTECH,,,
2026-09-15,10:13:43,966,KOM_Test,SR830,T,"SNAP 1,2,3,4,10,11","0,0,0,0,0,0",result im SR830-Thread,Komunkiations Test für SR830 und OSTECH,,,
2026-09-15,10:13:44,087,KOM_Test,SR830,T,"SNAP 5,6,7,8,9","-0.00466667,0.003,0.00233333,0.000666667,1000",result im SR830-Thread,Komunkiations Test für SR830 und OSTECH,,,
2026-09-15,10:13:44,100,KOM_Test,SR830,T,PHAS,0,result im SR830-Thread,Komunkiations Test für SR830 und OSTECH,,,
2026-09-15,10:13:44,133,KOM_Test,SR830,T,FREQ,1000,result im SR830-Thread,Komunkiations Test für SR830 und OSTECH,,,
2026-09-15,10:13:44,277,KOM_Test,SR830,T,"SNAP 1,2,3,4,10,11","0,-6.10356e-005,0,-45,0,-6.10356e-005",result im SR830-Thread,Komunkiations Test für SR830 und OSTECH,,,
2026-09-15,10:13:44,399,KOM_Test,SR830,T,"SNAP 5,6,7,8,9","0.004,0.00766667,0.000666667,-0.001,1000",result im SR830-Thread,Komunkiations Test für SR830 und OSTECH,,,
2026-09-15,10:13:44,419,KOM_Test,SR830,T,PHAS,0,result im SR830-Thread,Komunkiations Test für SR830 und OSTECH,,,
2026-09-15,10:13:44,450,KOM_Test,SR830,T,FREQ,1000,result im SR830-Thread,Komunkiations Test für SR830 und OSTECH,,,
2026-09-15,10:13:44,618,KOM_Test,SR830,T,"SNAP 1,2,3,4,10,11","-6.10356e-005,-6.10356e-005,0,-135,-6.10356e-005,-6.10356e-005",result im SR830-Thread,Komunkiations Test für SR830 und OSTECH,,,
2026-09-15,10:13:44,738,KOM_Test,SR830,T,"SNAP 5,6,7,8,9","-0.002,0.00466667,0.000666667,-0.002,1000",result im SR830-Thread,Komunkiations Test für SR830 und OSTECH,,,
2026-09-15,10:13:44,758,KOM_Test,SR830,T,PHAS,0,result im SR830-Thread,Komunkiations Test für SR830 und OSTECH,,,
2026-09-15,10:13:44,784,KOM_Test,SR830,T,FREQ,1000,result im SR830-Thread,Komunkiations Test für SR830 und OSTECH,,,
2026-09-15,10:13:44,868,KOM_Test,SR830,T,"SNAP 1,2,3,4,10,11","0,0,0,0,0,0",result im SR830-Thread,Komunkiations Test für SR830 und OSTECH,,,
2026-09-15,10:13:44,997,KOM_Test,SR830,T,"SNAP 5,6,7,8,9","-0.00166667,0.00466667,-0.000666667,-0.000666667,1000",result im SR830-Thread,Komunkiations Test für SR830 und OSTECH,,,
2026-09-15,10:13:45,125,KOM_Test,SR830,T,PHAS,0,result im SR830-Thread,Komunkiations Test für SR830 und OSTECH,,,
2026-09-15,10:13:45,125,KOM_Test,SR830,T,FREQ,1000,result im SR830-Thread,Komunkiations Test für SR830 und OSTECH,,,
2026-09-15,10:13:45,228,KOM_Test,SR830,T,"SNAP 1,2,3,4,10,11","6.10356e-005,-6.10356e-005,6.10356e-005,-26.562,6.10356e-005,-6.10356e-005",result im SR830-Thread,Komunkiations Test für SR830 und OSTECH,,,
2026-09-15,10:13:45,357,KOM_Test,SR830,T,"SNAP 5,6,7,8,9","-0.002,0.00466667,0.000666667,-0.000666667,1000",result im SR830-Thread,Komunkiations Test für SR830 und OSTECH,,,
2026-09-15,10:13:45,375,KOM_Test,SR830,T,PHAS,0,result im SR830-Thread,Komunkiations Test für SR830 und OSTECH,,,
2026-09-15,10:13:45,398,KOM_Test,SR830,T,FREQ,1000,result im SR830-Thread,Komunkiations Test für SR830 und OSTECH,,,
2026-09-15,10:13:45,563,KOM_Test,SR830,T,"SNAP 1,2,3,4,10,11","-6.10356e-005,-6.10356e-005,0,-135,-6.10356e-005,-6.10356e-005",result im SR830-Thread,Komunkiations Test für SR830 und OSTECH,,,
2026-09-15,10:13:45,671,KOM_Test,SR830,T,"SNAP 5,6,7,8,9","0.001,0.00466667,0.00233333,0.002,1000",result im SR830-Thread,Komunkiations Test für SR830 und OSTECH,,,
2026-09-15,10:13:45,691,KOM_Test,SR830,T,PHAS,0,result im SR830-Thread,Komunkiations Test für SR830 und OSTECH,,,
2026-09-15,10:13:45,712,KOM_Test,SR830,T,FREQ,1000,result im SR830-Thread,Komunkiations Test für SR830 und OSTECH,,,
2026-09-15,10:13:45,892,KOM_Test,SR830,T,"SNAP 1,2,3,4,10,11","6.10356e-005,-0.000122071,0.000122071,-33.69,6.10356e-005,-0.000122071",result im SR830-Thread,Komunkiations Test für SR830 und OSTECH,,,
2026-09-15,10:13:46,015,KOM_Test,SR830,T,"SNAP 5,6,7,8,9","-0.00166667,0.00666667,0.000666667,-0.002,1000",result im SR830-Thread,Komunkiations Test für SR830 und OSTECH,,,
2026-09-15,10:13:46,041,KOM_Test,SR830,T,PHAS,0,result im SR830-Thread,Komunkiations Test für SR830 und OSTECH,,,
2026-09-15,10:13:46,061,KOM_Test,SR830,T,FREQ,1000,result im SR830-Thread,Komunkiations Test für SR830 und OSTECH,,,
2026-09-15,10:13:46,159,KOM_Test,SR830,T,"SNAP 1,2,3,4,10,11","0,0,0,0,0,0",result im SR830-Thread,Komunkiations Test für SR830 und OSTECH,,,
2026-09-15,10:13:46,277,KOM_Test,SR830,T,"SNAP 5,6,7,8,9","-0.000666667,0.005,0.000666667,-0.00566667,1000",result im SR830-Thread,Komunkiations Test für SR830 und OSTECH,,,
2026-09-15,10:13:46,300,KOM_Test,SR830,T,PHAS,0,result im SR830-Thread,Komunkiations Test für SR830 und OSTECH,,,
2026-09-15,10:13:46,323,KOM_Test,SR830,T,FREQ,1000,result im SR830-Thread,Komunkiations Test für SR830 und OSTECH,,,
2026-09-15,10:13:46,448,KOM_Test,SR830,T,"SNAP 1,2,3,4,10,11","-6.10356e-005,0,0,180,-6.10356e-005,0",result im SR830-Thread,Komunkiations Test für SR830 und OSTECH,,,
2026-09-15,10:13:46,622,KOM_Test,SR830,T,"SNAP 5,6,7,8,9","-0.002,0.00466667,0.001,0.000666667,1000",result im SR830-Thread,Komunkiations Test für SR830 und OSTECH,,,
2026-09-15,10:13:46,638,KOM_Test,SR830,T,PHAS,0,result im SR830-Thread,Komunkiations Test für SR830 und OSTECH,,,
2026-09-15,10:13:46,664,KOM_Test,SR830,T,FREQ,1000,result im SR830-Thread,Komunkiations Test für SR830 und OSTECH,,,
2026-09-15,10:13:46,788,KOM_Test,SR830,T,"SNAP 1,2,3,4,10,11","0,-6.10356e-005,0,-90,0,-6.10356e-005",result im SR830-Thread,Komunkiations Test für SR830 und OSTECH,,,
2026-09-15,10:13:46,924,KOM_Test,SR830,T,"SNAP 5,6,7,8,9","-0.00333333,0.00633333,-0.000666667,-0.001,1000",result im SR830-Thread,Komunkiations Test für SR830 und OSTECH,,,
2026-09-15,10:13:46,947,KOM_Test,SR830,T,PHAS,0,result im SR830-Thread,Komunkiations Test für SR830 und OSTECH,,,
2026-09-15,10:13:46,972,KOM_Test,SR830,T,FREQ,1000,result im SR830-Thread,Komunkiations Test für SR830 und OSTECH,,,
2026-09-15,10:13:47,100,KOM_Test,SR830,T,"SNAP 1,2,3,4,10,11","0,-6.10356e-005,0,-90,0,-6.10356e-005",result im SR830-Thread,Komunkiations Test für SR830 und OSTECH,,,
2026-09-15,10:13:47,211,KOM_Test,SR830,T,"SNAP 5,6,7,8,9","-0.00466667,0.003,-0.000333333,-0.001,1000",result im SR830-Thread,Komunkiations Test für SR830 und OSTECH,,,
2026-09-15,10:13:47,232,KOM_Test,SR830,T,PHAS,0,result im SR830-Thread,Komunkiations Test für SR830 und OSTECH,,,
2026-09-15,10:13:47,260,KOM_Test,SR830,T,FREQ,1000,result im SR830-Thread,Komunkiations Test für SR830 und OSTECH,,,
2026-09-15,10:13:47,392,KOM_Test,SR830,T,"SNAP 1,2,3,4,10,11","-6.10356e-005,0,0,135,-6.10356e-005,0",result im SR830-Thread,Komunkiations Test für SR830 und OSTECH,,,
2026-09-15,10:13:47,525,KOM_Test,SR830,T,"SNAP 5,6,7,8,9","-0.00166667,0.00633333,-0.000333333,-0.000666667,1000",result im SR830-Thread,Komunkiations Test für SR830 und OSTECH,,,
2026-09-15,10:13:47,539,KOM_Test,SR830,T,PHAS,0,result im SR830-Thread,Komunkiations Test für SR830 und OSTECH,,,
2026-09-15,10:13:47,562,KOM_Test,SR830,T,FREQ,1000,result im SR830-Thread,Komunkiations Test für SR830 und OSTECH,,,
2026-09-15,10:13:47,758,KOM_Test,SR830,T,"SNAP 1,2,3,4,10,11","-6.10356e-005,-0.000122071,6.10356e-005,-116.562,-6.10356e-005,-0.000122071",result im SR830-Thread,Komunkiations Test für SR830 und OSTECH,,,
2026-09-15,10:13:47,886,KOM_Test,SR830,T,"SNAP 5,6,7,8,9","-0.00166667,0.003,-0.000333333,-0.000666667,1000",result im SR830-Thread,Komunkiations Test für SR830 und OSTECH,,,
2026-09-15,10:13:47,903,KOM_Test,SR830,T,PHAS,0,result im SR830-Thread,Komunkiations Test für SR830 und OSTECH,,,
2026-09-15,10:13:47,932,KOM_Test,SR830,T,FREQ,1000,result im SR830-Thread,Komunkiations Test für SR830 und OSTECH,,,
2026-09-15,10:13:48,090,KOM_Test,SR830,T,"SNAP 1,2,3,4,10,11","0,-0.000122071,6.10356e-005,-63.438,0,-0.000122071",result im SR830-Thread,Komunkiations Test für SR830 und OSTECH,,,
2026-09-15,10:13:48,231,KOM_Test,SR830,T,"SNAP 5,6,7,8,9","-0.000333333,0.00466667,0.001,0.000666667,1000",result im SR830-Thread,Komunkiations Test für SR830 und OSTECH,,,
2026-09-15,10:13:48,245,KOM_Test,SR830,T,PHAS,0,result im SR830-Thread,Komunkiations Test für SR830 und OSTECH,,,
2026-09-15,10:13:48,265,KOM_Test,SR830,T,FREQ,1000,result im SR830-Thread,Komunkiations Test für SR830 und OSTECH,,,
2026-09-15,10:13:48,447,KOM_Test,SR830,T,"SNAP 1,2,3,4,10,11","6.10356e-005,-6.10356e-005,6.10356e-005,-26.562,6.10356e-005,-6.10356e-005",result im SR830-Thread,Komunkiations Test für SR830 und OSTECH,,,
2026-09-15,10:13:48,553,KOM_Test,SR830,T,"SNAP 5,6,7,8,9","-0.002,0.005,-0.002,-0.004,1000",result im SR830-Thread,Komunkiations Test für SR830 und OSTECH,,,
2026-09-15,10:13:48,569,KOM_Test,SR830,T,PHAS,0,result im SR830-Thread,Komunkiations Test für SR830 und OSTECH,,,
2026-09-15,10:13:48,595,KOM_Test,SR830,T,FREQ,1000,result im SR830-Thread,Komunkiations Test für SR830 und OSTECH,,,
2026-09-15,10:13:48,716,KOM_Test,SR830,T,"SNAP 1,2,3,4,10,11","0,-6.10356e-005,0,-90,0,-6.10356e-005",result im SR830-Thread,Komunkiations Test für SR830 und OSTECH,,,
2026-09-15,10:13:48,834,KOM_Test,SR830,T,"SNAP 5,6,7,8,9","0.001,0.00466667,0.000666667,0.000666667,1000",result im SR830-Thread,Komunkiations Test für SR830 und OSTECH,,,
2026-09-15,10:13:48,855,KOM_Test,SR830,T,PHAS,0,result im SR830-Thread,Komunkiations Test für SR830 und OSTECH,,,
2026-09-15,10:13:48,876,KOM_Test,SR830,T,FREQ,1000,result im SR830-Thread,Komunkiations Test für SR830 und OSTECH,,,
2026-09-15,10:13:49,001,KOM_Test,SR830,T,"SNAP 1,2,3,4,10,11","0,-6.10356e-005,0,-90,0,-6.10356e-005",result im SR830-Thread,Komunkiations Test für SR830 und OSTECH,,,
2026-09-15,10:13:49,122,KOM_Test,SR830,T,"SNAP 5,6,7,8,9","-0.00166667,0.00466667,0.001,0.00566667,1000",result im SR830-Thread,Komunkiations Test für SR830 und OSTECH,,,
2026-09-15,10:13:49,147,KOM_Test,SR830,T,PHAS,0,result im SR830-Thread,Komunkiations Test für SR830 und OSTECH,,,
2026-09-15,10:13:49,176,KOM_Test,SR830,T,FREQ,1000,result im SR830-Thread,Komunkiations Test für SR830 und OSTECH,,,
2026-09-15,10:13:49,368,KOM_Test,SR830,T,"SNAP 1,2,3,4,10,11","-0.000122071,-6.10356e-005,6.10356e-005,-153.438,-0.000122071,-6.10356e-005",result im SR830-Thread,Komunkiations Test für SR830 und OSTECH,,,
2026-09-15,10:13:49,495,KOM_Test,SR830,T,"SNAP 5,6,7,8,9","-0.000666667,0.00666667,0.00233333,0.000666667,1000",result im SR830-Thread,Komunkiations Test für SR830 und OSTECH,,,
2026-09-15,10:13:49,521,KOM_Test,SR830,T,PHAS,0,result im SR830-Thread,Komunkiations Test für SR830 und OSTECH,,,
2026-09-15,10:13:49,547,KOM_Test,SR830,T,FREQ,1000,result im SR830-Thread,Komunkiations Test für SR830 und OSTECH,,,
2026-09-15,10:13:49,635,KOM_Test,SR830,T,"SNAP 1,2,3,4,10,11","0,0,0,90,0,0",result im SR830-Thread,Komunkiations Test für SR830 und OSTECH,,,
2026-09-15,10:13:49,760,KOM_Test,SR830,T,"SNAP 5,6,7,8,9","-0.008,0.00466667,-0.000666667,0.000666667,1000",result im SR830-Thread,Komunkiations Test für SR830 und OSTECH,,,
2026-09-15,10:13:49,784,KOM_Test,SR830,T,PHAS,0,result im SR830-Thread,Komunkiations Test für SR830 und OSTECH,,,
2026-09-15,10:13:49,814,KOM_Test,SR830,T,FREQ,1000,result im SR830-Thread,Komunkiations Test für SR830 und OSTECH,,,
2026-09-15,10:13:49,920,KOM_Test,SR830,T,"SNAP 1,2,3,4,10,11","0,0,0,90,0,0",result im SR830-Thread,Komunkiations Test für SR830 und OSTECH,,,
2026-09-15,10:13:50,056,KOM_Test,SR830,T,"SNAP 5,6,7,8,9","-0.00333333,0.00766667,0.000666667,-0.002,1000",result im SR830-Thread,Komunkiations Test für SR830 und OSTECH,,,
2026-09-15,10:13:50,070,KOM_Test,SR830,T,PHAS,0,result im SR830-Thread,Komunkiations Test für SR830 und OSTECH,,,
2026-09-15,10:13:50,093,KOM_Test,SR830,T,FREQ,1000,result im SR830-Thread,Komunkiations Test für SR830 und OSTECH,,,
2026-09-15,10:13:50,191,KOM_Test,SR830,T,"SNAP 1,2,3,4,10,11","0,0,0,90,0,0",result im SR830-Thread,Komunkiations Test für SR830 und OSTECH,,,
2026-09-15,10:13:50,304,KOM_Test,SR830,T,"SNAP 5,6,7,8,9","-0.002,0.00633333,0.001,0.00666667,1000",result im SR830-Thread,Komunkiations Test für SR830 und OSTECH,,,
2026-09-15,10:13:50,326,KOM_Test,SR830,T,PHAS,0,result im SR830-Thread,Komunkiations Test für SR830 und OSTECH,,,
2026-09-15,10:13:50,348,KOM_Test,SR830,T,FREQ,1000,result im SR830-Thread,Komunkiations Test für SR830 und OSTECH,,,
2026-09-15,10:13:50,486,KOM_Test,SR830,T,"SNAP 1,2,3,4,10,11","0,-0.000122071,6.10356e-005,-90,0,-0.000122071",result im SR830-Thread,Komunkiations Test für SR830 und OSTECH,,,
2026-09-15,10:13:50,613,KOM_Test,SR830,T,"SNAP 5,6,7,8,9","-0.000333333,0.003,-0.000666667,-0.000666667,1000",result im SR830-Thread,Komunkiations Test für SR830 und OSTECH,,,
2026-09-15,10:13:50,640,KOM_Test,SR830,T,PHAS,0,result im SR830-Thread,Komunkiations Test für SR830 und OSTECH,,,
2026-09-15,10:13:50,653,KOM_Test,SR830,T,FREQ,1000,result im SR830-Thread,Komunkiations Test für SR830 und OSTECH,,,
2026-09-15,10:13:50,747,KOM_Test,SR830,T,"SNAP 1,2,3,4,10,11","0,0,0,45,0,0",result im SR830-Thread,Komunkiations Test für SR830 und OSTECH,,,
2026-09-15,10:13:50,868,KOM_Test,SR830,T,"SNAP 5,6,7,8,9","-0.000333333,0.005,0.00266667,-0.001,1000",result im SR830-Thread,Komunkiations Test für SR830 und OSTECH,,,
2026-09-15,10:13:50,882,KOM_Test,SR830,T,PHAS,0,result im SR830-Thread,Komunkiations Test für SR830 und OSTECH,,,
2026-09-15,10:13:50,907,KOM_Test,SR830,T,FREQ,1000,result im SR830-Thread,Komunkiations Test für SR830 und OSTECH,,,
2026-09-15,10:13:51,032,KOM_Test,SR830,T,"SNAP 1,2,3,4,10,11","0,-6.10356e-005,0,-45,0,-6.10356e-005",result im SR830-Thread,Komunkiations Test für SR830 und OSTECH,,,
2026-09-15,10:13:51,158,KOM_Test,SR830,T,"SNAP 5,6,7,8,9","-0.00466667,0.00466667,-0.000666667,-0.00233333,1000",result im SR830-Thread,Komunkiations Test für SR830 und OSTECH,,,
2026-09-15,10:13:51,174,KOM_Test,SR830,T,PHAS,0,result im SR830-Thread,Komunkiations Test für SR830 und OSTECH,,,
2026-09-15,10:13:51,204,KOM_Test,SR830,T,FREQ,1000,result im SR830-Thread,Komunkiations Test für SR830 und OSTECH,,,
2026-09-15,10:13:51,303,KOM_Test,SR830,T,"SNAP 1,2,3,4,10,11","0,0,0,90,0,0",result im SR830-Thread,Komunkiations Test für SR830 und OSTECH,,,
2026-09-15,10:13:51,430,KOM_Test,SR830,T,"SNAP 5,6,7,8,9","-0.00166667,0.00466667,0.000666667,0.000666667,1000",result im SR830-Thread,Komunkiations Test für SR830 und OSTECH,,,
2026-09-15,10:13:51,455,KOM_Test,SR830,T,PHAS,0,result im SR830-Thread,Komunkiations Test für SR830 und OSTECH,,,
2026-09-15,10:13:51,487,KOM_Test,SR830,T,FREQ,1000,result im SR830-Thread,Komunkiations Test für SR830 und OSTECH,,,
2026-09-15,10:13:51,590,KOM_Test,SR830,T,"SNAP 1,2,3,4,10,11","0,0,0,0,0,0",result im SR830-Thread,Komunkiations Test für SR830 und OSTECH,,,
2026-09-15,10:13:51,722,KOM_Test,SR830,T,"SNAP 5,6,7,8,9","-0.00333333,0.00766667,-0.000333333,-0.000666667,1000",result im SR830-Thread,Komunkiations Test für SR830 und OSTECH,,,
2026-09-15,10:13:51,745,KOM_Test,SR830,T,PHAS,0,result im SR830-Thread,Komunkiations Test für SR830 und OSTECH,,,
2026-09-15,10:13:51,765,KOM_Test,SR830,T,FREQ,1000,result im SR830-Thread,Komunkiations Test für SR830 und OSTECH,,,
2026-09-15,10:13:51,898,KOM_Test,SR830,T,"SNAP 1,2,3,4,10,11","-6.10356e-005,0,0,135,-6.10356e-005,0",result im SR830-Thread,Komunkiations Test für SR830 und OSTECH,,,
2026-09-15,10:13:52,026,KOM_Test,SR830,T,"SNAP 5,6,7,8,9","-0.002,0.00633333,0.000666667,-0.00233333,1000",result im SR830-Thread,Komunkiations Test für SR830 und OSTECH,,,
2026-09-15,10:13:52,040,KOM_Test,SR830,T,PHAS,0,result im SR830-Thread,Komunkiations Test für SR830 und OSTECH,,,
2026-09-15,10:13:52,063,KOM_Test,SR830,T,FREQ,1000,result im SR830-Thread,Komunkiations Test für SR830 und OSTECH,,,
2026-09-15,10:13:52,233,KOM_Test,SR830,T,"SNAP 1,2,3,4,10,11","-6.10356e-005,-6.10356e-005,0,-135,-6.10356e-005,-6.10356e-005",result im SR830-Thread,Komunkiations Test für SR830 und OSTECH,,,
2026-09-15,10:13:52,345,KOM_Test,SR830,T,"SNAP 5,6,7,8,9","-0.00166667,0.003,-0.000666667,-0.002,1000",result im SR830-Thread,Komunkiations Test für SR830 und OSTECH,,,
2026-09-15,10:13:52,365,KOM_Test,SR830,T,PHAS,0,result im SR830-Thread,Komunkiations Test für SR830 und OSTECH,,,
2026-09-15,10:13:52,394,KOM_Test,SR830,T,FREQ,1000,result im SR830-Thread,Komunkiations Test für SR830 und OSTECH,,,
2026-09-15,10:13:52,512,KOM_Test,SR830,T,"SNAP 1,2,3,4,10,11","-6.10356e-005,0,0,135,-6.10356e-005,0",result im SR830-Thread,Komunkiations Test für SR830 und OSTECH,,,
2026-09-15,10:13:52,633,KOM_Test,SR830,T,"SNAP 5,6,7,8,9","-0.00166667,0.00466667,-0.000333333,-0.001,1000",result im SR830-Thread,Komunkiations Test für SR830 und OSTECH,,,
2026-09-15,10:13:52,640,KOM_Test,SR830,T,PHAS,0,result im SR830-Thread,Komunkiations Test für SR830 und OSTECH,,,
2026-09-15,10:13:52,672,KOM_Test,SR830,T,FREQ,1000,result im SR830-Thread,Komunkiations Test für SR830 und OSTECH,,,
2026-09-15,10:13:52,801,KOM_Test,SR830,T,"SNAP 1,2,3,4,10,11","-6.10356e-005,0,0,180,-6.10356e-005,0",result im SR830-Thread,Komunkiations Test für SR830 und OSTECH,,,
2026-09-15,10:13:52,936,KOM_Test,SR830,T,"SNAP 5,6,7,8,9","-0.000666667,0.00466667,-0.000333333,-0.000666667,1000",result im SR830-Thread,Komunkiations Test für SR830 und OSTECH,,,
2026-09-15,10:13:52,955,KOM_Test,SR830,T,PHAS,0,result im SR830-Thread,Komunkiations Test für SR830 und OSTECH,,,
2026-09-15,10:13:52,976,KOM_Test,SR830,T,FREQ,1000,result im SR830-Thread,Komunkiations Test für SR830 und OSTECH,,,
2026-09-15,10:13:53,159,KOM_Test,SR830,T,"SNAP 1,2,3,4,10,11","-6.10356e-005,-0.000122071,6.10356e-005,-116.562,-6.10356e-005,-0.000122071",result im SR830-Thread,Komunkiations Test für SR830 und OSTECH,,,
2026-09-15,10:13:53,279,KOM_Test,SR830,T,"SNAP 5,6,7,8,9","-0.002,0.00633333,0.000666667,0.000666667,1000",result im SR830-Thread,Komunkiations Test für SR830 und OSTECH,,,
2026-09-15,10:13:53,294,KOM_Test,SR830,T,PHAS,0,result im SR830-Thread,Komunkiations Test für SR830 und OSTECH,,,
2026-09-15,10:13:53,320,KOM_Test,SR830,T,FREQ,1000,result im SR830-Thread,Komunkiations Test für SR830 und OSTECH,,,
2026-09-15,10:13:53,415,KOM_Test,SR830,T,"SNAP 1,2,3,4,10,11","0,0,0,90,0,0",result im SR830-Thread,Komunkiations Test für SR830 und OSTECH,,,
2026-09-15,10:13:53,545,KOM_Test,SR830,T,"SNAP 5,6,7,8,9","-0.000666667,0.005,-0.000333333,0.000666667,1000",result im SR830-Thread,Komunkiations Test für SR830 und OSTECH,,,
2026-09-15,10:13:53,567,KOM_Test,SR830,T,PHAS,0,result im SR830-Thread,Komunkiations Test für SR830 und OSTECH,,,
2026-09-15,10:13:53,588,KOM_Test,SR830,T,FREQ,1000,result im SR830-Thread,Komunkiations Test für SR830 und OSTECH,,,
2026-09-15,10:13:53,733,KOM_Test,SR830,T,"SNAP 1,2,3,4,10,11","0,6.10356e-005,6.10356e-005,63.438,0,6.10356e-005",result im SR830-Thread,Komunkiations Test für SR830 und OSTECH,,,
2026-09-15,10:13:53,871,KOM_Test,SR830,T,"SNAP 5,6,7,8,9","-0.00166667,0.00666667,-0.000333333,0.000666667,1000",result im SR830-Thread,Komunkiations Test für SR830 und OSTECH,,,
2026-09-15,10:13:53,886,KOM_Test,SR830,T,PHAS,0,result im SR830-Thread,Komunkiations Test für SR830 und OSTECH,,,
2026-09-15,10:13:53,911,KOM_Test,SR830,T,FREQ,1000,result im SR830-Thread,Komunkiations Test für SR830 und OSTECH,,,
2026-09-15,10:13:54,011,KOM_Test,SR830,T,"SNAP 1,2,3,4,10,11","0,0,0,90,0,0",result im SR830-Thread,Komunkiations Test für SR830 und OSTECH,,,
2026-09-15,10:13:54,122,KOM_Test,SR830,T,"SNAP 5,6,7,8,9","-0.002,0.003,0.000666667,-0.001,1000",result im SR830-Thread,Komunkiations Test für SR830 und OSTECH,,,
2026-09-15,10:13:54,142,KOM_Test,SR830,T,PHAS,0,result im SR830-Thread,Komunkiations Test für SR830 und OSTECH,,,
2026-09-15,10:13:54,171,KOM_Test,SR830,T,FREQ,1000,result im SR830-Thread,Komunkiations Test für SR830 und OSTECH,,,
2026-09-15,10:13:54,304,KOM_Test,SR830,T,"SNAP 1,2,3,4,10,11","-6.10356e-005,0,0,180,-6.10356e-005,0",result im SR830-Thread,Komunkiations Test für SR830 und OSTECH,,,
2026-09-15,10:13:54,432,KOM_Test,SR830,T,"SNAP 5,6,7,8,9","-0.002,0.00633333,0.000666667,-0.000666667,1000",result im SR830-Thread,Komunkiations Test für SR830 und OSTECH,,,
2026-09-15,10:13:54,443,KOM_Test,SR830,T,PHAS,0,result im SR830-Thread,Komunkiations Test für SR830 und OSTECH,,,
2026-09-15,10:13:54,467,KOM_Test,SR830,T,FREQ,1000,result im SR830-Thread,Komunkiations Test für SR830 und OSTECH,,,
2026-09-15,10:13:54,603,KOM_Test,SR830,T,"SNAP 1,2,3,4,10,11","-6.10356e-005,0,0,180,-6.10356e-005,0",result im SR830-Thread,Komunkiations Test für SR830 und OSTECH,,,
2026-09-15,10:13:54,732,KOM_Test,SR830,T,"SNAP 5,6,7,8,9","-0.000333333,0.008,0.00233333,0.00266667,1000",result im SR830-Thread,Komunkiations Test für SR830 und OSTECH,,,
2026-09-15,10:13:54,749,KOM_Test,SR830,T,PHAS,0,result im SR830-Thread,Komunkiations Test für SR830 und OSTECH,,,
2026-09-15,10:13:54,771,KOM_Test,SR830,T,FREQ,1000,result im SR830-Thread,Komunkiations Test für SR830 und OSTECH,,,
2026-09-15,10:13:54,911,KOM_Test,SR830,T,"SNAP 1,2,3,4,10,11","0,-6.10356e-005,0,-45,0,-6.10356e-005",result im SR830-Thread,Komunkiations Test für SR830 und OSTECH,,,
2026-09-15,10:13:55,035,KOM_Test,SR830,T,"SNAP 5,6,7,8,9","-0.000666667,0.005,0.000666667,0.000666667,1000",result im SR830-Thread,Komunkiations Test für SR830 und OSTECH,,,
2026-09-15,10:13:55,057,KOM_Test,SR830,T,PHAS,0,result im SR830-Thread,Komunkiations Test für SR830 und OSTECH,,,
2026-09-15,10:13:55,111,KOM_Test,SR830,T,FREQ,1000,result im SR830-Thread,Komunkiations Test für SR830 und OSTECH,,,
2026-09-15,10:13:55,224,KOM_Test,SR830,T,"SNAP 1,2,3,4,10,11","0,-0.000122071,6.10356e-005,-90,0,-0.000122071",result im SR830-Thread,Komunkiations Test für SR830 und OSTECH,,,
2026-09-15,10:13:55,343,KOM_Test,SR830,T,"SNAP 5,6,7,8,9","-0.00166667,0.005,-0.000333333,-0.001,1000",result im SR830-Thread,Komunkiations Test für SR830 und OSTECH,,,
2026-09-15,10:13:55,366,KOM_Test,SR830,T,PHAS,0,result im SR830-Thread,Komunkiations Test für SR830 und OSTECH,,,
2026-09-15,10:13:55,399,KOM_Test,SR830,T,FREQ,1000,result im SR830-Thread,Komunkiations Test für SR830 und OSTECH,,,
2026-09-15,10:13:55,477,KOM_Test,SR830,T,"SNAP 1,2,3,4,10,11","0,0,0,0,0,0",result im SR830-Thread,Komunkiations Test für SR830 und OSTECH,,,
2026-09-15,10:13:55,593,KOM_Test,SR830,T,"SNAP 5,6,7,8,9","-0.00166667,0.005,0.000666667,0.001,1000",result im SR830-Thread,Komunkiations Test für SR830 und OSTECH,,,
2026-09-15,10:13:55,615,KOM_Test,SR830,T,PHAS,0,result im SR830-Thread,Komunkiations Test für SR830 und OSTECH,,,
2026-09-15,10:13:55,676,KOM_Test,SR830,T,FREQ,1000,result im SR830-Thread,Komunkiations Test für SR830 und OSTECH,,,
2026-09-15,10:13:55,760,KOM_Test,SR830,T,"SNAP 1,2,3,4,10,11","0,-6.10356e-005,0,-90,0,-6.10356e-005",result im SR830-Thread,Komunkiations Test für SR830 und OSTECH,,,
2026-09-15,10:13:55,882,KOM_Test,SR830,T,"SNAP 5,6,7,8,9","-0.000333333,0.005,-0.000666667,-0.000666667,1000",result im SR830-Thread,Komunkiations Test für SR830 und OSTECH,,,
2026-09-15,10:13:55,897,KOM_Test,SR830,T,PHAS,0,result im SR830-Thread,Komunkiations Test für SR830 und OSTECH,,,
2026-09-15,10:13:55,922,KOM_Test,SR830,T,FREQ,1000,result im SR830-Thread,Komunkiations Test für SR830 und OSTECH,,,
2026-09-15,10:13:56,082,KOM_Test,SR830,T,"SNAP 1,2,3,4,10,11","-6.10356e-005,-6.10356e-005,0,-135,-6.10356e-005,-6.10356e-005",result im SR830-Thread,Komunkiations Test für SR830 und OSTECH,,,
2026-09-15,10:13:56,209,KOM_Test,SR830,T,"SNAP 5,6,7,8,9","-0.00166667,0.00466667,-0.000666667,0.000666667,1000",result im SR830-Thread,Komunkiations Test für SR830 und OSTECH,,,
2026-09-15,10:13:56,224,KOM_Test,SR830,T,PHAS,0,result im SR830-Thread,Komunkiations Test für SR830 und OSTECH,,,
2026-09-15,10:13:56,244,KOM_Test,SR830,T,FREQ,1000,result im SR830-Thread,Komunkiations Test für SR830 und OSTECH,,,
2026-09-15,10:13:56,359,KOM_Test,SR830,T,"SNAP 1,2,3,4,10,11","0,0,0,0,0,0",result im SR830-Thread,Komunkiations Test für SR830 und OSTECH,,,
2026-09-15,10:13:56,480,KOM_Test,SR830,T,"SNAP 5,6,7,8,9","-0.00666667,0.003,-0.000666667,0.000666667,1000",result im SR830-Thread,Komunkiations Test für SR830 und OSTECH,,,
2026-09-15,10:13:56,497,KOM_Test,SR830,T,PHAS,0,result im SR830-Thread,Komunkiations Test für SR830 und OSTECH,,,
2026-09-15,10:13:56,528,KOM_Test,SR830,T,FREQ,1000,result im SR830-Thread,Komunkiations Test für SR830 und OSTECH,,,
2026-09-15,10:13:56,654,KOM_Test,SR830,T,"SNAP 1,2,3,4,10,11","0,-6.10356e-005,0,-45,0,-6.10356e-005",result im SR830-Thread,Komunkiations Test für SR830 und OSTECH,,,
2026-09-15,10:13:56,772,KOM_Test,SR830,T,"SNAP 5,6,7,8,9","-0.002,0.005,-0.000333333,-0.000666667,1000",result im SR830-Thread,Komunkiations Test für SR830 und OSTECH,,,
2026-09-15,10:13:56,791,KOM_Test,SR830,T,PHAS,0,result im SR830-Thread,Komunkiations Test für SR830 und OSTECH,,,
2026-09-15,10:13:56,821,KOM_Test,SR830,T,FREQ,1000,result im SR830-Thread,Komunkiations Test für SR830 und OSTECH,,,
2026-09-15,10:13:56,956,KOM_Test,SR830,T,"SNAP 1,2,3,4,10,11","0,-6.10356e-005,0,-45,0,-6.10356e-005",result im SR830-Thread,Komunkiations Test für SR830 und OSTECH,,,
2026-09-15,10:13:57,087,KOM_Test,SR830,T,"SNAP 5,6,7,8,9","-0.000666667,0.00633333,-0.000333333,0.000666667,1000",result im SR830-Thread,Komunkiations Test für SR830 und OSTECH,,,
2026-09-15,10:13:57,105,KOM_Test,SR830,T,PHAS,0,result im SR830-Thread,Komunkiations Test für SR830 und OSTECH,,,
2026-09-15,10:13:57,136,KOM_Test,SR830,T,FREQ,1000,result im SR830-Thread,Komunkiations Test für SR830 und OSTECH,,,
2026-09-15,10:13:57,262,KOM_Test,SR830,T,"SNAP 1,2,3,4,10,11","0,-6.10356e-005,0,-90,0,-6.10356e-005",result im SR830-Thread,Komunkiations Test für SR830 und OSTECH,,,
2026-09-15,10:13:57,382,KOM_Test,SR830,T,"SNAP 5,6,7,8,9","-0.00166667,0.005,0.000666667,-0.004,1000",result im SR830-Thread,Komunkiations Test für SR830 und OSTECH,,,
2026-09-15,10:13:57,400,KOM_Test,SR830,T,PHAS,0,result im SR830-Thread,Komunkiations Test für SR830 und OSTECH,,,
2026-09-15,10:13:57,422,KOM_Test,SR830,T,FREQ,1000,result im SR830-Thread,Komunkiations Test für SR830 und OSTECH,,,
2026-09-15,10:13:57,583,KOM_Test,SR830,T,"SNAP 1,2,3,4,10,11","-6.10356e-005,-6.10356e-005,0,-135,-6.10356e-005,-6.10356e-005",result im SR830-Thread,Komunkiations Test für SR830 und OSTECH,,,
2026-09-15,10:13:57,694,KOM_Test,SR830,T,"SNAP 5,6,7,8,9","-0.002,0.00633333,0.000666667,0.002,1000",result im SR830-Thread,Komunkiations Test für SR830 und OSTECH,,,
2026-09-15,10:13:57,713,KOM_Test,SR830,T,PHAS,0,result im SR830-Thread,Komunkiations Test für SR830 und OSTECH,,,
2026-09-15,10:13:57,737,KOM_Test,SR830,T,FREQ,1000,result im SR830-Thread,Komunkiations Test für SR830 und OSTECH,,,
2026-09-15,10:13:57,863,KOM_Test,SR830,T,"SNAP 1,2,3,4,10,11","-6.10356e-005,0,0,180,-6.10356e-005,0",result im SR830-Thread,Komunkiations Test für SR830 und OSTECH,,,
2026-09-15,10:13:57,990,KOM_Test,SR830,T,"SNAP 5,6,7,8,9","-0.000333333,0.00633333,-0.000666667,-0.001,1000",result im SR830-Thread,Komunkiations Test für SR830 und OSTECH,,,
2026-09-15,10:13:58,653,KOM_Test,SR830,T,PHAS,0,result im SR830-Thread,Komunkiations Test für SR830 und OSTECH,,,
2026-09-15,10:13:58,655,KOM_Test,SR830,T,FREQ,1000,result im SR830-Thread,Komunkiations Test für SR830 und OSTECH,,,
2026-09-15,10:13:58,656,KOM_Test,SR830,T,"SNAP 1,2,3,4,10,11","-6.10356e-005,0,0,180,-6.10356e-005,0",result im SR830-Thread,Komunkiations Test für SR830 und OSTECH,,,
2026-09-15,10:13:58,658,KOM_Test,SR830,T,"SNAP 5,6,7,8,9","-0.00166667,0.00633333,-0.000666667,0.000666667,1000",result im SR830-Thread,Komunkiations Test für SR830 und OSTECH,,,
2026-09-15,10:13:58,661,KOM_Test,SR830,T,PHAS,0,result im SR830-Thread,Komunkiations Test für SR830 und OSTECH,,,
2026-09-15,10:13:58,663,KOM_Test,SR830,T,FREQ,1000,result im SR830-Thread,Komunkiations Test für SR830 und OSTECH,,,
2026-09-15,10:13:58,665,KOM_Test,SR830,T,"SNAP 1,2,3,4,10,11","0,0,0,45,0,0",result im SR830-Thread,Komunkiations Test für SR830 und OSTECH,,,
2026-09-15,10:13:58,666,KOM_Test,SR830,T,"SNAP 5,6,7,8,9","0.001,0.003,0.001,-0.001,1000",result im SR830-Thread,Komunkiations Test für SR830 und OSTECH,,,
2026-09-15,10:13:58,672,KOM_Test,SR830,T,PHAS,0,result im SR830-Thread,Komunkiations Test für SR830 und OSTECH,,,
2026-09-15,10:13:58,675,KOM_Test,SR830,T,FREQ,1000,result im SR830-Thread,Komunkiations Test für SR830 und OSTECH,,,
2026-09-15,10:13:58,704,KOM_Test,SR830,T,"SNAP 1,2,3,4,10,11","0,0,0,0,0,0",result im SR830-Thread,Komunkiations Test für SR830 und OSTECH,,,
2026-09-15,10:13:58,835,KOM_Test,SR830,T,"SNAP 5,6,7,8,9","-0.000333333,0.008,0.00233333,0.000666667,1000",result im SR830-Thread,Komunkiations Test für SR830 und OSTECH,,,
2026-09-15,10:13:58,850,KOM_Test,SR830,T,PHAS,0,result im SR830-Thread,Komunkiations Test für SR830 und OSTECH,,,
2026-09-15,10:13:58,871,KOM_Test,SR830,T,FREQ,1000,result im SR830-Thread,Komunkiations Test für SR830 und OSTECH,,,
2026-09-15,10:13:58,973,KOM_Test,SR830,T,"SNAP 1,2,3,4,10,11","0,0,0,0,0,0",result im SR830-Thread,Komunkiations Test für SR830 und OSTECH,,,
2026-09-15,10:13:59,094,KOM_Test,SR830,T,"SNAP 5,6,7,8,9","-0.002,0.00633333,0.001,-0.001,1000",result im SR830-Thread,Komunkiations Test für SR830 und OSTECH,,,
2026-09-15,10:13:59,110,KOM_Test,SR830,T,PHAS,0,result im SR830-Thread,Komunkiations Test für SR830 und OSTECH,,,
2026-09-15,10:13:59,140,KOM_Test,SR830,T,FREQ,1000,result im SR830-Thread,Komunkiations Test für SR830 und OSTECH,,,
2026-09-15,10:13:59,243,KOM_Test,SR830,T,"SNAP 1,2,3,4,10,11","0,0,0,90,0,0",result im SR830-Thread,Komunkiations Test für SR830 und OSTECH,,,
2026-09-15,10:13:59,378,KOM_Test,SR830,T,"SNAP 5,6,7,8,9","-0.00366667,0.00933333,0.00366667,0.000666667,1000",result im SR830-Thread,Komunkiations Test für SR830 und OSTECH,,,
2026-09-15,10:13:59,404,KOM_Test,SR830,T,PHAS,0,result im SR830-Thread,Komunkiations Test für SR830 und OSTECH,,,
2026-09-15,10:13:59,426,KOM_Test,SR830,T,FREQ,1000,result im SR830-Thread,Komunkiations Test für SR830 und OSTECH,,,
2026-09-15,10:13:59,609,KOM_Test,SR830,T,"SNAP 1,2,3,4,10,11","6.10356e-005,-6.10356e-005,6.10356e-005,-26.562,6.10356e-005,-6.10356e-005",result im SR830-Thread,Komunkiations Test für SR830 und OSTECH,,,
2026-09-15,10:13:59,723,KOM_Test,SR830,T,"SNAP 5,6,7,8,9","-0.000666667,0.005,0.000666667,-0.002,1000",result im SR830-Thread,Komunkiations Test für SR830 und OSTECH,,,
2026-09-15,10:13:59,751,KOM_Test,SR830,T,PHAS,0,result im SR830-Thread,Komunkiations Test für SR830 und OSTECH,,,
2026-09-15,10:13:59,772,KOM_Test,SR830,T,FREQ,1000,result im SR830-Thread,Komunkiations Test für SR830 und OSTECH,,,
2026-09-15,10:13:59,918,KOM_Test,SR830,T,"SNAP 1,2,3,4,10,11","6.10356e-005,0,6.10356e-005,0,6.10356e-005,0",result im SR830-Thread,Komunkiations Test für SR830 und OSTECH,,,
2026-09-15,10:14:00,043,KOM_Test,SR830,T,"SNAP 5,6,7,8,9","-0.00166667,0.00466667,-0.000333333,-0.000666667,1000",result im SR830-Thread,Komunkiations Test für SR830 und OSTECH,,,
2026-09-15,10:14:00,064,KOM_Test,SR830,T,PHAS,0,result im SR830-Thread,Komunkiations Test für SR830 und OSTECH,,,
2026-09-15,10:14:00,089,KOM_Test,SR830,T,FREQ,1000,result im SR830-Thread,Komunkiations Test für SR830 und OSTECH,,,
2026-09-15,10:14:00,220,KOM_Test,SR830,T,"SNAP 1,2,3,4,10,11","0,-6.10356e-005,0,-90,0,-6.10356e-005",result im SR830-Thread,Komunkiations Test für SR830 und OSTECH,,,
2026-09-15,10:14:00,344,KOM_Test,SR830,T,"SNAP 5,6,7,8,9","-0.00333333,0.00666667,0.00233333,0.000666667,1000",result im SR830-Thread,Komunkiations Test für SR830 und OSTECH,,,
2026-09-15,10:14:00,359,KOM_Test,SR830,T,PHAS,0,result im SR830-Thread,Komunkiations Test für SR830 und OSTECH,,,
2026-09-15,10:14:00,378,KOM_Test,SR830,T,FREQ,1000,result im SR830-Thread,Komunkiations Test für SR830 und OSTECH,,,
2026-09-15,10:14:00,501,KOM_Test,SR830,T,"SNAP 1,2,3,4,10,11","-6.10356e-005,0,0,180,-6.10356e-005,0",result im SR830-Thread,Komunkiations Test für SR830 und OSTECH,,,
2026-09-15,10:14:00,623,KOM_Test,SR830,T,"SNAP 5,6,7,8,9","-0.002,0.00633333,0.001,-0.002,1000",result im SR830-Thread,Komunkiations Test für SR830 und OSTECH,,,
2026-09-15,10:14:00,691,KOM_Test,SR830,T,PHAS,0,result im SR830-Thread,Komunkiations Test für SR830 und OSTECH,,,
2026-09-15,10:14:00,772,KOM_Test,SR830,T,FREQ,1000,result im SR830-Thread,Komunkiations Test für SR830 und OSTECH,,,
2026-09-15,10:14:00,819,KOM_Test,SR830,T,"SNAP 1,2,3,4,10,11","0,-6.10356e-005,0,-90,0,-6.10356e-005",result im SR830-Thread,Komunkiations Test für SR830 und OSTECH,,,
2026-09-15,10:14:00,913,KOM_Test,SR830,T,"SNAP 5,6,7,8,9","-0.002,0.00466667,-0.000666667,-0.001,1000",result im SR830-Thread,Komunkiations Test für SR830 und OSTECH,,,
2026-09-15,10:14:00,934,KOM_Test,SR830,T,PHAS,0,result im SR830-Thread,Komunkiations Test für SR830 und OSTECH,,,
2026-09-15,10:14:00,964,KOM_Test,SR830,T,FREQ,1000,result im SR830-Thread,Komunkiations Test für SR830 und OSTECH,,,
2026-09-15,10:14:01,061,KOM_Test,SR830,T,"SNAP 1,2,3,4,10,11","0,0,0,0,0,0",result im SR830-Thread,Komunkiations Test für SR830 und OSTECH,,,
2026-09-15,10:14:01,175,KOM_Test,SR830,T,"SNAP 5,6,7,8,9","-0.002,0.008,-0.000333333,-0.00233333,1000",result im SR830-Thread,Komunkiations Test für SR830 und OSTECH,,,
2026-09-15,10:14:01,201,KOM_Test,SR830,T,PHAS,0,result im SR830-Thread,Komunkiations Test für SR830 und OSTECH,,,
2026-09-15,10:14:01,230,KOM_Test,SR830,T,FREQ,1000,result im SR830-Thread,Komunkiations Test für SR830 und OSTECH,,,
2026-09-15,10:14:01,355,KOM_Test,SR830,T,"SNAP 1,2,3,4,10,11","0,-6.10356e-005,0,-45,0,-6.10356e-005",result im SR830-Thread,Komunkiations Test für SR830 und OSTECH,,,
2026-09-15,10:14:01,480,KOM_Test,SR830,T,"SNAP 5,6,7,8,9","-0.00333333,0.00633333,-0.000333333,0.000666667,1000",result im SR830-Thread,Komunkiations Test für SR830 und OSTECH,,,
2026-09-15,10:14:01,501,KOM_Test,SR830,T,PHAS,0,result im SR830-Thread,Komunkiations Test für SR830 und OSTECH,,,
2026-09-15,10:14:01,523,KOM_Test,SR830,T,FREQ,1000,result im SR830-Thread,Komunkiations Test für SR830 und OSTECH,,,
2026-09-15,10:14:01,611,KOM_Test,SR830,T,"SNAP 1,2,3,4,10,11","0,0,0,0,0,0",result im SR830-Thread,Komunkiations Test für SR830 und OSTECH,,,
2026-09-15,10:14:01,737,KOM_Test,SR830,T,"SNAP 5,6,7,8,9","-0.00333333,0.00366667,0.000666667,-0.000666667,1000",result im SR830-Thread,Komunkiations Test für SR830 und OSTECH,,,
2026-09-15,10:14:01,756,KOM_Test,SR830,T,PHAS,0,result im SR830-Thread,Komunkiations Test für SR830 und OSTECH,,,
2026-09-15,10:14:01,780,KOM_Test,SR830,T,FREQ,1000,result im SR830-Thread,Komunkiations Test für SR830 und OSTECH,,,
2026-09-15,10:14:01,909,KOM_Test,SR830,T,"SNAP 1,2,3,4,10,11","-6.10356e-005,0,0,180,-6.10356e-005,0",result im SR830-Thread,Komunkiations Test für SR830 und OSTECH,,,
2026-09-15,10:14:02,024,KOM_Test,SR830,T,"SNAP 5,6,7,8,9","0.001,0.00666667,0.00233333,-0.001,1000",result im SR830-Thread,Komunkiations Test für SR830 und OSTECH,,,
2026-09-15,10:14:02,040,KOM_Test,SR830,T,PHAS,0,result im SR830-Thread,Komunkiations Test für SR830 und OSTECH,,,
2026-09-15,10:14:02,059,KOM_Test,SR830,T,FREQ,1000,result im SR830-Thread,Komunkiations Test für SR830 und OSTECH,,,
2026-09-15,10:14:02,185,KOM_Test,SR830,T,"SNAP 1,2,3,4,10,11","0,-6.10356e-005,0,-90,0,-6.10356e-005",result im SR830-Thread,Komunkiations Test für SR830 und OSTECH,,,
2026-09-15,10:14:02,301,KOM_Test,SR830,T,"SNAP 5,6,7,8,9","-0.000333333,0.008,0.001,-0.000666667,1000",result im SR830-Thread,Komunkiations Test für SR830 und OSTECH,,,
2026-09-15,10:14:02,321,KOM_Test,SR830,T,PHAS,0,result im SR830-Thread,Komunkiations Test für SR830 und OSTECH,,,
2026-09-15,10:14:02,350,KOM_Test,SR830,T,FREQ,1000,result im SR830-Thread,Komunkiations Test für SR830 und OSTECH,,,
2026-09-15,10:14:02,488,KOM_Test,SR830,T,"SNAP 1,2,3,4,10,11","0,6.10356e-005,6.10356e-005,90,0,6.10356e-005",result im SR830-Thread,Komunkiations Test für SR830 und OSTECH,,,
2026-09-15,10:14:02,611,KOM_Test,SR830,T,"SNAP 5,6,7,8,9","0.001,0.00466667,0.00233333,-0.000666667,1000",result im SR830-Thread,Komunkiations Test für SR830 und OSTECH,,,
2026-09-15,10:14:02,629,KOM_Test,SR830,T,PHAS,0,result im SR830-Thread,Komunkiations Test für SR830 und OSTECH,,,
2026-09-15,10:14:02,690,KOM_Test,SR830,T,FREQ,1000,result im SR830-Thread,Komunkiations Test für SR830 und OSTECH,,,
2026-09-15,10:14:02,748,KOM_Test,SR830,T,"SNAP 1,2,3,4,10,11","0,0,0,45,0,0",result im SR830-Thread,Komunkiations Test für SR830 und OSTECH,,,
2026-09-15,10:14:02,845,KOM_Test,SR830,T,"SNAP 5,6,7,8,9","-0.002,0.005,0.001,0.002,1000",result im SR830-Thread,Komunkiations Test für SR830 und OSTECH,,,
2026-09-15,10:14:02,859,KOM_Test,SR830,T,PHAS,0,result im SR830-Thread,Komunkiations Test für SR830 und OSTECH,,,
2026-09-15,10:14:02,881,KOM_Test,SR830,T,FREQ,1000,result im SR830-Thread,Komunkiations Test für SR830 und OSTECH,,,
2026-09-15,10:14:03,053,KOM_Test,SR830,T,"SNAP 1,2,3,4,10,11","-6.10356e-005,-6.10356e-005,0,-135,-6.10356e-005,-6.10356e-005",result im SR830-Thread,Komunkiations Test für SR830 und OSTECH,,,
2026-09-15,10:14:03,168,KOM_Test,SR830,T,"SNAP 5,6,7,8,9","-0.002,0.00633333,0.000666667,-0.001,1000",result im SR830-Thread,Komunkiations Test für SR830 und OSTECH,,,
2026-09-15,10:14:03,186,KOM_Test,SR830,T,PHAS,0,result im SR830-Thread,Komunkiations Test für SR830 und OSTECH,,,
2026-09-15,10:14:03,214,KOM_Test,SR830,T,FREQ,1000,result im SR830-Thread,Komunkiations Test für SR830 und OSTECH,,,
2026-09-15,10:14:03,360,KOM_Test,SR830,T,"SNAP 1,2,3,4,10,11","0,6.10356e-005,6.10356e-005,90,0,6.10356e-005",result im SR830-Thread,Komunkiations Test für SR830 und OSTECH,,,
2026-09-15,10:14:03,494,KOM_Test,SR830,T,"SNAP 5,6,7,8,9","-0.000666667,0.00666667,0.000666667,-0.004,1000",result im SR830-Thread,Komunkiations Test für SR830 und OSTECH,,,
2026-09-15,10:14:03,513,KOM_Test,SR830,T,PHAS,0,result im SR830-Thread,Komunkiations Test für SR830 und OSTECH,,,
2026-09-15,10:14:03,538,KOM_Test,SR830,T,FREQ,1000,result im SR830-Thread,Komunkiations Test für SR830 und OSTECH,,,
2026-09-15,10:14:03,629,KOM_Test,SR830,T,"SNAP 1,2,3,4,10,11","0,0,0,90,0,0",result im SR830-Thread,Komunkiations Test für SR830 und OSTECH,,,
2026-09-15,10:14:03,758,KOM_Test,SR830,T,"SNAP 5,6,7,8,9","-0.000333333,0.00666667,0.000666667,0.000666667,1000",result im SR830-Thread,Komunkiations Test für SR830 und OSTECH,,,
2026-09-15,10:14:03,786,KOM_Test,SR830,T,PHAS,0,result im SR830-Thread,Komunkiations Test für SR830 und OSTECH,,,
2026-09-15,10:14:03,810,KOM_Test,SR830,T,FREQ,1000,result im SR830-Thread,Komunkiations Test für SR830 und OSTECH,,,
2026-09-15,10:14:03,898,KOM_Test,SR830,T,"SNAP 1,2,3,4,10,11","0,0,0,90,0,0",result im SR830-Thread,Komunkiations Test für SR830 und OSTECH,,,
2026-09-15,10:14:04,014,KOM_Test,SR830,T,"SNAP 5,6,7,8,9","-0.00333333,0.00366667,0.001,0.000666667,1000",result im SR830-Thread,Komunkiations Test für SR830 und OSTECH,,,
2026-09-15,10:14:04,031,KOM_Test,SR830,T,PHAS,0,result im SR830-Thread,Komunkiations Test für SR830 und OSTECH,,,
2026-09-15,10:14:04,054,KOM_Test,SR830,T,FREQ,1000,result im SR830-Thread,Komunkiations Test für SR830 und OSTECH,,,
2026-09-15,10:14:04,146,KOM_Test,SR830,T,"SNAP 1,2,3,4,10,11","0,0,0,90,0,0",result im SR830-Thread,Komunkiations Test für SR830 und OSTECH,,,
2026-09-15,10:14:04,270,KOM_Test,SR830,T,"SNAP 5,6,7,8,9","-0.000666667,0.005,0.000666667,0.002,1000",result im SR830-Thread,Komunkiations Test für SR830 und OSTECH,,,
2026-09-15,10:14:04,293,KOM_Test,SR830,T,PHAS,0,result im SR830-Thread,Komunkiations Test für SR830 und OSTECH,,,
2026-09-15,10:14:04,316,KOM_Test,SR830,T,FREQ,1000,result im SR830-Thread,Komunkiations Test für SR830 und OSTECH,,,
2026-09-15,10:14:04,476,KOM_Test,SR830,T,"SNAP 1,2,3,4,10,11","-6.10356e-005,-6.10356e-005,0,-135,-6.10356e-005,-6.10356e-005",result im SR830-Thread,Komunkiations Test für SR830 und OSTECH,,,
2026-09-15,10:14:04,598,KOM_Test,SR830,T,"SNAP 5,6,7,8,9","-0.002,0.00633333,-0.000666667,-0.00366667,1000",result im SR830-Thread,Komunkiations Test für SR830 und OSTECH,,,
2026-09-15,10:14:04,611,KOM_Test,SR830,T,PHAS,0,result im SR830-Thread,Komunkiations Test für SR830 und OSTECH,,,
2026-09-15,10:14:04,635,KOM_Test,SR830,T,FREQ,1000,result im SR830-Thread,Komunkiations Test für SR830 und OSTECH,,,
2026-09-15,10:14:04,776,KOM_Test,SR830,T,"SNAP 1,2,3,4,10,11","0,6.10356e-005,6.10356e-005,90,0,6.10356e-005",result im SR830-Thread,Komunkiations Test für SR830 und OSTECH,,,
2026-09-15,10:14:04,901,KOM_Test,SR830,T,"SNAP 5,6,7,8,9","-0.00333333,0.005,-0.000333333,0.000666667,1000",result im SR830-Thread,Komunkiations Test für SR830 und OSTECH,,,
2026-09-15,10:14:04,918,KOM_Test,SR830,T,PHAS,0,result im SR830-Thread,Komunkiations Test für SR830 und OSTECH,,,
2026-09-15,10:14:04,936,KOM_Test,SR830,T,FREQ,1000,result im SR830-Thread,Komunkiations Test für SR830 und OSTECH,,,
2026-09-15,10:14:05,067,KOM_Test,SR830,T,"SNAP 1,2,3,4,10,11","0,-6.10356e-005,0,-90,0,-6.10356e-005",result im SR830-Thread,Komunkiations Test für SR830 und OSTECH,,,
2026-09-15,10:14:05,184,KOM_Test,SR830,T,"SNAP 5,6,7,8,9","-0.00166667,0.003,-0.000333333,0.000666667,1000",result im SR830-Thread,Komunkiations Test für SR830 und OSTECH,,,
2026-09-15,10:14:05,203,KOM_Test,SR830,T,PHAS,0,result im SR830-Thread,Komunkiations Test für SR830 und OSTECH,,,
2026-09-15,10:14:05,224,KOM_Test,SR830,T,FREQ,1000,result im SR830-Thread,Komunkiations Test für SR830 und OSTECH,,,
2026-09-15,10:14:05,354,KOM_Test,SR830,T,"SNAP 1,2,3,4,10,11","0,-6.10356e-005,0,-90,0,-6.10356e-005",result im SR830-Thread,Komunkiations Test für SR830 und OSTECH,,,
2026-09-15,10:14:05,481,KOM_Test,SR830,T,"SNAP 5,6,7,8,9","0.00266667,0.00766667,0.000666667,0.000666667,1000",result im SR830-Thread,Komunkiations Test für SR830 und OSTECH,,,
2026-09-15,10:14:05,497,KOM_Test,SR830,T,PHAS,0,result im SR830-Thread,Komunkiations Test für SR830 und OSTECH,,,
2026-09-15,10:14:05,520,KOM_Test,SR830,T,FREQ,1000,result im SR830-Thread,Komunkiations Test für SR830 und OSTECH,,,
2026-09-15,10:14:05,607,KOM_Test,SR830,T,"SNAP 1,2,3,4,10,11","0,0,0,90,0,0",result im SR830-Thread,Komunkiations Test für SR830 und OSTECH,,,
2026-09-15,10:14:05,730,KOM_Test,SR830,T,"SNAP 5,6,7,8,9","-0.000333333,0.00666667,0.001,0.000666667,1000",result im SR830-Thread,Komunkiations Test für SR830 und OSTECH,,,
2026-09-15,10:14:05,746,KOM_Test,SR830,T,PHAS,0,result im SR830-Thread,Komunkiations Test für SR830 und OSTECH,,,
2026-09-15,10:14:05,768,KOM_Test,SR830,T,FREQ,1000,result im SR830-Thread,Komunkiations Test für SR830 und OSTECH,,,
2026-09-15,10:14:05,908,KOM_Test,SR830,T,"SNAP 1,2,3,4,10,11","-0.000122071,0,6.10356e-005,180,-0.000122071,0",result im SR830-Thread,Komunkiations Test für SR830 und OSTECH,,,
2026-09-15,10:14:06,028,KOM_Test,SR830,T,"SNAP 5,6,7,8,9","-0.00166667,0.00666667,0.001,-0.002,1000",result im SR830-Thread,Komunkiations Test für SR830 und OSTECH,,,
2026-09-15,10:14:06,048,KOM_Test,SR830,T,PHAS,0,result im SR830-Thread,Komunkiations Test für SR830 und OSTECH,,,
2026-09-15,10:14:06,067,KOM_Test,SR830,T,FREQ,1000,result im SR830-Thread,Komunkiations Test für SR830 und OSTECH,,,
2026-09-15,10:14:06,191,KOM_Test,SR830,T,"SNAP 1,2,3,4,10,11","0,-6.10356e-005,0,-45,0,-6.10356e-005",result im SR830-Thread,Komunkiations Test für SR830 und OSTECH,,,
2026-09-15,10:14:06,305,KOM_Test,SR830,T,"SNAP 5,6,7,8,9","-0.002,0.005,0.001,-0.00233333,1000",result im SR830-Thread,Komunkiations Test für SR830 und OSTECH,,,
2026-09-15,10:14:06,325,KOM_Test,SR830,T,PHAS,0,result im SR830-Thread,Komunkiations Test für SR830 und OSTECH,,,
2026-09-15,10:14:06,341,KOM_Test,SR830,T,FREQ,1000,result im SR830-Thread,Komunkiations Test für SR830 und OSTECH,,,
2026-09-15,10:14:06,442,KOM_Test,SR830,T,"SNAP 1,2,3,4,10,11","0,0,0,0,0,0",result im SR830-Thread,Komunkiations Test für SR830 und OSTECH,,,
2026-09-15,10:14:06,566,KOM_Test,SR830,T,"SNAP 5,6,7,8,9","0.001,0.00633333,0.00233333,-0.00233333,1000",result im SR830-Thread,Komunkiations Test für SR830 und OSTECH,,,
2026-09-15,10:14:06,586,KOM_Test,SR830,T,PHAS,0,result im SR830-Thread,Komunkiations Test für SR830 und OSTECH,,,
2026-09-15,10:14:06,614,KOM_Test,SR830,T,FREQ,1000,result im SR830-Thread,Komunkiations Test für SR830 und OSTECH,,,
2026-09-15,10:14:06,706,KOM_Test,SR830,T,"SNAP 1,2,3,4,10,11","0,0,0,0,0,0",result im SR830-Thread,Komunkiations Test für SR830 und OSTECH,,,
2026-09-15,10:14:06,817,KOM_Test,SR830,T,"SNAP 5,6,7,8,9","-0.002,0.00633333,0.001,-0.001,1000",result im SR830-Thread,Komunkiations Test für SR830 und OSTECH,,,
2026-09-15,10:14:06,841,KOM_Test,SR830,T,PHAS,0,result im SR830-Thread,Komunkiations Test für SR830 und OSTECH,,,
2026-09-15,10:14:06,865,KOM_Test,SR830,T,FREQ,1000,result im SR830-Thread,Komunkiations Test für SR830 und OSTECH,,,
2026-09-15,10:14:07,047,KOM_Test,SR830,T,"SNAP 1,2,3,4,10,11","-6.10356e-005,-0.000122071,6.10356e-005,-116.562,-6.10356e-005,-0.000122071",result im SR830-Thread,Komunkiations Test für SR830 und OSTECH,,,
2026-09-15,10:14:07,149,KOM_Test,SR830,T,"SNAP 5,6,7,8,9","-0.002,0.00466667,0.001,-0.002,1000",result im SR830-Thread,Komunkiations Test für SR830 und OSTECH,,,
2026-09-15,10:14:07,164,KOM_Test,SR830,T,PHAS,0,result im SR830-Thread,Komunkiations Test für SR830 und OSTECH,,,
2026-09-15,10:14:07,194,KOM_Test,SR830,T,FREQ,1000,result im SR830-Thread,Komunkiations Test für SR830 und OSTECH,,,
2026-09-15,10:14:07,312,KOM_Test,SR830,T,"SNAP 1,2,3,4,10,11","-6.10356e-005,0,0,180,-6.10356e-005,0",result im SR830-Thread,Komunkiations Test für SR830 und OSTECH,,,
2026-09-15,10:14:07,442,KOM_Test,SR830,T,"SNAP 5,6,7,8,9","-0.000666667,0.00466667,0.000666667,0.000666667,1000",result im SR830-Thread,Komunkiations Test für SR830 und OSTECH,,,
2026-09-15,10:14:07,464,KOM_Test,SR830,T,PHAS,0,result im SR830-Thread,Komunkiations Test für SR830 und OSTECH,,,
2026-09-15,10:14:07,486,KOM_Test,SR830,T,FREQ,1000,result im SR830-Thread,Komunkiations Test für SR830 und OSTECH,,,
2026-09-15,10:14:07,664,KOM_Test,SR830,T,"SNAP 1,2,3,4,10,11","-0.000122071,-0.000122071,6.10356e-005,-135,-0.000122071,-0.000122071",result im SR830-Thread,Komunkiations Test für SR830 und OSTECH,,,
2026-09-15,10:14:07,778,KOM_Test,SR830,T,"SNAP 5,6,7,8,9","-0.002,0.005,0.00233333,-0.001,1000",result im SR830-Thread,Komunkiations Test für SR830 und OSTECH,,,
2026-09-15,10:14:07,803,KOM_Test,SR830,T,PHAS,0,result im SR830-Thread,Komunkiations Test für SR830 und OSTECH,,,
2026-09-15,10:14:07,825,KOM_Test,SR830,T,FREQ,1000,result im SR830-Thread,Komunkiations Test für SR830 und OSTECH,,,
2026-09-15,10:14:07,963,KOM_Test,SR830,T,"SNAP 1,2,3,4,10,11","-6.10356e-005,0,0,135,-6.10356e-005,0",result im SR830-Thread,Komunkiations Test für SR830 und OSTECH,,,
2026-09-15,10:14:08,082,KOM_Test,SR830,T,"SNAP 5,6,7,8,9","-0.002,0.00466667,-0.002,-0.000666667,1000",result im SR830-Thread,Komunkiations Test für SR830 und OSTECH,,,
2026-09-15,10:14:08,101,KOM_Test,SR830,T,PHAS,0,result im SR830-Thread,Komunkiations Test für SR830 und OSTECH,,,
2026-09-15,10:14:08,126,KOM_Test,SR830,T,FREQ,1000,result im SR830-Thread,Komunkiations Test für SR830 und OSTECH,,,
2026-09-15,10:14:08,221,KOM_Test,SR830,T,"SNAP 1,2,3,4,10,11","0,0,0,0,0,0",result im SR830-Thread,Komunkiations Test für SR830 und OSTECH,,,
2026-09-15,10:14:08,337,KOM_Test,SR830,T,"SNAP 5,6,7,8,9","0.003,0.005,0.00433333,-0.000666667,1000",result im SR830-Thread,Komunkiations Test für SR830 und OSTECH,,,
2026-09-15,10:14:08,354,KOM_Test,SR830,T,PHAS,0,result im SR830-Thread,Komunkiations Test für SR830 und OSTECH,,,
2026-09-15,10:14:08,376,KOM_Test,SR830,T,FREQ,1000,result im SR830-Thread,Komunkiations Test für SR830 und OSTECH,,,
2026-09-15,10:14:08,464,KOM_Test,SR830,T,"SNAP 1,2,3,4,10,11","0,0,0,0,0,0",result im SR830-Thread,Komunkiations Test für SR830 und OSTECH,,,
2026-09-15,10:14:08,574,KOM_Test,SR830,T,"SNAP 5,6,7,8,9","-0.00166667,0.005,0.00233333,-0.001,1000",result im SR830-Thread,Komunkiations Test für SR830 und OSTECH,,,
2026-09-15,10:14:08,594,KOM_Test,SR830,T,PHAS,0,result im SR830-Thread,Komunkiations Test für SR830 und OSTECH,,,
2026-09-15,10:14:08,619,KOM_Test,SR830,T,FREQ,1000,result im SR830-Thread,Komunkiations Test für SR830 und OSTECH,,,
2026-09-15,10:14:08,747,KOM_Test,SR830,T,"SNAP 1,2,3,4,10,11","0,-6.10356e-005,0,-45,0,-6.10356e-005",result im SR830-Thread,Komunkiations Test für SR830 und OSTECH,,,
2026-09-15,10:14:08,871,KOM_Test,SR830,T,"SNAP 5,6,7,8,9","-0.002,0.005,0.000666667,-0.000666667,1000",result im SR830-Thread,Komunkiations Test für SR830 und OSTECH,,,
2026-09-15,10:14:08,892,KOM_Test,SR830,T,PHAS,0,result im SR830-Thread,Komunkiations Test für SR830 und OSTECH,,,
2026-09-15,10:14:08,915,KOM_Test,SR830,T,FREQ,1000,result im SR830-Thread,Komunkiations Test für SR830 und OSTECH,,,
2026-09-15,10:14:09,055,KOM_Test,SR830,T,"SNAP 1,2,3,4,10,11","0,-6.10356e-005,0,-45,0,-6.10356e-005",result im SR830-Thread,Komunkiations Test für SR830 und OSTECH,,,
2026-09-15,10:14:09,192,KOM_Test,SR830,T,"SNAP 5,6,7,8,9","-0.000333333,0.00466667,-0.000666667,0.000666667,1000",result im SR830-Thread,Komunkiations Test für SR830 und OSTECH,,,
2026-09-15,10:14:09,216,KOM_Test,SR830,T,PHAS,0,result im SR830-Thread,Komunkiations Test für SR830 und OSTECH,,,
2026-09-15,10:14:09,235,KOM_Test,SR830,T,FREQ,1000,result im SR830-Thread,Komunkiations Test für SR830 und OSTECH,,,
2026-09-15,10:14:09,369,KOM_Test,SR830,T,"SNAP 1,2,3,4,10,11","0,-6.10356e-005,0,-90,0,-6.10356e-005",result im SR830-Thread,Komunkiations Test für SR830 und OSTECH,,,
2026-09-15,10:14:09,500,KOM_Test,SR830,T,"SNAP 5,6,7,8,9","-0.000666667,0.00633333,-0.000666667,0.000666667,1000",result im SR830-Thread,Komunkiations Test für SR830 und OSTECH,,,
2026-09-15,10:14:09,527,KOM_Test,SR830,T,PHAS,0,result im SR830-Thread,Komunkiations Test für SR830 und OSTECH,,,
2026-09-15,10:14:09,562,KOM_Test,SR830,T,FREQ,1000,result im SR830-Thread,Komunkiations Test für SR830 und OSTECH,,,
2026-09-15,10:14:09,657,KOM_Test,SR830,T,"SNAP 1,2,3,4,10,11","0,0,0,0,0,0",result im SR830-Thread,Komunkiations Test für SR830 und OSTECH,,,
2026-09-15,10:14:09,789,KOM_Test,SR830,T,"SNAP 5,6,7,8,9","-0.002,0.00466667,-0.000666667,-0.000666667,1000",result im SR830-Thread,Komunkiations Test für SR830 und OSTECH,,,
2026-09-15,10:14:09,808,KOM_Test,SR830,T,PHAS,0,result im SR830-Thread,Komunkiations Test für SR830 und OSTECH,,,
2026-09-15,10:14:09,829,KOM_Test,SR830,T,FREQ,1000,result im SR830-Thread,Komunkiations Test für SR830 und OSTECH,,,
2026-09-15,10:14:09,968,KOM_Test,SR830,T,"SNAP 1,2,3,4,10,11","0,-6.10356e-005,0,-45,0,-6.10356e-005",result im SR830-Thread,Komunkiations Test für SR830 und OSTECH,,,
2026-09-15,10:14:10,107,KOM_Test,SR830,T,"SNAP 5,6,7,8,9","-0.00366667,0.00666667,0.000666667,-0.00233333,1000",result im SR830-Thread,Komunkiations Test für SR830 und OSTECH,,,
2026-09-15,10:14:10,124,KOM_Test,SR830,T,PHAS,0,result im SR830-Thread,Komunkiations Test für SR830 und OSTECH,,,
2026-09-15,10:14:10,155,KOM_Test,SR830,T,FREQ,1000,result im SR830-Thread,Komunkiations Test für SR830 und OSTECH,,,
2026-09-15,10:14:10,294,KOM_Test,SR830,T,"SNAP 1,2,3,4,10,11","0,-6.10356e-005,0,-90,0,-6.10356e-005",result im SR830-Thread,Komunkiations Test für SR830 und OSTECH,,,
2026-09-15,10:14:10,410,KOM_Test,SR830,T,"SNAP 5,6,7,8,9","-0.002,0.003,-0.00333333,-0.00233333,1000",result im SR830-Thread,Komunkiations Test für SR830 und OSTECH,,,
2026-09-15,10:14:10,431,KOM_Test,SR830,T,PHAS,0,result im SR830-Thread,Komunkiations Test für SR830 und OSTECH,,,
2026-09-15,10:14:10,454,KOM_Test,SR830,T,FREQ,1000,result im SR830-Thread,Komunkiations Test für SR830 und OSTECH,,,
2026-09-15,10:14:10,553,KOM_Test,SR830,T,"SNAP 1,2,3,4,10,11","0,0,0,0,0,0",result im SR830-Thread,Komunkiations Test für SR830 und OSTECH,,,
2026-09-15,10:14:10,669,KOM_Test,SR830,T,"SNAP 5,6,7,8,9","-0.00166667,0.003,0.000666667,0.000666667,1000",result im SR830-Thread,Komunkiations Test für SR830 und OSTECH,,,
2026-09-15,10:14:10,696,KOM_Test,SR830,T,PHAS,0,result im SR830-Thread,Komunkiations Test für SR830 und OSTECH,,,
2026-09-15,10:14:10,717,KOM_Test,SR830,T,FREQ,1000,result im SR830-Thread,Komunkiations Test für SR830 und OSTECH,,,
2026-09-15,10:14:10,846,KOM_Test,SR830,T,"SNAP 1,2,3,4,10,11","-6.10356e-005,0,0,180,-6.10356e-005,0",result im SR830-Thread,Komunkiations Test für SR830 und OSTECH,,,
2026-09-15,10:14:10,965,KOM_Test,SR830,T,"SNAP 5,6,7,8,9","0.001,0.00666667,-0.000333333,-0.001,1000",result im SR830-Thread,Komunkiations Test für SR830 und OSTECH,,,
2026-09-15,10:14:10,984,KOM_Test,SR830,T,PHAS,0,result im SR830-Thread,Komunkiations Test für SR830 und OSTECH,,,
2026-09-15,10:14:11,006,KOM_Test,SR830,T,FREQ,1000,result im SR830-Thread,Komunkiations Test für SR830 und OSTECH,,,
2026-09-15,10:14:11,099,KOM_Test,SR830,T,"SNAP 1,2,3,4,10,11","0,0,0,90,0,0",result im SR830-Thread,Komunkiations Test für SR830 und OSTECH,,,
2026-09-15,10:14:11,224,KOM_Test,SR830,T,"SNAP 5,6,7,8,9","-0.002,0.00666667,-0.000333333,-0.002,1000",result im SR830-Thread,Komunkiations Test für SR830 und OSTECH,,,
2026-09-15,10:14:11,239,KOM_Test,SR830,T,PHAS,0,result im SR830-Thread,Komunkiations Test für SR830 und OSTECH,,,
2026-09-15,10:14:11,273,KOM_Test,SR830,T,FREQ,1000,result im SR830-Thread,Komunkiations Test für SR830 und OSTECH,,,
2026-09-15,10:14:11,375,KOM_Test,SR830,T,"SNAP 1,2,3,4,10,11","0,0,0,0,0,0",result im SR830-Thread,Komunkiations Test für SR830 und OSTECH,,,
2026-09-15,10:14:11,492,KOM_Test,SR830,T,"SNAP 5,6,7,8,9","-0.000666667,0.005,-0.000666667,-0.001,1000",result im SR830-Thread,Komunkiations Test für SR830 und OSTECH,,,
2026-09-15,10:14:11,508,KOM_Test,SR830,T,PHAS,0,result im SR830-Thread,Komunkiations Test für SR830 und OSTECH,,,
2026-09-15,10:14:11,529,KOM_Test,SR830,T,FREQ,1000,result im SR830-Thread,Komunkiations Test für SR830 und OSTECH,,,
2026-09-15,10:14:11,672,KOM_Test,SR830,T,"SNAP 1,2,3,4,10,11","-6.10356e-005,0,0,135,-6.10356e-005,0",result im SR830-Thread,Komunkiations Test für SR830 und OSTECH,,,
2026-09-15,10:14:11,781,KOM_Test,SR830,T,"SNAP 5,6,7,8,9","-0.00366667,0.005,0.00233333,0.002,1000",result im SR830-Thread,Komunkiations Test für SR830 und OSTECH,,,
2026-09-15,10:14:11,797,KOM_Test,SR830,T,PHAS,0,result im SR830-Thread,Komunkiations Test für SR830 und OSTECH,,,
2026-09-15,10:14:11,827,KOM_Test,SR830,T,FREQ,1000,result im SR830-Thread,Komunkiations Test für SR830 und OSTECH,,,
2026-09-15,10:14:11,962,KOM_Test,SR830,T,"SNAP 1,2,3,4,10,11","0,-6.10356e-005,0,-90,0,-6.10356e-005",result im SR830-Thread,Komunkiations Test für SR830 und OSTECH,,,
2026-09-15,10:14:12,095,KOM_Test,SR830,T,"SNAP 5,6,7,8,9","-0.000666667,0.00666667,0.00366667,0.000666667,1000",result im SR830-Thread,Komunkiations Test für SR830 und OSTECH,,,
2026-09-15,10:14:12,116,KOM_Test,SR830,T,PHAS,0,result im SR830-Thread,Komunkiations Test für SR830 und OSTECH,,,
2026-09-15,10:14:12,137,KOM_Test,SR830,T,FREQ,1000,result im SR830-Thread,Komunkiations Test für SR830 und OSTECH,,,
2026-09-15,10:14:12,231,KOM_Test,SR830,T,"SNAP 1,2,3,4,10,11","0,0,0,0,0,0",result im SR830-Thread,Komunkiations Test für SR830 und OSTECH,,,
2026-09-15,10:14:12,354,KOM_Test,SR830,T,"SNAP 5,6,7,8,9","-0.000333333,0.00633333,-0.000666667,0.00366667,1000",result im SR830-Thread,Komunkiations Test für SR830 und OSTECH,,,
2026-09-15,10:14:12,371,KOM_Test,SR830,T,PHAS,0,result im SR830-Thread,Komunkiations Test für SR830 und OSTECH,,,
2026-09-15,10:14:12,393,KOM_Test,SR830,T,FREQ,1000,result im SR830-Thread,Komunkiations Test für SR830 und OSTECH,,,
2026-09-15,10:14:12,526,KOM_Test,SR830,T,"SNAP 1,2,3,4,10,11","-6.10356e-005,0,0,135,-6.10356e-005,0",result im SR830-Thread,Komunkiations Test für SR830 und OSTECH,,,
2026-09-15,10:14:12,643,KOM_Test,SR830,T,"SNAP 5,6,7,8,9","-0.000666667,0.00766667,-0.002,-0.002,1000",result im SR830-Thread,Komunkiations Test für SR830 und OSTECH,,,
2026-09-15,10:14:12,662,KOM_Test,SR830,T,PHAS,0,result im SR830-Thread,Komunkiations Test für SR830 und OSTECH,,,
2026-09-15,10:14:12,685,KOM_Test,SR830,T,FREQ,1000,result im SR830-Thread,Komunkiations Test für SR830 und OSTECH,,,
2026-09-15,10:14:12,776,KOM_Test,SR830,T,"SNAP 1,2,3,4,10,11","0,0,0,90,0,0",result im SR830-Thread,Komunkiations Test für SR830 und OSTECH,,,
2026-09-15,10:14:12,908,KOM_Test,SR830,T,"SNAP 5,6,7,8,9","-0.000333333,0.00466667,0.00233333,0.000666667,1000",result im SR830-Thread,Komunkiations Test für SR830 und OSTECH,,,
2026-09-15,10:14:12,929,KOM_Test,SR830,T,PHAS,0,result im SR830-Thread,Komunkiations Test für SR830 und OSTECH,,,
2026-09-15,10:14:12,955,KOM_Test,SR830,T,FREQ,1000,result im SR830-Thread,Komunkiations Test für SR830 und OSTECH,,,
2026-09-15,10:14:13,043,KOM_Test,SR830,T,"SNAP 1,2,3,4,10,11","0,0,0,90,0,0",result im SR830-Thread,Komunkiations Test für SR830 und OSTECH,,,
2026-09-15,10:14:13,160,KOM_Test,SR830,T,"SNAP 5,6,7,8,9","-0.000666667,0.008,-0.000333333,-0.001,1000",result im SR830-Thread,Komunkiations Test für SR830 und OSTECH,,,
2026-09-15,10:14:13,174,KOM_Test,SR830,T,PHAS,0,result im SR830-Thread,Komunkiations Test für SR830 und OSTECH,,,
2026-09-15,10:14:13,195,KOM_Test,SR830,T,FREQ,1000,result im SR830-Thread,Komunkiations Test für SR830 und OSTECH,,,
2026-09-15,10:14:13,391,KOM_Test,SR830,T,"SNAP 1,2,3,4,10,11","-0.000122071,-6.10356e-005,6.10356e-005,-153.438,-0.000122071,-6.10356e-005",result im SR830-Thread,Komunkiations Test für SR830 und OSTECH,,,
2026-09-15,10:14:13,517,KOM_Test,SR830,T,"SNAP 5,6,7,8,9","-0.000333333,0.00766667,-0.000666667,0.000666667,1000",result im SR830-Thread,Komunkiations Test für SR830 und OSTECH,,,
2026-09-15,10:14:13,537,KOM_Test,SR830,T,PHAS,0,result im SR830-Thread,Komunkiations Test für SR830 und OSTECH,,,
2026-09-15,10:14:13,560,KOM_Test,SR830,T,FREQ,1000,result im SR830-Thread,Komunkiations Test für SR830 und OSTECH,,,
2026-09-15,10:14:13,644,KOM_Test,SR830,T,"SNAP 1,2,3,4,10,11","0,0,0,0,0,0",result im SR830-Thread,Komunkiations Test für SR830 und OSTECH,,,
2026-09-15,10:14:13,773,KOM_Test,SR830,T,"SNAP 5,6,7,8,9","-0.00333333,0.00633333,0.000666667,-0.001,1000",result im SR830-Thread,Komunkiations Test für SR830 und OSTECH,,,
2026-09-15,10:14:13,789,KOM_Test,SR830,T,PHAS,0,result im SR830-Thread,Komunkiations Test für SR830 und OSTECH,,,
2026-09-15,10:14:13,810,KOM_Test,SR830,T,FREQ,1000,result im SR830-Thread,Komunkiations Test für SR830 und OSTECH,,,
2026-09-15,10:14:13,952,KOM_Test,SR830,T,"SNAP 1,2,3,4,10,11","-6.10356e-005,0,0,135,-6.10356e-005,0",result im SR830-Thread,Komunkiations Test für SR830 und OSTECH,,,
2026-09-15,10:14:14,083,KOM_Test,SR830,T,"SNAP 5,6,7,8,9","-0.000333333,0.005,-0.000333333,0.000666667,1000",result im SR830-Thread,Komunkiations Test für SR830 und OSTECH,,,
2026-09-15,10:14:14,101,KOM_Test,SR830,T,PHAS,0,result im SR830-Thread,Komunkiations Test für SR830 und OSTECH,,,
2026-09-15,10:14:14,134,KOM_Test,SR830,T,FREQ,1000,result im SR830-Thread,Komunkiations Test für SR830 und OSTECH,,,
2026-09-15,10:14:14,260,KOM_Test,SR830,T,"SNAP 1,2,3,4,10,11","-6.10356e-005,0,0,180,-6.10356e-005,0",result im SR830-Thread,Komunkiations Test für SR830 und OSTECH,,,
2026-09-15,10:14:14,398,KOM_Test,SR830,T,"SNAP 5,6,7,8,9","-0.00466667,0.00633333,-0.000666667,-0.000666667,1000",result im SR830-Thread,Komunkiations Test für SR830 und OSTECH,,,
2026-09-15,10:14:14,416,KOM_Test,SR830,T,PHAS,0,result im SR830-Thread,Komunkiations Test für SR830 und OSTECH,,,
2026-09-15,10:14:14,435,KOM_Test,SR830,T,FREQ,1000,result im SR830-Thread,Komunkiations Test für SR830 und OSTECH,,,
2026-09-15,10:14:14,567,KOM_Test,SR830,T,"SNAP 1,2,3,4,10,11","0,-6.10356e-005,0,-90,0,-6.10356e-005",result im SR830-Thread,Komunkiations Test für SR830 und OSTECH,,,
2026-09-15,10:14:14,682,KOM_Test,SR830,T,"SNAP 5,6,7,8,9","-0.00166667,0.005,0.001,-0.002,1000",result im SR830-Thread,Komunkiations Test für SR830 und OSTECH,,,
2026-09-15,10:14:14,706,KOM_Test,SR830,T,PHAS,0,result im SR830-Thread,Komunkiations Test für SR830 und OSTECH,,,
2026-09-15,10:14:14,740,KOM_Test,SR830,T,FREQ,1000,result im SR830-Thread,Komunkiations Test für SR830 und OSTECH,,,
