Date,Time,Ms,Category,Tag,State,Message,Value,Info,AdditionalMessage,AdditionalValue,AdditionalInfo,Else
2026-09-15,10:21:32,638,KOM_Test,OSTECH,T,LTM,25.0,result,Kommunikations-Test fuer SR830 und OSTECH,,,
2026-09-15,10:21:32,652,KOM_Test,OSTECH,T,LCA,0.0,result,Kommunikations-Test fuer SR830 und OSTECH,,,
2026-09-15,10:21:32,670,KOM_Test,OSTECH,T,LVA,0.0,result,Kommunikations-Test fuer SR830 und OSTECH,,,
2026-09-15,10:21:32,684,KOM_Test,OSTECH,T,XTA,21.00609588623047,result,Kommunikations-Test fuer SR830 und OSTECH,,,
2026-09-15,10:21:32,694,KOM_Test,SR830,T,"SNAP 1,2,3,4,10,11","0,0,0,0,0,0",result,Kommunikations-Test fuer SR830 und OSTECH,,,
2026-09-15,10:21:32,705,KOM_Test,OSTECH,T,GT,27.822887420654297,result,Kommunikations-Test fuer SR830 und OSTECH,,,
2026-09-15,10:21:32,713,KOM_Test,OSTECH,T,GS,"{'status_word': 3085, 'interlock_ok': True, 'driver_supply_ok': True, 'driver_temperature_ok': True, 'lt_sensor_ok': True, 'ct_sensor_ok': True, 'lc_on': False, 'lc_error': False}",result,Kommunikations-Test fuer SR830 und OSTECH,,,
2026-09-15,10:21:32,737,KOM_Test,OSTECH,T,GVN,8661,result,Kommunikations-Test fuer SR830 und OSTECH,,,
2026-09-15,10:21:32,753,KOM_Test,OSTECH,T,LTM,25.0,result,Kommunikations-Test fuer SR830 und OSTECH,,,
2026-09-15,10:21:32,772,KOM_Test,OSTECH,T,LCA,0.0,result,Kommunikations-Test fuer SR830 und OSTECH,,,
2026-09-15,10:21:32,800,KOM_Test,OSTECH,T,LVA,0.0,result,Kommunikations-Test fuer SR830 und OSTECH,,,
2026-09-15,10:21:32,817,KOM_Test,SR830,T,"SNAP 5,6,7,8,9","0.001,0.00466667,0.000666667,0.000666667,1000",result,Kommunikations-Test fuer SR830 und OSTECH,,,
2026-09-15,10:21:32,822,KOM_Test,OSTECH,T,XTA,21.001617431640625,result,Kommunikations-Test fuer SR830 und OSTECH,,,
2026-09-15,10:21:32,832,KOM_Test,OSTECH,T,GT,27.822887420654297,result,Kommunikations-Test fuer SR830 und OSTECH,,,
2026-09-15,10:21:32,840,KOM_Test,SR830,T,PHAS,0,result,Kommunikations-Test fuer SR830 und OSTECH,,,
2026-09-15,10:21:32,851,KOM_Test,OSTECH,T,GS,"{'status_word': 3085, 'interlock_ok': True, 'driver_supply_ok': True, 'driver_temperature_ok': True, 'lt_sensor_ok': True, 'ct_sensor_ok': True, 'lc_on': False, 'lc_error': False}",result,Kommunikations-Test fuer SR830 und OSTECH,,,
2026-09-15,10:21:32,860,KOM_Test,SR830,T,FREQ,1000,result,Kommunikations-Test fuer SR830 und OSTECH,,,
2026-09-15,10:21:32,867,KOM_Test,OSTECH,T,GVN,8661,result,Kommunikations-Test fuer SR830 und OSTECH,,,
2026-09-15,10:21:32,882,KOM_Test,OSTECH,T,LTM,25.0,result,Kommunikations-Test fuer SR830 und OSTECH,,,
2026-09-15,10:21:32,901,KOM_Test,OSTECH,T,LCA,0.0,result,Kommunikations-Test fuer SR830 und OSTECH,,,
2026-09-15,10:21:32,922,KOM_Test,OSTECH,T,LVA,0.0,result,Kommunikations-Test fuer SR830 und OSTECH,,,
2026-09-15,10:21:32,935,KOM_Test,OSTECH,T,XTA,21.001617431640625,result,Kommunikations-Test fuer SR830 und OSTECH,,,
2026-09-15,10:21:32,942,KOM_Test,SR830,T,"SNAP 1,2,3,4,10,11","0,0,0,45,0,0",result,Kommunikations-Test fuer SR830 und OSTECH,,,
2026-09-15,10:21:32,952,KOM_Test,OSTECH,T,GT,27.822887420654297,result,Kommunikations-Test fuer SR830 und OSTECH,,,
2026-09-15,10:21:32,973,KOM_Test,OSTECH,T,GS,"{'status_word': 3085, 'interlock_ok': True, 'driver_supply_ok': True, 'driver_temperature_ok': True, 'lt_sensor_ok': True, 'ct_sensor_ok': True, 'lc_on': False, 'lc_error': False}",result,Kommunikations-Test fuer SR830 und OSTECH,,,
2026-09-15,10:21:32,983,KOM_Test,OSTECH,T,GVN,8661,result,Kommunikations-Test fuer SR830 und OSTECH,,,
2026-09-15,10:21:33,003,KOM_Test,OSTECH,T,LTM,25.0,result,Kommunikations-Test fuer SR830 und OSTECH,,,
2026-09-15,10:21:33,012,KOM_Test,OSTECH,T,LCA,0.0,result,Kommunikations-Test fuer SR830 und OSTECH,,,
2026-09-15,10:21:33,035,KOM_Test,OSTECH,T,LVA,0.0,result,Kommunikations-Test fuer SR830 und OSTECH,,,
2026-09-15,10:21:33,053,KOM_Test,SR830,T,"SNAP 5,6,7,8,9","-0.00333333,0.005,0.001,-0.000666667,1000",result,Kommunikations-Test fuer SR830 und OSTECH,,,
2026-09-15,10:21:33,053,KOM_Test,OSTECH,T,XTA,21.001617431640625,result,Kommunikations-Test fuer SR830 und OSTECH,,,
2026-09-15,10:21:33,069,KOM_Test,OSTECH,T,GT,27.822887420654297,result,Kommunikations-Test fuer SR830 und OSTECH,,,
2026-09-15,10:21:33,072,KOM_Test,SR830,T,PHAS,0,result,Kommunikations-Test fuer SR830 und OSTECH,,,
2026-09-15,10:21:33,084,KOM_Test,OSTECH,T,GS,"{'status_word': 3085, 'interlock_ok': True, 'driver_supply_ok': True, 'driver_temperature_ok': True, 'lt_sensor_ok': True, 'ct_sensor_ok': True, 'lc_on': False, 'lc_error': False}",result,Kommunikations-Test fuer SR830 und OSTECH,,,
2026-09-15,10:21:33,095,KOM_Test,SR830,T,FREQ,1000,result,Kommunikations-Test fuer SR830 und OSTECH,,,
2026-09-15,10:21:33,103,KOM_Test,OSTECH,T,GVN,8661,result,Kommunikations-Test fuer SR830 und OSTECH,,,
2026-09-15,10:21:33,132,KOM_Test,OSTECH,T,LTM,25.0,result,Kommunikations-Test fuer SR830 und OSTECH,,,
2026-09-15,10:21:33,153,KOM_Test,OSTECH,T,LCA,0.0,result,Kommunikations-Test fuer SR830 und OSTECH,,,
2026-09-15,10:21:33,173,KOM_Test,OSTECH,T,LVA,0.0,result,Kommunikations-Test fuer SR830 und OSTECH,,,
2026-09-15,10:21:33,187,KOM_Test,OSTECH,T,XTA,21.001617431640625,result,Kommunikations-Test fuer SR830 und OSTECH,,,
2026-09-15,10:21:33,202,KOM_Test,OSTECH,T,GT,27.822887420654297,result,Kommunikations-Test fuer SR830 und OSTECH,,,
2026-09-15,10:21:33,202,KOM_Test,SR830,T,"SNAP 1,2,3,4,10,11","-6.10356e-005,0,0,180,-6.10356e-005,0",result,Kommunikations-Test fuer SR830 und OSTECH,,,
2026-09-15,10:21:33,219,KOM_Test,OSTECH,T,GS,"{'status_word': 3085, 'interlock_ok': True, 'driver_supply_ok': True, 'driver_temperature_ok': True, 'lt_sensor_ok': True, 'ct_sensor_ok': True, 'lc_on': False, 'lc_error': False}",result,Kommunikations-Test fuer SR830 und OSTECH,,,
2026-09-15,10:21:33,234,KOM_Test,OSTECH,T,GVN,8661,result,Kommunikations-Test fuer SR830 und OSTECH,,,
2026-09-15,10:21:33,253,KOM_Test,OSTECH,T,LTM,25.0,result,Kommunikations-Test fuer SR830 und OSTECH,,,
2026-09-15,10:21:33,272,KOM_Test,OSTECH,T,LCA,0.0,result,Kommunikations-Test fuer SR830 und OSTECH,,,
2026-09-15,10:21:33,282,KOM_Test,OSTECH,T,LVA,0.0,result,Kommunikations-Test fuer SR830 und OSTECH,,,
2026-09-15,10:21:33,306,KOM_Test,OSTECH,T,XTA,21.001617431640625,result,Kommunikations-Test fuer SR830 und OSTECH,,,
2026-09-15,10:21:33,318,KOM_Test,SR830,T,"SNAP 5,6,7,8,9","-0.00333333,0.005,0.00233333,-0.002,1000",result,Kommunikations-Test fuer SR830 und OSTECH,,,
2026-09-15,10:21:33,318,KOM_Test,OSTECH,T,GT,27.822887420654297,result,Kommunikations-Test fuer SR830 und OSTECH,,,
2026-09-15,10:21:33,334,KOM_Test,SR830,T,PHAS,0,result,Kommunikations-Test fuer SR830 und OSTECH,,,
2026-09-15,10:21:33,334,KOM_Test,OSTECH,T,GS,"{'status_word': 3085, 'interlock_ok': True, 'driver_supply_ok': True, 'driver_temperature_ok': True, 'lt_sensor_ok': True, 'ct_sensor_ok': True, 'lc_on': False, 'lc_error': False}",result,Kommunikations-Test fuer SR830 und OSTECH,,,
2026-09-15,10:21:33,352,KOM_Test,OSTECH,T,GVN,8661,result,Kommunikations-Test fuer SR830 und OSTECH,,,
2026-09-15,10:21:33,362,KOM_Test,SR830,T,FREQ,1000,result,Kommunikations-Test fuer SR830 und OSTECH,,,
2026-09-15,10:21:33,372,KOM_Test,OSTECH,T,LTM,25.0,result,Kommunikations-Test fuer SR830 und OSTECH,,,
2026-09-15,10:21:33,386,KOM_Test,OSTECH,T,LCA,0.0,result,Kommunikations-Test fuer SR830 und OSTECH,,,
2026-09-15,10:21:33,403,KOM_Test,OSTECH,T,LVA,0.0,result,Kommunikations-Test fuer SR830 und OSTECH,,,
2026-09-15,10:21:33,423,KOM_Test,OSTECH,T,XTA,21.00250244140625,result,Kommunikations-Test fuer SR830 und OSTECH,,,
2026-09-15,10:21:33,436,KOM_Test,OSTECH,T,GT,27.822887420654297,result,Kommunikations-Test fuer SR830 und OSTECH,,,
2026-09-15,10:21:33,452,KOM_Test,OSTECH,T,GS,"{'status_word': 3085, 'interlock_ok': True, 'driver_supply_ok': True, 'driver_temperature_ok': True, 'lt_sensor_ok': True, 'ct_sensor_ok': True, 'lc_on': False, 'lc_error': False}",result,Kommunikations-Test fuer SR830 und OSTECH,,,
2026-09-15,10:21:33,470,KOM_Test,OSTECH,T,GVN,8661,result,Kommunikations-Test fuer SR830 und OSTECH,,,
2026-09-15,10:21:33,484,KOM_Test,SR830,T,"SNAP 1,2,3,4,10,11","0,-6.10356e-005,0,-90,0,-6.10356e-005",result,Kommunikations-Test fuer SR830 und OSTECH,,,
2026-09-15,10:21:33,484,KOM_Test,OSTECH,T,LTM,25.0,result,Kommunikations-Test fuer SR830 und OSTECH,,,
2026-09-15,10:21:33,502,KOM_Test,OSTECH,T,LCA,0.0,result,Kommunikations-Test fuer SR830 und OSTECH,,,
2026-09-15,10:21:33,522,KOM_Test,OSTECH,T,LVA,0.0,result,Kommunikations-Test fuer SR830 und OSTECH,,,
2026-09-15,10:21:33,534,KOM_Test,OSTECH,T,XTA,21.00250244140625,result,Kommunikations-Test fuer SR830 und OSTECH,,,
2026-09-15,10:21:33,552,KOM_Test,OSTECH,T,GT,27.822887420654297,result,Kommunikations-Test fuer SR830 und OSTECH,,,
2026-09-15,10:21:33,562,KOM_Test,OSTECH,T,GS,"{'status_word': 3085, 'interlock_ok': True, 'driver_supply_ok': True, 'driver_temperature_ok': True, 'lt_sensor_ok': True, 'ct_sensor_ok': True, 'lc_on': False, 'lc_error': False}",result,Kommunikations-Test fuer SR830 und OSTECH,,,
2026-09-15,10:21:33,585,KOM_Test,OSTECH,T,GVN,8661,result,Kommunikations-Test fuer SR830 und OSTECH,,,
2026-09-15,10:21:33,602,KOM_Test,OSTECH,T,LTM,25.0,result,Kommunikations-Test fuer SR830 und OSTECH,,,
2026-09-15,10:21:33,611,KOM_Test,SR830,T,"SNAP 5,6,7,8,9","-0.00333333,0.00666667,0.00233333,0.000666667,1000",result,Kommunikations-Test fuer SR830 und OSTECH,,,
2026-09-15,10:21:33,622,KOM_Test,OSTECH,T,LCA,0.0,result,Kommunikations-Test fuer SR830 und OSTECH,,,
2026-09-15,10:21:33,634,KOM_Test,SR830,T,PHAS,0,result,Kommunikations-Test fuer SR830 und OSTECH,,,
2026-09-15,10:21:33,634,KOM_Test,OSTECH,T,LVA,0.0,result,Kommunikations-Test fuer SR830 und OSTECH,,,
2026-09-15,10:21:33,652,KOM_Test,OSTECH,T,XTA,21.00250244140625,result,Kommunikations-Test fuer SR830 und OSTECH,,,
2026-09-15,10:21:33,661,KOM_Test,SR830,T,FREQ,1000,result,Kommunikations-Test fuer SR830 und OSTECH,,,
2026-09-15,10:21:33,672,KOM_Test,OSTECH,T,GT,27.822887420654297,result,Kommunikations-Test fuer SR830 und OSTECH,,,
2026-09-15,10:21:33,688,KOM_Test,OSTECH,T,GS,"{'status_word': 3085, 'interlock_ok': True, 'driver_supply_ok': True, 'driver_temperature_ok': True, 'lt_sensor_ok': True, 'ct_sensor_ok': True, 'lc_on': False, 'lc_error': False}",result,Kommunikations-Test fuer SR830 und OSTECH,,,
2026-09-15,10:21:33,708,KOM_Test,OSTECH,T,GVN,8661,result,Kommunikations-Test fuer SR830 und OSTECH,,,
2026-09-15,10:21:33,727,KOM_Test,OSTECH,T,LTM,25.0,result,Kommunikations-Test fuer SR830 und OSTECH,,,
2026-09-15,10:21:33,737,KOM_Test,SR830,T,"SNAP 1,2,3,4,10,11","0,0,0,90,0,0",result,Kommunikations-Test fuer SR830 und OSTECH,,,
2026-09-15,10:21:33,744,KOM_Test,OSTECH,T,LCA,0.0,result,Kommunikations-Test fuer SR830 und OSTECH,,,
2026-09-15,10:21:33,752,KOM_Test,OSTECH,T,LVA,0.0,result,Kommunikations-Test fuer SR830 und OSTECH,,,
2026-09-15,10:21:33,772,KOM_Test,OSTECH,T,XTA,21.00250244140625,result,Kommunikations-Test fuer SR830 und OSTECH,,,
2026-09-15,10:21:33,785,KOM_Test,OSTECH,T,GT,27.822887420654297,result,Kommunikations-Test fuer SR830 und OSTECH,,,
2026-09-15,10:21:33,802,KOM_Test,OSTECH,T,GS,"{'status_word': 3085, 'interlock_ok': True, 'driver_supply_ok': True, 'driver_temperature_ok': True, 'lt_sensor_ok': True, 'ct_sensor_ok': True, 'lc_on': False, 'lc_error': False}",result,Kommunikations-Test fuer SR830 und OSTECH,,,
2026-09-15,10:21:33,819,KOM_Test,OSTECH,T,GVN,8661,result,Kommunikations-Test fuer SR830 und OSTECH,,,
2026-09-15,10:21:33,845,KOM_Test,OSTECH,T,LTM,25.0,result,Kommunikations-Test fuer SR830 und OSTECH,,,
2026-09-15,10:21:33,845,KOM_Test,SR830,T,"SNAP 5,6,7,8,9","-0.00166667,0.005,0.000666667,0.002,1000",result,Kommunikations-Test fuer SR830 und OSTECH,,,
2026-09-15,10:21:33,872,KOM_Test,SR830,T,PHAS,0,result,Kommunikations-Test fuer SR830 und OSTECH,,,
2026-09-15,10:21:33,872,KOM_Test,OSTECH,T,LCA,0.0,result,Kommunikations-Test fuer SR830 und OSTECH,,,
2026-09-15,10:21:33,895,KOM_Test,SR830,T,FREQ,1000,result,Kommunikations-Test fuer SR830 und OSTECH,,,
2026-09-15,10:21:33,900,KOM_Test,OSTECH,T,LVA,0.0,result,Kommunikations-Test fuer SR830 und OSTECH,,,
2026-09-15,10:21:33,923,KOM_Test,OSTECH,T,XTA,21.00330352783203,result,Kommunikations-Test fuer SR830 und OSTECH,,,
2026-09-15,10:21:33,936,KOM_Test,OSTECH,T,GT,27.822887420654297,result,Kommunikations-Test fuer SR830 und OSTECH,,,
2026-09-15,10:21:33,952,KOM_Test,OSTECH,T,GS,"{'status_word': 3085, 'interlock_ok': True, 'driver_supply_ok': True, 'driver_temperature_ok': True, 'lt_sensor_ok': True, 'ct_sensor_ok': True, 'lc_on': False, 'lc_error': False}",result,Kommunikations-Test fuer SR830 und OSTECH,,,
2026-09-15,10:21:33,966,KOM_Test,OSTECH,T,GVN,8661,result,Kommunikations-Test fuer SR830 und OSTECH,,,
2026-09-15,10:21:33,986,KOM_Test,OSTECH,T,LTM,25.0,result,Kommunikations-Test fuer SR830 und OSTECH,,,
2026-09-15,10:21:34,002,KOM_Test,SR830,T,"SNAP 1,2,3,4,10,11","0,-6.10356e-005,0,-90,0,-6.10356e-005",result,Kommunikations-Test fuer SR830 und OSTECH,,,
2026-09-15,10:21:34,008,KOM_Test,OSTECH,T,LCA,0.0,result,Kommunikations-Test fuer SR830 und OSTECH,,,
2026-09-15,10:21:34,022,KOM_Test,OSTECH,T,LVA,0.0,result,Kommunikations-Test fuer SR830 und OSTECH,,,
2026-09-15,10:21:34,045,KOM_Test,OSTECH,T,XTA,21.00330352783203,result,Kommunikations-Test fuer SR830 und OSTECH,,,
2026-09-15,10:21:34,079,KOM_Test,OSTECH,T,GT,27.82611656188965,result,Kommunikations-Test fuer SR830 und OSTECH,,,
2026-09-15,10:21:34,102,KOM_Test,OSTECH,T,GS,"{'status_word': 3085, 'interlock_ok': True, 'driver_supply_ok': True, 'driver_temperature_ok': True, 'lt_sensor_ok': True, 'ct_sensor_ok': True, 'lc_on': False, 'lc_error': False}",result,Kommunikations-Test fuer SR830 und OSTECH,,,
2026-09-15,10:21:34,117,KOM_Test,OSTECH,T,GVN,8661,result,Kommunikations-Test fuer SR830 und OSTECH,,,
2026-09-15,10:21:34,137,KOM_Test,SR830,T,"SNAP 5,6,7,8,9","-0.00166667,0.00633333,0.000666667,0.000666667,1000",result,Kommunikations-Test fuer SR830 und OSTECH,,,
2026-09-15,10:21:34,140,KOM_Test,OSTECH,T,LTM,25.0,result,Kommunikations-Test fuer SR830 und OSTECH,,,
2026-09-15,10:21:34,153,KOM_Test,OSTECH,T,LCA,0.0,result,Kommunikations-Test fuer SR830 und OSTECH,,,
2026-09-15,10:21:34,153,KOM_Test,SR830,T,PHAS,0,result,Kommunikations-Test fuer SR830 und OSTECH,,,
2026-09-15,10:21:34,172,KOM_Test,OSTECH,T,LVA,0.0,result,Kommunikations-Test fuer SR830 und OSTECH,,,
2026-09-15,10:21:34,178,KOM_Test,SR830,T,FREQ,1000,result,Kommunikations-Test fuer SR830 und OSTECH,,,
2026-09-15,10:21:34,187,KOM_Test,OSTECH,T,XTA,21.00330352783203,result,Kommunikations-Test fuer SR830 und OSTECH,,,
2026-09-15,10:21:34,202,KOM_Test,OSTECH,T,GT,27.82611656188965,result,Kommunikations-Test fuer SR830 und OSTECH,,,
2026-09-15,10:21:34,219,KOM_Test,OSTECH,T,GS,"{'status_word': 3085, 'interlock_ok': True, 'driver_supply_ok': True, 'driver_temperature_ok': True, 'lt_sensor_ok': True, 'ct_sensor_ok': True, 'lc_on': False, 'lc_error': False}",result,Kommunikations-Test fuer SR830 und OSTECH,,,
2026-09-15,10:21:34,238,KOM_Test,OSTECH,T,GVN,8661,result,Kommunikations-Test fuer SR830 und OSTECH,,,
2026-09-15,10:21:34,252,KOM_Test,OSTECH,T,LTM,25.0,result,Kommunikations-Test fuer SR830 und OSTECH,,,
2026-09-15,10:21:34,263,KOM_Test,SR830,T,"SNAP 1,2,3,4,10,11","0,0,0,0,0,0",result,Kommunikations-Test fuer SR830 und OSTECH,,,
2026-09-15,10:21:34,273,KOM_Test,OSTECH,T,LCA,0.0,result,Kommunikations-Test fuer SR830 und OSTECH,,,
2026-09-15,10:21:34,288,KOM_Test,OSTECH,T,LVA,0.0,result,Kommunikations-Test fuer SR830 und OSTECH,,,
2026-09-15,10:21:34,307,KOM_Test,OSTECH,T,XTA,21.00330352783203,result,Kommunikations-Test fuer SR830 und OSTECH,,,
2026-09-15,10:21:34,322,KOM_Test,OSTECH,T,GT,27.82611656188965,result,Kommunikations-Test fuer SR830 und OSTECH,,,
2026-09-15,10:21:34,333,KOM_Test,OSTECH,T,GS,"{'status_word': 3085, 'interlock_ok': True, 'driver_supply_ok': True, 'driver_temperature_ok': True, 'lt_sensor_ok': True, 'ct_sensor_ok': True, 'lc_on': False, 'lc_error': False}",result,Kommunikations-Test fuer SR830 und OSTECH,,,
2026-09-15,10:21:34,352,KOM_Test,OSTECH,T,GVN,8661,result,Kommunikations-Test fuer SR830 und OSTECH,,,
2026-09-15,10:21:34,372,KOM_Test,OSTECH,T,LTM,25.0,result,Kommunikations-Test fuer SR830 und OSTECH,,,
2026-09-15,10:21:34,390,KOM_Test,OSTECH,T,LCA,0.0,result,Kommunikations-Test fuer SR830 und OSTECH,,,
2026-09-15,10:21:34,391,KOM_Test,SR830,T,"SNAP 5,6,7,8,9","-0.00333333,0.008,-0.00333333,-0.000666667,1000",result,Kommunikations-Test fuer SR830 und OSTECH,,,
2026-09-15,10:21:34,405,KOM_Test,SR830,T,PHAS,0,result,Kommunikations-Test fuer SR830 und OSTECH,,,
2026-09-15,10:21:34,405,KOM_Test,OSTECH,T,LVA,0.0,result,Kommunikations-Test fuer SR830 und OSTECH,,,
2026-09-15,10:21:34,422,KOM_Test,OSTECH,T,XTA,21.00330352783203,result,Kommunikations-Test fuer SR830 und OSTECH,,,
2026-09-15,10:21:34,428,KOM_Test,SR830,T,FREQ,1000,result,Kommunikations-Test fuer SR830 und OSTECH,,,
2026-09-15,10:21:34,450,KOM_Test,OSTECH,T,GT,27.82611656188965,result,Kommunikations-Test fuer SR830 und OSTECH,,,
2026-09-15,10:21:34,468,KOM_Test,OSTECH,T,GS,"{'status_word': 3085, 'interlock_ok': True, 'driver_supply_ok': True, 'driver_temperature_ok': True, 'lt_sensor_ok': True, 'ct_sensor_ok': True, 'lc_on': False, 'lc_error': False}",result,Kommunikations-Test fuer SR830 und OSTECH,,,
2026-09-15,10:21:34,485,KOM_Test,OSTECH,T,GVN,8661,result,Kommunikations-Test fuer SR830 und OSTECH,,,
2026-09-15,10:21:34,507,KOM_Test,OSTECH,T,LTM,25.0,result,Kommunikations-Test fuer SR830 und OSTECH,,,
2026-09-15,10:21:34,507,KOM_Test,SR830,T,"SNAP 1,2,3,4,10,11","0,0,0,90,0,0",result,Kommunikations-Test fuer SR830 und OSTECH,,,
2026-09-15,10:21:34,522,KOM_Test,OSTECH,T,LCA,0.0,result,Kommunikations-Test fuer SR830 und OSTECH,,,
2026-09-15,10:21:34,540,KOM_Test,OSTECH,T,LVA,0.0,result,Kommunikations-Test fuer SR830 und OSTECH,,,
2026-09-15,10:21:34,555,KOM_Test,OSTECH,T,XTA,21.00396728515625,result,Kommunikations-Test fuer SR830 und OSTECH,,,
2026-09-15,10:21:34,572,KOM_Test,OSTECH,T,GT,27.82611656188965,result,Kommunikations-Test fuer SR830 und OSTECH,,,
2026-09-15,10:21:34,582,KOM_Test,OSTECH,T,GS,"{'status_word': 3085, 'interlock_ok': True, 'driver_supply_ok': True, 'driver_temperature_ok': True, 'lt_sensor_ok': True, 'ct_sensor_ok': True, 'lc_on': False, 'lc_error': False}",result,Kommunikations-Test fuer SR830 und OSTECH,,,
2026-09-15,10:21:34,602,KOM_Test,OSTECH,T,GVN,8661,result,Kommunikations-Test fuer SR830 und OSTECH,,,
2026-09-15,10:21:34,613,KOM_Test,SR830,T,"SNAP 5,6,7,8,9","-0.002,0.005,-0.000333333,0.002,1000",result,Kommunikations-Test fuer SR830 und OSTECH,,,
2026-09-15,10:21:34,627,KOM_Test,OSTECH,T,LTM,25.0,result,Kommunikations-Test fuer SR830 und OSTECH,,,
2026-09-15,10:21:34,635,KOM_Test,SR830,T,PHAS,0,result,Kommunikations-Test fuer SR830 und OSTECH,,,
2026-09-15,10:21:34,642,KOM_Test,OSTECH,T,LCA,0.0,result,Kommunikations-Test fuer SR830 und OSTECH,,,
2026-09-15,10:21:34,653,KOM_Test,OSTECH,T,LVA,0.0,result,Kommunikations-Test fuer SR830 und OSTECH,,,
2026-09-15,10:21:34,660,KOM_Test,SR830,T,FREQ,1000,result,Kommunikations-Test fuer SR830 und OSTECH,,,
2026-09-15,10:21:34,672,KOM_Test,OSTECH,T,XTA,21.00396728515625,result,Kommunikations-Test fuer SR830 und OSTECH,,,
2026-09-15,10:21:34,682,KOM_Test,OSTECH,T,GT,27.82611656188965,result,Kommunikations-Test fuer SR830 und OSTECH,,,
2026-09-15,10:21:34,702,KOM_Test,OSTECH,T,GS,"{'status_word': 3085, 'interlock_ok': True, 'driver_supply_ok': True, 'driver_temperature_ok': True, 'lt_sensor_ok': True, 'ct_sensor_ok': True, 'lc_on': False, 'lc_error': False}",result,Kommunikations-Test fuer SR830 und OSTECH,,,
2026-09-15,10:21:34,720,KOM_Test,OSTECH,T,GVN,8661,result,Kommunikations-Test fuer SR830 und OSTECH,,,
2026-09-15,10:21:34,742,KOM_Test,OSTECH,T,LTM,25.0,result,Kommunikations-Test fuer SR830 und OSTECH,,,
2026-09-15,10:21:34,745,KOM_Test,SR830,T,"SNAP 1,2,3,4,10,11","0,0,0,45,0,0",result,Kommunikations-Test fuer SR830 und OSTECH,,,
2026-09-15,10:21:34,752,KOM_Test,OSTECH,T,LCA,0.0,result,Kommunikations-Test fuer SR830 und OSTECH,,,
2026-09-15,10:21:34,775,KOM_Test,OSTECH,T,LVA,0.0,result,Kommunikations-Test fuer SR830 und OSTECH,,,
2026-09-15,10:21:34,787,KOM_Test,OSTECH,T,XTA,21.00396728515625,result,Kommunikations-Test fuer SR830 und OSTECH,,,
2026-09-15,10:21:34,803,KOM_Test,OSTECH,T,GT,27.82611656188965,result,Kommunikations-Test fuer SR830 und OSTECH,,,
2026-09-15,10:21:34,812,KOM_Test,OSTECH,T,GS,"{'status_word': 3085, 'interlock_ok': True, 'driver_supply_ok': True, 'driver_temperature_ok': True, 'lt_sensor_ok': True, 'ct_sensor_ok': True, 'lc_on': False, 'lc_error': False}",result,Kommunikations-Test fuer SR830 und OSTECH,,,
2026-09-15,10:21:34,837,KOM_Test,OSTECH,T,GVN,8661,result,Kommunikations-Test fuer SR830 und OSTECH,,,
2026-09-15,10:21:34,853,KOM_Test,OSTECH,T,LTM,25.0,result,Kommunikations-Test fuer SR830 und OSTECH,,,
2026-09-15,10:21:34,872,KOM_Test,OSTECH,T,LCA,0.0,result,Kommunikations-Test fuer SR830 und OSTECH,,,
2026-09-15,10:21:34,876,KOM_Test,SR830,T,"SNAP 5,6,7,8,9","-0.00166667,0.00633333,-0.000333333,-0.000666667,1000",result,Kommunikations-Test fuer SR830 und OSTECH,,,
2026-09-15,10:21:34,888,KOM_Test,OSTECH,T,LVA,0.0,result,Kommunikations-Test fuer SR830 und OSTECH,,,
2026-09-15,10:21:34,904,KOM_Test,SR830,T,PHAS,0,result,Kommunikations-Test fuer SR830 und OSTECH,,,
2026-09-15,10:21:34,905,KOM_Test,OSTECH,T,XTA,21.00396728515625,result,Kommunikations-Test fuer SR830 und OSTECH,,,
2026-09-15,10:21:34,918,KOM_Test,OSTECH,T,GT,27.82611656188965,result,Kommunikations-Test fuer SR830 und OSTECH,,,
2026-09-15,10:21:34,926,KOM_Test,SR830,T,FREQ,1000,result,Kommunikations-Test fuer SR830 und OSTECH,,,
2026-09-15,10:21:34,928,KOM_Test,OSTECH,T,GS,"{'status_word': 3085, 'interlock_ok': True, 'driver_supply_ok': True, 'driver_temperature_ok': True, 'lt_sensor_ok': True, 'ct_sensor_ok': True, 'lc_on': False, 'lc_error': False}",result,Kommunikations-Test fuer SR830 und OSTECH,,,
2026-09-15,10:21:34,952,KOM_Test,OSTECH,T,GVN,8661,result,Kommunikations-Test fuer SR830 und OSTECH,,,
2026-09-15,10:21:34,965,KOM_Test,OSTECH,T,LTM,25.0,result,Kommunikations-Test fuer SR830 und OSTECH,,,
2026-09-15,10:21:34,998,KOM_Test,OSTECH,T,LCA,0.0,result,Kommunikations-Test fuer SR830 und OSTECH,,,
2026-09-15,10:21:35,022,KOM_Test,OSTECH,T,LVA,0.0,result,Kommunikations-Test fuer SR830 und OSTECH,,,
2026-09-15,10:21:35,033,KOM_Test,OSTECH,T,XTA,21.004539489746094,result,Kommunikations-Test fuer SR830 und OSTECH,,,
2026-09-15,10:21:35,056,KOM_Test,OSTECH,T,GT,27.82611656188965,result,Kommunikations-Test fuer SR830 und OSTECH,,,
2026-09-15,10:21:35,058,KOM_Test,SR830,T,"SNAP 1,2,3,4,10,11","0,6.10356e-005,6.10356e-005,63.438,0,6.10356e-005",result,Kommunikations-Test fuer SR830 und OSTECH,,,
2026-09-15,10:21:35,063,KOM_Test,OSTECH,T,GS,"{'status_word': 3085, 'interlock_ok': True, 'driver_supply_ok': True, 'driver_temperature_ok': True, 'lt_sensor_ok': True, 'ct_sensor_ok': True, 'lc_on': False, 'lc_error': False}",result,Kommunikations-Test fuer SR830 und OSTECH,,,
2026-09-15,10:21:35,087,KOM_Test,OSTECH,T,GVN,8661,result,Kommunikations-Test fuer SR830 und OSTECH,,,
2026-09-15,10:21:35,102,KOM_Test,OSTECH,T,LTM,25.0,result,Kommunikations-Test fuer SR830 und OSTECH,,,
2026-09-15,10:21:35,124,KOM_Test,OSTECH,T,LCA,0.0,result,Kommunikations-Test fuer SR830 und OSTECH,,,
2026-09-15,10:21:35,136,KOM_Test,OSTECH,T,LVA,0.0,result,Kommunikations-Test fuer SR830 und OSTECH,,,
2026-09-15,10:21:35,156,KOM_Test,OSTECH,T,XTA,21.004539489746094,result,Kommunikations-Test fuer SR830 und OSTECH,,,
2026-09-15,10:21:35,179,KOM_Test,OSTECH,T,GT,27.82611656188965,result,Kommunikations-Test fuer SR830 und OSTECH,,,
2026-09-15,10:21:35,184,KOM_Test,SR830,T,"SNAP 5,6,7,8,9","-0.00166667,0.00466667,0.000666667,-0.000666667,1000",result,Kommunikations-Test fuer SR830 und OSTECH,,,
2026-09-15,10:21:35,194,KOM_Test,OSTECH,T,GS,"{'status_word': 3085, 'interlock_ok': True, 'driver_supply_ok': True, 'driver_temperature_ok': True, 'lt_sensor_ok': True, 'ct_sensor_ok': True, 'lc_on': False, 'lc_error': False}",result,Kommunikations-Test fuer SR830 und OSTECH,,,
2026-09-15,10:21:35,198,KOM_Test,SR830,T,PHAS,0,result,Kommunikations-Test fuer SR830 und OSTECH,,,
2026-09-15,10:21:35,212,KOM_Test,OSTECH,T,GVN,8661,result,Kommunikations-Test fuer SR830 und OSTECH,,,
2026-09-15,10:21:35,220,KOM_Test,SR830,T,FREQ,1000,result,Kommunikations-Test fuer SR830 und OSTECH,,,
2026-09-15,10:21:35,230,KOM_Test,OSTECH,T,LTM,25.0,result,Kommunikations-Test fuer SR830 und OSTECH,,,
2026-09-15,10:21:35,244,KOM_Test,OSTECH,T,LCA,0.0,result,Kommunikations-Test fuer SR830 und OSTECH,,,
2026-09-15,10:21:35,263,KOM_Test,OSTECH,T,LVA,0.0,result,Kommunikations-Test fuer SR830 und OSTECH,,,
2026-09-15,10:21:35,288,KOM_Test,OSTECH,T,XTA,21.004539489746094,result,Kommunikations-Test fuer SR830 und OSTECH,,,
2026-09-15,10:21:35,303,KOM_Test,OSTECH,T,GT,27.82611656188965,result,Kommunikations-Test fuer SR830 und OSTECH,,,
2026-09-15,10:21:35,307,KOM_Test,SR830,T,"SNAP 1,2,3,4,10,11","0,0,0,0,0,0",result,Kommunikations-Test fuer SR830 und OSTECH,,,
2026-09-15,10:21:35,319,KOM_Test,OSTECH,T,GS,"{'status_word': 3085, 'interlock_ok': True, 'driver_supply_ok': True, 'driver_temperature_ok': True, 'lt_sensor_ok': True, 'ct_sensor_ok': True, 'lc_on': False, 'lc_error': False}",result,Kommunikations-Test fuer SR830 und OSTECH,,,
2026-09-15,10:21:35,336,KOM_Test,OSTECH,T,GVN,8661,result,Kommunikations-Test fuer SR830 und OSTECH,,,
2026-09-15,10:21:35,359,KOM_Test,OSTECH,T,LTM,25.0,result,Kommunikations-Test fuer SR830 und OSTECH,,,
2026-09-15,10:21:35,372,KOM_Test,OSTECH,T,LCA,0.0,result,Kommunikations-Test fuer SR830 und OSTECH,,,
2026-09-15,10:21:35,395,KOM_Test,OSTECH,T,LVA,0.0,result,Kommunikations-Test fuer SR830 und OSTECH,,,
2026-09-15,10:21:35,411,KOM_Test,OSTECH,T,XTA,21.004539489746094,result,Kommunikations-Test fuer SR830 und OSTECH,,,
2026-09-15,10:21:35,428,KOM_Test,SR830,T,"SNAP 5,6,7,8,9","-0.002,0.00766667,-0.000666667,0.000666667,1000",result,Kommunikations-Test fuer SR830 und OSTECH,,,
2026-09-15,10:21:35,438,KOM_Test,OSTECH,T,GT,27.82611656188965,result,Kommunikations-Test fuer SR830 und OSTECH,,,
2026-09-15,10:21:35,445,KOM_Test,OSTECH,T,GS,"{'status_word': 3085, 'interlock_ok': True, 'driver_supply_ok': True, 'driver_temperature_ok': True, 'lt_sensor_ok': True, 'ct_sensor_ok': True, 'lc_on': False, 'lc_error': False}",result,Kommunikations-Test fuer SR830 und OSTECH,,,
2026-09-15,10:21:35,445,KOM_Test,SR830,T,PHAS,0,result,Kommunikations-Test fuer SR830 und OSTECH,,,
2026-09-15,10:21:35,471,KOM_Test,OSTECH,T,GVN,8661,result,Kommunikations-Test fuer SR830 und OSTECH,,,
2026-09-15,10:21:35,478,KOM_Test,SR830,T,FREQ,1000,result,Kommunikations-Test fuer SR830 und OSTECH,,,
2026-09-15,10:21:35,489,KOM_Test,OSTECH,T,LTM,25.0,result,Kommunikations-Test fuer SR830 und OSTECH,,,
2026-09-15,10:21:35,505,KOM_Test,OSTECH,T,LCA,0.0,result,Kommunikations-Test fuer SR830 und OSTECH,,,
2026-09-15,10:21:35,525,KOM_Test,OSTECH,T,LVA,0.0,result,Kommunikations-Test fuer SR830 und OSTECH,,,
2026-09-15,10:21:35,554,KOM_Test,OSTECH,T,XTA,21.004867553710938,result,Kommunikations-Test fuer SR830 und OSTECH,,,
2026-09-15,10:21:35,575,KOM_Test,OSTECH,T,GT,27.82611656188965,result,Kommunikations-Test fuer SR830 und OSTECH,,,
2026-09-15,10:21:35,587,KOM_Test,OSTECH,T,GS,"{'status_word': 3085, 'interlock_ok': True, 'driver_supply_ok': True, 'driver_temperature_ok': True, 'lt_sensor_ok': True, 'ct_sensor_ok': True, 'lc_on': False, 'lc_error': False}",result,Kommunikations-Test fuer SR830 und OSTECH,,,
2026-09-15,10:21:35,604,KOM_Test,OSTECH,T,GVN,8661,result,Kommunikations-Test fuer SR830 und OSTECH,,,
2026-09-15,10:21:35,611,KOM_Test,SR830,T,"SNAP 1,2,3,4,10,11","0,6.10356e-005,6.10356e-005,90,0,6.10356e-005",result,Kommunikations-Test fuer SR830 und OSTECH,,,
2026-09-15,10:21:35,627,KOM_Test,OSTECH,T,LTM,25.0,result,Kommunikations-Test fuer SR830 und OSTECH,,,
2026-09-15,10:21:35,644,KOM_Test,OSTECH,T,LCA,0.0,result,Kommunikations-Test fuer SR830 und OSTECH,,,
2026-09-15,10:21:35,662,KOM_Test,OSTECH,T,LVA,0.0,result,Kommunikations-Test fuer SR830 und OSTECH,,,
2026-09-15,10:21:35,678,KOM_Test,OSTECH,T,XTA,21.004867553710938,result,Kommunikations-Test fuer SR830 und OSTECH,,,
2026-09-15,10:21:35,694,KOM_Test,OSTECH,T,GT,27.82611656188965,result,Kommunikations-Test fuer SR830 und OSTECH,,,
2026-09-15,10:21:35,708,KOM_Test,OSTECH,T,GS,"{'status_word': 3085, 'interlock_ok': True, 'driver_supply_ok': True, 'driver_temperature_ok': True, 'lt_sensor_ok': True, 'ct_sensor_ok': True, 'lc_on': False, 'lc_error': False}",result,Kommunikations-Test fuer SR830 und OSTECH,,,
2026-09-15,10:21:35,726,KOM_Test,OSTECH,T,GVN,8661,result,Kommunikations-Test fuer SR830 und OSTECH,,,
2026-09-15,10:21:35,729,KOM_Test,SR830,T,"SNAP 5,6,7,8,9","-0.00366667,0.005,-0.000666667,0.000666667,1000",result,Kommunikations-Test fuer SR830 und OSTECH,,,
2026-09-15,10:21:35,745,KOM_Test,OSTECH,T,LTM,25.0,result,Kommunikations-Test fuer SR830 und OSTECH,,,
2026-09-15,10:21:35,745,KOM_Test,SR830,T,PHAS,0,result,Kommunikations-Test fuer SR830 und OSTECH,,,
2026-09-15,10:21:35,760,KOM_Test,OSTECH,T,LCA,0.0,result,Kommunikations-Test fuer SR830 und OSTECH,,,
2026-09-15,10:21:35,762,KOM_Test,SR830,T,FREQ,1000,result,Kommunikations-Test fuer SR830 und OSTECH,,,
2026-09-15,10:21:35,780,KOM_Test,OSTECH,T,LVA,0.0,result,Kommunikations-Test fuer SR830 und OSTECH,,,
2026-09-15,10:21:35,809,KOM_Test,OSTECH,T,XTA,21.004867553710938,result,Kommunikations-Test fuer SR830 und OSTECH,,,
2026-09-15,10:21:35,824,KOM_Test,OSTECH,T,GT,27.82611656188965,result,Kommunikations-Test fuer SR830 und OSTECH,,,
2026-09-15,10:21:35,836,KOM_Test,OSTECH,T,GS,"{'status_word': 3085, 'interlock_ok': True, 'driver_supply_ok': True, 'driver_temperature_ok': True, 'lt_sensor_ok': True, 'ct_sensor_ok': True, 'lc_on': False, 'lc_error': False}",result,Kommunikations-Test fuer SR830 und OSTECH,,,
2026-09-15,10:21:35,842,KOM_Test,SR830,T,"SNAP 1,2,3,4,10,11","0,0,0,0,0,0",result,Kommunikations-Test fuer SR830 und OSTECH,,,
2026-09-15,10:21:35,848,KOM_Test,OSTECH,T,GVN,8661,result,Kommunikations-Test fuer SR830 und OSTECH,,,
2026-09-15,10:21:35,863,KOM_Test,OSTECH,T,LTM,25.0,result,Kommunikations-Test fuer SR830 und OSTECH,,,
2026-09-15,10:21:35,889,KOM_Test,OSTECH,T,LCA,0.0,result,Kommunikations-Test fuer SR830 und OSTECH,,,
2026-09-15,10:21:35,911,KOM_Test,OSTECH,T,LVA,0.0,result,Kommunikations-Test fuer SR830 und OSTECH,,,
2026-09-15,10:21:35,927,KOM_Test,OSTECH,T,XTA,21.004867553710938,result,Kommunikations-Test fuer SR830 und OSTECH,,,
2026-09-15,10:21:35,943,KOM_Test,OSTECH,T,GT,27.82611656188965,result,Kommunikations-Test fuer SR830 und OSTECH,,,
2026-09-15,10:21:35,953,KOM_Test,OSTECH,T,GS,"{'status_word': 3085, 'interlock_ok': True, 'driver_supply_ok': True, 'driver_temperature_ok': True, 'lt_sensor_ok': True, 'ct_sensor_ok': True, 'lc_on': False, 'lc_error': False}",result,Kommunikations-Test fuer SR830 und OSTECH,,,
2026-09-15,10:21:35,962,KOM_Test,SR830,T,"SNAP 5,6,7,8,9","-0.00666667,0.002,0.000666667,-0.000666667,1000",result,Kommunikations-Test fuer SR830 und OSTECH,,,
2026-09-15,10:21:35,970,KOM_Test,OSTECH,T,GVN,8661,result,Kommunikations-Test fuer SR830 und OSTECH,,,
2026-09-15,10:21:35,982,KOM_Test,SR830,T,PHAS,0,result,Kommunikations-Test fuer SR830 und OSTECH,,,
2026-09-15,10:21:35,986,KOM_Test,OSTECH,T,LTM,25.0,result,Kommunikations-Test fuer SR830 und OSTECH,,,
2026-09-15,10:21:36,004,KOM_Test,SR830,T,FREQ,1000,result,Kommunikations-Test fuer SR830 und OSTECH,,,
2026-09-15,10:21:36,012,KOM_Test,OSTECH,T,LCA,0.0,result,Kommunikations-Test fuer SR830 und OSTECH,,,
2026-09-15,10:21:36,029,KOM_Test,OSTECH,T,LVA,0.0,result,Kommunikations-Test fuer SR830 und OSTECH,,,
2026-09-15,10:21:36,057,KOM_Test,OSTECH,T,XTA,21.004867553710938,result,Kommunikations-Test fuer SR830 und OSTECH,,,
2026-09-15,10:21:36,070,KOM_Test,OSTECH,T,GT,27.82611656188965,result,Kommunikations-Test fuer SR830 und OSTECH,,,
2026-09-15,10:21:36,088,KOM_Test,OSTECH,T,GS,"{'status_word': 3085, 'interlock_ok': True, 'driver_supply_ok': True, 'driver_temperature_ok': True, 'lt_sensor_ok': True, 'ct_sensor_ok': True, 'lc_on': False, 'lc_error': False}",result,Kommunikations-Test fuer SR830 und OSTECH,,,
2026-09-15,10:21:36,104,KOM_Test,OSTECH,T,GVN,8661,result,Kommunikations-Test fuer SR830 und OSTECH,,,
2026-09-15,10:21:36,122,KOM_Test,OSTECH,T,LTM,25.0,result,Kommunikations-Test fuer SR830 und OSTECH,,,
2026-09-15,10:21:36,126,KOM_Test,SR830,T,"SNAP 1,2,3,4,10,11","-6.10356e-005,0,0,180,-6.10356e-005,0",result,Kommunikations-Test fuer SR830 und OSTECH,,,
2026-09-15,10:21:36,143,KOM_Test,OSTECH,T,LCA,0.0,result,Kommunikations-Test fuer SR830 und OSTECH,,,
2026-09-15,10:21:36,157,KOM_Test,OSTECH,T,LVA,0.0,result,Kommunikations-Test fuer SR830 und OSTECH,,,
2026-09-15,10:21:36,177,KOM_Test,OSTECH,T,XTA,21.004867553710938,result,Kommunikations-Test fuer SR830 und OSTECH,,,
2026-09-15,10:21:36,191,KOM_Test,OSTECH,T,GT,27.82611656188965,result,Kommunikations-Test fuer SR830 und OSTECH,,,
2026-09-15,10:21:36,204,KOM_Test,OSTECH,T,GS,"{'status_word': 3085, 'interlock_ok': True, 'driver_supply_ok': True, 'driver_temperature_ok': True, 'lt_sensor_ok': True, 'ct_sensor_ok': True, 'lc_on': False, 'lc_error': False}",result,Kommunikations-Test fuer SR830 und OSTECH,,,
2026-09-15,10:21:36,223,KOM_Test,OSTECH,T,GVN,8661,result,Kommunikations-Test fuer SR830 und OSTECH,,,
2026-09-15,10:21:36,240,KOM_Test,OSTECH,T,LTM,25.0,result,Kommunikations-Test fuer SR830 und OSTECH,,,
2026-09-15,10:21:36,242,KOM_Test,SR830,T,"SNAP 5,6,7,8,9","-0.00166667,0.005,-0.000333333,-0.001,1000",result,Kommunikations-Test fuer SR830 und OSTECH,,,
2026-09-15,10:21:36,259,KOM_Test,OSTECH,T,LCA,0.0,result,Kommunikations-Test fuer SR830 und OSTECH,,,
2026-09-15,10:21:36,260,KOM_Test,SR830,T,PHAS,0,result,Kommunikations-Test fuer SR830 und OSTECH,,,
2026-09-15,10:21:36,281,KOM_Test,SR830,T,FREQ,1000,result,Kommunikations-Test fuer SR830 und OSTECH,,,
2026-09-15,10:21:36,286,KOM_Test,OSTECH,T,LVA,0.0,result,Kommunikations-Test fuer SR830 und OSTECH,,,
2026-09-15,10:21:36,309,KOM_Test,OSTECH,T,XTA,21.00330352783203,result,Kommunikations-Test fuer SR830 und OSTECH,,,
2026-09-15,10:21:36,317,KOM_Test,OSTECH,T,GT,27.82611656188965,result,Kommunikations-Test fuer SR830 und OSTECH,,,
2026-09-15,10:21:36,333,KOM_Test,OSTECH,T,GS,"{'status_word': 3085, 'interlock_ok': True, 'driver_supply_ok': True, 'driver_temperature_ok': True, 'lt_sensor_ok': True, 'ct_sensor_ok': True, 'lc_on': False, 'lc_error': False}",result,Kommunikations-Test fuer SR830 und OSTECH,,,
2026-09-15,10:21:36,354,KOM_Test,OSTECH,T,GVN,8661,result,Kommunikations-Test fuer SR830 und OSTECH,,,
2026-09-15,10:21:36,374,KOM_Test,OSTECH,T,LTM,25.0,result,Kommunikations-Test fuer SR830 und OSTECH,,,
2026-09-15,10:21:36,402,KOM_Test,OSTECH,T,LCA,0.0,result,Kommunikations-Test fuer SR830 und OSTECH,,,
2026-09-15,10:21:36,422,KOM_Test,OSTECH,T,LVA,0.0,result,Kommunikations-Test fuer SR830 und OSTECH,,,
2026-09-15,10:21:36,432,KOM_Test,SR830,T,"SNAP 1,2,3,4,10,11","-6.10356e-005,-6.10356e-005,0,-135,-6.10356e-005,-6.10356e-005",result,Kommunikations-Test fuer SR830 und OSTECH,,,
2026-09-15,10:21:36,441,KOM_Test,OSTECH,T,XTA,21.00330352783203,result,Kommunikations-Test fuer SR830 und OSTECH,,,
2026-09-15,10:21:36,452,KOM_Test,OSTECH,T,GT,27.82611656188965,result,Kommunikations-Test fuer SR830 und OSTECH,,,
2026-09-15,10:21:36,471,KOM_Test,OSTECH,T,GS,"{'status_word': 3085, 'interlock_ok': True, 'driver_supply_ok': True, 'driver_temperature_ok': True, 'lt_sensor_ok': True, 'ct_sensor_ok': True, 'lc_on': False, 'lc_error': False}",result,Kommunikations-Test fuer SR830 und OSTECH,,,
2026-09-15,10:21:36,482,KOM_Test,OSTECH,T,GVN,8661,result,Kommunikations-Test fuer SR830 und OSTECH,,,
2026-09-15,10:21:36,497,KOM_Test,OSTECH,T,LTM,25.0,result,Kommunikations-Test fuer SR830 und OSTECH,,,
2026-09-15,10:21:36,522,KOM_Test,OSTECH,T,LCA,0.0,result,Kommunikations-Test fuer SR830 und OSTECH,,,
2026-09-15,10:21:36,536,KOM_Test,OSTECH,T,LVA,0.0,result,Kommunikations-Test fuer SR830 und OSTECH,,,
2026-09-15,10:21:36,545,KOM_Test,SR830,T,"SNAP 5,6,7,8,9","-0.000333333,0.008,0.001,-0.000666667,1000",result,Kommunikations-Test fuer SR830 und OSTECH,,,
2026-09-15,10:21:36,556,KOM_Test,OSTECH,T,XTA,21.00330352783203,result,Kommunikations-Test fuer SR830 und OSTECH,,,
2026-09-15,10:21:36,573,KOM_Test,OSTECH,T,GT,27.82611656188965,result,Kommunikations-Test fuer SR830 und OSTECH,,,
2026-09-15,10:21:36,574,KOM_Test,SR830,T,PHAS,0,result,Kommunikations-Test fuer SR830 und OSTECH,,,
2026-09-15,10:21:36,582,KOM_Test,OSTECH,T,GS,"{'status_word': 3085, 'interlock_ok': True, 'driver_supply_ok': True, 'driver_temperature_ok': True, 'lt_sensor_ok': True, 'ct_sensor_ok': True, 'lc_on': False, 'lc_error': False}",result,Kommunikations-Test fuer SR830 und OSTECH,,,
2026-09-15,10:21:36,594,KOM_Test,SR830,T,FREQ,1000,result,Kommunikations-Test fuer SR830 und OSTECH,,,
2026-09-15,10:21:36,602,KOM_Test,OSTECH,T,GVN,8661,result,Kommunikations-Test fuer SR830 und OSTECH,,,
2026-09-15,10:21:36,622,KOM_Test,OSTECH,T,LTM,25.0,result,Kommunikations-Test fuer SR830 und OSTECH,,,
2026-09-15,10:21:36,651,KOM_Test,OSTECH,T,LCA,0.0,result,Kommunikations-Test fuer SR830 und OSTECH,,,
2026-09-15,10:21:36,663,KOM_Test,OSTECH,T,LVA,0.0,result,Kommunikations-Test fuer SR830 und OSTECH,,,
2026-09-15,10:21:36,680,KOM_Test,OSTECH,T,XTA,21.006454467773438,result,Kommunikations-Test fuer SR830 und OSTECH,,,
2026-09-15,10:21:36,695,KOM_Test,OSTECH,T,GT,27.82611656188965,result,Kommunikations-Test fuer SR830 und OSTECH,,,
2026-09-15,10:21:36,704,KOM_Test,SR830,T,"SNAP 1,2,3,4,10,11","0,-6.10356e-005,0,-90,0,-6.10356e-005",result,Kommunikations-Test fuer SR830 und OSTECH,,,
2026-09-15,10:21:36,708,KOM_Test,OSTECH,T,GS,"{'status_word': 3085, 'interlock_ok': True, 'driver_supply_ok': True, 'driver_temperature_ok': True, 'lt_sensor_ok': True, 'ct_sensor_ok': True, 'lc_on': False, 'lc_error': False}",result,Kommunikations-Test fuer SR830 und OSTECH,,,
2026-09-15,10:21:36,722,KOM_Test,OSTECH,T,GVN,8661,result,Kommunikations-Test fuer SR830 und OSTECH,,,
2026-09-15,10:21:36,737,KOM_Test,OSTECH,T,LTM,25.0,result,Kommunikations-Test fuer SR830 und OSTECH,,,
2026-09-15,10:21:36,755,KOM_Test,OSTECH,T,LCA,0.0,result,Kommunikations-Test fuer SR830 und OSTECH,,,
2026-09-15,10:21:36,772,KOM_Test,OSTECH,T,LVA,0.0,result,Kommunikations-Test fuer SR830 und OSTECH,,,
2026-09-15,10:21:36,782,KOM_Test,OSTECH,T,XTA,21.006454467773438,result,Kommunikations-Test fuer SR830 und OSTECH,,,
2026-09-15,10:21:36,805,KOM_Test,OSTECH,T,GT,27.82611656188965,result,Kommunikations-Test fuer SR830 und OSTECH,,,
2026-09-15,10:21:36,822,KOM_Test,OSTECH,T,GS,"{'status_word': 3085, 'interlock_ok': True, 'driver_supply_ok': True, 'driver_temperature_ok': True, 'lt_sensor_ok': True, 'ct_sensor_ok': True, 'lc_on': False, 'lc_error': False}",result,Kommunikations-Test fuer SR830 und OSTECH,,,
2026-09-15,10:21:36,829,KOM_Test,SR830,T,"SNAP 5,6,7,8,9","-0.000333333,0.00466667,0.00233333,-0.001,1000",result,Kommunikations-Test fuer SR830 und OSTECH,,,
2026-09-15,10:21:36,838,KOM_Test,OSTECH,T,GVN,8661,result,Kommunikations-Test fuer SR830 und OSTECH,,,
2026-09-15,10:21:36,851,KOM_Test,SR830,T,PHAS,0,result,Kommunikations-Test fuer SR830 und OSTECH,,,
2026-09-15,10:21:36,852,KOM_Test,OSTECH,T,LTM,25.0,result,Kommunikations-Test fuer SR830 und OSTECH,,,
2026-09-15,10:21:36,872,KOM_Test,OSTECH,T,LCA,0.0,result,Kommunikations-Test fuer SR830 und OSTECH,,,
2026-09-15,10:21:36,879,KOM_Test,SR830,T,FREQ,1000,result,Kommunikations-Test fuer SR830 und OSTECH,,,
2026-09-15,10:21:36,888,KOM_Test,OSTECH,T,LVA,0.0,result,Kommunikations-Test fuer SR830 und OSTECH,,,
2026-09-15,10:21:36,906,KOM_Test,OSTECH,T,XTA,21.006454467773438,result,Kommunikations-Test fuer SR830 und OSTECH,,,
2026-09-15,10:21:36,914,KOM_Test,OSTECH,T,GT,27.82611656188965,result,Kommunikations-Test fuer SR830 und OSTECH,,,
2026-09-15,10:21:36,936,KOM_Test,OSTECH,T,GS,"{'status_word': 3085, 'interlock_ok': True, 'driver_supply_ok': True, 'driver_temperature_ok': True, 'lt_sensor_ok': True, 'ct_sensor_ok': True, 'lc_on': False, 'lc_error': False}",result,Kommunikations-Test fuer SR830 und OSTECH,,,
2026-09-15,10:21:36,955,KOM_Test,OSTECH,T,GVN,8661,result,Kommunikations-Test fuer SR830 und OSTECH,,,
2026-09-15,10:21:36,968,KOM_Test,SR830,T,"SNAP 1,2,3,4,10,11","0,0,0,0,0,0",result,Kommunikations-Test fuer SR830 und OSTECH,,,
2026-09-15,10:21:36,973,KOM_Test,OSTECH,T,LTM,25.0,result,Kommunikations-Test fuer SR830 und OSTECH,,,
2026-09-15,10:21:36,982,KOM_Test,OSTECH,T,LCA,0.0,result,Kommunikations-Test fuer SR830 und OSTECH,,,
2026-09-15,10:21:37,006,KOM_Test,OSTECH,T,LVA,0.0,result,Kommunikations-Test fuer SR830 und OSTECH,,,
2026-09-15,10:21:37,022,KOM_Test,OSTECH,T,XTA,21.006454467773438,result,Kommunikations-Test fuer SR830 und OSTECH,,,
2026-09-15,10:21:37,033,KOM_Test,OSTECH,T,GT,27.82611656188965,result,Kommunikations-Test fuer SR830 und OSTECH,,,
2026-09-15,10:21:37,052,KOM_Test,OSTECH,T,GS,"{'status_word': 3085, 'interlock_ok': True, 'driver_supply_ok': True, 'driver_temperature_ok': True, 'lt_sensor_ok': True, 'ct_sensor_ok': True, 'lc_on': False, 'lc_error': False}",result,Kommunikations-Test fuer SR830 und OSTECH,,,
2026-09-15,10:21:37,072,KOM_Test,OSTECH,T,GVN,8661,result,Kommunikations-Test fuer SR830 und OSTECH,,,
2026-09-15,10:21:37,086,KOM_Test,SR830,T,"SNAP 5,6,7,8,9","-0.002,0.00633333,0.00233333,0.00266667,1000",result,Kommunikations-Test fuer SR830 und OSTECH,,,
2026-09-15,10:21:37,092,KOM_Test,OSTECH,T,LTM,25.0,result,Kommunikations-Test fuer SR830 und OSTECH,,,
2026-09-15,10:21:37,107,KOM_Test,OSTECH,T,LCA,0.0,result,Kommunikations-Test fuer SR830 und OSTECH,,,
2026-09-15,10:21:37,107,KOM_Test,SR830,T,PHAS,0,result,Kommunikations-Test fuer SR830 und OSTECH,,,
2026-09-15,10:21:37,122,KOM_Test,OSTECH,T,LVA,0.0,result,Kommunikations-Test fuer SR830 und OSTECH,,,
2026-09-15,10:21:37,129,KOM_Test,SR830,T,FREQ,1000,result,Kommunikations-Test fuer SR830 und OSTECH,,,
2026-09-15,10:21:37,143,KOM_Test,OSTECH,T,XTA,21.006454467773438,result,Kommunikations-Test fuer SR830 und OSTECH,,,
2026-09-15,10:21:37,152,KOM_Test,OSTECH,T,GT,27.82611656188965,result,Kommunikations-Test fuer SR830 und OSTECH,,,
2026-09-15,10:21:37,162,KOM_Test,OSTECH,T,GS,"{'status_word': 3085, 'interlock_ok': True, 'driver_supply_ok': True, 'driver_temperature_ok': True, 'lt_sensor_ok': True, 'ct_sensor_ok': True, 'lc_on': False, 'lc_error': False}",result,Kommunikations-Test fuer SR830 und OSTECH,,,
2026-09-15,10:21:37,196,KOM_Test,OSTECH,T,GVN,8661,result,Kommunikations-Test fuer SR830 und OSTECH,,,
2026-09-15,10:21:37,223,KOM_Test,OSTECH,T,LTM,25.0,result,Kommunikations-Test fuer SR830 und OSTECH,,,
2026-09-15,10:21:37,242,KOM_Test,OSTECH,T,LCA,0.0,result,Kommunikations-Test fuer SR830 und OSTECH,,,
2026-09-15,10:21:37,245,KOM_Test,SR830,T,"SNAP 1,2,3,4,10,11","0,6.10356e-005,6.10356e-005,90,0,6.10356e-005",result,Kommunikations-Test fuer SR830 und OSTECH,,,
2026-09-15,10:21:37,257,KOM_Test,OSTECH,T,LVA,0.0,result,Kommunikations-Test fuer SR830 und OSTECH,,,
2026-09-15,10:21:37,272,KOM_Test,OSTECH,T,XTA,21.006668090820312,result,Kommunikations-Test fuer SR830 und OSTECH,,,
2026-09-15,10:21:37,283,KOM_Test,OSTECH,T,GT,27.82611656188965,result,Kommunikations-Test fuer SR830 und OSTECH,,,
2026-09-15,10:21:37,299,KOM_Test,OSTECH,T,GS,"{'status_word': 3085, 'interlock_ok': True, 'driver_supply_ok': True, 'driver_temperature_ok': True, 'lt_sensor_ok': True, 'ct_sensor_ok': True, 'lc_on': False, 'lc_error': False}",result,Kommunikations-Test fuer SR830 und OSTECH,,,
2026-09-15,10:21:37,309,KOM_Test,OSTECH,T,GVN,8661,result,Kommunikations-Test fuer SR830 und OSTECH,,,
2026-09-15,10:21:37,328,KOM_Test,OSTECH,T,LTM,25.0,result,Kommunikations-Test fuer SR830 und OSTECH,,,
2026-09-15,10:21:37,353,KOM_Test,OSTECH,T,LCA,0.0,result,Kommunikations-Test fuer SR830 und OSTECH,,,
2026-09-15,10:21:37,362,KOM_Test,SR830,T,"SNAP 5,6,7,8,9","-0.00333333,0.00466667,0.001,0.000666667,1000",result,Kommunikations-Test fuer SR830 und OSTECH,,,
2026-09-15,10:21:37,379,KOM_Test,OSTECH,T,LVA,0.0,result,Kommunikations-Test fuer SR830 und OSTECH,,,
2026-09-15,10:21:37,391,KOM_Test,SR830,T,PHAS,0,result,Kommunikations-Test fuer SR830 und OSTECH,,,
2026-09-15,10:21:37,402,KOM_Test,OSTECH,T,XTA,21.006668090820312,result,Kommunikations-Test fuer SR830 und OSTECH,,,
2026-09-15,10:21:37,417,KOM_Test,OSTECH,T,GT,27.82611656188965,result,Kommunikations-Test fuer SR830 und OSTECH,,,
2026-09-15,10:21:37,423,KOM_Test,SR830,T,FREQ,1000,result,Kommunikations-Test fuer SR830 und OSTECH,,,
2026-09-15,10:21:37,432,KOM_Test,OSTECH,T,GS,"{'status_word': 3085, 'interlock_ok': True, 'driver_supply_ok': True, 'driver_temperature_ok': True, 'lt_sensor_ok': True, 'ct_sensor_ok': True, 'lc_on': False, 'lc_error': False}",result,Kommunikations-Test fuer SR830 und OSTECH,,,
2026-09-15,10:21:37,453,KOM_Test,OSTECH,T,GVN,8661,result,Kommunikations-Test fuer SR830 und OSTECH,,,
2026-09-15,10:21:37,472,KOM_Test,OSTECH,T,LTM,25.0,result,Kommunikations-Test fuer SR830 und OSTECH,,,
2026-09-15,10:21:37,482,KOM_Test,OSTECH,T,LCA,0.0,result,Kommunikations-Test fuer SR830 und OSTECH,,,
2026-09-15,10:21:37,503,KOM_Test,OSTECH,T,LVA,0.0,result,Kommunikations-Test fuer SR830 und OSTECH,,,
2026-09-15,10:21:37,523,KOM_Test,OSTECH,T,XTA,21.006668090820312,result,Kommunikations-Test fuer SR830 und OSTECH,,,
2026-09-15,10:21:37,533,KOM_Test,OSTECH,T,GT,27.82611656188965,result,Kommunikations-Test fuer SR830 und OSTECH,,,
2026-09-15,10:21:37,546,KOM_Test,SR830,T,"SNAP 1,2,3,4,10,11","0,6.10356e-005,6.10356e-005,90,0,6.10356e-005",result,Kommunikations-Test fuer SR830 und OSTECH,,,
2026-09-15,10:21:37,554,KOM_Test,OSTECH,T,GS,"{'status_word': 3085, 'interlock_ok': True, 'driver_supply_ok': True, 'driver_temperature_ok': True, 'lt_sensor_ok': True, 'ct_sensor_ok': True, 'lc_on': False, 'lc_error': False}",result,Kommunikations-Test fuer SR830 und OSTECH,,,
2026-09-15,10:21:37,583,KOM_Test,OSTECH,T,GVN,8661,result,Kommunikations-Test fuer SR830 und OSTECH,,,
2026-09-15,10:21:37,602,KOM_Test,OSTECH,T,LTM,25.0,result,Kommunikations-Test fuer SR830 und OSTECH,,,
2026-09-15,10:21:37,622,KOM_Test,OSTECH,T,LCA,0.0,result,Kommunikations-Test fuer SR830 und OSTECH,,,
2026-09-15,10:21:37,632,KOM_Test,OSTECH,T,LVA,0.0,result,Kommunikations-Test fuer SR830 und OSTECH,,,
2026-09-15,10:21:37,656,KOM_Test,OSTECH,T,XTA,21.006668090820312,result,Kommunikations-Test fuer SR830 und OSTECH,,,
2026-09-15,10:21:37,662,KOM_Test,SR830,T,"SNAP 5,6,7,8,9","0.00266667,0.00666667,0.00233333,0.000666667,1000",result,Kommunikations-Test fuer SR830 und OSTECH,,,
2026-09-15,10:21:37,683,KOM_Test,OSTECH,T,GT,27.82611656188965,result,Kommunikations-Test fuer SR830 und OSTECH,,,
2026-09-15,10:21:37,686,KOM_Test,SR830,T,PHAS,0,result,Kommunikations-Test fuer SR830 und OSTECH,,,
2026-09-15,10:21:37,701,KOM_Test,OSTECH,T,GS,"{'status_word': 3085, 'interlock_ok': True, 'driver_supply_ok': True, 'driver_temperature_ok': True, 'lt_sensor_ok': True, 'ct_sensor_ok': True, 'lc_on': False, 'lc_error': False}",result,Kommunikations-Test fuer SR830 und OSTECH,,,
2026-09-15,10:21:37,707,KOM_Test,SR830,T,FREQ,1000,result,Kommunikations-Test fuer SR830 und OSTECH,,,
2026-09-15,10:21:37,713,KOM_Test,OSTECH,T,GVN,8661,result,Kommunikations-Test fuer SR830 und OSTECH,,,
2026-09-15,10:21:37,730,KOM_Test,OSTECH,T,LTM,25.0,result,Kommunikations-Test fuer SR830 und OSTECH,,,
2026-09-15,10:21:37,757,KOM_Test,OSTECH,T,LCA,0.0,result,Kommunikations-Test fuer SR830 und OSTECH,,,
2026-09-15,10:21:37,771,KOM_Test,OSTECH,T,LVA,0.0,result,Kommunikations-Test fuer SR830 und OSTECH,,,
2026-09-15,10:21:37,782,KOM_Test,OSTECH,T,XTA,21.003402709960938,result,Kommunikations-Test fuer SR830 und OSTECH,,,
2026-09-15,10:21:37,802,KOM_Test,OSTECH,T,GT,27.82611656188965,result,Kommunikations-Test fuer SR830 und OSTECH,,,
2026-09-15,10:21:37,822,KOM_Test,OSTECH,T,GS,"{'status_word': 3085, 'interlock_ok': True, 'driver_supply_ok': True, 'driver_temperature_ok': True, 'lt_sensor_ok': True, 'ct_sensor_ok': True, 'lc_on': False, 'lc_error': False}",result,Kommunikations-Test fuer SR830 und OSTECH,,,
2026-09-15,10:21:37,837,KOM_Test,SR830,T,"SNAP 1,2,3,4,10,11","0,6.10356e-005,6.10356e-005,90,0,6.10356e-005",result,Kommunikations-Test fuer SR830 und OSTECH,,,
2026-09-15,10:21:37,839,KOM_Test,OSTECH,T,GVN,8661,result,Kommunikations-Test fuer SR830 und OSTECH,,,
2026-09-15,10:21:37,867,KOM_Test,OSTECH,T,LTM,25.0,result,Kommunikations-Test fuer SR830 und OSTECH,,,
2026-09-15,10:21:37,884,KOM_Test,OSTECH,T,LCA,0.0,result,Kommunikations-Test fuer SR830 und OSTECH,,,
2026-09-15,10:21:37,898,KOM_Test,OSTECH,T,LVA,0.0,result,Kommunikations-Test fuer SR830 und OSTECH,,,
2026-09-15,10:21:37,914,KOM_Test,OSTECH,T,XTA,21.003402709960938,result,Kommunikations-Test fuer SR830 und OSTECH,,,
2026-09-15,10:21:37,933,KOM_Test,OSTECH,T,GT,27.82611656188965,result,Kommunikations-Test fuer SR830 und OSTECH,,,
2026-09-15,10:21:37,953,KOM_Test,OSTECH,T,GS,"{'status_word': 3085, 'interlock_ok': True, 'driver_supply_ok': True, 'driver_temperature_ok': True, 'lt_sensor_ok': True, 'ct_sensor_ok': True, 'lc_on': False, 'lc_error': False}",result,Kommunikations-Test fuer SR830 und OSTECH,,,
2026-09-15,10:21:37,964,KOM_Test,SR830,T,"SNAP 5,6,7,8,9","-0.000666667,0.00666667,-0.000333333,-0.000666667,1000",result,Kommunikations-Test fuer SR830 und OSTECH,,,
2026-09-15,10:21:37,972,KOM_Test,OSTECH,T,GVN,8661,result,Kommunikations-Test fuer SR830 und OSTECH,,,
2026-09-15,10:21:37,980,KOM_Test,SR830,T,PHAS,0,result,Kommunikations-Test fuer SR830 und OSTECH,,,
2026-09-15,10:21:37,996,KOM_Test,OSTECH,T,LTM,25.0,result,Kommunikations-Test fuer SR830 und OSTECH,,,
2026-09-15,10:21:38,001,KOM_Test,SR830,T,FREQ,1000,result,Kommunikations-Test fuer SR830 und OSTECH,,,
2026-09-15,10:21:38,009,KOM_Test,OSTECH,T,LCA,0.0,result,Kommunikations-Test fuer SR830 und OSTECH,,,
2026-09-15,10:21:38,026,KOM_Test,OSTECH,T,LVA,0.0,result,Kommunikations-Test fuer SR830 und OSTECH,,,
2026-09-15,10:21:38,044,KOM_Test,OSTECH,T,XTA,21.003402709960938,result,Kommunikations-Test fuer SR830 und OSTECH,,,
2026-09-15,10:21:38,057,KOM_Test,OSTECH,T,GT,27.82611656188965,result,Kommunikations-Test fuer SR830 und OSTECH,,,
2026-09-15,10:21:38,081,KOM_Test,OSTECH,T,GS,"{'status_word': 3085, 'interlock_ok': True, 'driver_supply_ok': True, 'driver_temperature_ok': True, 'lt_sensor_ok': True, 'ct_sensor_ok': True, 'lc_on': False, 'lc_error': False}",result,Kommunikations-Test fuer SR830 und OSTECH,,,
2026-09-15,10:21:38,098,KOM_Test,OSTECH,T,GVN,8661,result,Kommunikations-Test fuer SR830 und OSTECH,,,
2026-09-15,10:21:38,119,KOM_Test,OSTECH,T,LTM,25.0,result,Kommunikations-Test fuer SR830 und OSTECH,,,
2026-09-15,10:21:38,141,KOM_Test,OSTECH,T,LCA,0.0,result,Kommunikations-Test fuer SR830 und OSTECH,,,
2026-09-15,10:21:38,152,KOM_Test,OSTECH,T,LVA,0.0,result,Kommunikations-Test fuer SR830 und OSTECH,,,
2026-09-15,10:21:38,173,KOM_Test,SR830,T,"SNAP 1,2,3,4,10,11","6.10356e-005,-6.10356e-005,6.10356e-005,-26.562,6.10356e-005,-6.10356e-005",result,Kommunikations-Test fuer SR830 und OSTECH,,,
2026-09-15,10:21:38,175,KOM_Test,OSTECH,T,XTA,21.003402709960938,result,Kommunikations-Test fuer SR830 und OSTECH,,,
2026-09-15,10:21:38,187,KOM_Test,OSTECH,T,GT,27.82611656188965,result,Kommunikations-Test fuer SR830 und OSTECH,,,
2026-09-15,10:21:38,211,KOM_Test,OSTECH,T,GS,"{'status_word': 3085, 'interlock_ok': True, 'driver_supply_ok': True, 'driver_temperature_ok': True, 'lt_sensor_ok': True, 'ct_sensor_ok': True, 'lc_on': False, 'lc_error': False}",result,Kommunikations-Test fuer SR830 und OSTECH,,,
2026-09-15,10:21:38,232,KOM_Test,OSTECH,T,GVN,8661,result,Kommunikations-Test fuer SR830 und OSTECH,,,
2026-09-15,10:21:38,257,KOM_Test,OSTECH,T,LTM,25.0,result,Kommunikations-Test fuer SR830 und OSTECH,,,
2026-09-15,10:21:38,274,KOM_Test,OSTECH,T,LCA,0.0,result,Kommunikations-Test fuer SR830 und OSTECH,,,
2026-09-15,10:21:38,283,KOM_Test,SR830,T,"SNAP 5,6,7,8,9","-0.002,0.005,0.000666667,-0.002,1000",result,Kommunikations-Test fuer SR830 und OSTECH,,,
2026-09-15,10:21:38,290,KOM_Test,OSTECH,T,LVA,0.0,result,Kommunikations-Test fuer SR830 und OSTECH,,,
2026-09-15,10:21:38,306,KOM_Test,SR830,T,PHAS,0,result,Kommunikations-Test fuer SR830 und OSTECH,,,
2026-09-15,10:21:38,317,KOM_Test,OSTECH,T,XTA,21.004417419433594,result,Kommunikations-Test fuer SR830 und OSTECH,,,
2026-09-15,10:21:38,329,KOM_Test,SR830,T,FREQ,1000,result,Kommunikations-Test fuer SR830 und OSTECH,,,
2026-09-15,10:21:38,338,KOM_Test,OSTECH,T,GT,27.82611656188965,result,Kommunikations-Test fuer SR830 und OSTECH,,,
2026-09-15,10:21:38,362,KOM_Test,OSTECH,T,GS,"{'status_word': 3085, 'interlock_ok': True, 'driver_supply_ok': True, 'driver_temperature_ok': True, 'lt_sensor_ok': True, 'ct_sensor_ok': True, 'lc_on': False, 'lc_error': False}",result,Kommunikations-Test fuer SR830 und OSTECH,,,
2026-09-15,10:21:38,379,KOM_Test,OSTECH,T,GVN,8661,result,Kommunikations-Test fuer SR830 und OSTECH,,,
2026-09-15,10:21:38,401,KOM_Test,OSTECH,T,LTM,25.0,result,Kommunikations-Test fuer SR830 und OSTECH,,,
2026-09-15,10:21:38,418,KOM_Test,OSTECH,T,LCA,0.0,result,Kommunikations-Test fuer SR830 und OSTECH,,,
2026-09-15,10:21:38,419,KOM_Test,SR830,T,"SNAP 1,2,3,4,10,11","0,0,0,45,0,0",result,Kommunikations-Test fuer SR830 und OSTECH,,,
2026-09-15,10:21:38,434,KOM_Test,OSTECH,T,LVA,0.0,result,Kommunikations-Test fuer SR830 und OSTECH,,,
2026-09-15,10:21:38,455,KOM_Test,OSTECH,T,XTA,21.004417419433594,result,Kommunikations-Test fuer SR830 und OSTECH,,,
2026-09-15,10:21:38,497,KOM_Test,OSTECH,T,GT,27.829198837280273,result,Kommunikations-Test fuer SR830 und OSTECH,,,
2026-09-15,10:21:38,509,KOM_Test,OSTECH,T,GS,"{'status_word': 3085, 'interlock_ok': True, 'driver_supply_ok': True, 'driver_temperature_ok': True, 'lt_sensor_ok': True, 'ct_sensor_ok': True, 'lc_on': False, 'lc_error': False}",result,Kommunikations-Test fuer SR830 und OSTECH,,,
2026-09-15,10:21:38,533,KOM_Test,OSTECH,T,GVN,8661,result,Kommunikations-Test fuer SR830 und OSTECH,,,
2026-09-15,10:21:38,533,KOM_Test,SR830,T,"SNAP 5,6,7,8,9","-0.002,0.00466667,0.00233333,-0.001,1000",result,Kommunikations-Test fuer SR830 und OSTECH,,,
2026-09-15,10:21:38,551,KOM_Test,OSTECH,T,LTM,25.0,result,Kommunikations-Test fuer SR830 und OSTECH,,,
2026-09-15,10:21:38,553,KOM_Test,SR830,T,PHAS,0,result,Kommunikations-Test fuer SR830 und OSTECH,,,
2026-09-15,10:21:38,567,KOM_Test,OSTECH,T,LCA,0.0,result,Kommunikations-Test fuer SR830 und OSTECH,,,
2026-09-15,10:21:38,573,KOM_Test,SR830,T,FREQ,1000,result,Kommunikations-Test fuer SR830 und OSTECH,,,
2026-09-15,10:21:38,582,KOM_Test,OSTECH,T,LVA,0.0,result,Kommunikations-Test fuer SR830 und OSTECH,,,
2026-09-15,10:21:38,603,KOM_Test,OSTECH,T,XTA,21.004417419433594,result,Kommunikations-Test fuer SR830 und OSTECH,,,
2026-09-15,10:21:38,616,KOM_Test,OSTECH,T,GT,27.829198837280273,result,Kommunikations-Test fuer SR830 und OSTECH,,,
2026-09-15,10:21:38,632,KOM_Test,OSTECH,T,GS,"{'status_word': 3085, 'interlock_ok': True, 'driver_supply_ok': True, 'driver_temperature_ok': True, 'lt_sensor_ok': True, 'ct_sensor_ok': True, 'lc_on': False, 'lc_error': False}",result,Kommunikations-Test fuer SR830 und OSTECH,,,
2026-09-15,10:21:38,653,KOM_Test,OSTECH,T,GVN,8661,result,Kommunikations-Test fuer SR830 und OSTECH,,,
2026-09-15,10:21:38,680,KOM_Test,OSTECH,T,LTM,25.0,result,Kommunikations-Test fuer SR830 und OSTECH,,,
2026-09-15,10:21:38,702,KOM_Test,OSTECH,T,LCA,0.0,result,Kommunikations-Test fuer SR830 und OSTECH,,,
2026-09-15,10:21:38,718,KOM_Test,OSTECH,T,LVA,0.0,result,Kommunikations-Test fuer SR830 und OSTECH,,,
2026-09-15,10:21:38,733,KOM_Test,OSTECH,T,XTA,21.004417419433594,result,Kommunikations-Test fuer SR830 und OSTECH,,,
2026-09-15,10:21:38,739,KOM_Test,SR830,T,"SNAP 1,2,3,4,10,11","6.10356e-005,-6.10356e-005,6.10356e-005,-26.562,6.10356e-005,-6.10356e-005",result,Kommunikations-Test fuer SR830 und OSTECH,,,
2026-09-15,10:21:38,749,KOM_Test,OSTECH,T,GT,27.829198837280273,result,Kommunikations-Test fuer SR830 und OSTECH,,,
2026-09-15,10:21:38,764,KOM_Test,OSTECH,T,GS,"{'status_word': 3085, 'interlock_ok': True, 'driver_supply_ok': True, 'driver_temperature_ok': True, 'lt_sensor_ok': True, 'ct_sensor_ok': True, 'lc_on': False, 'lc_error': False}",result,Kommunikations-Test fuer SR830 und OSTECH,,,
2026-09-15,10:21:38,778,KOM_Test,OSTECH,T,GVN,8661,result,Kommunikations-Test fuer SR830 und OSTECH,,,
2026-09-15,10:21:38,792,KOM_Test,OSTECH,T,LTM,25.0,result,Kommunikations-Test fuer SR830 und OSTECH,,,
2026-09-15,10:21:38,802,KOM_Test,OSTECH,T,LCA,0.0,result,Kommunikations-Test fuer SR830 und OSTECH,,,
2026-09-15,10:21:38,822,KOM_Test,OSTECH,T,LVA,0.0,result,Kommunikations-Test fuer SR830 und OSTECH,,,
2026-09-15,10:21:38,852,KOM_Test,SR830,T,"SNAP 5,6,7,8,9","-0.002,0.002,0.001,-0.000666667,1000",result,Kommunikations-Test fuer SR830 und OSTECH,,,
2026-09-15,10:21:38,862,KOM_Test,OSTECH,T,XTA,21.004417419433594,result,Kommunikations-Test fuer SR830 und OSTECH,,,
2026-09-15,10:21:38,872,KOM_Test,SR830,T,PHAS,0,result,Kommunikations-Test fuer SR830 und OSTECH,,,
2026-09-15,10:21:38,872,KOM_Test,OSTECH,T,GT,27.829198837280273,result,Kommunikations-Test fuer SR830 und OSTECH,,,
2026-09-15,10:21:38,882,KOM_Test,OSTECH,T,GS,"{'status_word': 3085, 'interlock_ok': True, 'driver_supply_ok': True, 'driver_temperature_ok': True, 'lt_sensor_ok': True, 'ct_sensor_ok': True, 'lc_on': False, 'lc_error': False}",result,Kommunikations-Test fuer SR830 und OSTECH,,,
2026-09-15,10:21:38,896,KOM_Test,SR830,T,FREQ,1000,result,Kommunikations-Test fuer SR830 und OSTECH,,,
2026-09-15,10:21:38,904,KOM_Test,OSTECH,T,GVN,8661,result,Kommunikations-Test fuer SR830 und OSTECH,,,
2026-09-15,10:21:38,922,KOM_Test,OSTECH,T,LTM,25.0,result,Kommunikations-Test fuer SR830 und OSTECH,,,
2026-09-15,10:21:38,939,KOM_Test,OSTECH,T,LCA,0.0,result,Kommunikations-Test fuer SR830 und OSTECH,,,
2026-09-15,10:21:38,952,KOM_Test,OSTECH,T,LVA,0.0,result,Kommunikations-Test fuer SR830 und OSTECH,,,
2026-09-15,10:21:38,974,KOM_Test,OSTECH,T,XTA,21.004417419433594,result,Kommunikations-Test fuer SR830 und OSTECH,,,
2026-09-15,10:21:38,987,KOM_Test,OSTECH,T,GT,27.829198837280273,result,Kommunikations-Test fuer SR830 und OSTECH,,,
2026-09-15,10:21:38,988,KOM_Test,SR830,T,"SNAP 1,2,3,4,10,11","0,0,0,90,0,0",result,Kommunikations-Test fuer SR830 und OSTECH,,,
2026-09-15,10:21:39,002,KOM_Test,OSTECH,T,GS,"{'status_word': 3085, 'interlock_ok': True, 'driver_supply_ok': True, 'driver_temperature_ok': True, 'lt_sensor_ok': True, 'ct_sensor_ok': True, 'lc_on': False, 'lc_error': False}",result,Kommunikations-Test fuer SR830 und OSTECH,,,
2026-09-15,10:21:39,022,KOM_Test,OSTECH,T,GVN,8661,result,Kommunikations-Test fuer SR830 und OSTECH,,,
2026-09-15,10:21:39,042,KOM_Test,OSTECH,T,LTM,25.0,result,Kommunikations-Test fuer SR830 und OSTECH,,,
2026-09-15,10:21:39,057,KOM_Test,OSTECH,T,LCA,0.0,result,Kommunikations-Test fuer SR830 und OSTECH,,,
2026-09-15,10:21:39,075,KOM_Test,OSTECH,T,LVA,0.0,result,Kommunikations-Test fuer SR830 und OSTECH,,,
2026-09-15,10:21:39,092,KOM_Test,OSTECH,T,XTA,21.004417419433594,result,Kommunikations-Test fuer SR830 und OSTECH,,,
2026-09-15,10:21:39,106,KOM_Test,OSTECH,T,GT,27.829198837280273,result,Kommunikations-Test fuer SR830 und OSTECH,,,
2026-09-15,10:21:39,110,KOM_Test,SR830,T,"SNAP 5,6,7,8,9","-0.000333333,0.00466667,0.001,0.000666667,1000",result,Kommunikations-Test fuer SR830 und OSTECH,,,
2026-09-15,10:21:39,116,KOM_Test,OSTECH,T,GS,"{'status_word': 3085, 'interlock_ok': True, 'driver_supply_ok': True, 'driver_temperature_ok': True, 'lt_sensor_ok': True, 'ct_sensor_ok': True, 'lc_on': False, 'lc_error': False}",result,Kommunikations-Test fuer SR830 und OSTECH,,,
2026-09-15,10:21:39,132,KOM_Test,OSTECH,T,GVN,8661,result,Kommunikations-Test fuer SR830 und OSTECH,,,
2026-09-15,10:21:39,135,KOM_Test,SR830,T,PHAS,0,result,Kommunikations-Test fuer SR830 und OSTECH,,,
2026-09-15,10:21:39,158,KOM_Test,OSTECH,T,LTM,25.0,result,Kommunikations-Test fuer SR830 und OSTECH,,,
2026-09-15,10:21:39,165,KOM_Test,SR830,T,FREQ,1000,result,Kommunikations-Test fuer SR830 und OSTECH,,,
2026-09-15,10:21:39,177,KOM_Test,OSTECH,T,LCA,0.0,result,Kommunikations-Test fuer SR830 und OSTECH,,,
2026-09-15,10:21:39,192,KOM_Test,OSTECH,T,LVA,0.0,result,Kommunikations-Test fuer SR830 und OSTECH,,,
2026-09-15,10:21:39,211,KOM_Test,OSTECH,T,XTA,21.004417419433594,result,Kommunikations-Test fuer SR830 und OSTECH,,,
2026-09-15,10:21:39,228,KOM_Test,OSTECH,T,GT,27.829198837280273,result,Kommunikations-Test fuer SR830 und OSTECH,,,
2026-09-15,10:21:39,240,KOM_Test,OSTECH,T,GS,"{'status_word': 3085, 'interlock_ok': True, 'driver_supply_ok': True, 'driver_temperature_ok': True, 'lt_sensor_ok': True, 'ct_sensor_ok': True, 'lc_on': False, 'lc_error': False}",result,Kommunikations-Test fuer SR830 und OSTECH,,,
2026-09-15,10:21:39,254,KOM_Test,SR830,T,"SNAP 1,2,3,4,10,11","0,0,0,0,0,0",result,Kommunikations-Test fuer SR830 und OSTECH,,,
2026-09-15,10:21:39,266,KOM_Test,OSTECH,T,GVN,8661,result,Kommunikations-Test fuer SR830 und OSTECH,,,
2026-09-15,10:21:39,293,KOM_Test,OSTECH,T,LTM,25.0,result,Kommunikations-Test fuer SR830 und OSTECH,,,
2026-09-15,10:21:39,313,KOM_Test,OSTECH,T,LCA,0.0,result,Kommunikations-Test fuer SR830 und OSTECH,,,
2026-09-15,10:21:39,329,KOM_Test,OSTECH,T,LVA,0.0,result,Kommunikations-Test fuer SR830 und OSTECH,,,
2026-09-15,10:21:39,346,KOM_Test,OSTECH,T,XTA,21.004417419433594,result,Kommunikations-Test fuer SR830 und OSTECH,,,
2026-09-15,10:21:39,360,KOM_Test,OSTECH,T,GT,27.829198837280273,result,Kommunikations-Test fuer SR830 und OSTECH,,,
2026-09-15,10:21:39,374,KOM_Test,OSTECH,T,GS,"{'status_word': 3085, 'interlock_ok': True, 'driver_supply_ok': True, 'driver_temperature_ok': True, 'lt_sensor_ok': True, 'ct_sensor_ok': True, 'lc_on': False, 'lc_error': False}",result,Kommunikations-Test fuer SR830 und OSTECH,,,
2026-09-15,10:21:39,379,KOM_Test,SR830,T,"SNAP 5,6,7,8,9","-0.00166667,0.00666667,-0.000333333,-0.000666667,1000",result,Kommunikations-Test fuer SR830 und OSTECH,,,
2026-09-15,10:21:39,394,KOM_Test,OSTECH,T,GVN,8661,result,Kommunikations-Test fuer SR830 und OSTECH,,,
2026-09-15,10:21:39,396,KOM_Test,SR830,T,PHAS,0,result,Kommunikations-Test fuer SR830 und OSTECH,,,
2026-09-15,10:21:39,420,KOM_Test,OSTECH,T,LTM,25.0,result,Kommunikations-Test fuer SR830 und OSTECH,,,
2026-09-15,10:21:39,422,KOM_Test,SR830,T,FREQ,1000,result,Kommunikations-Test fuer SR830 und OSTECH,,,
2026-09-15,10:21:39,447,KOM_Test,OSTECH,T,LCA,0.0,result,Kommunikations-Test fuer SR830 und OSTECH,,,
2026-09-15,10:21:39,477,KOM_Test,OSTECH,T,LVA,0.0,result,Kommunikations-Test fuer SR830 und OSTECH,,,
2026-09-15,10:21:39,493,KOM_Test,OSTECH,T,XTA,21.0047607421875,result,Kommunikations-Test fuer SR830 und OSTECH,,,
2026-09-15,10:21:39,506,KOM_Test,OSTECH,T,GT,27.829198837280273,result,Kommunikations-Test fuer SR830 und OSTECH,,,
2026-09-15,10:21:39,523,KOM_Test,OSTECH,T,GS,"{'status_word': 3085, 'interlock_ok': True, 'driver_supply_ok': True, 'driver_temperature_ok': True, 'lt_sensor_ok': True, 'ct_sensor_ok': True, 'lc_on': False, 'lc_error': False}",result,Kommunikations-Test fuer SR830 und OSTECH,,,
2026-09-15,10:21:39,542,KOM_Test,SR830,T,"SNAP 1,2,3,4,10,11","0,-6.10356e-005,0,-90,0,-6.10356e-005",result,Kommunikations-Test fuer SR830 und OSTECH,,,
2026-09-15,10:21:39,543,KOM_Test,OSTECH,T,GVN,8661,result,Kommunikations-Test fuer SR830 und OSTECH,,,
2026-09-15,10:21:39,562,KOM_Test,OSTECH,T,LTM,25.0,result,Kommunikations-Test fuer SR830 und OSTECH,,,
2026-09-15,10:21:39,581,KOM_Test,OSTECH,T,LCA,0.0,result,Kommunikations-Test fuer SR830 und OSTECH,,,
2026-09-15,10:21:39,606,KOM_Test,OSTECH,T,LVA,0.0,result,Kommunikations-Test fuer SR830 und OSTECH,,,
2026-09-15,10:21:39,626,KOM_Test,OSTECH,T,XTA,21.0047607421875,result,Kommunikations-Test fuer SR830 und OSTECH,,,
2026-09-15,10:21:39,642,KOM_Test,OSTECH,T,GT,27.829198837280273,result,Kommunikations-Test fuer SR830 und OSTECH,,,
2026-09-15,10:21:39,653,KOM_Test,OSTECH,T,GS,"{'status_word': 3085, 'interlock_ok': True, 'driver_supply_ok': True, 'driver_temperature_ok': True, 'lt_sensor_ok': True, 'ct_sensor_ok': True, 'lc_on': False, 'lc_error': False}",result,Kommunikations-Test fuer SR830 und OSTECH,,,
2026-09-15,10:21:39,665,KOM_Test,SR830,T,"SNAP 5,6,7,8,9","-0.00166667,0.005,0.000666667,-0.000666667,1000",result,Kommunikations-Test fuer SR830 und OSTECH,,,
2026-09-15,10:21:39,669,KOM_Test,OSTECH,T,GVN,8661,result,Kommunikations-Test fuer SR830 und OSTECH,,,
2026-09-15,10:21:39,693,KOM_Test,SR830,T,PHAS,0,result,Kommunikations-Test fuer SR830 und OSTECH,,,
2026-09-15,10:21:39,694,KOM_Test,OSTECH,T,LTM,25.0,result,Kommunikations-Test fuer SR830 und OSTECH,,,
2026-09-15,10:21:39,709,KOM_Test,OSTECH,T,LCA,0.0,result,Kommunikations-Test fuer SR830 und OSTECH,,,
2026-09-15,10:21:39,715,KOM_Test,SR830,T,FREQ,1000,result,Kommunikations-Test fuer SR830 und OSTECH,,,
2026-09-15,10:21:39,726,KOM_Test,OSTECH,T,LVA,0.0,result,Kommunikations-Test fuer SR830 und OSTECH,,,
2026-09-15,10:21:39,744,KOM_Test,OSTECH,T,XTA,21.0047607421875,result,Kommunikations-Test fuer SR830 und OSTECH,,,
2026-09-15,10:21:39,757,KOM_Test,OSTECH,T,GT,27.829198837280273,result,Kommunikations-Test fuer SR830 und OSTECH,,,
2026-09-15,10:21:39,779,KOM_Test,OSTECH,T,GS,"{'status_word': 3085, 'interlock_ok': True, 'driver_supply_ok': True, 'driver_temperature_ok': True, 'lt_sensor_ok': True, 'ct_sensor_ok': True, 'lc_on': False, 'lc_error': False}",result,Kommunikations-Test fuer SR830 und OSTECH,,,
2026-09-15,10:21:39,791,KOM_Test,OSTECH,T,GVN,8661,result,Kommunikations-Test fuer SR830 und OSTECH,,,
2026-09-15,10:21:39,810,KOM_Test,OSTECH,T,LTM,25.0,result,Kommunikations-Test fuer SR830 und OSTECH,,,
2026-09-15,10:21:39,826,KOM_Test,OSTECH,T,LCA,0.0,result,Kommunikations-Test fuer SR830 und OSTECH,,,
2026-09-15,10:21:39,841,KOM_Test,OSTECH,T,LVA,0.0,result,Kommunikations-Test fuer SR830 und OSTECH,,,
2026-09-15,10:21:39,853,KOM_Test,SR830,T,"SNAP 1,2,3,4,10,11","0,-0.000122071,6.10356e-005,-90,0,-0.000122071",result,Kommunikations-Test fuer SR830 und OSTECH,,,
2026-09-15,10:21:39,854,KOM_Test,OSTECH,T,XTA,21.0047607421875,result,Kommunikations-Test fuer SR830 und OSTECH,,,
2026-09-15,10:21:39,873,KOM_Test,OSTECH,T,GT,27.829198837280273,result,Kommunikations-Test fuer SR830 und OSTECH,,,
2026-09-15,10:21:39,882,KOM_Test,OSTECH,T,GS,"{'status_word': 3085, 'interlock_ok': True, 'driver_supply_ok': True, 'driver_temperature_ok': True, 'lt_sensor_ok': True, 'ct_sensor_ok': True, 'lc_on': False, 'lc_error': False}",result,Kommunikations-Test fuer SR830 und OSTECH,,,
2026-09-15,10:21:39,904,KOM_Test,OSTECH,T,GVN,8661,result,Kommunikations-Test fuer SR830 und OSTECH,,,
2026-09-15,10:21:39,922,KOM_Test,OSTECH,T,LTM,25.0,result,Kommunikations-Test fuer SR830 und OSTECH,,,
2026-09-15,10:21:39,942,KOM_Test,OSTECH,T,LCA,0.0,result,Kommunikations-Test fuer SR830 und OSTECH,,,
2026-09-15,10:21:39,971,KOM_Test,OSTECH,T,LVA,0.0,result,Kommunikations-Test fuer SR830 und OSTECH,,,
2026-09-15,10:21:39,983,KOM_Test,SR830,T,"SNAP 5,6,7,8,9","-0.00166667,0.00466667,-0.00233333,-0.001,1000",result,Kommunikations-Test fuer SR830 und OSTECH,,,
2026-09-15,10:21:39,993,KOM_Test,OSTECH,T,XTA,21.003868103027344,result,Kommunikations-Test fuer SR830 und OSTECH,,,
2026-09-15,10:21:40,002,KOM_Test,OSTECH,T,GT,27.829198837280273,result,Kommunikations-Test fuer SR830 und OSTECH,,,
2026-09-15,10:21:40,010,KOM_Test,SR830,T,PHAS,0,result,Kommunikations-Test fuer SR830 und OSTECH,,,
2026-09-15,10:21:40,022,KOM_Test,OSTECH,T,GS,"{'status_word': 3085, 'interlock_ok': True, 'driver_supply_ok': True, 'driver_temperature_ok': True, 'lt_sensor_ok': True, 'ct_sensor_ok': True, 'lc_on': False, 'lc_error': False}",result,Kommunikations-Test fuer SR830 und OSTECH,,,
2026-09-15,10:21:40,033,KOM_Test,SR830,T,FREQ,1000,result,Kommunikations-Test fuer SR830 und OSTECH,,,
2026-09-15,10:21:40,037,KOM_Test,OSTECH,T,GVN,8661,result,Kommunikations-Test fuer SR830 und OSTECH,,,
2026-09-15,10:21:40,054,KOM_Test,OSTECH,T,LTM,25.0,result,Kommunikations-Test fuer SR830 und OSTECH,,,
2026-09-15,10:21:40,073,KOM_Test,OSTECH,T,LCA,0.0,result,Kommunikations-Test fuer SR830 und OSTECH,,,
2026-09-15,10:21:40,092,KOM_Test,OSTECH,T,LVA,0.0,result,Kommunikations-Test fuer SR830 und OSTECH,,,
2026-09-15,10:21:40,102,KOM_Test,OSTECH,T,XTA,21.003868103027344,result,Kommunikations-Test fuer SR830 und OSTECH,,,
2026-09-15,10:21:40,122,KOM_Test,OSTECH,T,GT,27.829198837280273,result,Kommunikations-Test fuer SR830 und OSTECH,,,
2026-09-15,10:21:40,142,KOM_Test,OSTECH,T,GS,"{'status_word': 3085, 'interlock_ok': True, 'driver_supply_ok': True, 'driver_temperature_ok': True, 'lt_sensor_ok': True, 'ct_sensor_ok': True, 'lc_on': False, 'lc_error': False}",result,Kommunikations-Test fuer SR830 und OSTECH,,,
2026-09-15,10:21:40,154,KOM_Test,OSTECH,T,GVN,8661,result,Kommunikations-Test fuer SR830 und OSTECH,,,
2026-09-15,10:21:40,182,KOM_Test,OSTECH,T,LTM,25.0,result,Kommunikations-Test fuer SR830 und OSTECH,,,
2026-09-15,10:21:40,200,KOM_Test,SR830,T,"SNAP 1,2,3,4,10,11","-0.000122071,0,6.10356e-005,153.438,-0.000122071,0",result,Kommunikations-Test fuer SR830 und OSTECH,,,
2026-09-15,10:21:40,208,KOM_Test,OSTECH,T,LCA,0.0,result,Kommunikations-Test fuer SR830 und OSTECH,,,
2026-09-15,10:21:40,210,KOM_Test,OSTECH,T,LVA,0.0,result,Kommunikations-Test fuer SR830 und OSTECH,,,
2026-09-15,10:21:40,222,KOM_Test,OSTECH,T,XTA,21.003868103027344,result,Kommunikations-Test fuer SR830 und OSTECH,,,
2026-09-15,10:21:40,242,KOM_Test,OSTECH,T,GT,27.829198837280273,result,Kommunikations-Test fuer SR830 und OSTECH,,,
2026-09-15,10:21:40,252,KOM_Test,OSTECH,T,GS,"{'status_word': 3085, 'interlock_ok': True, 'driver_supply_ok': True, 'driver_temperature_ok': True, 'lt_sensor_ok': True, 'ct_sensor_ok': True, 'lc_on': False, 'lc_error': False}",result,Kommunikations-Test fuer SR830 und OSTECH,,,
2026-09-15,10:21:40,272,KOM_Test,OSTECH,T,GVN,8661,result,Kommunikations-Test fuer SR830 und OSTECH,,,
2026-09-15,10:21:40,299,KOM_Test,OSTECH,T,LTM,25.0,result,Kommunikations-Test fuer SR830 und OSTECH,,,
2026-09-15,10:21:40,302,KOM_Test,SR830,T,"SNAP 5,6,7,8,9","-0.00166667,0.00766667,-0.000666667,0.000666667,1000",result,Kommunikations-Test fuer SR830 und OSTECH,,,
2026-09-15,10:21:40,322,KOM_Test,SR830,T,PHAS,0,result,Kommunikations-Test fuer SR830 und OSTECH,,,
2026-09-15,10:21:40,322,KOM_Test,OSTECH,T,LCA,0.0,result,Kommunikations-Test fuer SR830 und OSTECH,,,
2026-09-15,10:21:40,342,KOM_Test,OSTECH,T,LVA,0.0,result,Kommunikations-Test fuer SR830 und OSTECH,,,
2026-09-15,10:21:40,348,KOM_Test,SR830,T,FREQ,1000,result,Kommunikations-Test fuer SR830 und OSTECH,,,
2026-09-15,10:21:40,356,KOM_Test,OSTECH,T,XTA,21.003868103027344,result,Kommunikations-Test fuer SR830 und OSTECH,,,
2026-09-15,10:21:40,372,KOM_Test,OSTECH,T,GT,27.829198837280273,result,Kommunikations-Test fuer SR830 und OSTECH,,,
2026-09-15,10:21:40,388,KOM_Test,OSTECH,T,GS,"{'status_word': 3085, 'interlock_ok': True, 'driver_supply_ok': True, 'driver_temperature_ok': True, 'lt_sensor_ok': True, 'ct_sensor_ok': True, 'lc_on': False, 'lc_error': False}",result,Kommunikations-Test fuer SR830 und OSTECH,,,
2026-09-15,10:21:40,399,KOM_Test,OSTECH,T,GVN,8661,result,Kommunikations-Test fuer SR830 und OSTECH,,,
2026-09-15,10:21:40,415,KOM_Test,OSTECH,T,LTM,25.0,result,Kommunikations-Test fuer SR830 und OSTECH,,,
2026-09-15,10:21:40,438,KOM_Test,SR830,T,"SNAP 1,2,3,4,10,11","0,0,0,90,0,0",result,Kommunikations-Test fuer SR830 und OSTECH,,,
2026-09-15,10:21:40,442,KOM_Test,OSTECH,T,LCA,0.0,result,Kommunikations-Test fuer SR830 und OSTECH,,,
2026-09-15,10:21:40,454,KOM_Test,OSTECH,T,LVA,0.0,result,Kommunikations-Test fuer SR830 und OSTECH,,,
2026-09-15,10:21:40,472,KOM_Test,OSTECH,T,XTA,21.003868103027344,result,Kommunikations-Test fuer SR830 und OSTECH,,,
2026-09-15,10:21:40,489,KOM_Test,OSTECH,T,GT,27.829198837280273,result,Kommunikations-Test fuer SR830 und OSTECH,,,
2026-09-15,10:21:40,502,KOM_Test,OSTECH,T,GS,"{'status_word': 3085, 'interlock_ok': True, 'driver_supply_ok': True, 'driver_temperature_ok': True, 'lt_sensor_ok': True, 'ct_sensor_ok': True, 'lc_on': False, 'lc_error': False}",result,Kommunikations-Test fuer SR830 und OSTECH,,,
2026-09-15,10:21:40,522,KOM_Test,OSTECH,T,GVN,8661,result,Kommunikations-Test fuer SR830 und OSTECH,,,
2026-09-15,10:21:40,542,KOM_Test,OSTECH,T,LTM,25.0,result,Kommunikations-Test fuer SR830 und OSTECH,,,
2026-09-15,10:21:40,549,KOM_Test,SR830,T,"SNAP 5,6,7,8,9","0.001,0.005,0.000666667,-0.002,1000",result,Kommunikations-Test fuer SR830 und OSTECH,,,
2026-09-15,10:21:40,557,KOM_Test,OSTECH,T,LCA,0.0,result,Kommunikations-Test fuer SR830 und OSTECH,,,
2026-09-15,10:21:40,573,KOM_Test,OSTECH,T,LVA,0.0,result,Kommunikations-Test fuer SR830 und OSTECH,,,
2026-09-15,10:21:40,573,KOM_Test,SR830,T,PHAS,0,result,Kommunikations-Test fuer SR830 und OSTECH,,,
2026-09-15,10:21:40,592,KOM_Test,OSTECH,T,XTA,21.003868103027344,result,Kommunikations-Test fuer SR830 und OSTECH,,,
2026-09-15,10:21:40,599,KOM_Test,SR830,T,FREQ,1000,result,Kommunikations-Test fuer SR830 und OSTECH,,,
2026-09-15,10:21:40,604,KOM_Test,OSTECH,T,GT,27.829198837280273,result,Kommunikations-Test fuer SR830 und OSTECH,,,
2026-09-15,10:21:40,622,KOM_Test,OSTECH,T,GS,"{'status_word': 3085, 'interlock_ok': True, 'driver_supply_ok': True, 'driver_temperature_ok': True, 'lt_sensor_ok': True, 'ct_sensor_ok': True, 'lc_on': False, 'lc_error': False}",result,Kommunikations-Test fuer SR830 und OSTECH,,,
2026-09-15,10:21:40,637,KOM_Test,OSTECH,T,GVN,8661,result,Kommunikations-Test fuer SR830 und OSTECH,,,
2026-09-15,10:21:40,654,KOM_Test,OSTECH,T,LTM,25.0,result,Kommunikations-Test fuer SR830 und OSTECH,,,
2026-09-15,10:21:40,672,KOM_Test,OSTECH,T,LCA,0.0,result,Kommunikations-Test fuer SR830 und OSTECH,,,
2026-09-15,10:21:40,682,KOM_Test,SR830,T,"SNAP 1,2,3,4,10,11","0,0,0,90,0,0",result,Kommunikations-Test fuer SR830 und OSTECH,,,
2026-09-15,10:21:40,704,KOM_Test,OSTECH,T,LVA,0.0,result,Kommunikations-Test fuer SR830 und OSTECH,,,
2026-09-15,10:21:40,723,KOM_Test,OSTECH,T,XTA,21.001846313476562,result,Kommunikations-Test fuer SR830 und OSTECH,,,
2026-09-15,10:21:40,740,KOM_Test,OSTECH,T,GT,27.829198837280273,result,Kommunikations-Test fuer SR830 und OSTECH,,,
2026-09-15,10:21:40,754,KOM_Test,OSTECH,T,GS,"{'status_word': 3085, 'interlock_ok': True, 'driver_supply_ok': True, 'driver_temperature_ok': True, 'lt_sensor_ok': True, 'ct_sensor_ok': True, 'lc_on': False, 'lc_error': False}",result,Kommunikations-Test fuer SR830 und OSTECH,,,
2026-09-15,10:21:40,773,KOM_Test,OSTECH,T,GVN,8661,result,Kommunikations-Test fuer SR830 und OSTECH,,,
2026-09-15,10:21:40,792,KOM_Test,OSTECH,T,LTM,25.0,result,Kommunikations-Test fuer SR830 und OSTECH,,,
2026-09-15,10:21:40,804,KOM_Test,SR830,T,"SNAP 5,6,7,8,9","-0.002,0.005,-0.002,0.000666667,1000",result,Kommunikations-Test fuer SR830 und OSTECH,,,
2026-09-15,10:21:40,804,KOM_Test,OSTECH,T,LCA,0.0,result,Kommunikations-Test fuer SR830 und OSTECH,,,
2026-09-15,10:21:40,822,KOM_Test,OSTECH,T,LVA,0.0,result,Kommunikations-Test fuer SR830 und OSTECH,,,
2026-09-15,10:21:40,822,KOM_Test,SR830,T,PHAS,0,result,Kommunikations-Test fuer SR830 und OSTECH,,,
2026-09-15,10:21:40,842,KOM_Test,OSTECH,T,XTA,21.001846313476562,result,Kommunikations-Test fuer SR830 und OSTECH,,,
2026-09-15,10:21:40,849,KOM_Test,SR830,T,FREQ,1000,result,Kommunikations-Test fuer SR830 und OSTECH,,,
2026-09-15,10:21:40,855,KOM_Test,OSTECH,T,GT,27.829198837280273,result,Kommunikations-Test fuer SR830 und OSTECH,,,
2026-09-15,10:21:40,873,KOM_Test,OSTECH,T,GS,"{'status_word': 3085, 'interlock_ok': True, 'driver_supply_ok': True, 'driver_temperature_ok': True, 'lt_sensor_ok': True, 'ct_sensor_ok': True, 'lc_on': False, 'lc_error': False}",result,Kommunikations-Test fuer SR830 und OSTECH,,,
2026-09-15,10:21:40,888,KOM_Test,OSTECH,T,GVN,8661,result,Kommunikations-Test fuer SR830 und OSTECH,,,
2026-09-15,10:21:40,910,KOM_Test,OSTECH,T,LTM,25.0,result,Kommunikations-Test fuer SR830 und OSTECH,,,
2026-09-15,10:21:40,922,KOM_Test,OSTECH,T,LCA,0.0,result,Kommunikations-Test fuer SR830 und OSTECH,,,
2026-09-15,10:21:40,934,KOM_Test,OSTECH,T,LVA,0.0,result,Kommunikations-Test fuer SR830 und OSTECH,,,
2026-09-15,10:21:40,955,KOM_Test,OSTECH,T,XTA,21.001846313476562,result,Kommunikations-Test fuer SR830 und OSTECH,,,
2026-09-15,10:21:40,972,KOM_Test,OSTECH,T,GT,27.829198837280273,result,Kommunikations-Test fuer SR830 und OSTECH,,,
2026-09-15,10:21:40,972,KOM_Test,SR830,T,"SNAP 1,2,3,4,10,11","-6.10356e-005,0,0,135,-6.10356e-005,0",result,Kommunikations-Test fuer SR830 und OSTECH,,,
2026-09-15,10:21:40,988,KOM_Test,OSTECH,T,GS,"{'status_word': 3085, 'interlock_ok': True, 'driver_supply_ok': True, 'driver_temperature_ok': True, 'lt_sensor_ok': True, 'ct_sensor_ok': True, 'lc_on': False, 'lc_error': False}",result,Kommunikations-Test fuer SR830 und OSTECH,,,
2026-09-15,10:21:41,005,KOM_Test,OSTECH,T,GVN,8661,result,Kommunikations-Test fuer SR830 und OSTECH,,,
2026-09-15,10:21:41,023,KOM_Test,OSTECH,T,LTM,25.0,result,Kommunikations-Test fuer SR830 und OSTECH,,,
2026-09-15,10:21:41,043,KOM_Test,OSTECH,T,LCA,0.0,result,Kommunikations-Test fuer SR830 und OSTECH,,,
2026-09-15,10:21:41,070,KOM_Test,OSTECH,T,LVA,0.0,result,Kommunikations-Test fuer SR830 und OSTECH,,,
2026-09-15,10:21:41,092,KOM_Test,OSTECH,T,XTA,21.006797790527344,result,Kommunikations-Test fuer SR830 und OSTECH,,,
2026-09-15,10:21:41,097,KOM_Test,SR830,T,"SNAP 5,6,7,8,9","-0.00333333,0.00666667,-0.000666667,-0.002,1000",result,Kommunikations-Test fuer SR830 und OSTECH,,,
2026-09-15,10:21:41,105,KOM_Test,OSTECH,T,GT,27.829198837280273,result,Kommunikations-Test fuer SR830 und OSTECH,,,
2026-09-15,10:21:41,122,KOM_Test,OSTECH,T,GS,"{'status_word': 3085, 'interlock_ok': True, 'driver_supply_ok': True, 'driver_temperature_ok': True, 'lt_sensor_ok': True, 'ct_sensor_ok': True, 'lc_on': False, 'lc_error': False}",result,Kommunikations-Test fuer SR830 und OSTECH,,,
2026-09-15,10:21:41,122,KOM_Test,SR830,T,PHAS,0,result,Kommunikations-Test fuer SR830 und OSTECH,,,
2026-09-15,10:21:41,136,KOM_Test,OSTECH,T,GVN,8661,result,Kommunikations-Test fuer SR830 und OSTECH,,,
2026-09-15,10:21:41,150,KOM_Test,SR830,T,FREQ,1000,result,Kommunikations-Test fuer SR830 und OSTECH,,,
2026-09-15,10:21:41,155,KOM_Test,OSTECH,T,LTM,25.0,result,Kommunikations-Test fuer SR830 und OSTECH,,,
2026-09-15,10:21:41,173,KOM_Test,OSTECH,T,LCA,0.0,result,Kommunikations-Test fuer SR830 und OSTECH,,,
2026-09-15,10:21:41,193,KOM_Test,OSTECH,T,LVA,0.0,result,Kommunikations-Test fuer SR830 und OSTECH,,,
2026-09-15,10:21:41,202,KOM_Test,OSTECH,T,XTA,21.006797790527344,result,Kommunikations-Test fuer SR830 und OSTECH,,,
2026-09-15,10:21:41,222,KOM_Test,OSTECH,T,GT,27.829198837280273,result,Kommunikations-Test fuer SR830 und OSTECH,,,
2026-09-15,10:21:41,232,KOM_Test,SR830,T,"SNAP 1,2,3,4,10,11","0,0,0,0,0,0",result,Kommunikations-Test fuer SR830 und OSTECH,,,
2026-09-15,10:21:41,242,KOM_Test,OSTECH,T,GS,"{'status_word': 3085, 'interlock_ok': True, 'driver_supply_ok': True, 'driver_temperature_ok': True, 'lt_sensor_ok': True, 'ct_sensor_ok': True, 'lc_on': False, 'lc_error': False}",result,Kommunikations-Test fuer SR830 und OSTECH,,,
2026-09-15,10:21:41,254,KOM_Test,OSTECH,T,GVN,8661,result,Kommunikations-Test fuer SR830 und OSTECH,,,
2026-09-15,10:21:41,273,KOM_Test,OSTECH,T,LTM,25.0,result,Kommunikations-Test fuer SR830 und OSTECH,,,
2026-09-15,10:21:41,292,KOM_Test,OSTECH,T,LCA,0.0,result,Kommunikations-Test fuer SR830 und OSTECH,,,
2026-09-15,10:21:41,303,KOM_Test,OSTECH,T,LVA,0.0,result,Kommunikations-Test fuer SR830 und OSTECH,,,
2026-09-15,10:21:41,322,KOM_Test,OSTECH,T,XTA,21.006797790527344,result,Kommunikations-Test fuer SR830 und OSTECH,,,
2026-09-15,10:21:41,334,KOM_Test,OSTECH,T,GT,27.829198837280273,result,Kommunikations-Test fuer SR830 und OSTECH,,,
2026-09-15,10:21:41,355,KOM_Test,OSTECH,T,GS,"{'status_word': 3085, 'interlock_ok': True, 'driver_supply_ok': True, 'driver_temperature_ok': True, 'lt_sensor_ok': True, 'ct_sensor_ok': True, 'lc_on': False, 'lc_error': False}",result,Kommunikations-Test fuer SR830 und OSTECH,,,
2026-09-15,10:21:41,368,KOM_Test,SR830,T,"SNAP 5,6,7,8,9","-0.00166667,0.00633333,0.000666667,-0.000666667,1000",result,Kommunikations-Test fuer SR830 und OSTECH,,,
2026-09-15,10:21:41,372,KOM_Test,OSTECH,T,GVN,8661,result,Kommunikations-Test fuer SR830 und OSTECH,,,
2026-09-15,10:21:41,392,KOM_Test,SR830,T,PHAS,0,result,Kommunikations-Test fuer SR830 und OSTECH,,,
2026-09-15,10:21:41,394,KOM_Test,OSTECH,T,LTM,25.0,result,Kommunikations-Test fuer SR830 und OSTECH,,,
2026-09-15,10:21:41,405,KOM_Test,OSTECH,T,LCA,0.0,result,Kommunikations-Test fuer SR830 und OSTECH,,,
2026-09-15,10:21:41,412,KOM_Test,SR830,T,FREQ,1000,result,Kommunikations-Test fuer SR830 und OSTECH,,,
2026-09-15,10:21:41,422,KOM_Test,OSTECH,T,LVA,0.0,result,Kommunikations-Test fuer SR830 und OSTECH,,,
2026-09-15,10:21:41,442,KOM_Test,OSTECH,T,XTA,21.006797790527344,result,Kommunikations-Test fuer SR830 und OSTECH,,,
2026-09-15,10:21:41,452,KOM_Test,OSTECH,T,GT,27.829198837280273,result,Kommunikations-Test fuer SR830 und OSTECH,,,
2026-09-15,10:21:41,472,KOM_Test,OSTECH,T,GS,"{'status_word': 3085, 'interlock_ok': True, 'driver_supply_ok': True, 'driver_temperature_ok': True, 'lt_sensor_ok': True, 'ct_sensor_ok': True, 'lc_on': False, 'lc_error': False}",result,Kommunikations-Test fuer SR830 und OSTECH,,,
2026-09-15,10:21:41,488,KOM_Test,SR830,T,"SNAP 1,2,3,4,10,11","0,0,0,0,0,0",result,Kommunikations-Test fuer SR830 und OSTECH,,,
2026-09-15,10:21:41,488,KOM_Test,OSTECH,T,GVN,8661,result,Kommunikations-Test fuer SR830 und OSTECH,,,
2026-09-15,10:21:41,504,KOM_Test,OSTECH,T,LTM,25.0,result,Kommunikations-Test fuer SR830 und OSTECH,,,
2026-09-15,10:21:41,522,KOM_Test,OSTECH,T,LCA,0.0,result,Kommunikations-Test fuer SR830 und OSTECH,,,
2026-09-15,10:21:41,542,KOM_Test,OSTECH,T,LVA,0.0,result,Kommunikations-Test fuer SR830 und OSTECH,,,
2026-09-15,10:21:41,552,KOM_Test,OSTECH,T,XTA,21.006797790527344,result,Kommunikations-Test fuer SR830 und OSTECH,,,
2026-09-15,10:21:41,572,KOM_Test,OSTECH,T,GT,27.829198837280273,result,Kommunikations-Test fuer SR830 und OSTECH,,,
2026-09-15,10:21:41,582,KOM_Test,OSTECH,T,GS,"{'status_word': 3085, 'interlock_ok': True, 'driver_supply_ok': True, 'driver_temperature_ok': True, 'lt_sensor_ok': True, 'ct_sensor_ok': True, 'lc_on': False, 'lc_error': False}",result,Kommunikations-Test fuer SR830 und OSTECH,,,
2026-09-15,10:21:41,603,KOM_Test,SR830,T,"SNAP 5,6,7,8,9","-0.002,0.00633333,0.00233333,-0.001,1000",result,Kommunikations-Test fuer SR830 und OSTECH,,,
2026-09-15,10:21:41,613,KOM_Test,OSTECH,T,GVN,8661,result,Kommunikations-Test fuer SR830 und OSTECH,,,
2026-09-15,10:21:41,627,KOM_Test,SR830,T,PHAS,0,result,Kommunikations-Test fuer SR830 und OSTECH,,,
2026-09-15,10:21:41,628,KOM_Test,OSTECH,T,LTM,25.0,result,Kommunikations-Test fuer SR830 und OSTECH,,,
2026-09-15,10:21:41,635,KOM_Test,OSTECH,T,LCA,0.0,result,Kommunikations-Test fuer SR830 und OSTECH,,,
2026-09-15,10:21:41,648,KOM_Test,SR830,T,FREQ,1000,result,Kommunikations-Test fuer SR830 und OSTECH,,,
2026-09-15,10:21:41,655,KOM_Test,OSTECH,T,LVA,0.0,result,Kommunikations-Test fuer SR830 und OSTECH,,,
2026-09-15,10:21:41,672,KOM_Test,OSTECH,T,XTA,21.00218963623047,result,Kommunikations-Test fuer SR830 und OSTECH,,,
2026-09-15,10:21:41,682,KOM_Test,OSTECH,T,GT,27.829198837280273,result,Kommunikations-Test fuer SR830 und OSTECH,,,
2026-09-15,10:21:41,705,KOM_Test,OSTECH,T,GS,"{'status_word': 3085, 'interlock_ok': True, 'driver_supply_ok': True, 'driver_temperature_ok': True, 'lt_sensor_ok': True, 'ct_sensor_ok': True, 'lc_on': False, 'lc_error': False}",result,Kommunikations-Test fuer SR830 und OSTECH,,,
2026-09-15,10:21:41,723,KOM_Test,OSTECH,T,GVN,8661,result,Kommunikations-Test fuer SR830 und OSTECH,,,
2026-09-15,10:21:41,742,KOM_Test,OSTECH,T,LTM,25.0,result,Kommunikations-Test fuer SR830 und OSTECH,,,
2026-09-15,10:21:41,752,KOM_Test,OSTECH,T,LCA,0.0,result,Kommunikations-Test fuer SR830 und OSTECH,,,
2026-09-15,10:21:41,773,KOM_Test,SR830,T,"SNAP 1,2,3,4,10,11","-6.10356e-005,0,0,180,-6.10356e-005,0",result,Kommunikations-Test fuer SR830 und OSTECH,,,
2026-09-15,10:21:41,777,KOM_Test,OSTECH,T,LVA,0.0,result,Kommunikations-Test fuer SR830 und OSTECH,,,
2026-09-15,10:21:41,802,KOM_Test,OSTECH,T,XTA,21.00218963623047,result,Kommunikations-Test fuer SR830 und OSTECH,,,
2026-09-15,10:21:41,824,KOM_Test,OSTECH,T,GT,27.829198837280273,result,Kommunikations-Test fuer SR830 und OSTECH,,,
2026-09-15,10:21:41,838,KOM_Test,OSTECH,T,GS,"{'status_word': 3085, 'interlock_ok': True, 'driver_supply_ok': True, 'driver_temperature_ok': True, 'lt_sensor_ok': True, 'ct_sensor_ok': True, 'lc_on': False, 'lc_error': False}",result,Kommunikations-Test fuer SR830 und OSTECH,,,
2026-09-15,10:21:41,855,KOM_Test,OSTECH,T,GVN,8661,result,Kommunikations-Test fuer SR830 und OSTECH,,,
2026-09-15,10:21:41,873,KOM_Test,OSTECH,T,LTM,25.0,result,Kommunikations-Test fuer SR830 und OSTECH,,,
2026-09-15,10:21:41,892,KOM_Test,OSTECH,T,LCA,0.0,result,Kommunikations-Test fuer SR830 und OSTECH,,,
2026-09-15,10:21:41,892,KOM_Test,SR830,T,"SNAP 5,6,7,8,9","-0.002,0.00633333,0.000666667,-0.000666667,1000",result,Kommunikations-Test fuer SR830 und OSTECH,,,
2026-09-15,10:21:41,908,KOM_Test,SR830,T,PHAS,0,result,Kommunikations-Test fuer SR830 und OSTECH,,,
2026-09-15,10:21:41,910,KOM_Test,OSTECH,T,LVA,0.0,result,Kommunikations-Test fuer SR830 und OSTECH,,,
2026-09-15,10:21:41,922,KOM_Test,OSTECH,T,XTA,21.00218963623047,result,Kommunikations-Test fuer SR830 und OSTECH,,,
2026-09-15,10:21:41,931,KOM_Test,SR830,T,FREQ,1000,result,Kommunikations-Test fuer SR830 und OSTECH,,,
2026-09-15,10:21:41,949,KOM_Test,OSTECH,T,GT,27.829198837280273,result,Kommunikations-Test fuer SR830 und OSTECH,,,
2026-09-15,10:21:41,972,KOM_Test,OSTECH,T,GS,"{'status_word': 3085, 'interlock_ok': True, 'driver_supply_ok': True, 'driver_temperature_ok': True, 'lt_sensor_ok': True, 'ct_sensor_ok': True, 'lc_on': False, 'lc_error': False}",result,Kommunikations-Test fuer SR830 und OSTECH,,,
2026-09-15,10:21:41,992,KOM_Test,OSTECH,T,GVN,8661,result,Kommunikations-Test fuer SR830 und OSTECH,,,
2026-09-15,10:21:42,005,KOM_Test,OSTECH,T,LTM,25.0,result,Kommunikations-Test fuer SR830 und OSTECH,,,
2026-09-15,10:21:42,022,KOM_Test,OSTECH,T,LCA,0.0,result,Kommunikations-Test fuer SR830 und OSTECH,,,
2026-09-15,10:21:42,042,KOM_Test,OSTECH,T,LVA,0.0,result,Kommunikations-Test fuer SR830 und OSTECH,,,
2026-09-15,10:21:42,054,KOM_Test,OSTECH,T,XTA,21.00218963623047,result,Kommunikations-Test fuer SR830 und OSTECH,,,
2026-09-15,10:21:42,072,KOM_Test,OSTECH,T,GT,27.829198837280273,result,Kommunikations-Test fuer SR830 und OSTECH,,,
2026-09-15,10:21:42,082,KOM_Test,SR830,T,"SNAP 1,2,3,4,10,11","-6.10356e-005,-6.10356e-005,0,-135,-6.10356e-005,-6.10356e-005",result,Kommunikations-Test fuer SR830 und OSTECH,,,
2026-09-15,10:21:42,090,KOM_Test,OSTECH,T,GS,"{'status_word': 3085, 'interlock_ok': True, 'driver_supply_ok': True, 'driver_temperature_ok': True, 'lt_sensor_ok': True, 'ct_sensor_ok': True, 'lc_on': False, 'lc_error': False}",result,Kommunikations-Test fuer SR830 und OSTECH,,,
2026-09-15,10:21:42,105,KOM_Test,OSTECH,T,GVN,8661,result,Kommunikations-Test fuer SR830 und OSTECH,,,
2026-09-15,10:21:42,122,KOM_Test,OSTECH,T,LTM,25.0,result,Kommunikations-Test fuer SR830 und OSTECH,,,
2026-09-15,10:21:42,142,KOM_Test,OSTECH,T,LCA,0.0,result,Kommunikations-Test fuer SR830 und OSTECH,,,
2026-09-15,10:21:42,170,KOM_Test,OSTECH,T,LVA,0.0,result,Kommunikations-Test fuer SR830 und OSTECH,,,
2026-09-15,10:21:42,192,KOM_Test,OSTECH,T,XTA,21.002059936523438,result,Kommunikations-Test fuer SR830 und OSTECH,,,
2026-09-15,10:21:42,202,KOM_Test,OSTECH,T,GT,27.829198837280273,result,Kommunikations-Test fuer SR830 und OSTECH,,,
2026-09-15,10:21:42,220,KOM_Test,SR830,T,"SNAP 5,6,7,8,9","-0.000333333,0.00466667,0.000666667,0.000666667,1000",result,Kommunikations-Test fuer SR830 und OSTECH,,,
2026-09-15,10:21:42,222,KOM_Test,OSTECH,T,GS,"{'status_word': 3085, 'interlock_ok': True, 'driver_supply_ok': True, 'driver_temperature_ok': True, 'lt_sensor_ok': True, 'ct_sensor_ok': True, 'lc_on': False, 'lc_error': False}",result,Kommunikations-Test fuer SR830 und OSTECH,,,
2026-09-15,10:21:42,238,KOM_Test,OSTECH,T,GVN,8661,result,Kommunikations-Test fuer SR830 und OSTECH,,,
2026-09-15,10:21:42,242,KOM_Test,SR830,T,PHAS,0,result,Kommunikations-Test fuer SR830 und OSTECH,,,
2026-09-15,10:21:42,256,KOM_Test,OSTECH,T,LTM,25.0,result,Kommunikations-Test fuer SR830 und OSTECH,,,
2026-09-15,10:21:42,265,KOM_Test,SR830,T,FREQ,1000,result,Kommunikations-Test fuer SR830 und OSTECH,,,
2026-09-15,10:21:42,272,KOM_Test,OSTECH,T,LCA,0.0,result,Kommunikations-Test fuer SR830 und OSTECH,,,
2026-09-15,10:21:42,292,KOM_Test,OSTECH,T,LVA,0.0,result,Kommunikations-Test fuer SR830 und OSTECH,,,
2026-09-15,10:21:42,302,KOM_Test,OSTECH,T,XTA,21.002059936523438,result,Kommunikations-Test fuer SR830 und OSTECH,,,
2026-09-15,10:21:42,323,KOM_Test,OSTECH,T,GT,27.829198837280273,result,Kommunikations-Test fuer SR830 und OSTECH,,,
2026-09-15,10:21:42,343,KOM_Test,OSTECH,T,GS,"{'status_word': 3085, 'interlock_ok': True, 'driver_supply_ok': True, 'driver_temperature_ok': True, 'lt_sensor_ok': True, 'ct_sensor_ok': True, 'lc_on': False, 'lc_error': False}",result,Kommunikations-Test fuer SR830 und OSTECH,,,
2026-09-15,10:21:42,352,KOM_Test,OSTECH,T,GVN,8661,result,Kommunikations-Test fuer SR830 und OSTECH,,,
2026-09-15,10:21:42,361,KOM_Test,SR830,T,"SNAP 1,2,3,4,10,11","0,0,0,45,0,0",result,Kommunikations-Test fuer SR830 und OSTECH,,,
2026-09-15,10:21:42,372,KOM_Test,OSTECH,T,LTM,25.0,result,Kommunikations-Test fuer SR830 und OSTECH,,,
2026-09-15,10:21:42,393,KOM_Test,OSTECH,T,LCA,0.0,result,Kommunikations-Test fuer SR830 und OSTECH,,,
2026-09-15,10:21:42,412,KOM_Test,OSTECH,T,LVA,0.0,result,Kommunikations-Test fuer SR830 und OSTECH,,,
2026-09-15,10:21:42,422,KOM_Test,OSTECH,T,XTA,21.002059936523438,result,Kommunikations-Test fuer SR830 und OSTECH,,,
2026-09-15,10:21:42,435,KOM_Test,OSTECH,T,GT,27.829198837280273,result,Kommunikations-Test fuer SR830 und OSTECH,,,
2026-09-15,10:21:42,453,KOM_Test,OSTECH,T,GS,"{'status_word': 3085, 'interlock_ok': True, 'driver_supply_ok': True, 'driver_temperature_ok': True, 'lt_sensor_ok': True, 'ct_sensor_ok': True, 'lc_on': False, 'lc_error': False}",result,Kommunikations-Test fuer SR830 und OSTECH,,,
2026-09-15,10:21:42,469,KOM_Test,OSTECH,T,GVN,8661,result,Kommunikations-Test fuer SR830 und OSTECH,,,
2026-09-15,10:21:42,483,KOM_Test,SR830,T,"SNAP 5,6,7,8,9","-0.00466667,0.00466667,-0.002,0.000666667,1000",result,Kommunikations-Test fuer SR830 und OSTECH,,,
2026-09-15,10:21:42,492,KOM_Test,OSTECH,T,LTM,25.0,result,Kommunikations-Test fuer SR830 und OSTECH,,,
2026-09-15,10:21:42,504,KOM_Test,OSTECH,T,LCA,0.0,result,Kommunikations-Test fuer SR830 und OSTECH,,,
2026-09-15,10:21:42,512,KOM_Test,SR830,T,PHAS,0,result,Kommunikations-Test fuer SR830 und OSTECH,,,
2026-09-15,10:21:42,531,KOM_Test,OSTECH,T,LVA,0.0,result,Kommunikations-Test fuer SR830 und OSTECH,,,
2026-09-15,10:21:42,533,KOM_Test,SR830,T,FREQ,1000,result,Kommunikations-Test fuer SR830 und OSTECH,,,
2026-09-15,10:21:42,557,KOM_Test,OSTECH,T,XTA,21.002059936523438,result,Kommunikations-Test fuer SR830 und OSTECH,,,
2026-09-15,10:21:42,572,KOM_Test,OSTECH,T,GT,27.829198837280273,result,Kommunikations-Test fuer SR830 und OSTECH,,,
2026-09-15,10:21:42,588,KOM_Test,OSTECH,T,GS,"{'status_word': 3085, 'interlock_ok': True, 'driver_supply_ok': True, 'driver_temperature_ok': True, 'lt_sensor_ok': True, 'ct_sensor_ok': True, 'lc_on': False, 'lc_error': False}",result,Kommunikations-Test fuer SR830 und OSTECH,,,
2026-09-15,10:21:42,606,KOM_Test,OSTECH,T,GVN,8661,result,Kommunikations-Test fuer SR830 und OSTECH,,,
2026-09-15,10:21:42,622,KOM_Test,OSTECH,T,LTM,25.0,result,Kommunikations-Test fuer SR830 und OSTECH,,,
2026-09-15,10:21:42,643,KOM_Test,OSTECH,T,LCA,0.0,result,Kommunikations-Test fuer SR830 und OSTECH,,,
2026-09-15,10:21:42,655,KOM_Test,OSTECH,T,LVA,0.0,result,Kommunikations-Test fuer SR830 und OSTECH,,,
2026-09-15,10:21:42,662,KOM_Test,SR830,T,"SNAP 1,2,3,4,10,11","-6.10356e-005,0,0,135,-6.10356e-005,0",result,Kommunikations-Test fuer SR830 und OSTECH,,,
2026-09-15,10:21:42,678,KOM_Test,OSTECH,T,XTA,21.002059936523438,result,Kommunikations-Test fuer SR830 und OSTECH,,,
2026-09-15,10:21:42,692,KOM_Test,OSTECH,T,GT,27.829198837280273,result,Kommunikations-Test fuer SR830 und OSTECH,,,
2026-09-15,10:21:42,716,KOM_Test,OSTECH,T,GS,"{'status_word': 3085, 'interlock_ok': True, 'driver_supply_ok': True, 'driver_temperature_ok': True, 'lt_sensor_ok': True, 'ct_sensor_ok': True, 'lc_on': False, 'lc_error': False}",result,Kommunikations-Test fuer SR830 und OSTECH,,,
2026-09-15,10:21:42,742,KOM_Test,OSTECH,T,GVN,8661,result,Kommunikations-Test fuer SR830 und OSTECH,,,
2026-09-15,10:21:42,755,KOM_Test,OSTECH,T,LTM,25.0,result,Kommunikations-Test fuer SR830 und OSTECH,,,
2026-09-15,10:21:42,773,KOM_Test,OSTECH,T,LCA,0.0,result,Kommunikations-Test fuer SR830 und OSTECH,,,
2026-09-15,10:21:42,783,KOM_Test,SR830,T,"SNAP 5,6,7,8,9","-0.00166667,0.00466667,-0.000333333,0.000666667,1000",result,Kommunikations-Test fuer SR830 und OSTECH,,,
2026-09-15,10:21:42,791,KOM_Test,OSTECH,T,LVA,0.0,result,Kommunikations-Test fuer SR830 und OSTECH,,,
2026-09-15,10:21:42,806,KOM_Test,OSTECH,T,XTA,20.99925994873047,result,Kommunikations-Test fuer SR830 und OSTECH,,,
2026-09-15,10:21:42,806,KOM_Test,SR830,T,PHAS,0,result,Kommunikations-Test fuer SR830 und OSTECH,,,
2026-09-15,10:21:42,822,KOM_Test,OSTECH,T,GT,27.829198837280273,result,Kommunikations-Test fuer SR830 und OSTECH,,,
2026-09-15,10:21:42,832,KOM_Test,SR830,T,FREQ,1000,result,Kommunikations-Test fuer SR830 und OSTECH,,,
2026-09-15,10:21:42,839,KOM_Test,OSTECH,T,GS,"{'status_word': 3085, 'interlock_ok': True, 'driver_supply_ok': True, 'driver_temperature_ok': True, 'lt_sensor_ok': True, 'ct_sensor_ok': True, 'lc_on': False, 'lc_error': False}",result,Kommunikations-Test fuer SR830 und OSTECH,,,
2026-09-15,10:21:42,856,KOM_Test,OSTECH,T,GVN,8661,result,Kommunikations-Test fuer SR830 und OSTECH,,,
2026-09-15,10:21:42,872,KOM_Test,OSTECH,T,LTM,25.0,result,Kommunikations-Test fuer SR830 und OSTECH,,,
2026-09-15,10:21:42,902,KOM_Test,OSTECH,T,LCA,0.0,result,Kommunikations-Test fuer SR830 und OSTECH,,,
2026-09-15,10:21:42,922,KOM_Test,OSTECH,T,LVA,0.0,result,Kommunikations-Test fuer SR830 und OSTECH,,,
2026-09-15,10:21:42,942,KOM_Test,OSTECH,T,XTA,20.99925994873047,result,Kommunikations-Test fuer SR830 und OSTECH,,,
2026-09-15,10:21:42,957,KOM_Test,OSTECH,T,GT,27.83228874206543,result,Kommunikations-Test fuer SR830 und OSTECH,,,
2026-09-15,10:21:42,966,KOM_Test,SR830,T,"SNAP 1,2,3,4,10,11","0,6.10356e-005,6.10356e-005,90,0,6.10356e-005",result,Kommunikations-Test fuer SR830 und OSTECH,,,
2026-09-15,10:21:42,972,KOM_Test,OSTECH,T,GS,"{'status_word': 3085, 'interlock_ok': True, 'driver_supply_ok': True, 'driver_temperature_ok': True, 'lt_sensor_ok': True, 'ct_sensor_ok': True, 'lc_on': False, 'lc_error': False}",result,Kommunikations-Test fuer SR830 und OSTECH,,,
2026-09-15,10:21:42,992,KOM_Test,OSTECH,T,GVN,8661,result,Kommunikations-Test fuer SR830 und OSTECH,,,
2026-09-15,10:21:43,008,KOM_Test,OSTECH,T,LTM,25.0,result,Kommunikations-Test fuer SR830 und OSTECH,,,
2026-09-15,10:21:43,028,KOM_Test,OSTECH,T,LCA,0.0,result,Kommunikations-Test fuer SR830 und OSTECH,,,
2026-09-15,10:21:43,052,KOM_Test,OSTECH,T,LVA,0.0,result,Kommunikations-Test fuer SR830 und OSTECH,,,
2026-09-15,10:21:43,073,KOM_Test,OSTECH,T,XTA,20.99925994873047,result,Kommunikations-Test fuer SR830 und OSTECH,,,
2026-09-15,10:21:43,092,KOM_Test,OSTECH,T,GT,27.83228874206543,result,Kommunikations-Test fuer SR830 und OSTECH,,,
2026-09-15,10:21:43,096,KOM_Test,SR830,T,"SNAP 5,6,7,8,9","-0.002,0.005,0.000666667,0.000666667,1000",result,Kommunikations-Test fuer SR830 und OSTECH,,,
2026-09-15,10:21:43,105,KOM_Test,OSTECH,T,GS,"{'status_word': 3085, 'interlock_ok': True, 'driver_supply_ok': True, 'driver_temperature_ok': True, 'lt_sensor_ok': True, 'ct_sensor_ok': True, 'lc_on': False, 'lc_error': False}",result,Kommunikations-Test fuer SR830 und OSTECH,,,
2026-09-15,10:21:43,114,KOM_Test,SR830,T,PHAS,0,result,Kommunikations-Test fuer SR830 und OSTECH,,,
2026-09-15,10:21:43,122,KOM_Test,OSTECH,T,GVN,8661,result,Kommunikations-Test fuer SR830 und OSTECH,,,
2026-09-15,10:21:43,133,KOM_Test,SR830,T,FREQ,1000,result,Kommunikations-Test fuer SR830 und OSTECH,,,
2026-09-15,10:21:43,142,KOM_Test,OSTECH,T,LTM,25.0,result,Kommunikations-Test fuer SR830 und OSTECH,,,
2026-09-15,10:21:43,152,KOM_Test,OSTECH,T,LCA,0.0,result,Kommunikations-Test fuer SR830 und OSTECH,,,
2026-09-15,10:21:43,172,KOM_Test,OSTECH,T,LVA,0.0,result,Kommunikations-Test fuer SR830 und OSTECH,,,
2026-09-15,10:21:43,192,KOM_Test,OSTECH,T,XTA,20.99925994873047,result,Kommunikations-Test fuer SR830 und OSTECH,,,
2026-09-15,10:21:43,202,KOM_Test,OSTECH,T,GT,27.83228874206543,result,Kommunikations-Test fuer SR830 und OSTECH,,,
2026-09-15,10:21:43,222,KOM_Test,OSTECH,T,GS,"{'status_word': 3085, 'interlock_ok': True, 'driver_supply_ok': True, 'driver_temperature_ok': True, 'lt_sensor_ok': True, 'ct_sensor_ok': True, 'lc_on': False, 'lc_error': False}",result,Kommunikations-Test fuer SR830 und OSTECH,,,
2026-09-15,10:21:43,239,KOM_Test,OSTECH,T,GVN,8661,result,Kommunikations-Test fuer SR830 und OSTECH,,,
2026-09-15,10:21:43,254,KOM_Test,SR830,T,"SNAP 1,2,3,4,10,11","-6.10356e-005,0,0,180,-6.10356e-005,0",result,Kommunikations-Test fuer SR830 und OSTECH,,,
2026-09-15,10:21:43,268,KOM_Test,OSTECH,T,LTM,25.0,result,Kommunikations-Test fuer SR830 und OSTECH,,,
2026-09-15,10:21:43,292,KOM_Test,OSTECH,T,LCA,0.0,result,Kommunikations-Test fuer SR830 und OSTECH,,,
2026-09-15,10:21:43,310,KOM_Test,OSTECH,T,LVA,0.0,result,Kommunikations-Test fuer SR830 und OSTECH,,,
2026-09-15,10:21:43,322,KOM_Test,OSTECH,T,XTA,21.00127410888672,result,Kommunikations-Test fuer SR830 und OSTECH,,,
2026-09-15,10:21:43,335,KOM_Test,OSTECH,T,GT,27.83228874206543,result,Kommunikations-Test fuer SR830 und OSTECH,,,
2026-09-15,10:21:43,355,KOM_Test,OSTECH,T,GS,"{'status_word': 3085, 'interlock_ok': True, 'driver_supply_ok': True, 'driver_temperature_ok': True, 'lt_sensor_ok': True, 'ct_sensor_ok': True, 'lc_on': False, 'lc_error': False}",result,Kommunikations-Test fuer SR830 und OSTECH,,,
2026-09-15,10:21:43,372,KOM_Test,OSTECH,T,GVN,8661,result,Kommunikations-Test fuer SR830 und OSTECH,,,
2026-09-15,10:21:43,381,KOM_Test,SR830,T,"SNAP 5,6,7,8,9","-0.00366667,0.005,-0.000666667,0.000666667,1000",result,Kommunikations-Test fuer SR830 und OSTECH,,,
2026-09-15,10:21:43,392,KOM_Test,OSTECH,T,LTM,25.0,result,Kommunikations-Test fuer SR830 und OSTECH,,,
2026-09-15,10:21:43,406,KOM_Test,OSTECH,T,LCA,0.0,result,Kommunikations-Test fuer SR830 und OSTECH,,,
2026-09-15,10:21:43,406,KOM_Test,SR830,T,PHAS,0,result,Kommunikations-Test fuer SR830 und OSTECH,,,
2026-09-15,10:21:43,422,KOM_Test,OSTECH,T,LVA,0.0,result,Kommunikations-Test fuer SR830 und OSTECH,,,
2026-09-15,10:21:43,432,KOM_Test,SR830,T,FREQ,1000,result,Kommunikations-Test fuer SR830 und OSTECH,,,
2026-09-15,10:21:43,449,KOM_Test,OSTECH,T,XTA,21.00127410888672,result,Kommunikations-Test fuer SR830 und OSTECH,,,
2026-09-15,10:21:43,473,KOM_Test,OSTECH,T,GT,27.83228874206543,result,Kommunikations-Test fuer SR830 und OSTECH,,,
2026-09-15,10:21:43,489,KOM_Test,OSTECH,T,GS,"{'status_word': 3085, 'interlock_ok': True, 'driver_supply_ok': True, 'driver_temperature_ok': True, 'lt_sensor_ok': True, 'ct_sensor_ok': True, 'lc_on': False, 'lc_error': False}",result,Kommunikations-Test fuer SR830 und OSTECH,,,
2026-09-15,10:21:43,506,KOM_Test,OSTECH,T,GVN,8661,result,Kommunikations-Test fuer SR830 und OSTECH,,,
2026-09-15,10:21:43,523,KOM_Test,OSTECH,T,LTM,25.0,result,Kommunikations-Test fuer SR830 und OSTECH,,,
2026-09-15,10:21:43,542,KOM_Test,OSTECH,T,LCA,0.0,result,Kommunikations-Test fuer SR830 und OSTECH,,,
2026-09-15,10:21:43,555,KOM_Test,OSTECH,T,LVA,0.0,result,Kommunikations-Test fuer SR830 und OSTECH,,,
2026-09-15,10:21:43,572,KOM_Test,OSTECH,T,XTA,21.00127410888672,result,Kommunikations-Test fuer SR830 und OSTECH,,,
2026-09-15,10:21:43,592,KOM_Test,OSTECH,T,GT,27.83228874206543,result,Kommunikations-Test fuer SR830 und OSTECH,,,
2026-09-15,10:21:43,605,KOM_Test,OSTECH,T,GS,"{'status_word': 3085, 'interlock_ok': True, 'driver_supply_ok': True, 'driver_temperature_ok': True, 'lt_sensor_ok': True, 'ct_sensor_ok': True, 'lc_on': False, 'lc_error': False}",result,Kommunikations-Test fuer SR830 und OSTECH,,,
2026-09-15,10:21:43,614,KOM_Test,SR830,T,"SNAP 1,2,3,4,10,11","-0.000122071,-6.10356e-005,6.10356e-005,-161.568,-0.000122071,-6.10356e-005",result,Kommunikations-Test fuer SR830 und OSTECH,,,
2026-09-15,10:21:43,622,KOM_Test,OSTECH,T,GVN,8661,result,Kommunikations-Test fuer SR830 und OSTECH,,,
2026-09-15,10:21:43,642,KOM_Test,OSTECH,T,LTM,25.0,result,Kommunikations-Test fuer SR830 und OSTECH,,,
2026-09-15,10:21:43,653,KOM_Test,OSTECH,T,LCA,0.0,result,Kommunikations-Test fuer SR830 und OSTECH,,,
2026-09-15,10:21:43,672,KOM_Test,OSTECH,T,LVA,0.0,result,Kommunikations-Test fuer SR830 und OSTECH,,,
2026-09-15,10:21:43,693,KOM_Test,OSTECH,T,XTA,21.00127410888672,result,Kommunikations-Test fuer SR830 und OSTECH,,,
2026-09-15,10:21:43,705,KOM_Test,OSTECH,T,GT,27.83228874206543,result,Kommunikations-Test fuer SR830 und OSTECH,,,
2026-09-15,10:21:43,722,KOM_Test,OSTECH,T,GS,"{'status_word': 3085, 'interlock_ok': True, 'driver_supply_ok': True, 'driver_temperature_ok': True, 'lt_sensor_ok': True, 'ct_sensor_ok': True, 'lc_on': False, 'lc_error': False}",result,Kommunikations-Test fuer SR830 und OSTECH,,,
2026-09-15,10:21:43,729,KOM_Test,SR830,T,"SNAP 5,6,7,8,9","-0.00466667,0.00633333,0.001,0.00533333,1000",result,Kommunikations-Test fuer SR830 und OSTECH,,,
2026-09-15,10:21:43,739,KOM_Test,OSTECH,T,GVN,8661,result,Kommunikations-Test fuer SR830 und OSTECH,,,
2026-09-15,10:21:43,742,KOM_Test,SR830,T,PHAS,0,result,Kommunikations-Test fuer SR830 und OSTECH,,,
2026-09-15,10:21:43,756,KOM_Test,OSTECH,T,LTM,25.0,result,Kommunikations-Test fuer SR830 und OSTECH,,,
2026-09-15,10:21:43,766,KOM_Test,SR830,T,FREQ,1000,result,Kommunikations-Test fuer SR830 und OSTECH,,,
2026-09-15,10:21:43,772,KOM_Test,OSTECH,T,LCA,0.0,result,Kommunikations-Test fuer SR830 und OSTECH,,,
2026-09-15,10:21:43,792,KOM_Test,OSTECH,T,LVA,0.0,result,Kommunikations-Test fuer SR830 und OSTECH,,,
2026-09-15,10:21:43,821,KOM_Test,OSTECH,T,XTA,21.005111694335938,result,Kommunikations-Test fuer SR830 und OSTECH,,,
2026-09-15,10:21:43,842,KOM_Test,OSTECH,T,GT,27.83228874206543,result,Kommunikations-Test fuer SR830 und OSTECH,,,
2026-09-15,10:21:43,856,KOM_Test,OSTECH,T,GS,"{'status_word': 3085, 'interlock_ok': True, 'driver_supply_ok': True, 'driver_temperature_ok': True, 'lt_sensor_ok': True, 'ct_sensor_ok': True, 'lc_on': False, 'lc_error': False}",result,Kommunikations-Test fuer SR830 und OSTECH,,,
2026-09-15,10:21:43,873,KOM_Test,OSTECH,T,GVN,8661,result,Kommunikations-Test fuer SR830 und OSTECH,,,
2026-09-15,10:21:43,889,KOM_Test,SR830,T,"SNAP 1,2,3,4,10,11","0,-6.10356e-005,0,-90,0,-6.10356e-005",result,Kommunikations-Test fuer SR830 und OSTECH,,,
2026-09-15,10:21:43,889,KOM_Test,OSTECH,T,LTM,25.0,result,Kommunikations-Test fuer SR830 und OSTECH,,,
2026-09-15,10:21:43,912,KOM_Test,OSTECH,T,LCA,0.0,result,Kommunikations-Test fuer SR830 und OSTECH,,,
2026-09-15,10:21:43,927,KOM_Test,OSTECH,T,LVA,0.0,result,Kommunikations-Test fuer SR830 und OSTECH,,,
2026-09-15,10:21:43,943,KOM_Test,OSTECH,T,XTA,21.005111694335938,result,Kommunikations-Test fuer SR830 und OSTECH,,,
2026-09-15,10:21:43,957,KOM_Test,OSTECH,T,GT,27.83228874206543,result,Kommunikations-Test fuer SR830 und OSTECH,,,
2026-09-15,10:21:43,970,KOM_Test,OSTECH,T,GS,"{'status_word': 3085, 'interlock_ok': True, 'driver_supply_ok': True, 'driver_temperature_ok': True, 'lt_sensor_ok': True, 'ct_sensor_ok': True, 'lc_on': False, 'lc_error': False}",result,Kommunikations-Test fuer SR830 und OSTECH,,,
2026-09-15,10:21:43,997,KOM_Test,OSTECH,T,GVN,8661,result,Kommunikations-Test fuer SR830 und OSTECH,,,
2026-09-15,10:21:44,020,KOM_Test,SR830,T,"SNAP 5,6,7,8,9","0.001,0.00466667,0.000666667,0.000666667,1000",result,Kommunikations-Test fuer SR830 und OSTECH,,,
2026-09-15,10:21:44,022,KOM_Test,OSTECH,T,LTM,25.0,result,Kommunikations-Test fuer SR830 und OSTECH,,,
2026-09-15,10:21:44,033,KOM_Test,OSTECH,T,LCA,0.0,result,Kommunikations-Test fuer SR830 und OSTECH,,,
2026-09-15,10:21:44,033,KOM_Test,SR830,T,PHAS,0,result,Kommunikations-Test fuer SR830 und OSTECH,,,
2026-09-15,10:21:44,054,KOM_Test,OSTECH,T,LVA,0.0,result,Kommunikations-Test fuer SR830 und OSTECH,,,
2026-09-15,10:21:44,065,KOM_Test,SR830,T,FREQ,1000,result,Kommunikations-Test fuer SR830 und OSTECH,,,
2026-09-15,10:21:44,075,KOM_Test,OSTECH,T,XTA,21.005111694335938,result,Kommunikations-Test fuer SR830 und OSTECH,,,
2026-09-15,10:21:44,084,KOM_Test,OSTECH,T,GT,27.83228874206543,result,Kommunikations-Test fuer SR830 und OSTECH,,,
2026-09-15,10:21:44,100,KOM_Test,OSTECH,T,GS,"{'status_word': 3085, 'interlock_ok': True, 'driver_supply_ok': True, 'driver_temperature_ok': True, 'lt_sensor_ok': True, 'ct_sensor_ok': True, 'lc_on': False, 'lc_error': False}",result,Kommunikations-Test fuer SR830 und OSTECH,,,
2026-09-15,10:21:44,122,KOM_Test,OSTECH,T,GVN,8661,result,Kommunikations-Test fuer SR830 und OSTECH,,,
2026-09-15,10:21:44,139,KOM_Test,OSTECH,T,LTM,25.0,result,Kommunikations-Test fuer SR830 und OSTECH,,,
2026-09-15,10:21:44,149,KOM_Test,OSTECH,T,LCA,0.0,result,Kommunikations-Test fuer SR830 und OSTECH,,,
2026-09-15,10:21:44,181,KOM_Test,OSTECH,T,LVA,0.0,result,Kommunikations-Test fuer SR830 und OSTECH,,,
2026-09-15,10:21:44,188,KOM_Test,OSTECH,T,XTA,21.005111694335938,result,Kommunikations-Test fuer SR830 und OSTECH,,,
2026-09-15,10:21:44,202,KOM_Test,SR830,T,"SNAP 1,2,3,4,10,11","-0.000122071,0,6.10356e-005,153.438,-0.000122071,0",result,Kommunikations-Test fuer SR830 und OSTECH,,,
2026-09-15,10:21:44,209,KOM_Test,OSTECH,T,GT,27.83228874206543,result,Kommunikations-Test fuer SR830 und OSTECH,,,
2026-09-15,10:21:44,221,KOM_Test,OSTECH,T,GS,"{'status_word': 3085, 'interlock_ok': True, 'driver_supply_ok': True, 'driver_temperature_ok': True, 'lt_sensor_ok': True, 'ct_sensor_ok': True, 'lc_on': False, 'lc_error': False}",result,Kommunikations-Test fuer SR830 und OSTECH,,,
2026-09-15,10:21:44,238,KOM_Test,OSTECH,T,GVN,8661,result,Kommunikations-Test fuer SR830 und OSTECH,,,
2026-09-15,10:21:44,255,KOM_Test,OSTECH,T,LTM,25.0,result,Kommunikations-Test fuer SR830 und OSTECH,,,
2026-09-15,10:21:44,272,KOM_Test,OSTECH,T,LCA,0.0,result,Kommunikations-Test fuer SR830 und OSTECH,,,
2026-09-15,10:21:44,283,KOM_Test,OSTECH,T,LVA,0.0,result,Kommunikations-Test fuer SR830 und OSTECH,,,
2026-09-15,10:21:44,301,KOM_Test,OSTECH,T,XTA,21.005111694335938,result,Kommunikations-Test fuer SR830 und OSTECH,,,
2026-09-15,10:21:44,326,KOM_Test,OSTECH,T,GT,27.83228874206543,result,Kommunikations-Test fuer SR830 und OSTECH,,,
2026-09-15,10:21:44,332,KOM_Test,SR830,T,"SNAP 5,6,7,8,9","-0.00166667,0.005,0.00233333,0.000666667,1000",result,Kommunikations-Test fuer SR830 und OSTECH,,,
2026-09-15,10:21:44,339,KOM_Test,OSTECH,T,GS,"{'status_word': 3085, 'interlock_ok': True, 'driver_supply_ok': True, 'driver_temperature_ok': True, 'lt_sensor_ok': True, 'ct_sensor_ok': True, 'lc_on': False, 'lc_error': False}",result,Kommunikations-Test fuer SR830 und OSTECH,,,
2026-09-15,10:21:44,355,KOM_Test,SR830,T,PHAS,0,result,Kommunikations-Test fuer SR830 und OSTECH,,,
2026-09-15,10:21:44,365,KOM_Test,OSTECH,T,GVN,8661,result,Kommunikations-Test fuer SR830 und OSTECH,,,
2026-09-15,10:21:44,372,KOM_Test,OSTECH,T,LTM,25.0,result,Kommunikations-Test fuer SR830 und OSTECH,,,
2026-09-15,10:21:44,383,KOM_Test,SR830,T,FREQ,1000,result,Kommunikations-Test fuer SR830 und OSTECH,,,
2026-09-15,10:21:44,392,KOM_Test,OSTECH,T,LCA,0.0,result,Kommunikations-Test fuer SR830 und OSTECH,,,
2026-09-15,10:21:44,411,KOM_Test,OSTECH,T,LVA,0.0,result,Kommunikations-Test fuer SR830 und OSTECH,,,
2026-09-15,10:21:44,418,KOM_Test,OSTECH,T,XTA,21.0047607421875,result,Kommunikations-Test fuer SR830 und OSTECH,,,
2026-09-15,10:21:44,437,KOM_Test,OSTECH,T,GT,27.83228874206543,result,Kommunikations-Test fuer SR830 und OSTECH,,,
2026-09-15,10:21:44,449,KOM_Test,OSTECH,T,GS,"{'status_word': 3085, 'interlock_ok': True, 'driver_supply_ok': True, 'driver_temperature_ok': True, 'lt_sensor_ok': True, 'ct_sensor_ok': True, 'lc_on': False, 'lc_error': False}",result,Kommunikations-Test fuer SR830 und OSTECH,,,
2026-09-15,10:21:44,472,KOM_Test,OSTECH,T,GVN,8661,result,Kommunikations-Test fuer SR830 und OSTECH,,,
2026-09-15,10:21:44,488,KOM_Test,OSTECH,T,LTM,25.0,result,Kommunikations-Test fuer SR830 und OSTECH,,,
2026-09-15,10:21:44,499,KOM_Test,OSTECH,T,LCA,0.0,result,Kommunikations-Test fuer SR830 und OSTECH,,,
2026-09-15,10:21:44,516,KOM_Test,SR830,T,"SNAP 1,2,3,4,10,11","0,6.10356e-005,6.10356e-005,90,0,6.10356e-005",result,Kommunikations-Test fuer SR830 und OSTECH,,,
2026-09-15,10:21:44,525,KOM_Test,OSTECH,T,LVA,0.0,result,Kommunikations-Test fuer SR830 und OSTECH,,,
2026-09-15,10:21:44,547,KOM_Test,OSTECH,T,XTA,21.0047607421875,result,Kommunikations-Test fuer SR830 und OSTECH,,,
2026-09-15,10:21:44,555,KOM_Test,OSTECH,T,GT,27.83228874206543,result,Kommunikations-Test fuer SR830 und OSTECH,,,
2026-09-15,10:21:44,574,KOM_Test,OSTECH,T,GS,"{'status_word': 3085, 'interlock_ok': True, 'driver_supply_ok': True, 'driver_temperature_ok': True, 'lt_sensor_ok': True, 'ct_sensor_ok': True, 'lc_on': False, 'lc_error': False}",result,Kommunikations-Test fuer SR830 und OSTECH,,,
2026-09-15,10:21:44,589,KOM_Test,OSTECH,T,GVN,8661,result,Kommunikations-Test fuer SR830 und OSTECH,,,
2026-09-15,10:21:44,608,KOM_Test,OSTECH,T,LTM,25.0,result,Kommunikations-Test fuer SR830 und OSTECH,,,
2026-09-15,10:21:44,621,KOM_Test,OSTECH,T,LCA,0.0,result,Kommunikations-Test fuer SR830 und OSTECH,,,
2026-09-15,10:21:44,632,KOM_Test,OSTECH,T,LVA,0.0,result,Kommunikations-Test fuer SR830 und OSTECH,,,
2026-09-15,10:21:44,651,KOM_Test,SR830,T,"SNAP 5,6,7,8,9","-0.000666667,0.00466667,0.000666667,-0.001,1000",result,Kommunikations-Test fuer SR830 und OSTECH,,,
2026-09-15,10:21:44,658,KOM_Test,OSTECH,T,XTA,21.0047607421875,result,Kommunikations-Test fuer SR830 und OSTECH,,,
2026-09-15,10:21:44,669,KOM_Test,OSTECH,T,GT,27.83228874206543,result,Kommunikations-Test fuer SR830 und OSTECH,,,
2026-09-15,10:21:44,669,KOM_Test,SR830,T,PHAS,0,result,Kommunikations-Test fuer SR830 und OSTECH,,,
2026-09-15,10:21:44,683,KOM_Test,OSTECH,T,GS,"{'status_word': 3085, 'interlock_ok': True, 'driver_supply_ok': True, 'driver_temperature_ok': True, 'lt_sensor_ok': True, 'ct_sensor_ok': True, 'lc_on': False, 'lc_error': False}",result,Kommunikations-Test fuer SR830 und OSTECH,,,
2026-09-15,10:21:44,699,KOM_Test,SR830,T,FREQ,1000,result,Kommunikations-Test fuer SR830 und OSTECH,,,
2026-09-15,10:21:44,706,KOM_Test,OSTECH,T,GVN,8661,result,Kommunikations-Test fuer SR830 und OSTECH,,,
2026-09-15,10:21:44,722,KOM_Test,OSTECH,T,LTM,25.0,result,Kommunikations-Test fuer SR830 und OSTECH,,,
2026-09-15,10:21:44,737,KOM_Test,OSTECH,T,LCA,0.0,result,Kommunikations-Test fuer SR830 und OSTECH,,,
2026-09-15,10:21:44,758,KOM_Test,OSTECH,T,LVA,0.0,result,Kommunikations-Test fuer SR830 und OSTECH,,,
2026-09-15,10:21:44,772,KOM_Test,OSTECH,T,XTA,21.0047607421875,result,Kommunikations-Test fuer SR830 und OSTECH,,,
2026-09-15,10:21:44,782,KOM_Test,SR830,T,"SNAP 1,2,3,4,10,11","0,0,0,0,0,0",result,Kommunikations-Test fuer SR830 und OSTECH,,,
2026-09-15,10:21:44,792,KOM_Test,OSTECH,T,GT,27.83228874206543,result,Kommunikations-Test fuer SR830 und OSTECH,,,
2026-09-15,10:21:44,807,KOM_Test,OSTECH,T,GS,"{'status_word': 3085, 'interlock_ok': True, 'driver_supply_ok': True, 'driver_temperature_ok': True, 'lt_sensor_ok': True, 'ct_sensor_ok': True, 'lc_on': False, 'lc_error': False}",result,Kommunikations-Test fuer SR830 und OSTECH,,,
2026-09-15,10:21:44,822,KOM_Test,OSTECH,T,GVN,8661,result,Kommunikations-Test fuer SR830 und OSTECH,,,
2026-09-15,10:21:44,839,KOM_Test,OSTECH,T,LTM,25.0,result,Kommunikations-Test fuer SR830 und OSTECH,,,
2026-09-15,10:21:44,849,KOM_Test,OSTECH,T,LCA,0.0,result,Kommunikations-Test fuer SR830 und OSTECH,,,
2026-09-15,10:21:44,875,KOM_Test,OSTECH,T,LVA,0.0,result,Kommunikations-Test fuer SR830 und OSTECH,,,
2026-09-15,10:21:44,882,KOM_Test,OSTECH,T,XTA,21.0047607421875,result,Kommunikations-Test fuer SR830 und OSTECH,,,
2026-09-15,10:21:44,910,KOM_Test,SR830,T,"SNAP 5,6,7,8,9","-0.00166667,0.00466667,0.001,-0.001,1000",result,Kommunikations-Test fuer SR830 und OSTECH,,,
2026-09-15,10:21:44,915,KOM_Test,OSTECH,T,GT,27.83228874206543,result,Kommunikations-Test fuer SR830 und OSTECH,,,
2026-09-15,10:21:44,921,KOM_Test,SR830,T,PHAS,0,result,Kommunikations-Test fuer SR830 und OSTECH,,,
2026-09-15,10:21:44,937,KOM_Test,OSTECH,T,GS,"{'status_word': 3085, 'interlock_ok': True, 'driver_supply_ok': True, 'driver_temperature_ok': True, 'lt_sensor_ok': True, 'ct_sensor_ok': True, 'lc_on': False, 'lc_error': False}",result,Kommunikations-Test fuer SR830 und OSTECH,,,
2026-09-15,10:21:44,949,KOM_Test,SR830,T,FREQ,1000,result,Kommunikations-Test fuer SR830 und OSTECH,,,
2026-09-15,10:21:44,953,KOM_Test,OSTECH,T,GVN,8661,result,Kommunikations-Test fuer SR830 und OSTECH,,,
2026-09-15,10:21:44,973,KOM_Test,OSTECH,T,LTM,25.0,result,Kommunikations-Test fuer SR830 und OSTECH,,,
2026-09-15,10:21:44,989,KOM_Test,OSTECH,T,LCA,0.0,result,Kommunikations-Test fuer SR830 und OSTECH,,,
2026-09-15,10:21:45,000,KOM_Test,OSTECH,T,LVA,0.0,result,Kommunikations-Test fuer SR830 und OSTECH,,,
2026-09-15,10:21:45,022,KOM_Test,OSTECH,T,XTA,21.0047607421875,result,Kommunikations-Test fuer SR830 und OSTECH,,,
2026-09-15,10:21:45,043,KOM_Test,OSTECH,T,GT,27.83228874206543,result,Kommunikations-Test fuer SR830 und OSTECH,,,
2026-09-15,10:21:45,043,KOM_Test,SR830,T,"SNAP 1,2,3,4,10,11","0,0,0,45,0,0",result,Kommunikations-Test fuer SR830 und OSTECH,,,
2026-09-15,10:21:45,051,KOM_Test,OSTECH,T,GS,"{'status_word': 3085, 'interlock_ok': True, 'driver_supply_ok': True, 'driver_temperature_ok': True, 'lt_sensor_ok': True, 'ct_sensor_ok': True, 'lc_on': False, 'lc_error': False}",result,Kommunikations-Test fuer SR830 und OSTECH,,,
2026-09-15,10:21:45,073,KOM_Test,OSTECH,T,GVN,8661,result,Kommunikations-Test fuer SR830 und OSTECH,,,
2026-09-15,10:21:45,099,KOM_Test,OSTECH,T,LTM,25.0,result,Kommunikations-Test fuer SR830 und OSTECH,,,
2026-09-15,10:21:45,123,KOM_Test,OSTECH,T,LCA,0.0,result,Kommunikations-Test fuer SR830 und OSTECH,,,
2026-09-15,10:21:45,140,KOM_Test,OSTECH,T,LVA,0.0,result,Kommunikations-Test fuer SR830 und OSTECH,,,
2026-09-15,10:21:45,149,KOM_Test,OSTECH,T,XTA,21.007339477539062,result,Kommunikations-Test fuer SR830 und OSTECH,,,
2026-09-15,10:21:45,174,KOM_Test,SR830,T,"SNAP 5,6,7,8,9","-0.000333333,0.00766667,0.00233333,0.00366667,1000",result,Kommunikations-Test fuer SR830 und OSTECH,,,
2026-09-15,10:21:45,174,KOM_Test,OSTECH,T,GT,27.83228874206543,result,Kommunikations-Test fuer SR830 und OSTECH,,,
2026-09-15,10:21:45,189,KOM_Test,OSTECH,T,GS,"{'status_word': 3085, 'interlock_ok': True, 'driver_supply_ok': True, 'driver_temperature_ok': True, 'lt_sensor_ok': True, 'ct_sensor_ok': True, 'lc_on': False, 'lc_error': False}",result,Kommunikations-Test fuer SR830 und OSTECH,,,
2026-09-15,10:21:45,189,KOM_Test,SR830,T,PHAS,0,result,Kommunikations-Test fuer SR830 und OSTECH,,,
2026-09-15,10:21:45,205,KOM_Test,OSTECH,T,GVN,8661,result,Kommunikations-Test fuer SR830 und OSTECH,,,
2026-09-15,10:21:45,218,KOM_Test,SR830,T,FREQ,1000,result,Kommunikations-Test fuer SR830 und OSTECH,,,
2026-09-15,10:21:45,223,KOM_Test,OSTECH,T,LTM,25.0,result,Kommunikations-Test fuer SR830 und OSTECH,,,
2026-09-15,10:21:45,234,KOM_Test,OSTECH,T,LCA,0.0,result,Kommunikations-Test fuer SR830 und OSTECH,,,
2026-09-15,10:21:45,252,KOM_Test,OSTECH,T,LVA,0.0,result,Kommunikations-Test fuer SR830 und OSTECH,,,
2026-09-15,10:21:45,281,KOM_Test,OSTECH,T,XTA,21.007339477539062,result,Kommunikations-Test fuer SR830 und OSTECH,,,
2026-09-15,10:21:45,284,KOM_Test,OSTECH,T,GT,27.83228874206543,result,Kommunikations-Test fuer SR830 und OSTECH,,,
2026-09-15,10:21:45,300,KOM_Test,SR830,T,"SNAP 1,2,3,4,10,11","0,0,0,0,0,0",result,Kommunikations-Test fuer SR830 und OSTECH,,,
2026-09-15,10:21:45,308,KOM_Test,OSTECH,T,GS,"{'status_word': 3085, 'interlock_ok': True, 'driver_supply_ok': True, 'driver_temperature_ok': True, 'lt_sensor_ok': True, 'ct_sensor_ok': True, 'lc_on': False, 'lc_error': False}",result,Kommunikations-Test fuer SR830 und OSTECH,,,
2026-09-15,10:21:45,324,KOM_Test,OSTECH,T,GVN,8661,result,Kommunikations-Test fuer SR830 und OSTECH,,,
2026-09-15,10:21:45,339,KOM_Test,OSTECH,T,LTM,25.0,result,Kommunikations-Test fuer SR830 und OSTECH,,,
2026-09-15,10:21:45,350,KOM_Test,OSTECH,T,LCA,0.0,result,Kommunikations-Test fuer SR830 und OSTECH,,,
2026-09-15,10:21:45,374,KOM_Test,OSTECH,T,LVA,0.0,result,Kommunikations-Test fuer SR830 und OSTECH,,,
2026-09-15,10:21:45,384,KOM_Test,OSTECH,T,XTA,21.007339477539062,result,Kommunikations-Test fuer SR830 und OSTECH,,,
2026-09-15,10:21:45,410,KOM_Test,OSTECH,T,GT,27.83228874206543,result,Kommunikations-Test fuer SR830 und OSTECH,,,
2026-09-15,10:21:45,425,KOM_Test,OSTECH,T,GS,"{'status_word': 3085, 'interlock_ok': True, 'driver_supply_ok': True, 'driver_temperature_ok': True, 'lt_sensor_ok': True, 'ct_sensor_ok': True, 'lc_on': False, 'lc_error': False}",result,Kommunikations-Test fuer SR830 und OSTECH,,,
2026-09-15,10:21:45,433,KOM_Test,SR830,T,"SNAP 5,6,7,8,9","-0.00333333,0.003,-0.000666667,-0.000666667,1000",result,Kommunikations-Test fuer SR830 und OSTECH,,,
2026-09-15,10:21:45,439,KOM_Test,OSTECH,T,GVN,8661,result,Kommunikations-Test fuer SR830 und OSTECH,,,
2026-09-15,10:21:45,457,KOM_Test,SR830,T,PHAS,0,result,Kommunikations-Test fuer SR830 und OSTECH,,,
2026-09-15,10:21:45,470,KOM_Test,OSTECH,T,LTM,25.0,result,Kommunikations-Test fuer SR830 und OSTECH,,,
2026-09-15,10:21:45,482,KOM_Test,SR830,T,FREQ,1000,result,Kommunikations-Test fuer SR830 und OSTECH,,,
2026-09-15,10:21:45,489,KOM_Test,OSTECH,T,LCA,0.0,result,Kommunikations-Test fuer SR830 und OSTECH,,,
2026-09-15,10:21:45,501,KOM_Test,OSTECH,T,LVA,0.0,result,Kommunikations-Test fuer SR830 und OSTECH,,,
2026-09-15,10:21:45,526,KOM_Test,OSTECH,T,XTA,21.002059936523438,result,Kommunikations-Test fuer SR830 und OSTECH,,,
2026-09-15,10:21:45,542,KOM_Test,OSTECH,T,GT,27.83228874206543,result,Kommunikations-Test fuer SR830 und OSTECH,,,
2026-09-15,10:21:45,556,KOM_Test,SR830,T,"SNAP 1,2,3,4,10,11","0,0,0,0,0,0",result,Kommunikations-Test fuer SR830 und OSTECH,,,
2026-09-15,10:21:45,556,KOM_Test,OSTECH,T,GS,"{'status_word': 3085, 'interlock_ok': True, 'driver_supply_ok': True, 'driver_temperature_ok': True, 'lt_sensor_ok': True, 'ct_sensor_ok': True, 'lc_on': False, 'lc_error': False}",result,Kommunikations-Test fuer SR830 und OSTECH,,,
2026-09-15,10:21:45,572,KOM_Test,OSTECH,T,GVN,8661,result,Kommunikations-Test fuer SR830 und OSTECH,,,
2026-09-15,10:21:45,589,KOM_Test,OSTECH,T,LTM,25.0,result,Kommunikations-Test fuer SR830 und OSTECH,,,
2026-09-15,10:21:45,599,KOM_Test,OSTECH,T,LCA,0.0,result,Kommunikations-Test fuer SR830 und OSTECH,,,
2026-09-15,10:21:45,628,KOM_Test,OSTECH,T,LVA,0.0,result,Kommunikations-Test fuer SR830 und OSTECH,,,
2026-09-15,10:21:45,649,KOM_Test,OSTECH,T,XTA,21.002059936523438,result,Kommunikations-Test fuer SR830 und OSTECH,,,
2026-09-15,10:21:45,672,KOM_Test,SR830,T,"SNAP 5,6,7,8,9","-0.00166667,0.005,0.000666667,-0.005,1000",result,Kommunikations-Test fuer SR830 und OSTECH,,,
2026-09-15,10:21:45,672,KOM_Test,OSTECH,T,GT,27.83228874206543,result,Kommunikations-Test fuer SR830 und OSTECH,,,
2026-09-15,10:21:45,688,KOM_Test,OSTECH,T,GS,"{'status_word': 3085, 'interlock_ok': True, 'driver_supply_ok': True, 'driver_temperature_ok': True, 'lt_sensor_ok': True, 'ct_sensor_ok': True, 'lc_on': False, 'lc_error': False}",result,Kommunikations-Test fuer SR830 und OSTECH,,,
2026-09-15,10:21:45,688,KOM_Test,SR830,T,PHAS,0,result,Kommunikations-Test fuer SR830 und OSTECH,,,
2026-09-15,10:21:45,702,KOM_Test,OSTECH,T,GVN,8661,result,Kommunikations-Test fuer SR830 und OSTECH,,,
2026-09-15,10:21:45,717,KOM_Test,SR830,T,FREQ,1000,result,Kommunikations-Test fuer SR830 und OSTECH,,,
2026-09-15,10:21:45,727,KOM_Test,OSTECH,T,LTM,25.0,result,Kommunikations-Test fuer SR830 und OSTECH,,,
2026-09-15,10:21:45,737,KOM_Test,OSTECH,T,LCA,0.0,result,Kommunikations-Test fuer SR830 und OSTECH,,,
2026-09-15,10:21:45,757,KOM_Test,OSTECH,T,LVA,0.0,result,Kommunikations-Test fuer SR830 und OSTECH,,,
2026-09-15,10:21:45,777,KOM_Test,OSTECH,T,XTA,21.002059936523438,result,Kommunikations-Test fuer SR830 und OSTECH,,,
2026-09-15,10:21:45,783,KOM_Test,OSTECH,T,GT,27.83228874206543,result,Kommunikations-Test fuer SR830 und OSTECH,,,
2026-09-15,10:21:45,806,KOM_Test,OSTECH,T,GS,"{'status_word': 3085, 'interlock_ok': True, 'driver_supply_ok': True, 'driver_temperature_ok': True, 'lt_sensor_ok': True, 'ct_sensor_ok': True, 'lc_on': False, 'lc_error': False}",result,Kommunikations-Test fuer SR830 und OSTECH,,,
2026-09-15,10:21:45,827,KOM_Test,OSTECH,T,GVN,8661,result,Kommunikations-Test fuer SR830 und OSTECH,,,
2026-09-15,10:21:45,833,KOM_Test,OSTECH,T,LTM,25.0,result,Kommunikations-Test fuer SR830 und OSTECH,,,
2026-09-15,10:21:45,852,KOM_Test,OSTECH,T,LCA,0.0,result,Kommunikations-Test fuer SR830 und OSTECH,,,
2026-09-15,10:21:45,864,KOM_Test,SR830,T,"SNAP 1,2,3,4,10,11","6.10356e-005,0,6.10356e-005,26.562,6.10356e-005,0",result,Kommunikations-Test fuer SR830 und OSTECH,,,
2026-09-15,10:21:45,877,KOM_Test,OSTECH,T,LVA,0.0,result,Kommunikations-Test fuer SR830 und OSTECH,,,
2026-09-15,10:21:45,885,KOM_Test,OSTECH,T,XTA,21.002059936523438,result,Kommunikations-Test fuer SR830 und OSTECH,,,
2026-09-15,10:21:45,907,KOM_Test,OSTECH,T,GT,27.83228874206543,result,Kommunikations-Test fuer SR830 und OSTECH,,,
2026-09-15,10:21:45,922,KOM_Test,OSTECH,T,GS,"{'status_word': 3085, 'interlock_ok': True, 'driver_supply_ok': True, 'driver_temperature_ok': True, 'lt_sensor_ok': True, 'ct_sensor_ok': True, 'lc_on': False, 'lc_error': False}",result,Kommunikations-Test fuer SR830 und OSTECH,,,
2026-09-15,10:21:45,939,KOM_Test,OSTECH,T,GVN,8661,result,Kommunikations-Test fuer SR830 und OSTECH,,,
2026-09-15,10:21:45,956,KOM_Test,OSTECH,T,LTM,25.0,result,Kommunikations-Test fuer SR830 und OSTECH,,,
2026-09-15,10:21:45,966,KOM_Test,OSTECH,T,LCA,0.0,result,Kommunikations-Test fuer SR830 und OSTECH,,,
2026-09-15,10:21:45,985,KOM_Test,OSTECH,T,LVA,0.0,result,Kommunikations-Test fuer SR830 und OSTECH,,,
2026-09-15,10:21:46,010,KOM_Test,SR830,T,"SNAP 5,6,7,8,9","-0.000666667,0.00633333,-0.000333333,0.000666667,1000",result,Kommunikations-Test fuer SR830 und OSTECH,,,
2026-09-15,10:21:46,021,KOM_Test,OSTECH,T,XTA,21.004539489746094,result,Kommunikations-Test fuer SR830 und OSTECH,,,
2026-09-15,10:21:46,027,KOM_Test,SR830,T,PHAS,0,result,Kommunikations-Test fuer SR830 und OSTECH,,,
2026-09-15,10:21:46,036,KOM_Test,OSTECH,T,GT,27.83228874206543,result,Kommunikations-Test fuer SR830 und OSTECH,,,
2026-09-15,10:21:46,048,KOM_Test,SR830,T,FREQ,1000,result,Kommunikations-Test fuer SR830 und OSTECH,,,
2026-09-15,10:21:46,055,KOM_Test,OSTECH,T,GS,"{'status_word': 3085, 'interlock_ok': True, 'driver_supply_ok': True, 'driver_temperature_ok': True, 'lt_sensor_ok': True, 'ct_sensor_ok': True, 'lc_on': False, 'lc_error': False}",result,Kommunikations-Test fuer SR830 und OSTECH,,,
2026-09-15,10:21:46,067,KOM_Test,OSTECH,T,GVN,8661,result,Kommunikations-Test fuer SR830 und OSTECH,,,
2026-09-15,10:21:46,090,KOM_Test,OSTECH,T,LTM,25.0,result,Kommunikations-Test fuer SR830 und OSTECH,,,
2026-09-15,10:21:46,106,KOM_Test,OSTECH,T,LCA,0.0,result,Kommunikations-Test fuer SR830 und OSTECH,,,
2026-09-15,10:21:46,117,KOM_Test,SR830,T,"SNAP 1,2,3,4,10,11","0,0,0,90,0,0",result,Kommunikations-Test fuer SR830 und OSTECH,,,
2026-09-15,10:21:46,128,KOM_Test,OSTECH,T,LVA,0.0,result,Kommunikations-Test fuer SR830 und OSTECH,,,
2026-09-15,10:21:46,139,KOM_Test,OSTECH,T,XTA,21.004539489746094,result,Kommunikations-Test fuer SR830 und OSTECH,,,
2026-09-15,10:21:46,150,KOM_Test,OSTECH,T,GT,27.83228874206543,result,Kommunikations-Test fuer SR830 und OSTECH,,,
2026-09-15,10:21:46,173,KOM_Test,OSTECH,T,GS,"{'status_word': 3085, 'interlock_ok': True, 'driver_supply_ok': True, 'driver_temperature_ok': True, 'lt_sensor_ok': True, 'ct_sensor_ok': True, 'lc_on': False, 'lc_error': False}",result,Kommunikations-Test fuer SR830 und OSTECH,,,
2026-09-15,10:21:46,198,KOM_Test,OSTECH,T,GVN,8661,result,Kommunikations-Test fuer SR830 und OSTECH,,,
2026-09-15,10:21:46,201,KOM_Test,OSTECH,T,LTM,25.0,result,Kommunikations-Test fuer SR830 und OSTECH,,,
2026-09-15,10:21:46,220,KOM_Test,OSTECH,T,LCA,0.0,result,Kommunikations-Test fuer SR830 und OSTECH,,,
2026-09-15,10:21:46,237,KOM_Test,OSTECH,T,LVA,0.0,result,Kommunikations-Test fuer SR830 und OSTECH,,,
2026-09-15,10:21:46,252,KOM_Test,SR830,T,"SNAP 5,6,7,8,9","-0.00466667,0.00633333,-0.000333333,-0.000666667,1000",result,Kommunikations-Test fuer SR830 und OSTECH,,,
2026-09-15,10:21:46,261,KOM_Test,OSTECH,T,XTA,21.004539489746094,result,Kommunikations-Test fuer SR830 und OSTECH,,,
2026-09-15,10:21:46,275,KOM_Test,OSTECH,T,GT,27.83228874206543,result,Kommunikations-Test fuer SR830 und OSTECH,,,
2026-09-15,10:21:46,275,KOM_Test,SR830,T,PHAS,0,result,Kommunikations-Test fuer SR830 und OSTECH,,,
2026-09-15,10:21:46,290,KOM_Test,OSTECH,T,GS,"{'status_word': 3085, 'interlock_ok': True, 'driver_supply_ok': True, 'driver_temperature_ok': True, 'lt_sensor_ok': True, 'ct_sensor_ok': True, 'lc_on': False, 'lc_error': False}",result,Kommunikations-Test fuer SR830 und OSTECH,,,
2026-09-15,10:21:46,302,KOM_Test,SR830,T,FREQ,1000,result,Kommunikations-Test fuer SR830 und OSTECH,,,
2026-09-15,10:21:46,306,KOM_Test,OSTECH,T,GVN,8661,result,Kommunikations-Test fuer SR830 und OSTECH,,,
2026-09-15,10:21:46,319,KOM_Test,OSTECH,T,LTM,25.0,result,Kommunikations-Test fuer SR830 und OSTECH,,,
2026-09-15,10:21:46,339,KOM_Test,OSTECH,T,LCA,0.0,result,Kommunikations-Test fuer SR830 und OSTECH,,,
2026-09-15,10:21:46,350,KOM_Test,OSTECH,T,LVA,0.0,result,Kommunikations-Test fuer SR830 und OSTECH,,,
2026-09-15,10:21:46,382,KOM_Test,OSTECH,T,XTA,21.004539489746094,result,Kommunikations-Test fuer SR830 und OSTECH,,,
2026-09-15,10:21:46,384,KOM_Test,OSTECH,T,GT,27.83228874206543,result,Kommunikations-Test fuer SR830 und OSTECH,,,
2026-09-15,10:21:46,408,KOM_Test,OSTECH,T,GS,"{'status_word': 3085, 'interlock_ok': True, 'driver_supply_ok': True, 'driver_temperature_ok': True, 'lt_sensor_ok': True, 'ct_sensor_ok': True, 'lc_on': False, 'lc_error': False}",result,Kommunikations-Test fuer SR830 und OSTECH,,,
2026-09-15,10:21:46,421,KOM_Test,OSTECH,T,GVN,8661,result,Kommunikations-Test fuer SR830 und OSTECH,,,
2026-09-15,10:21:46,457,KOM_Test,OSTECH,T,LTM,25.0,result,Kommunikations-Test fuer SR830 und OSTECH,,,
2026-09-15,10:21:46,467,KOM_Test,OSTECH,T,LCA,0.0,result,Kommunikations-Test fuer SR830 und OSTECH,,,
2026-09-15,10:21:46,467,KOM_Test,SR830,T,"SNAP 1,2,3,4,10,11","-6.10356e-005,6.10356e-005,6.10356e-005,116.562,-6.10356e-005,6.10356e-005",result,Kommunikations-Test fuer SR830 und OSTECH,,,
2026-09-15,10:21:46,485,KOM_Test,OSTECH,T,LVA,0.0,result,Kommunikations-Test fuer SR830 und OSTECH,,,
2026-09-15,10:21:46,501,KOM_Test,OSTECH,T,XTA,21.004539489746094,result,Kommunikations-Test fuer SR830 und OSTECH,,,
2026-09-15,10:21:46,523,KOM_Test,OSTECH,T,GT,27.83228874206543,result,Kommunikations-Test fuer SR830 und OSTECH,,,
2026-09-15,10:21:46,540,KOM_Test,OSTECH,T,GS,"{'status_word': 3085, 'interlock_ok': True, 'driver_supply_ok': True, 'driver_temperature_ok': True, 'lt_sensor_ok': True, 'ct_sensor_ok': True, 'lc_on': False, 'lc_error': False}",result,Kommunikations-Test fuer SR830 und OSTECH,,,
2026-09-15,10:21:46,567,KOM_Test,OSTECH,T,GVN,8661,result,Kommunikations-Test fuer SR830 und OSTECH,,,
2026-09-15,10:21:46,586,KOM_Test,OSTECH,T,LTM,25.0,result,Kommunikations-Test fuer SR830 und OSTECH,,,
2026-09-15,10:21:46,600,KOM_Test,SR830,T,"SNAP 5,6,7,8,9","-0.00166667,0.00633333,-0.000333333,-0.00233333,1000",result,Kommunikations-Test fuer SR830 und OSTECH,,,
2026-09-15,10:21:46,609,KOM_Test,OSTECH,T,LCA,0.0,result,Kommunikations-Test fuer SR830 und OSTECH,,,
2026-09-15,10:21:46,620,KOM_Test,OSTECH,T,LVA,0.0,result,Kommunikations-Test fuer SR830 und OSTECH,,,
2026-09-15,10:21:46,620,KOM_Test,SR830,T,PHAS,0,result,Kommunikations-Test fuer SR830 und OSTECH,,,
2026-09-15,10:21:46,642,KOM_Test,OSTECH,T,XTA,21.004417419433594,result,Kommunikations-Test fuer SR830 und OSTECH,,,
2026-09-15,10:21:46,649,KOM_Test,SR830,T,FREQ,1000,result,Kommunikations-Test fuer SR830 und OSTECH,,,
2026-09-15,10:21:46,657,KOM_Test,OSTECH,T,GT,27.83228874206543,result,Kommunikations-Test fuer SR830 und OSTECH,,,
2026-09-15,10:21:46,669,KOM_Test,OSTECH,T,GS,"{'status_word': 3085, 'interlock_ok': True, 'driver_supply_ok': True, 'driver_temperature_ok': True, 'lt_sensor_ok': True, 'ct_sensor_ok': True, 'lc_on': False, 'lc_error': False}",result,Kommunikations-Test fuer SR830 und OSTECH,,,
2026-09-15,10:21:46,690,KOM_Test,OSTECH,T,GVN,8661,result,Kommunikations-Test fuer SR830 und OSTECH,,,
2026-09-15,10:21:46,706,KOM_Test,OSTECH,T,LTM,25.0,result,Kommunikations-Test fuer SR830 und OSTECH,,,
2026-09-15,10:21:46,717,KOM_Test,OSTECH,T,LCA,0.0,result,Kommunikations-Test fuer SR830 und OSTECH,,,
2026-09-15,10:21:46,751,KOM_Test,OSTECH,T,LVA,0.0,result,Kommunikations-Test fuer SR830 und OSTECH,,,
2026-09-15,10:21:46,756,KOM_Test,SR830,T,"SNAP 1,2,3,4,10,11","0,-6.10356e-005,0,-90,0,-6.10356e-005",result,Kommunikations-Test fuer SR830 und OSTECH,,,
2026-09-15,10:21:46,769,KOM_Test,OSTECH,T,XTA,21.004417419433594,result,Kommunikations-Test fuer SR830 und OSTECH,,,
2026-09-15,10:21:46,783,KOM_Test,OSTECH,T,GT,27.83228874206543,result,Kommunikations-Test fuer SR830 und OSTECH,,,
2026-09-15,10:21:46,790,KOM_Test,OSTECH,T,GS,"{'status_word': 3085, 'interlock_ok': True, 'driver_supply_ok': True, 'driver_temperature_ok': True, 'lt_sensor_ok': True, 'ct_sensor_ok': True, 'lc_on': False, 'lc_error': False}",result,Kommunikations-Test fuer SR830 und OSTECH,,,
2026-09-15,10:21:46,808,KOM_Test,OSTECH,T,GVN,8661,result,Kommunikations-Test fuer SR830 und OSTECH,,,
2026-09-15,10:21:46,832,KOM_Test,OSTECH,T,LTM,25.0,result,Kommunikations-Test fuer SR830 und OSTECH,,,
2026-09-15,10:21:46,836,KOM_Test,OSTECH,T,LCA,0.0,result,Kommunikations-Test fuer SR830 und OSTECH,,,
2026-09-15,10:21:46,857,KOM_Test,OSTECH,T,LVA,0.0,result,Kommunikations-Test fuer SR830 und OSTECH,,,
2026-09-15,10:21:46,875,KOM_Test,OSTECH,T,XTA,21.004417419433594,result,Kommunikations-Test fuer SR830 und OSTECH,,,
2026-09-15,10:21:46,885,KOM_Test,SR830,T,"SNAP 5,6,7,8,9","-0.000333333,0.00766667,-0.000666667,0.000666667,1000",result,Kommunikations-Test fuer SR830 und OSTECH,,,
2026-09-15,10:21:46,895,KOM_Test,OSTECH,T,GT,27.83228874206543,result,Kommunikations-Test fuer SR830 und OSTECH,,,
2026-09-15,10:21:46,909,KOM_Test,OSTECH,T,GS,"{'status_word': 3085, 'interlock_ok': True, 'driver_supply_ok': True, 'driver_temperature_ok': True, 'lt_sensor_ok': True, 'ct_sensor_ok': True, 'lc_on': False, 'lc_error': False}",result,Kommunikations-Test fuer SR830 und OSTECH,,,
2026-09-15,10:21:46,911,KOM_Test,SR830,T,PHAS,0,result,Kommunikations-Test fuer SR830 und OSTECH,,,
2026-09-15,10:21:46,926,KOM_Test,OSTECH,T,GVN,8661,result,Kommunikations-Test fuer SR830 und OSTECH,,,
2026-09-15,10:21:46,934,KOM_Test,SR830,T,FREQ,1000,result,Kommunikations-Test fuer SR830 und OSTECH,,,
2026-09-15,10:21:46,948,KOM_Test,OSTECH,T,LTM,25.0,result,Kommunikations-Test fuer SR830 und OSTECH,,,
2026-09-15,10:21:46,951,KOM_Test,OSTECH,T,LCA,0.0,result,Kommunikations-Test fuer SR830 und OSTECH,,,
2026-09-15,10:21:46,974,KOM_Test,OSTECH,T,LVA,0.0,result,Kommunikations-Test fuer SR830 und OSTECH,,,
2026-09-15,10:21:46,987,KOM_Test,OSTECH,T,XTA,21.004417419433594,result,Kommunikations-Test fuer SR830 und OSTECH,,,
2026-09-15,10:21:47,004,KOM_Test,SR830,T,"SNAP 1,2,3,4,10,11","0,0,0,0,0,0",result,Kommunikations-Test fuer SR830 und OSTECH,,,
2026-09-15,10:21:47,004,KOM_Test,OSTECH,T,GT,27.83228874206543,result,Kommunikations-Test fuer SR830 und OSTECH,,,
2026-09-15,10:21:47,024,KOM_Test,OSTECH,T,GS,"{'status_word': 3085, 'interlock_ok': True, 'driver_supply_ok': True, 'driver_temperature_ok': True, 'lt_sensor_ok': True, 'ct_sensor_ok': True, 'lc_on': False, 'lc_error': False}",result,Kommunikations-Test fuer SR830 und OSTECH,,,
2026-09-15,10:21:47,040,KOM_Test,OSTECH,T,GVN,8661,result,Kommunikations-Test fuer SR830 und OSTECH,,,
2026-09-15,10:21:47,057,KOM_Test,OSTECH,T,LTM,25.0,result,Kommunikations-Test fuer SR830 und OSTECH,,,
2026-09-15,10:21:47,067,KOM_Test,OSTECH,T,LCA,0.0,result,Kommunikations-Test fuer SR830 und OSTECH,,,
2026-09-15,10:21:47,087,KOM_Test,OSTECH,T,LVA,0.0,result,Kommunikations-Test fuer SR830 und OSTECH,,,
2026-09-15,10:21:47,123,KOM_Test,OSTECH,T,XTA,21.006668090820312,result,Kommunikations-Test fuer SR830 und OSTECH,,,
2026-09-15,10:21:47,123,KOM_Test,SR830,T,"SNAP 5,6,7,8,9","0.003,0.008,-0.00233333,0.000666667,1000",result,Kommunikations-Test fuer SR830 und OSTECH,,,
2026-09-15,10:21:47,141,KOM_Test,OSTECH,T,GT,27.83228874206543,result,Kommunikations-Test fuer SR830 und OSTECH,,,
2026-09-15,10:21:47,141,KOM_Test,SR830,T,PHAS,0,result,Kommunikations-Test fuer SR830 und OSTECH,,,
2026-09-15,10:21:47,158,KOM_Test,OSTECH,T,GS,"{'status_word': 3085, 'interlock_ok': True, 'driver_supply_ok': True, 'driver_temperature_ok': True, 'lt_sensor_ok': True, 'ct_sensor_ok': True, 'lc_on': False, 'lc_error': False}",result,Kommunikations-Test fuer SR830 und OSTECH,,,
2026-09-15,10:21:47,170,KOM_Test,SR830,T,FREQ,1000,result,Kommunikations-Test fuer SR830 und OSTECH,,,
2026-09-15,10:21:47,174,KOM_Test,OSTECH,T,GVN,8661,result,Kommunikations-Test fuer SR830 und OSTECH,,,
2026-09-15,10:21:47,191,KOM_Test,OSTECH,T,LTM,25.0,result,Kommunikations-Test fuer SR830 und OSTECH,,,
2026-09-15,10:21:47,200,KOM_Test,OSTECH,T,LCA,0.0,result,Kommunikations-Test fuer SR830 und OSTECH,,,
2026-09-15,10:21:47,220,KOM_Test,OSTECH,T,LVA,0.0,result,Kommunikations-Test fuer SR830 und OSTECH,,,
2026-09-15,10:21:47,242,KOM_Test,OSTECH,T,XTA,21.006668090820312,result,Kommunikations-Test fuer SR830 und OSTECH,,,
2026-09-15,10:21:47,252,KOM_Test,OSTECH,T,GT,27.83228874206543,result,Kommunikations-Test fuer SR830 und OSTECH,,,
2026-09-15,10:21:47,270,KOM_Test,OSTECH,T,GS,"{'status_word': 3085, 'interlock_ok': True, 'driver_supply_ok': True, 'driver_temperature_ok': True, 'lt_sensor_ok': True, 'ct_sensor_ok': True, 'lc_on': False, 'lc_error': False}",result,Kommunikations-Test fuer SR830 und OSTECH,,,
2026-09-15,10:21:47,291,KOM_Test,SR830,T,"SNAP 1,2,3,4,10,11","-6.10356e-005,0,0,135,-6.10356e-005,0",result,Kommunikations-Test fuer SR830 und OSTECH,,,
2026-09-15,10:21:47,302,KOM_Test,OSTECH,T,GVN,8661,result,Kommunikations-Test fuer SR830 und OSTECH,,,
2026-09-15,10:21:47,324,KOM_Test,OSTECH,T,LTM,25.0,result,Kommunikations-Test fuer SR830 und OSTECH,,,
2026-09-15,10:21:47,338,KOM_Test,OSTECH,T,LCA,0.0,result,Kommunikations-Test fuer SR830 und OSTECH,,,
2026-09-15,10:21:47,354,KOM_Test,OSTECH,T,LVA,0.0,result,Kommunikations-Test fuer SR830 und OSTECH,,,
2026-09-15,10:21:47,375,KOM_Test,OSTECH,T,XTA,21.006668090820312,result,Kommunikations-Test fuer SR830 und OSTECH,,,
2026-09-15,10:21:47,389,KOM_Test,OSTECH,T,GT,27.835256576538086,result,Kommunikations-Test fuer SR830 und OSTECH,,,
2026-09-15,10:21:47,406,KOM_Test,OSTECH,T,GS,"{'status_word': 3085, 'interlock_ok': True, 'driver_supply_ok': True, 'driver_temperature_ok': True, 'lt_sensor_ok': True, 'ct_sensor_ok': True, 'lc_on': False, 'lc_error': False}",result,Kommunikations-Test fuer SR830 und OSTECH,,,
2026-09-15,10:21:47,410,KOM_Test,SR830,T,"SNAP 5,6,7,8,9","-0.002,0.003,0.000666667,-0.000666667,1000",result,Kommunikations-Test fuer SR830 und OSTECH,,,
2026-09-15,10:21:47,422,KOM_Test,OSTECH,T,GVN,8661,result,Kommunikations-Test fuer SR830 und OSTECH,,,
2026-09-15,10:21:47,424,KOM_Test,SR830,T,PHAS,0,result,Kommunikations-Test fuer SR830 und OSTECH,,,
2026-09-15,10:21:47,440,KOM_Test,OSTECH,T,LTM,25.0,result,Kommunikations-Test fuer SR830 und OSTECH,,,
2026-09-15,10:21:47,442,KOM_Test,SR830,T,FREQ,1000,result,Kommunikations-Test fuer SR830 und OSTECH,,,
2026-09-15,10:21:47,460,KOM_Test,OSTECH,T,LCA,0.0,result,Kommunikations-Test fuer SR830 und OSTECH,,,
2026-09-15,10:21:47,484,KOM_Test,OSTECH,T,LVA,0.0,result,Kommunikations-Test fuer SR830 und OSTECH,,,
2026-09-15,10:21:47,502,KOM_Test,OSTECH,T,XTA,21.006668090820312,result,Kommunikations-Test fuer SR830 und OSTECH,,,
2026-09-15,10:21:47,525,KOM_Test,SR830,T,"SNAP 1,2,3,4,10,11","0,0,0,0,0,0",result,Kommunikations-Test fuer SR830 und OSTECH,,,
2026-09-15,10:21:47,525,KOM_Test,OSTECH,T,GT,27.835256576538086,result,Kommunikations-Test fuer SR830 und OSTECH,,,
2026-09-15,10:21:47,540,KOM_Test,OSTECH,T,GS,"{'status_word': 3085, 'interlock_ok': True, 'driver_supply_ok': True, 'driver_temperature_ok': True, 'lt_sensor_ok': True, 'ct_sensor_ok': True, 'lc_on': False, 'lc_error': False}",result,Kommunikations-Test fuer SR830 und OSTECH,,,
2026-09-15,10:21:47,559,KOM_Test,OSTECH,T,GVN,8661,result,Kommunikations-Test fuer SR830 und OSTECH,,,
2026-09-15,10:21:47,576,KOM_Test,OSTECH,T,LTM,25.0,result,Kommunikations-Test fuer SR830 und OSTECH,,,
2026-09-15,10:21:47,590,KOM_Test,OSTECH,T,LCA,0.0,result,Kommunikations-Test fuer SR830 und OSTECH,,,
2026-09-15,10:21:47,605,KOM_Test,OSTECH,T,LVA,0.0,result,Kommunikations-Test fuer SR830 und OSTECH,,,
2026-09-15,10:21:47,619,KOM_Test,OSTECH,T,XTA,21.006668090820312,result,Kommunikations-Test fuer SR830 und OSTECH,,,
2026-09-15,10:21:47,641,KOM_Test,SR830,T,"SNAP 5,6,7,8,9","-0.00333333,0.00633333,0.001,-0.004,1000",result,Kommunikations-Test fuer SR830 und OSTECH,,,
2026-09-15,10:21:47,644,KOM_Test,OSTECH,T,GT,27.835256576538086,result,Kommunikations-Test fuer SR830 und OSTECH,,,
2026-09-15,10:21:47,658,KOM_Test,SR830,T,PHAS,0,result,Kommunikations-Test fuer SR830 und OSTECH,,,
2026-09-15,10:21:47,668,KOM_Test,OSTECH,T,GS,"{'status_word': 3085, 'interlock_ok': True, 'driver_supply_ok': True, 'driver_temperature_ok': True, 'lt_sensor_ok': True, 'ct_sensor_ok': True, 'lc_on': False, 'lc_error': False}",result,Kommunikations-Test fuer SR830 und OSTECH,,,
2026-09-15,10:21:47,686,KOM_Test,SR830,T,FREQ,1000,result,Kommunikations-Test fuer SR830 und OSTECH,,,
2026-09-15,10:21:47,691,KOM_Test,OSTECH,T,GVN,8661,result,Kommunikations-Test fuer SR830 und OSTECH,,,
2026-09-15,10:21:47,708,KOM_Test,OSTECH,T,LTM,25.0,result,Kommunikations-Test fuer SR830 und OSTECH,,,
2026-09-15,10:21:47,718,KOM_Test,OSTECH,T,LCA,0.0,result,Kommunikations-Test fuer SR830 und OSTECH,,,
2026-09-15,10:21:47,746,KOM_Test,OSTECH,T,LVA,0.0,result,Kommunikations-Test fuer SR830 und OSTECH,,,
2026-09-15,10:21:47,766,KOM_Test,OSTECH,T,XTA,21.005874633789062,result,Kommunikations-Test fuer SR830 und OSTECH,,,
2026-09-15,10:21:47,775,KOM_Test,OSTECH,T,GT,27.835256576538086,result,Kommunikations-Test fuer SR830 und OSTECH,,,
2026-09-15,10:21:47,793,KOM_Test,OSTECH,T,GS,"{'status_word': 3085, 'interlock_ok': True, 'driver_supply_ok': True, 'driver_temperature_ok': True, 'lt_sensor_ok': True, 'ct_sensor_ok': True, 'lc_on': False, 'lc_error': False}",result,Kommunikations-Test fuer SR830 und OSTECH,,,
2026-09-15,10:21:47,808,KOM_Test,OSTECH,T,GVN,8661,result,Kommunikations-Test fuer SR830 und OSTECH,,,
2026-09-15,10:21:47,826,KOM_Test,OSTECH,T,LTM,25.0,result,Kommunikations-Test fuer SR830 und OSTECH,,,
2026-09-15,10:21:47,835,KOM_Test,SR830,T,"SNAP 1,2,3,4,10,11","-0.000122071,0,6.10356e-005,153.438,-0.000122071,0",result,Kommunikations-Test fuer SR830 und OSTECH,,,
2026-09-15,10:21:47,849,KOM_Test,OSTECH,T,LCA,0.0,result,Kommunikations-Test fuer SR830 und OSTECH,,,
2026-09-15,10:21:47,858,KOM_Test,OSTECH,T,LVA,0.0,result,Kommunikations-Test fuer SR830 und OSTECH,,,
2026-09-15,10:21:47,871,KOM_Test,OSTECH,T,XTA,21.005874633789062,result,Kommunikations-Test fuer SR830 und OSTECH,,,
2026-09-15,10:21:47,893,KOM_Test,OSTECH,T,GT,27.835256576538086,result,Kommunikations-Test fuer SR830 und OSTECH,,,
2026-09-15,10:21:47,909,KOM_Test,OSTECH,T,GS,"{'status_word': 3085, 'interlock_ok': True, 'driver_supply_ok': True, 'driver_temperature_ok': True, 'lt_sensor_ok': True, 'ct_sensor_ok': True, 'lc_on': False, 'lc_error': False}",result,Kommunikations-Test fuer SR830 und OSTECH,,,
2026-09-15,10:21:47,926,KOM_Test,OSTECH,T,GVN,8661,result,Kommunikations-Test fuer SR830 und OSTECH,,,
2026-09-15,10:21:47,944,KOM_Test,OSTECH,T,LTM,25.0,result,Kommunikations-Test fuer SR830 und OSTECH,,,
2026-09-15,10:21:47,952,KOM_Test,OSTECH,T,LCA,0.0,result,Kommunikations-Test fuer SR830 und OSTECH,,,
2026-09-15,10:21:47,968,KOM_Test,SR830,T,"SNAP 5,6,7,8,9","-0.00166667,0.00633333,-0.002,-0.000666667,1000",result,Kommunikations-Test fuer SR830 und OSTECH,,,
2026-09-15,10:21:47,977,KOM_Test,OSTECH,T,LVA,0.0,result,Kommunikations-Test fuer SR830 und OSTECH,,,
2026-09-15,10:21:47,985,KOM_Test,SR830,T,PHAS,0,result,Kommunikations-Test fuer SR830 und OSTECH,,,
2026-09-15,10:21:47,994,KOM_Test,OSTECH,T,XTA,21.005874633789062,result,Kommunikations-Test fuer SR830 und OSTECH,,,
2026-09-15,10:21:48,005,KOM_Test,SR830,T,FREQ,1000,result,Kommunikations-Test fuer SR830 und OSTECH,,,
2026-09-15,10:21:48,013,KOM_Test,OSTECH,T,GT,27.835256576538086,result,Kommunikations-Test fuer SR830 und OSTECH,,,
2026-09-15,10:21:48,021,KOM_Test,OSTECH,T,GS,"{'status_word': 3085, 'interlock_ok': True, 'driver_supply_ok': True, 'driver_temperature_ok': True, 'lt_sensor_ok': True, 'ct_sensor_ok': True, 'lc_on': False, 'lc_error': False}",result,Kommunikations-Test fuer SR830 und OSTECH,,,
2026-09-15,10:21:48,044,KOM_Test,OSTECH,T,GVN,8661,result,Kommunikations-Test fuer SR830 und OSTECH,,,
2026-09-15,10:21:48,058,KOM_Test,OSTECH,T,LTM,25.0,result,Kommunikations-Test fuer SR830 und OSTECH,,,
2026-09-15,10:21:48,067,KOM_Test,OSTECH,T,LCA,0.0,result,Kommunikations-Test fuer SR830 und OSTECH,,,
2026-09-15,10:21:48,095,KOM_Test,OSTECH,T,LVA,0.0,result,Kommunikations-Test fuer SR830 und OSTECH,,,
2026-09-15,10:21:48,103,KOM_Test,OSTECH,T,XTA,21.005874633789062,result,Kommunikations-Test fuer SR830 und OSTECH,,,
2026-09-15,10:21:48,120,KOM_Test,OSTECH,T,GT,27.835256576538086,result,Kommunikations-Test fuer SR830 und OSTECH,,,
2026-09-15,10:21:48,141,KOM_Test,OSTECH,T,GS,"{'status_word': 3085, 'interlock_ok': True, 'driver_supply_ok': True, 'driver_temperature_ok': True, 'lt_sensor_ok': True, 'ct_sensor_ok': True, 'lc_on': False, 'lc_error': False}",result,Kommunikations-Test fuer SR830 und OSTECH,,,
2026-09-15,10:21:48,157,KOM_Test,OSTECH,T,GVN,8661,result,Kommunikations-Test fuer SR830 und OSTECH,,,
2026-09-15,10:21:48,174,KOM_Test,SR830,T,"SNAP 1,2,3,4,10,11","-0.000122071,-6.10356e-005,6.10356e-005,-153.438,-0.000122071,-6.10356e-005",result,Kommunikations-Test fuer SR830 und OSTECH,,,
2026-09-15,10:21:48,174,KOM_Test,OSTECH,T,LTM,25.0,result,Kommunikations-Test fuer SR830 und OSTECH,,,
2026-09-15,10:21:48,195,KOM_Test,OSTECH,T,LCA,0.0,result,Kommunikations-Test fuer SR830 und OSTECH,,,
2026-09-15,10:21:48,223,KOM_Test,OSTECH,T,LVA,0.0,result,Kommunikations-Test fuer SR830 und OSTECH,,,
2026-09-15,10:21:48,242,KOM_Test,OSTECH,T,XTA,20.999496459960938,result,Kommunikations-Test fuer SR830 und OSTECH,,,
2026-09-15,10:21:48,259,KOM_Test,OSTECH,T,GT,27.835256576538086,result,Kommunikations-Test fuer SR830 und OSTECH,,,
2026-09-15,10:21:48,275,KOM_Test,OSTECH,T,GS,"{'status_word': 3085, 'interlock_ok': True, 'driver_supply_ok': True, 'driver_temperature_ok': True, 'lt_sensor_ok': True, 'ct_sensor_ok': True, 'lc_on': False, 'lc_error': False}",result,Kommunikations-Test fuer SR830 und OSTECH,,,
2026-09-15,10:21:48,293,KOM_Test,OSTECH,T,GVN,8661,result,Kommunikations-Test fuer SR830 und OSTECH,,,
2026-09-15,10:21:48,304,KOM_Test,SR830,T,"SNAP 5,6,7,8,9","-0.000666667,0.00466667,-0.00233333,0.000666667,1000",result,Kommunikations-Test fuer SR830 und OSTECH,,,
2026-09-15,10:21:48,313,KOM_Test,OSTECH,T,LTM,25.0,result,Kommunikations-Test fuer SR830 und OSTECH,,,
2026-09-15,10:21:48,320,KOM_Test,OSTECH,T,LCA,0.0,result,Kommunikations-Test fuer SR830 und OSTECH,,,
2026-09-15,10:21:48,320,KOM_Test,SR830,T,PHAS,0,result,Kommunikations-Test fuer SR830 und OSTECH,,,
2026-09-15,10:21:48,347,KOM_Test,OSTECH,T,LVA,0.0,result,Kommunikations-Test fuer SR830 und OSTECH,,,
2026-09-15,10:21:48,351,KOM_Test,SR830,T,FREQ,1000,result,Kommunikations-Test fuer SR830 und OSTECH,,,
2026-09-15,10:21:48,360,KOM_Test,OSTECH,T,XTA,20.999496459960938,result,Kommunikations-Test fuer SR830 und OSTECH,,,
2026-09-15,10:21:48,371,KOM_Test,OSTECH,T,GT,27.835256576538086,result,Kommunikations-Test fuer SR830 und OSTECH,,,
2026-09-15,10:21:48,399,KOM_Test,OSTECH,T,GS,"{'status_word': 3085, 'interlock_ok': True, 'driver_supply_ok': True, 'driver_temperature_ok': True, 'lt_sensor_ok': True, 'ct_sensor_ok': True, 'lc_on': False, 'lc_error': False}",result,Kommunikations-Test fuer SR830 und OSTECH,,,
2026-09-15,10:21:48,402,KOM_Test,OSTECH,T,GVN,8661,result,Kommunikations-Test fuer SR830 und OSTECH,,,
2026-09-15,10:21:48,429,KOM_Test,OSTECH,T,LTM,25.0,result,Kommunikations-Test fuer SR830 und OSTECH,,,
2026-09-15,10:21:48,438,KOM_Test,OSTECH,T,LCA,0.0,result,Kommunikations-Test fuer SR830 und OSTECH,,,
2026-09-15,10:21:48,454,KOM_Test,OSTECH,T,LVA,0.0,result,Kommunikations-Test fuer SR830 und OSTECH,,,
2026-09-15,10:21:48,469,KOM_Test,SR830,T,"SNAP 1,2,3,4,10,11","0,-6.10356e-005,0,-90,0,-6.10356e-005",result,Kommunikations-Test fuer SR830 und OSTECH,,,
2026-09-15,10:21:48,480,KOM_Test,OSTECH,T,XTA,20.999496459960938,result,Kommunikations-Test fuer SR830 und OSTECH,,,
2026-09-15,10:21:48,487,KOM_Test,OSTECH,T,GT,27.835256576538086,result,Kommunikations-Test fuer SR830 und OSTECH,,,
2026-09-15,10:21:48,507,KOM_Test,OSTECH,T,GS,"{'status_word': 3085, 'interlock_ok': True, 'driver_supply_ok': True, 'driver_temperature_ok': True, 'lt_sensor_ok': True, 'ct_sensor_ok': True, 'lc_on': False, 'lc_error': False}",result,Kommunikations-Test fuer SR830 und OSTECH,,,
2026-09-15,10:21:48,524,KOM_Test,OSTECH,T,GVN,8661,result,Kommunikations-Test fuer SR830 und OSTECH,,,
2026-09-15,10:21:48,541,KOM_Test,OSTECH,T,LTM,25.0,result,Kommunikations-Test fuer SR830 und OSTECH,,,
2026-09-15,10:21:48,551,KOM_Test,OSTECH,T,LCA,0.0,result,Kommunikations-Test fuer SR830 und OSTECH,,,
2026-09-15,10:21:48,584,KOM_Test,OSTECH,T,LVA,0.0,result,Kommunikations-Test fuer SR830 und OSTECH,,,
2026-09-15,10:21:48,591,KOM_Test,SR830,T,"SNAP 5,6,7,8,9","-0.00333333,0.005,0.000666667,-0.001,1000",result,Kommunikations-Test fuer SR830 und OSTECH,,,
2026-09-15,10:21:48,601,KOM_Test,SR830,T,PHAS,0,result,Kommunikations-Test fuer SR830 und OSTECH,,,
2026-09-15,10:21:48,601,KOM_Test,OSTECH,T,XTA,20.999496459960938,result,Kommunikations-Test fuer SR830 und OSTECH,,,
2026-09-15,10:21:48,618,KOM_Test,OSTECH,T,GT,27.835256576538086,result,Kommunikations-Test fuer SR830 und OSTECH,,,
2026-09-15,10:21:48,635,KOM_Test,SR830,T,FREQ,1000,result,Kommunikations-Test fuer SR830 und OSTECH,,,
2026-09-15,10:21:48,642,KOM_Test,OSTECH,T,GS,"{'status_word': 3085, 'interlock_ok': True, 'driver_supply_ok': True, 'driver_temperature_ok': True, 'lt_sensor_ok': True, 'ct_sensor_ok': True, 'lc_on': False, 'lc_error': False}",result,Kommunikations-Test fuer SR830 und OSTECH,,,
2026-09-15,10:21:48,657,KOM_Test,OSTECH,T,GVN,8661,result,Kommunikations-Test fuer SR830 und OSTECH,,,
2026-09-15,10:21:48,674,KOM_Test,OSTECH,T,LTM,25.0,result,Kommunikations-Test fuer SR830 und OSTECH,,,
2026-09-15,10:21:48,684,KOM_Test,OSTECH,T,LCA,0.0,result,Kommunikations-Test fuer SR830 und OSTECH,,,
2026-09-15,10:21:48,705,KOM_Test,OSTECH,T,LVA,0.0,result,Kommunikations-Test fuer SR830 und OSTECH,,,
2026-09-15,10:21:48,720,KOM_Test,OSTECH,T,XTA,20.999496459960938,result,Kommunikations-Test fuer SR830 und OSTECH,,,
2026-09-15,10:21:48,741,KOM_Test,OSTECH,T,GT,27.835256576538086,result,Kommunikations-Test fuer SR830 und OSTECH,,,
2026-09-15,10:21:48,757,KOM_Test,SR830,T,"SNAP 1,2,3,4,10,11","0,-6.10356e-005,0,-90,0,-6.10356e-005",result,Kommunikations-Test fuer SR830 und OSTECH,,,
2026-09-15,10:21:48,768,KOM_Test,OSTECH,T,GS,"{'status_word': 3085, 'interlock_ok': True, 'driver_supply_ok': True, 'driver_temperature_ok': True, 'lt_sensor_ok': True, 'ct_sensor_ok': True, 'lc_on': False, 'lc_error': False}",result,Kommunikations-Test fuer SR830 und OSTECH,,,
2026-09-15,10:21:48,793,KOM_Test,OSTECH,T,GVN,8661,result,Kommunikations-Test fuer SR830 und OSTECH,,,
2026-09-15,10:21:48,812,KOM_Test,OSTECH,T,LTM,25.0,result,Kommunikations-Test fuer SR830 und OSTECH,,,
2026-09-15,10:21:48,824,KOM_Test,OSTECH,T,LCA,0.0,result,Kommunikations-Test fuer SR830 und OSTECH,,,
2026-09-15,10:21:48,835,KOM_Test,OSTECH,T,LVA,0.0,result,Kommunikations-Test fuer SR830 und OSTECH,,,
2026-09-15,10:21:48,853,KOM_Test,OSTECH,T,XTA,21.003868103027344,result,Kommunikations-Test fuer SR830 und OSTECH,,,
2026-09-15,10:21:48,871,KOM_Test,OSTECH,T,GT,27.835256576538086,result,Kommunikations-Test fuer SR830 und OSTECH,,,
2026-09-15,10:21:48,880,KOM_Test,SR830,T,"SNAP 5,6,7,8,9","0.003,0.00766667,0.000666667,-0.00233333,1000",result,Kommunikations-Test fuer SR830 und OSTECH,,,
2026-09-15,10:21:48,891,KOM_Test,OSTECH,T,GS,"{'status_word': 3085, 'interlock_ok': True, 'driver_supply_ok': True, 'driver_temperature_ok': True, 'lt_sensor_ok': True, 'ct_sensor_ok': True, 'lc_on': False, 'lc_error': False}",result,Kommunikations-Test fuer SR830 und OSTECH,,,
2026-09-15,10:21:48,891,KOM_Test,SR830,T,PHAS,0,result,Kommunikations-Test fuer SR830 und OSTECH,,,
2026-09-15,10:21:48,911,KOM_Test,OSTECH,T,GVN,8661,result,Kommunikations-Test fuer SR830 und OSTECH,,,
2026-09-15,10:21:48,920,KOM_Test,SR830,T,FREQ,1000,result,Kommunikations-Test fuer SR830 und OSTECH,,,
2026-09-15,10:21:48,928,KOM_Test,OSTECH,T,LTM,25.0,result,Kommunikations-Test fuer SR830 und OSTECH,,,
2026-09-15,10:21:48,957,KOM_Test,OSTECH,T,LCA,0.0,result,Kommunikations-Test fuer SR830 und OSTECH,,,
2026-09-15,10:21:48,974,KOM_Test,OSTECH,T,LVA,0.0,result,Kommunikations-Test fuer SR830 und OSTECH,,,
2026-09-15,10:21:48,992,KOM_Test,OSTECH,T,XTA,21.003868103027344,result,Kommunikations-Test fuer SR830 und OSTECH,,,
2026-09-15,10:21:49,001,KOM_Test,OSTECH,T,GT,27.835256576538086,result,Kommunikations-Test fuer SR830 und OSTECH,,,
2026-09-15,10:21:49,024,KOM_Test,OSTECH,T,GS,"{'status_word': 3085, 'interlock_ok': True, 'driver_supply_ok': True, 'driver_temperature_ok': True, 'lt_sensor_ok': True, 'ct_sensor_ok': True, 'lc_on': False, 'lc_error': False}",result,Kommunikations-Test fuer SR830 und OSTECH,,,
2026-09-15,10:21:49,039,KOM_Test,SR830,T,"SNAP 1,2,3,4,10,11","-6.10356e-005,0,0,135,-6.10356e-005,0",result,Kommunikations-Test fuer SR830 und OSTECH,,,
2026-09-15,10:21:49,041,KOM_Test,OSTECH,T,GVN,8661,result,Kommunikations-Test fuer SR830 und OSTECH,,,
2026-09-15,10:21:49,057,KOM_Test,OSTECH,T,LTM,25.0,result,Kommunikations-Test fuer SR830 und OSTECH,,,
2026-09-15,10:21:49,068,KOM_Test,OSTECH,T,LCA,0.0,result,Kommunikations-Test fuer SR830 und OSTECH,,,
2026-09-15,10:21:49,092,KOM_Test,OSTECH,T,LVA,0.0,result,Kommunikations-Test fuer SR830 und OSTECH,,,
2026-09-15,10:21:49,109,KOM_Test,OSTECH,T,XTA,21.003868103027344,result,Kommunikations-Test fuer SR830 und OSTECH,,,
2026-09-15,10:21:49,133,KOM_Test,OSTECH,T,GT,27.835256576538086,result,Kommunikations-Test fuer SR830 und OSTECH,,,
2026-09-15,10:21:49,141,KOM_Test,OSTECH,T,GS,"{'status_word': 3085, 'interlock_ok': True, 'driver_supply_ok': True, 'driver_temperature_ok': True, 'lt_sensor_ok': True, 'ct_sensor_ok': True, 'lc_on': False, 'lc_error': False}",result,Kommunikations-Test fuer SR830 und OSTECH,,,
2026-09-15,10:21:49,158,KOM_Test,OSTECH,T,GVN,8661,result,Kommunikations-Test fuer SR830 und OSTECH,,,
2026-09-15,10:21:49,174,KOM_Test,SR830,T,"SNAP 5,6,7,8,9","-0.00333333,0.00766667,-0.000666667,0.000666667,1000",result,Kommunikations-Test fuer SR830 und OSTECH,,,
2026-09-15,10:21:49,174,KOM_Test,OSTECH,T,LTM,25.0,result,Kommunikations-Test fuer SR830 und OSTECH,,,
2026-09-15,10:21:49,192,KOM_Test,OSTECH,T,LCA,0.0,result,Kommunikations-Test fuer SR830 und OSTECH,,,
2026-09-15,10:21:49,192,KOM_Test,SR830,T,PHAS,0,result,Kommunikations-Test fuer SR830 und OSTECH,,,
2026-09-15,10:21:49,204,KOM_Test,OSTECH,T,LVA,0.0,result,Kommunikations-Test fuer SR830 und OSTECH,,,
2026-09-15,10:21:49,220,KOM_Test,SR830,T,FREQ,1000,result,Kommunikations-Test fuer SR830 und OSTECH,,,
2026-09-15,10:21:49,227,KOM_Test,OSTECH,T,XTA,21.003868103027344,result,Kommunikations-Test fuer SR830 und OSTECH,,,
2026-09-15,10:21:49,237,KOM_Test,OSTECH,T,GT,27.835256576538086,result,Kommunikations-Test fuer SR830 und OSTECH,,,
2026-09-15,10:21:49,255,KOM_Test,OSTECH,T,GS,"{'status_word': 3085, 'interlock_ok': True, 'driver_supply_ok': True, 'driver_temperature_ok': True, 'lt_sensor_ok': True, 'ct_sensor_ok': True, 'lc_on': False, 'lc_error': False}",result,Kommunikations-Test fuer SR830 und OSTECH,,,
2026-09-15,10:21:49,275,KOM_Test,OSTECH,T,GVN,8661,result,Kommunikations-Test fuer SR830 und OSTECH,,,
2026-09-15,10:21:49,292,KOM_Test,OSTECH,T,LTM,25.0,result,Kommunikations-Test fuer SR830 und OSTECH,,,
2026-09-15,10:21:49,318,KOM_Test,OSTECH,T,LCA,0.0,result,Kommunikations-Test fuer SR830 und OSTECH,,,
2026-09-15,10:21:49,340,KOM_Test,OSTECH,T,LVA,0.0,result,Kommunikations-Test fuer SR830 und OSTECH,,,
2026-09-15,10:21:49,355,KOM_Test,OSTECH,T,XTA,21.003868103027344,result,Kommunikations-Test fuer SR830 und OSTECH,,,
2026-09-15,10:21:49,368,KOM_Test,SR830,T,"SNAP 1,2,3,4,10,11","-6.10356e-005,-6.10356e-005,0,-135,-6.10356e-005,-6.10356e-005",result,Kommunikations-Test fuer SR830 und OSTECH,,,
2026-09-15,10:21:49,374,KOM_Test,OSTECH,T,GT,27.835256576538086,result,Kommunikations-Test fuer SR830 und OSTECH,,,
2026-09-15,10:21:49,391,KOM_Test,OSTECH,T,GS,"{'status_word': 3085, 'interlock_ok': True, 'driver_supply_ok': True, 'driver_temperature_ok': True, 'lt_sensor_ok': True, 'ct_sensor_ok': True, 'lc_on': False, 'lc_error': False}",result,Kommunikations-Test fuer SR830 und OSTECH,,,
2026-09-15,10:21:49,405,KOM_Test,OSTECH,T,GVN,8661,result,Kommunikations-Test fuer SR830 und OSTECH,,,
2026-09-15,10:21:49,430,KOM_Test,OSTECH,T,LTM,25.0,result,Kommunikations-Test fuer SR830 und OSTECH,,,
2026-09-15,10:21:49,435,KOM_Test,OSTECH,T,LCA,0.0,result,Kommunikations-Test fuer SR830 und OSTECH,,,
2026-09-15,10:21:49,459,KOM_Test,OSTECH,T,LVA,0.0,result,Kommunikations-Test fuer SR830 und OSTECH,,,
2026-09-15,10:21:49,474,KOM_Test,OSTECH,T,XTA,21.003868103027344,result,Kommunikations-Test fuer SR830 und OSTECH,,,
2026-09-15,10:21:49,485,KOM_Test,SR830,T,"SNAP 5,6,7,8,9","-0.00166667,0.005,-0.000666667,0.00266667,1000",result,Kommunikations-Test fuer SR830 und OSTECH,,,
2026-09-15,10:21:49,506,KOM_Test,OSTECH,T,GT,27.835256576538086,result,Kommunikations-Test fuer SR830 und OSTECH,,,
2026-09-15,10:21:49,513,KOM_Test,SR830,T,PHAS,0,result,Kommunikations-Test fuer SR830 und OSTECH,,,
2026-09-15,10:21:49,523,KOM_Test,OSTECH,T,GS,"{'status_word': 3085, 'interlock_ok': True, 'driver_supply_ok': True, 'driver_temperature_ok': True, 'lt_sensor_ok': True, 'ct_sensor_ok': True, 'lc_on': False, 'lc_error': False}",result,Kommunikations-Test fuer SR830 und OSTECH,,,
2026-09-15,10:21:49,535,KOM_Test,SR830,T,FREQ,1000,result,Kommunikations-Test fuer SR830 und OSTECH,,,
2026-09-15,10:21:49,542,KOM_Test,OSTECH,T,GVN,8661,result,Kommunikations-Test fuer SR830 und OSTECH,,,
2026-09-15,10:21:49,568,KOM_Test,OSTECH,T,LTM,25.0,result,Kommunikations-Test fuer SR830 und OSTECH,,,
2026-09-15,10:21:49,585,KOM_Test,OSTECH,T,LCA,0.0,result,Kommunikations-Test fuer SR830 und OSTECH,,,
2026-09-15,10:21:49,600,KOM_Test,OSTECH,T,LVA,0.0,result,Kommunikations-Test fuer SR830 und OSTECH,,,
2026-09-15,10:21:49,614,KOM_Test,SR830,T,"SNAP 1,2,3,4,10,11","0,0,0,0,0,0",result,Kommunikations-Test fuer SR830 und OSTECH,,,
2026-09-15,10:21:49,616,KOM_Test,OSTECH,T,XTA,21.00464630126953,result,Kommunikations-Test fuer SR830 und OSTECH,,,
2026-09-15,10:21:49,642,KOM_Test,OSTECH,T,GT,27.835256576538086,result,Kommunikations-Test fuer SR830 und OSTECH,,,
2026-09-15,10:21:49,662,KOM_Test,OSTECH,T,GS,"{'status_word': 3085, 'interlock_ok': True, 'driver_supply_ok': True, 'driver_temperature_ok': True, 'lt_sensor_ok': True, 'ct_sensor_ok': True, 'lc_on': False, 'lc_error': False}",result,Kommunikations-Test fuer SR830 und OSTECH,,,
2026-09-15,10:21:49,680,KOM_Test,OSTECH,T,GVN,8661,result,Kommunikations-Test fuer SR830 und OSTECH,,,
2026-09-15,10:21:49,696,KOM_Test,OSTECH,T,LTM,25.0,result,Kommunikations-Test fuer SR830 und OSTECH,,,
2026-09-15,10:21:49,720,KOM_Test,OSTECH,T,LCA,0.0,result,Kommunikations-Test fuer SR830 und OSTECH,,,
2026-09-15,10:21:49,721,KOM_Test,SR830,T,"SNAP 5,6,7,8,9","-0.002,0.00666667,-0.002,0.001,1000",result,Kommunikations-Test fuer SR830 und OSTECH,,,
2026-09-15,10:21:49,735,KOM_Test,SR830,T,PHAS,0,result,Kommunikations-Test fuer SR830 und OSTECH,,,
2026-09-15,10:21:49,736,KOM_Test,OSTECH,T,LVA,0.0,result,Kommunikations-Test fuer SR830 und OSTECH,,,
2026-09-15,10:21:49,761,KOM_Test,OSTECH,T,XTA,21.00464630126953,result,Kommunikations-Test fuer SR830 und OSTECH,,,
2026-09-15,10:21:49,766,KOM_Test,SR830,T,FREQ,1000,result,Kommunikations-Test fuer SR830 und OSTECH,,,
2026-09-15,10:21:49,782,KOM_Test,OSTECH,T,GT,27.835256576538086,result,Kommunikations-Test fuer SR830 und OSTECH,,,
2026-09-15,10:21:49,796,KOM_Test,OSTECH,T,GS,"{'status_word': 3085, 'interlock_ok': True, 'driver_supply_ok': True, 'driver_temperature_ok': True, 'lt_sensor_ok': True, 'ct_sensor_ok': True, 'lc_on': False, 'lc_error': False}",result,Kommunikations-Test fuer SR830 und OSTECH,,,
2026-09-15,10:21:49,814,KOM_Test,OSTECH,T,GVN,8661,result,Kommunikations-Test fuer SR830 und OSTECH,,,
2026-09-15,10:21:49,832,KOM_Test,OSTECH,T,LTM,25.0,result,Kommunikations-Test fuer SR830 und OSTECH,,,
2026-09-15,10:21:49,848,KOM_Test,OSTECH,T,LCA,0.0,result,Kommunikations-Test fuer SR830 und OSTECH,,,
2026-09-15,10:21:49,877,KOM_Test,OSTECH,T,LVA,0.0,result,Kommunikations-Test fuer SR830 und OSTECH,,,
2026-09-15,10:21:49,893,KOM_Test,OSTECH,T,XTA,21.005111694335938,result,Kommunikations-Test fuer SR830 und OSTECH,,,
2026-09-15,10:21:49,895,KOM_Test,SR830,T,"SNAP 1,2,3,4,10,11","0,-0.000122071,6.10356e-005,-90,0,-0.000122071",result,Kommunikations-Test fuer SR830 und OSTECH,,,
2026-09-15,10:21:49,905,KOM_Test,OSTECH,T,GT,27.835256576538086,result,Kommunikations-Test fuer SR830 und OSTECH,,,
2026-09-15,10:21:49,916,KOM_Test,OSTECH,T,GS,"{'status_word': 3085, 'interlock_ok': True, 'driver_supply_ok': True, 'driver_temperature_ok': True, 'lt_sensor_ok': True, 'ct_sensor_ok': True, 'lc_on': False, 'lc_error': False}",result,Kommunikations-Test fuer SR830 und OSTECH,,,
2026-09-15,10:21:49,942,KOM_Test,OSTECH,T,GVN,8661,result,Kommunikations-Test fuer SR830 und OSTECH,,,
2026-09-15,10:21:49,961,KOM_Test,OSTECH,T,LTM,25.0,result,Kommunikations-Test fuer SR830 und OSTECH,,,
2026-09-15,10:21:49,975,KOM_Test,OSTECH,T,LCA,0.0,result,Kommunikations-Test fuer SR830 und OSTECH,,,
2026-09-15,10:21:49,999,KOM_Test,OSTECH,T,LVA,0.0,result,Kommunikations-Test fuer SR830 und OSTECH,,,
2026-09-15,10:21:50,014,KOM_Test,OSTECH,T,XTA,21.005111694335938,result,Kommunikations-Test fuer SR830 und OSTECH,,,
2026-09-15,10:21:50,028,KOM_Test,SR830,T,"SNAP 5,6,7,8,9","-0.00166667,0.00666667,-0.000666667,-0.004,1000",result,Kommunikations-Test fuer SR830 und OSTECH,,,
2026-09-15,10:21:50,049,KOM_Test,OSTECH,T,GT,27.835256576538086,result,Kommunikations-Test fuer SR830 und OSTECH,,,
2026-09-15,10:21:50,057,KOM_Test,SR830,T,PHAS,0,result,Kommunikations-Test fuer SR830 und OSTECH,,,
2026-09-15,10:21:50,065,KOM_Test,OSTECH,T,GS,"{'status_word': 3085, 'interlock_ok': True, 'driver_supply_ok': True, 'driver_temperature_ok': True, 'lt_sensor_ok': True, 'ct_sensor_ok': True, 'lc_on': False, 'lc_error': False}",result,Kommunikations-Test fuer SR830 und OSTECH,,,
2026-09-15,10:21:50,083,KOM_Test,SR830,T,FREQ,1000,result,Kommunikations-Test fuer SR830 und OSTECH,,,
2026-09-15,10:21:50,087,KOM_Test,OSTECH,T,GVN,8661,result,Kommunikations-Test fuer SR830 und OSTECH,,,
2026-09-15,10:21:50,104,KOM_Test,OSTECH,T,LTM,25.0,result,Kommunikations-Test fuer SR830 und OSTECH,,,
2026-09-15,10:21:50,120,KOM_Test,OSTECH,T,LCA,0.0,result,Kommunikations-Test fuer SR830 und OSTECH,,,
2026-09-15,10:21:50,137,KOM_Test,OSTECH,T,LVA,0.0,result,Kommunikations-Test fuer SR830 und OSTECH,,,
2026-09-15,10:21:50,152,KOM_Test,OSTECH,T,XTA,21.005111694335938,result,Kommunikations-Test fuer SR830 und OSTECH,,,
2026-09-15,10:21:50,165,KOM_Test,OSTECH,T,GT,27.835256576538086,result,Kommunikations-Test fuer SR830 und OSTECH,,,
2026-09-15,10:21:50,178,KOM_Test,OSTECH,T,GS,"{'status_word': 3085, 'interlock_ok': True, 'driver_supply_ok': True, 'driver_temperature_ok': True, 'lt_sensor_ok': True, 'ct_sensor_ok': True, 'lc_on': False, 'lc_error': False}",result,Kommunikations-Test fuer SR830 und OSTECH,,,
2026-09-15,10:21:50,191,KOM_Test,OSTECH,T,GVN,8661,result,Kommunikations-Test fuer SR830 und OSTECH,,,
2026-09-15,10:21:50,205,KOM_Test,OSTECH,T,LTM,25.0,result,Kommunikations-Test fuer SR830 und OSTECH,,,
2026-09-15,10:21:50,220,KOM_Test,OSTECH,T,LCA,0.0,result,Kommunikations-Test fuer SR830 und OSTECH,,,
2026-09-15,10:21:50,223,KOM_Test,SR830,T,"SNAP 1,2,3,4,10,11","0,-0.000122071,6.10356e-005,-63.438,0,-0.000122071",result,Kommunikations-Test fuer SR830 und OSTECH,,,
2026-09-15,10:21:50,240,KOM_Test,OSTECH,T,LVA,0.0,result,Kommunikations-Test fuer SR830 und OSTECH,,,
2026-09-15,10:21:50,262,KOM_Test,OSTECH,T,XTA,21.005111694335938,result,Kommunikations-Test fuer SR830 und OSTECH,,,
2026-09-15,10:21:50,275,KOM_Test,OSTECH,T,GT,27.835256576538086,result,Kommunikations-Test fuer SR830 und OSTECH,,,
2026-09-15,10:21:50,285,KOM_Test,OSTECH,T,GS,"{'status_word': 3085, 'interlock_ok': True, 'driver_supply_ok': True, 'driver_temperature_ok': True, 'lt_sensor_ok': True, 'ct_sensor_ok': True, 'lc_on': False, 'lc_error': False}",result,Kommunikations-Test fuer SR830 und OSTECH,,,
2026-09-15,10:21:50,297,KOM_Test,OSTECH,T,GVN,8661,result,Kommunikations-Test fuer SR830 und OSTECH,,,
2026-09-15,10:21:50,312,KOM_Test,OSTECH,T,LTM,25.0,result,Kommunikations-Test fuer SR830 und OSTECH,,,
2026-09-15,10:21:50,325,KOM_Test,OSTECH,T,LCA,0.0,result,Kommunikations-Test fuer SR830 und OSTECH,,,
2026-09-15,10:21:50,340,KOM_Test,SR830,T,"SNAP 5,6,7,8,9","-0.00466667,0.005,0.00233333,-0.001,1000",result,Kommunikations-Test fuer SR830 und OSTECH,,,
2026-09-15,10:21:50,352,KOM_Test,OSTECH,T,LVA,0.0,result,Kommunikations-Test fuer SR830 und OSTECH,,,
2026-09-15,10:21:50,368,KOM_Test,SR830,T,PHAS,0,result,Kommunikations-Test fuer SR830 und OSTECH,,,
2026-09-15,10:21:50,369,KOM_Test,OSTECH,T,XTA,21.005111694335938,result,Kommunikations-Test fuer SR830 und OSTECH,,,
2026-09-15,10:21:50,382,KOM_Test,OSTECH,T,GT,27.835256576538086,result,Kommunikations-Test fuer SR830 und OSTECH,,,
2026-09-15,10:21:50,391,KOM_Test,SR830,T,FREQ,1000,result,Kommunikations-Test fuer SR830 und OSTECH,,,
2026-09-15,10:21:50,395,KOM_Test,OSTECH,T,GS,"{'status_word': 3085, 'interlock_ok': True, 'driver_supply_ok': True, 'driver_temperature_ok': True, 'lt_sensor_ok': True, 'ct_sensor_ok': True, 'lc_on': False, 'lc_error': False}",result,Kommunikations-Test fuer SR830 und OSTECH,,,
2026-09-15,10:21:50,408,KOM_Test,OSTECH,T,GVN,8661,result,Kommunikations-Test fuer SR830 und OSTECH,,,
2026-09-15,10:21:50,435,KOM_Test,OSTECH,T,LTM,25.0,result,Kommunikations-Test fuer SR830 und OSTECH,,,
2026-09-15,10:21:50,453,KOM_Test,OSTECH,T,LCA,0.0,result,Kommunikations-Test fuer SR830 und OSTECH,,,
2026-09-15,10:21:50,470,KOM_Test,OSTECH,T,LVA,0.0,result,Kommunikations-Test fuer SR830 und OSTECH,,,
2026-09-15,10:21:50,486,KOM_Test,OSTECH,T,XTA,21.00609588623047,result,Kommunikations-Test fuer SR830 und OSTECH,,,
2026-09-15,10:21:50,501,KOM_Test,OSTECH,T,GT,27.835256576538086,result,Kommunikations-Test fuer SR830 und OSTECH,,,
2026-09-15,10:21:50,520,KOM_Test,OSTECH,T,GS,"{'status_word': 3085, 'interlock_ok': True, 'driver_supply_ok': True, 'driver_temperature_ok': True, 'lt_sensor_ok': True, 'ct_sensor_ok': True, 'lc_on': False, 'lc_error': False}",result,Kommunikations-Test fuer SR830 und OSTECH,,,
2026-09-15,10:21:50,527,KOM_Test,SR830,T,"SNAP 1,2,3,4,10,11","6.10356e-005,0,6.10356e-005,26.562,6.10356e-005,0",result,Kommunikations-Test fuer SR830 und OSTECH,,,
2026-09-15,10:21:50,536,KOM_Test,OSTECH,T,GVN,8661,result,Kommunikations-Test fuer SR830 und OSTECH,,,
2026-09-15,10:21:50,557,KOM_Test,OSTECH,T,LTM,25.0,result,Kommunikations-Test fuer SR830 und OSTECH,,,
2026-09-15,10:21:50,572,KOM_Test,OSTECH,T,LCA,0.0,result,Kommunikations-Test fuer SR830 und OSTECH,,,
2026-09-15,10:21:50,583,KOM_Test,OSTECH,T,LVA,0.0,result,Kommunikations-Test fuer SR830 und OSTECH,,,
2026-09-15,10:21:50,614,KOM_Test,OSTECH,T,XTA,21.00609588623047,result,Kommunikations-Test fuer SR830 und OSTECH,,,
2026-09-15,10:21:50,627,KOM_Test,OSTECH,T,GT,27.835256576538086,result,Kommunikations-Test fuer SR830 und OSTECH,,,
2026-09-15,10:21:50,642,KOM_Test,OSTECH,T,GS,"{'status_word': 3085, 'interlock_ok': True, 'driver_supply_ok': True, 'driver_temperature_ok': True, 'lt_sensor_ok': True, 'ct_sensor_ok': True, 'lc_on': False, 'lc_error': False}",result,Kommunikations-Test fuer SR830 und OSTECH,,,
2026-09-15,10:21:50,645,KOM_Test,SR830,T,"SNAP 5,6,7,8,9","-0.00166667,0.00666667,0.00233333,-0.001,1000",result,Kommunikations-Test fuer SR830 und OSTECH,,,
2026-09-15,10:21:50,659,KOM_Test,OSTECH,T,GVN,8661,result,Kommunikations-Test fuer SR830 und OSTECH,,,
2026-09-15,10:21:50,661,KOM_Test,SR830,T,PHAS,0,result,Kommunikations-Test fuer SR830 und OSTECH,,,
2026-09-15,10:21:50,679,KOM_Test,OSTECH,T,LTM,25.0,result,Kommunikations-Test fuer SR830 und OSTECH,,,
2026-09-15,10:21:50,683,KOM_Test,SR830,T,FREQ,1000,result,Kommunikations-Test fuer SR830 und OSTECH,,,
2026-09-15,10:21:50,683,KOM_Test,OSTECH,T,LCA,0.0,result,Kommunikations-Test fuer SR830 und OSTECH,,,
2026-09-15,10:21:50,699,KOM_Test,OSTECH,T,LVA,0.0,result,Kommunikations-Test fuer SR830 und OSTECH,,,
2026-09-15,10:21:50,715,KOM_Test,OSTECH,T,XTA,21.00609588623047,result,Kommunikations-Test fuer SR830 und OSTECH,,,
2026-09-15,10:21:50,737,KOM_Test,OSTECH,T,GT,27.835256576538086,result,Kommunikations-Test fuer SR830 und OSTECH,,,
2026-09-15,10:21:50,746,KOM_Test,OSTECH,T,GS,"{'status_word': 3085, 'interlock_ok': True, 'driver_supply_ok': True, 'driver_temperature_ok': True, 'lt_sensor_ok': True, 'ct_sensor_ok': True, 'lc_on': False, 'lc_error': False}",result,Kommunikations-Test fuer SR830 und OSTECH,,,
2026-09-15,10:21:50,773,KOM_Test,OSTECH,T,GVN,8661,result,Kommunikations-Test fuer SR830 und OSTECH,,,
2026-09-15,10:21:50,794,KOM_Test,OSTECH,T,LTM,25.0,result,Kommunikations-Test fuer SR830 und OSTECH,,,
2026-09-15,10:21:50,809,KOM_Test,OSTECH,T,LCA,0.0,result,Kommunikations-Test fuer SR830 und OSTECH,,,
2026-09-15,10:21:50,822,KOM_Test,SR830,T,"SNAP 1,2,3,4,10,11","-0.000122071,0,6.10356e-005,180,-0.000122071,0",result,Kommunikations-Test fuer SR830 und OSTECH,,,
2026-09-15,10:21:50,824,KOM_Test,OSTECH,T,LVA,0.0,result,Kommunikations-Test fuer SR830 und OSTECH,,,
2026-09-15,10:21:50,840,KOM_Test,OSTECH,T,XTA,21.00609588623047,result,Kommunikations-Test fuer SR830 und OSTECH,,,
2026-09-15,10:21:50,855,KOM_Test,OSTECH,T,GT,27.835256576538086,result,Kommunikations-Test fuer SR830 und OSTECH,,,
2026-09-15,10:21:50,875,KOM_Test,OSTECH,T,GS,"{'status_word': 3085, 'interlock_ok': True, 'driver_supply_ok': True, 'driver_temperature_ok': True, 'lt_sensor_ok': True, 'ct_sensor_ok': True, 'lc_on': False, 'lc_error': False}",result,Kommunikations-Test fuer SR830 und OSTECH,,,
2026-09-15,10:21:50,889,KOM_Test,OSTECH,T,GVN,8661,result,Kommunikations-Test fuer SR830 und OSTECH,,,
2026-09-15,10:21:50,917,KOM_Test,OSTECH,T,LTM,25.0,result,Kommunikations-Test fuer SR830 und OSTECH,,,
2026-09-15,10:21:50,932,KOM_Test,OSTECH,T,LCA,0.0,result,Kommunikations-Test fuer SR830 und OSTECH,,,
2026-09-15,10:21:50,938,KOM_Test,SR830,T,"SNAP 5,6,7,8,9","0.003,0.00633333,-0.000666667,-0.001,1000",result,Kommunikations-Test fuer SR830 und OSTECH,,,
2026-09-15,10:21:50,947,KOM_Test,OSTECH,T,LVA,0.0,result,Kommunikations-Test fuer SR830 und OSTECH,,,
2026-09-15,10:21:50,963,KOM_Test,OSTECH,T,XTA,21.00609588623047,result,Kommunikations-Test fuer SR830 und OSTECH,,,
2026-09-15,10:21:50,963,KOM_Test,SR830,T,PHAS,0,result,Kommunikations-Test fuer SR830 und OSTECH,,,
2026-09-15,10:21:50,981,KOM_Test,SR830,T,FREQ,1000,result,Kommunikations-Test fuer SR830 und OSTECH,,,
2026-09-15,10:21:50,981,KOM_Test,OSTECH,T,GT,27.835256576538086,result,Kommunikations-Test fuer SR830 und OSTECH,,,
2026-09-15,10:21:51,001,KOM_Test,OSTECH,T,GS,"{'status_word': 3085, 'interlock_ok': True, 'driver_supply_ok': True, 'driver_temperature_ok': True, 'lt_sensor_ok': True, 'ct_sensor_ok': True, 'lc_on': False, 'lc_error': False}",result,Kommunikations-Test fuer SR830 und OSTECH,,,
2026-09-15,10:21:51,023,KOM_Test,OSTECH,T,GVN,8661,result,Kommunikations-Test fuer SR830 und OSTECH,,,
2026-09-15,10:21:51,045,KOM_Test,OSTECH,T,LTM,25.0,result,Kommunikations-Test fuer SR830 und OSTECH,,,
2026-09-15,10:21:51,061,KOM_Test,OSTECH,T,LCA,0.0,result,Kommunikations-Test fuer SR830 und OSTECH,,,
2026-09-15,10:21:51,080,KOM_Test,OSTECH,T,LVA,0.0,result,Kommunikations-Test fuer SR830 und OSTECH,,,
2026-09-15,10:21:51,096,KOM_Test,OSTECH,T,XTA,21.00768280029297,result,Kommunikations-Test fuer SR830 und OSTECH,,,
2026-09-15,10:21:51,104,KOM_Test,SR830,T,"SNAP 1,2,3,4,10,11","-6.10356e-005,0,0,135,-6.10356e-005,0",result,Kommunikations-Test fuer SR830 und OSTECH,,,
2026-09-15,10:21:51,104,KOM_Test,OSTECH,T,GT,27.835256576538086,result,Kommunikations-Test fuer SR830 und OSTECH,,,
2026-09-15,10:21:51,125,KOM_Test,OSTECH,T,GS,"{'status_word': 3085, 'interlock_ok': True, 'driver_supply_ok': True, 'driver_temperature_ok': True, 'lt_sensor_ok': True, 'ct_sensor_ok': True, 'lc_on': False, 'lc_error': False}",result,Kommunikations-Test fuer SR830 und OSTECH,,,
2026-09-15,10:21:51,143,KOM_Test,OSTECH,T,GVN,8661,result,Kommunikations-Test fuer SR830 und OSTECH,,,
2026-09-15,10:21:51,166,KOM_Test,OSTECH,T,LTM,25.0,result,Kommunikations-Test fuer SR830 und OSTECH,,,
2026-09-15,10:21:51,180,KOM_Test,OSTECH,T,LCA,0.0,result,Kommunikations-Test fuer SR830 und OSTECH,,,
2026-09-15,10:21:51,196,KOM_Test,OSTECH,T,LVA,0.0,result,Kommunikations-Test fuer SR830 und OSTECH,,,
2026-09-15,10:21:51,213,KOM_Test,OSTECH,T,XTA,21.00768280029297,result,Kommunikations-Test fuer SR830 und OSTECH,,,
2026-09-15,10:21:51,228,KOM_Test,OSTECH,T,GT,27.835256576538086,result,Kommunikations-Test fuer SR830 und OSTECH,,,
2026-09-15,10:21:51,233,KOM_Test,SR830,T,"SNAP 5,6,7,8,9","-0.00166667,0.00666667,-0.000333333,0.004,1000",result,Kommunikations-Test fuer SR830 und OSTECH,,,
2026-09-15,10:21:51,233,KOM_Test,OSTECH,T,GS,"{'status_word': 3085, 'interlock_ok': True, 'driver_supply_ok': True, 'driver_temperature_ok': True, 'lt_sensor_ok': True, 'ct_sensor_ok': True, 'lc_on': False, 'lc_error': False}",result,Kommunikations-Test fuer SR830 und OSTECH,,,
2026-09-15,10:21:51,249,KOM_Test,OSTECH,T,GVN,8661,result,Kommunikations-Test fuer SR830 und OSTECH,,,
2026-09-15,10:21:51,249,KOM_Test,SR830,T,PHAS,0,result,Kommunikations-Test fuer SR830 und OSTECH,,,
2026-09-15,10:21:51,278,KOM_Test,OSTECH,T,LTM,25.0,result,Kommunikations-Test fuer SR830 und OSTECH,,,
2026-09-15,10:21:51,283,KOM_Test,SR830,T,FREQ,1000,result,Kommunikations-Test fuer SR830 und OSTECH,,,
2026-09-15,10:21:51,296,KOM_Test,OSTECH,T,LCA,0.0,result,Kommunikations-Test fuer SR830 und OSTECH,,,
2026-09-15,10:21:51,300,KOM_Test,OSTECH,T,LVA,0.0,result,Kommunikations-Test fuer SR830 und OSTECH,,,
2026-09-15,10:21:51,320,KOM_Test,OSTECH,T,XTA,21.00768280029297,result,Kommunikations-Test fuer SR830 und OSTECH,,,
2026-09-15,10:21:51,348,KOM_Test,OSTECH,T,GT,27.835256576538086,result,Kommunikations-Test fuer SR830 und OSTECH,,,
2026-09-15,10:21:51,358,KOM_Test,OSTECH,T,GS,"{'status_word': 3085, 'interlock_ok': True, 'driver_supply_ok': True, 'driver_temperature_ok': True, 'lt_sensor_ok': True, 'ct_sensor_ok': True, 'lc_on': False, 'lc_error': False}",result,Kommunikations-Test fuer SR830 und OSTECH,,,
2026-09-15,10:21:51,369,KOM_Test,OSTECH,T,GVN,8661,result,Kommunikations-Test fuer SR830 und OSTECH,,,
2026-09-15,10:21:51,383,KOM_Test,OSTECH,T,LTM,25.0,result,Kommunikations-Test fuer SR830 und OSTECH,,,
2026-09-15,10:21:51,410,KOM_Test,OSTECH,T,LCA,0.0,result,Kommunikations-Test fuer SR830 und OSTECH,,,
2026-09-15,10:21:51,414,KOM_Test,SR830,T,"SNAP 1,2,3,4,10,11","-6.10356e-005,0,0,135,-6.10356e-005,0",result,Kommunikations-Test fuer SR830 und OSTECH,,,
2026-09-15,10:21:51,426,KOM_Test,OSTECH,T,LVA,0.0,result,Kommunikations-Test fuer SR830 und OSTECH,,,
2026-09-15,10:21:51,439,KOM_Test,OSTECH,T,XTA,21.00768280029297,result,Kommunikations-Test fuer SR830 und OSTECH,,,
2026-09-15,10:21:51,458,KOM_Test,OSTECH,T,GT,27.835256576538086,result,Kommunikations-Test fuer SR830 und OSTECH,,,
2026-09-15,10:21:51,473,KOM_Test,OSTECH,T,GS,"{'status_word': 3085, 'interlock_ok': True, 'driver_supply_ok': True, 'driver_temperature_ok': True, 'lt_sensor_ok': True, 'ct_sensor_ok': True, 'lc_on': False, 'lc_error': False}",result,Kommunikations-Test fuer SR830 und OSTECH,,,
2026-09-15,10:21:51,498,KOM_Test,OSTECH,T,GVN,8661,result,Kommunikations-Test fuer SR830 und OSTECH,,,
2026-09-15,10:21:51,513,KOM_Test,OSTECH,T,LTM,25.0,result,Kommunikations-Test fuer SR830 und OSTECH,,,
2026-09-15,10:21:51,535,KOM_Test,SR830,T,"SNAP 5,6,7,8,9","-0.00333333,0.00633333,-0.000666667,-0.001,1000",result,Kommunikations-Test fuer SR830 und OSTECH,,,
2026-09-15,10:21:51,539,KOM_Test,OSTECH,T,LCA,0.0,result,Kommunikations-Test fuer SR830 und OSTECH,,,
2026-09-15,10:21:51,547,KOM_Test,SR830,T,PHAS,0,result,Kommunikations-Test fuer SR830 und OSTECH,,,
2026-09-15,10:21:51,569,KOM_Test,OSTECH,T,LVA,0.0,result,Kommunikations-Test fuer SR830 und OSTECH,,,
2026-09-15,10:21:51,628,KOM_Test,SR830,T,FREQ,1000,result,Kommunikations-Test fuer SR830 und OSTECH,,,
2026-09-15,10:21:51,630,KOM_Test,OSTECH,T,XTA,21.00800323486328,result,Kommunikations-Test fuer SR830 und OSTECH,,,
2026-09-15,10:21:51,632,KOM_Test,OSTECH,T,GT,27.835256576538086,result,Kommunikations-Test fuer SR830 und OSTECH,,,
2026-09-15,10:21:51,633,KOM_Test,OSTECH,T,GS,"{'status_word': 3085, 'interlock_ok': True, 'driver_supply_ok': True, 'driver_temperature_ok': True, 'lt_sensor_ok': True, 'ct_sensor_ok': True, 'lc_on': False, 'lc_error': False}",result,Kommunikations-Test fuer SR830 und OSTECH,,,
2026-09-15,10:21:51,636,KOM_Test,OSTECH,T,GVN,8661,result,Kommunikations-Test fuer SR830 und OSTECH,,,
2026-09-15,10:21:51,654,KOM_Test,OSTECH,T,LTM,25.0,result,Kommunikations-Test fuer SR830 und OSTECH,,,
2026-09-15,10:21:51,654,KOM_Test,SR830,T,"SNAP 1,2,3,4,10,11","0,0,0,90,0,0",result,Kommunikations-Test fuer SR830 und OSTECH,,,
2026-09-15,10:21:51,684,KOM_Test,OSTECH,T,LCA,0.0,result,Kommunikations-Test fuer SR830 und OSTECH,,,
2026-09-15,10:21:51,704,KOM_Test,OSTECH,T,LVA,0.0,result,Kommunikations-Test fuer SR830 und OSTECH,,,
2026-09-15,10:21:51,720,KOM_Test,OSTECH,T,XTA,21.00800323486328,result,Kommunikations-Test fuer SR830 und OSTECH,,,
2026-09-15,10:21:51,737,KOM_Test,OSTECH,T,GT,27.838560104370117,result,Kommunikations-Test fuer SR830 und OSTECH,,,
2026-09-15,10:21:51,759,KOM_Test,OSTECH,T,GS,"{'status_word': 3085, 'interlock_ok': True, 'driver_supply_ok': True, 'driver_temperature_ok': True, 'lt_sensor_ok': True, 'ct_sensor_ok': True, 'lc_on': False, 'lc_error': False}",result,Kommunikations-Test fuer SR830 und OSTECH,,,
2026-09-15,10:21:51,776,KOM_Test,OSTECH,T,GVN,8661,result,Kommunikations-Test fuer SR830 und OSTECH,,,
2026-09-15,10:21:51,791,KOM_Test,SR830,T,"SNAP 5,6,7,8,9","-0.00333333,0.003,-0.000666667,-0.00566667,1000",result,Kommunikations-Test fuer SR830 und OSTECH,,,
2026-09-15,10:21:51,796,KOM_Test,OSTECH,T,LTM,25.0,result,Kommunikations-Test fuer SR830 und OSTECH,,,
2026-09-15,10:21:51,804,KOM_Test,SR830,T,PHAS,0,result,Kommunikations-Test fuer SR830 und OSTECH,,,
2026-09-15,10:21:51,820,KOM_Test,OSTECH,T,LCA,0.0,result,Kommunikations-Test fuer SR830 und OSTECH,,,
2026-09-15,10:21:51,826,KOM_Test,SR830,T,FREQ,1000,result,Kommunikations-Test fuer SR830 und OSTECH,,,
2026-09-15,10:21:51,835,KOM_Test,OSTECH,T,LVA,0.0,result,Kommunikations-Test fuer SR830 und OSTECH,,,
2026-09-15,10:21:51,861,KOM_Test,OSTECH,T,XTA,21.00800323486328,result,Kommunikations-Test fuer SR830 und OSTECH,,,
2026-09-15,10:21:51,875,KOM_Test,OSTECH,T,GT,27.838560104370117,result,Kommunikations-Test fuer SR830 und OSTECH,,,
2026-09-15,10:21:51,894,KOM_Test,OSTECH,T,GS,"{'status_word': 3085, 'interlock_ok': True, 'driver_supply_ok': True, 'driver_temperature_ok': True, 'lt_sensor_ok': True, 'ct_sensor_ok': True, 'lc_on': False, 'lc_error': False}",result,Kommunikations-Test fuer SR830 und OSTECH,,,
2026-09-15,10:21:51,908,KOM_Test,OSTECH,T,GVN,8661,result,Kommunikations-Test fuer SR830 und OSTECH,,,
2026-09-15,10:21:51,926,KOM_Test,OSTECH,T,LTM,25.0,result,Kommunikations-Test fuer SR830 und OSTECH,,,
2026-09-15,10:21:51,941,KOM_Test,OSTECH,T,LCA,0.0,result,Kommunikations-Test fuer SR830 und OSTECH,,,
2026-09-15,10:21:51,956,KOM_Test,OSTECH,T,LVA,0.0,result,Kommunikations-Test fuer SR830 und OSTECH,,,
2026-09-15,10:21:51,967,KOM_Test,SR830,T,"SNAP 1,2,3,4,10,11","0,-0.000122071,6.10356e-005,-63.438,0,-0.000122071",result,Kommunikations-Test fuer SR830 und OSTECH,,,
2026-09-15,10:21:51,979,KOM_Test,OSTECH,T,XTA,21.00800323486328,result,Kommunikations-Test fuer SR830 und OSTECH,,,
2026-09-15,10:21:51,993,KOM_Test,OSTECH,T,GT,27.838560104370117,result,Kommunikations-Test fuer SR830 und OSTECH,,,
2026-09-15,10:21:52,009,KOM_Test,OSTECH,T,GS,"{'status_word': 3085, 'interlock_ok': True, 'driver_supply_ok': True, 'driver_temperature_ok': True, 'lt_sensor_ok': True, 'ct_sensor_ok': True, 'lc_on': False, 'lc_error': False}",result,Kommunikations-Test fuer SR830 und OSTECH,,,
2026-09-15,10:21:52,025,KOM_Test,OSTECH,T,GVN,8661,result,Kommunikations-Test fuer SR830 und OSTECH,,,
2026-09-15,10:21:52,044,KOM_Test,OSTECH,T,LTM,25.0,result,Kommunikations-Test fuer SR830 und OSTECH,,,
2026-09-15,10:21:52,059,KOM_Test,OSTECH,T,LCA,0.0,result,Kommunikations-Test fuer SR830 und OSTECH,,,
2026-09-15,10:21:52,085,KOM_Test,OSTECH,T,LVA,0.0,result,Kommunikations-Test fuer SR830 und OSTECH,,,
2026-09-15,10:21:52,103,KOM_Test,OSTECH,T,XTA,21.00365447998047,result,Kommunikations-Test fuer SR830 und OSTECH,,,
2026-09-15,10:21:52,111,KOM_Test,SR830,T,"SNAP 5,6,7,8,9","-0.000666667,0.00466667,0.000666667,-0.000666667,1000",result,Kommunikations-Test fuer SR830 und OSTECH,,,
2026-09-15,10:21:52,118,KOM_Test,OSTECH,T,GT,27.838560104370117,result,Kommunikations-Test fuer SR830 und OSTECH,,,
2026-09-15,10:21:52,119,KOM_Test,OSTECH,T,GS,"{'status_word': 3085, 'interlock_ok': True, 'driver_supply_ok': True, 'driver_temperature_ok': True, 'lt_sensor_ok': True, 'ct_sensor_ok': True, 'lc_on': False, 'lc_error': False}",result,Kommunikations-Test fuer SR830 und OSTECH,,,
2026-09-15,10:21:52,119,KOM_Test,SR830,T,PHAS,0,result,Kommunikations-Test fuer SR830 und OSTECH,,,
2026-09-15,10:21:52,136,KOM_Test,OSTECH,T,GVN,8661,result,Kommunikations-Test fuer SR830 und OSTECH,,,
2026-09-15,10:21:52,152,KOM_Test,SR830,T,FREQ,1000,result,Kommunikations-Test fuer SR830 und OSTECH,,,
2026-09-15,10:21:52,161,KOM_Test,OSTECH,T,LTM,25.0,result,Kommunikations-Test fuer SR830 und OSTECH,,,
2026-09-15,10:21:52,169,KOM_Test,OSTECH,T,LCA,0.0,result,Kommunikations-Test fuer SR830 und OSTECH,,,
2026-09-15,10:21:52,186,KOM_Test,OSTECH,T,LVA,0.0,result,Kommunikations-Test fuer SR830 und OSTECH,,,
2026-09-15,10:21:52,212,KOM_Test,OSTECH,T,XTA,21.00365447998047,result,Kommunikations-Test fuer SR830 und OSTECH,,,
2026-09-15,10:21:52,219,KOM_Test,OSTECH,T,GT,27.838560104370117,result,Kommunikations-Test fuer SR830 und OSTECH,,,
2026-09-15,10:21:52,236,KOM_Test,OSTECH,T,GS,"{'status_word': 3085, 'interlock_ok': True, 'driver_supply_ok': True, 'driver_temperature_ok': True, 'lt_sensor_ok': True, 'ct_sensor_ok': True, 'lc_on': False, 'lc_error': False}",result,Kommunikations-Test fuer SR830 und OSTECH,,,
2026-09-15,10:21:52,262,KOM_Test,OSTECH,T,GVN,8661,result,Kommunikations-Test fuer SR830 und OSTECH,,,
2026-09-15,10:21:52,281,KOM_Test,OSTECH,T,LTM,25.0,result,Kommunikations-Test fuer SR830 und OSTECH,,,
2026-09-15,10:21:52,286,KOM_Test,OSTECH,T,LCA,0.0,result,Kommunikations-Test fuer SR830 und OSTECH,,,
2026-09-15,10:21:52,286,KOM_Test,SR830,T,"SNAP 1,2,3,4,10,11","0,6.10356e-005,6.10356e-005,63.438,0,6.10356e-005",result,Kommunikations-Test fuer SR830 und OSTECH,,,
2026-09-15,10:21:52,312,KOM_Test,OSTECH,T,LVA,0.0,result,Kommunikations-Test fuer SR830 und OSTECH,,,
2026-09-15,10:21:52,329,KOM_Test,OSTECH,T,XTA,21.00365447998047,result,Kommunikations-Test fuer SR830 und OSTECH,,,
2026-09-15,10:21:52,334,KOM_Test,OSTECH,T,GT,27.838560104370117,result,Kommunikations-Test fuer SR830 und OSTECH,,,
2026-09-15,10:21:52,351,KOM_Test,OSTECH,T,GS,"{'status_word': 3085, 'interlock_ok': True, 'driver_supply_ok': True, 'driver_temperature_ok': True, 'lt_sensor_ok': True, 'ct_sensor_ok': True, 'lc_on': False, 'lc_error': False}",result,Kommunikations-Test fuer SR830 und OSTECH,,,
2026-09-15,10:21:52,374,KOM_Test,OSTECH,T,GVN,8661,result,Kommunikations-Test fuer SR830 und OSTECH,,,
2026-09-15,10:21:52,387,KOM_Test,OSTECH,T,LTM,25.0,result,Kommunikations-Test fuer SR830 und OSTECH,,,
2026-09-15,10:21:52,413,KOM_Test,SR830,T,"SNAP 5,6,7,8,9","-0.002,0.00666667,0.00233333,0.00266667,1000",result,Kommunikations-Test fuer SR830 und OSTECH,,,
2026-09-15,10:21:52,413,KOM_Test,OSTECH,T,LCA,0.0,result,Kommunikations-Test fuer SR830 und OSTECH,,,
2026-09-15,10:21:52,419,KOM_Test,OSTECH,T,LVA,0.0,result,Kommunikations-Test fuer SR830 und OSTECH,,,
2026-09-15,10:21:52,419,KOM_Test,SR830,T,PHAS,0,result,Kommunikations-Test fuer SR830 und OSTECH,,,
2026-09-15,10:21:52,451,KOM_Test,OSTECH,T,XTA,21.00365447998047,result,Kommunikations-Test fuer SR830 und OSTECH,,,
2026-09-15,10:21:52,453,KOM_Test,SR830,T,FREQ,1000,result,Kommunikations-Test fuer SR830 und OSTECH,,,
2026-09-15,10:21:52,463,KOM_Test,OSTECH,T,GT,27.838560104370117,result,Kommunikations-Test fuer SR830 und OSTECH,,,
2026-09-15,10:21:52,471,KOM_Test,OSTECH,T,GS,"{'status_word': 3085, 'interlock_ok': True, 'driver_supply_ok': True, 'driver_temperature_ok': True, 'lt_sensor_ok': True, 'ct_sensor_ok': True, 'lc_on': False, 'lc_error': False}",result,Kommunikations-Test fuer SR830 und OSTECH,,,
2026-09-15,10:21:52,487,KOM_Test,OSTECH,T,GVN,8661,result,Kommunikations-Test fuer SR830 und OSTECH,,,
2026-09-15,10:21:52,513,KOM_Test,OSTECH,T,LTM,25.0,result,Kommunikations-Test fuer SR830 und OSTECH,,,
2026-09-15,10:21:52,519,KOM_Test,OSTECH,T,LCA,0.0,result,Kommunikations-Test fuer SR830 und OSTECH,,,
2026-09-15,10:21:52,536,KOM_Test,SR830,T,"SNAP 1,2,3,4,10,11","0,0,0,0,0,0",result,Kommunikations-Test fuer SR830 und OSTECH,,,
2026-09-15,10:21:52,536,KOM_Test,OSTECH,T,LVA,0.0,result,Kommunikations-Test fuer SR830 und OSTECH,,,
2026-09-15,10:21:52,564,KOM_Test,OSTECH,T,XTA,21.00365447998047,result,Kommunikations-Test fuer SR830 und OSTECH,,,
2026-09-15,10:21:52,568,KOM_Test,OSTECH,T,GT,27.838560104370117,result,Kommunikations-Test fuer SR830 und OSTECH,,,
2026-09-15,10:21:52,590,KOM_Test,OSTECH,T,GS,"{'status_word': 3085, 'interlock_ok': True, 'driver_supply_ok': True, 'driver_temperature_ok': True, 'lt_sensor_ok': True, 'ct_sensor_ok': True, 'lc_on': False, 'lc_error': False}",result,Kommunikations-Test fuer SR830 und OSTECH,,,
2026-09-15,10:21:52,610,KOM_Test,OSTECH,T,GVN,8661,result,Kommunikations-Test fuer SR830 und OSTECH,,,
2026-09-15,10:21:52,639,KOM_Test,OSTECH,T,LTM,25.0,result,Kommunikations-Test fuer SR830 und OSTECH,,,
2026-09-15,10:21:52,657,KOM_Test,SR830,T,"SNAP 5,6,7,8,9","0.003,0.00633333,0.000666667,0.001,1000",result,Kommunikations-Test fuer SR830 und OSTECH,,,
2026-09-15,10:21:52,658,KOM_Test,OSTECH,T,LCA,0.0,result,Kommunikations-Test fuer SR830 und OSTECH,,,
2026-09-15,10:21:52,674,KOM_Test,OSTECH,T,LVA,0.0,result,Kommunikations-Test fuer SR830 und OSTECH,,,
2026-09-15,10:21:52,675,KOM_Test,SR830,T,PHAS,0,result,Kommunikations-Test fuer SR830 und OSTECH,,,
2026-09-15,10:21:52,691,KOM_Test,OSTECH,T,XTA,21.00127410888672,result,Kommunikations-Test fuer SR830 und OSTECH,,,
2026-09-15,10:21:52,697,KOM_Test,SR830,T,FREQ,1000,result,Kommunikations-Test fuer SR830 und OSTECH,,,
2026-09-15,10:21:52,704,KOM_Test,OSTECH,T,GT,27.838560104370117,result,Kommunikations-Test fuer SR830 und OSTECH,,,
2026-09-15,10:21:52,718,KOM_Test,OSTECH,T,GS,"{'status_word': 3085, 'interlock_ok': True, 'driver_supply_ok': True, 'driver_temperature_ok': True, 'lt_sensor_ok': True, 'ct_sensor_ok': True, 'lc_on': False, 'lc_error': False}",result,Kommunikations-Test fuer SR830 und OSTECH,,,
2026-09-15,10:21:52,734,KOM_Test,OSTECH,T,GVN,8661,result,Kommunikations-Test fuer SR830 und OSTECH,,,
2026-09-15,10:21:52,754,KOM_Test,OSTECH,T,LTM,25.0,result,Kommunikations-Test fuer SR830 und OSTECH,,,
2026-09-15,10:21:52,768,KOM_Test,OSTECH,T,LCA,0.0,result,Kommunikations-Test fuer SR830 und OSTECH,,,
2026-09-15,10:21:52,796,KOM_Test,OSTECH,T,LVA,0.0,result,Kommunikations-Test fuer SR830 und OSTECH,,,
2026-09-15,10:21:52,821,KOM_Test,OSTECH,T,XTA,21.00127410888672,result,Kommunikations-Test fuer SR830 und OSTECH,,,
2026-09-15,10:21:52,835,KOM_Test,OSTECH,T,GT,27.838560104370117,result,Kommunikations-Test fuer SR830 und OSTECH,,,
2026-09-15,10:21:52,851,KOM_Test,OSTECH,T,GS,"{'status_word': 3085, 'interlock_ok': True, 'driver_supply_ok': True, 'driver_temperature_ok': True, 'lt_sensor_ok': True, 'ct_sensor_ok': True, 'lc_on': False, 'lc_error': False}",result,Kommunikations-Test fuer SR830 und OSTECH,,,
2026-09-15,10:21:52,870,KOM_Test,SR830,T,"SNAP 1,2,3,4,10,11","-0.000122071,-6.10356e-005,6.10356e-005,-153.438,-0.000122071,-6.10356e-005",result,Kommunikations-Test fuer SR830 und OSTECH,,,
2026-09-15,10:21:52,870,KOM_Test,OSTECH,T,GVN,8661,result,Kommunikations-Test fuer SR830 und OSTECH,,,
2026-09-15,10:21:52,885,KOM_Test,OSTECH,T,LTM,25.0,result,Kommunikations-Test fuer SR830 und OSTECH,,,
2026-09-15,10:21:52,911,KOM_Test,OSTECH,T,LCA,0.0,result,Kommunikations-Test fuer SR830 und OSTECH,,,
2026-09-15,10:21:52,929,KOM_Test,OSTECH,T,LVA,0.0,result,Kommunikations-Test fuer SR830 und OSTECH,,,
2026-09-15,10:21:52,944,KOM_Test,OSTECH,T,XTA,21.00127410888672,result,Kommunikations-Test fuer SR830 und OSTECH,,,
2026-09-15,10:21:52,967,KOM_Test,OSTECH,T,GT,27.838560104370117,result,Kommunikations-Test fuer SR830 und OSTECH,,,
2026-09-15,10:21:52,981,KOM_Test,OSTECH,T,GS,"{'status_word': 3085, 'interlock_ok': True, 'driver_supply_ok': True, 'driver_temperature_ok': True, 'lt_sensor_ok': True, 'ct_sensor_ok': True, 'lc_on': False, 'lc_error': False}",result,Kommunikations-Test fuer SR830 und OSTECH,,,
2026-09-15,10:21:52,999,KOM_Test,OSTECH,T,GVN,8661,result,Kommunikations-Test fuer SR830 und OSTECH,,,
2026-09-15,10:21:53,002,KOM_Test,SR830,T,"SNAP 5,6,7,8,9","-0.000666667,0.00466667,0.000666667,-0.001,1000",result,Kommunikations-Test fuer SR830 und OSTECH,,,
2026-09-15,10:21:53,015,KOM_Test,SR830,T,PHAS,0,result,Kommunikations-Test fuer SR830 und OSTECH,,,
2026-09-15,10:21:53,016,KOM_Test,OSTECH,T,LTM,25.0,result,Kommunikations-Test fuer SR830 und OSTECH,,,
2026-09-15,10:21:53,030,KOM_Test,OSTECH,T,LCA,0.0,result,Kommunikations-Test fuer SR830 und OSTECH,,,
2026-09-15,10:21:53,036,KOM_Test,SR830,T,FREQ,1000,result,Kommunikations-Test fuer SR830 und OSTECH,,,
2026-09-15,10:21:53,046,KOM_Test,OSTECH,T,LVA,0.0,result,Kommunikations-Test fuer SR830 und OSTECH,,,
2026-09-15,10:21:53,062,KOM_Test,OSTECH,T,XTA,21.00127410888672,result,Kommunikations-Test fuer SR830 und OSTECH,,,
2026-09-15,10:21:53,076,KOM_Test,OSTECH,T,GT,27.838560104370117,result,Kommunikations-Test fuer SR830 und OSTECH,,,
2026-09-15,10:21:53,089,KOM_Test,OSTECH,T,GS,"{'status_word': 3085, 'interlock_ok': True, 'driver_supply_ok': True, 'driver_temperature_ok': True, 'lt_sensor_ok': True, 'ct_sensor_ok': True, 'lc_on': False, 'lc_error': False}",result,Kommunikations-Test fuer SR830 und OSTECH,,,
2026-09-15,10:21:53,106,KOM_Test,OSTECH,T,GVN,8661,result,Kommunikations-Test fuer SR830 und OSTECH,,,
2026-09-15,10:21:53,124,KOM_Test,SR830,T,"SNAP 1,2,3,4,10,11","0,0,0,0,0,0",result,Kommunikations-Test fuer SR830 und OSTECH,,,
2026-09-15,10:21:53,125,KOM_Test,OSTECH,T,LTM,25.0,result,Kommunikations-Test fuer SR830 und OSTECH,,,
2026-09-15,10:21:53,139,KOM_Test,OSTECH,T,LCA,0.0,result,Kommunikations-Test fuer SR830 und OSTECH,,,
2026-09-15,10:21:53,154,KOM_Test,OSTECH,T,LVA,0.0,result,Kommunikations-Test fuer SR830 und OSTECH,,,
2026-09-15,10:21:53,171,KOM_Test,OSTECH,T,XTA,21.00127410888672,result,Kommunikations-Test fuer SR830 und OSTECH,,,
2026-09-15,10:21:53,190,KOM_Test,OSTECH,T,GT,27.838560104370117,result,Kommunikations-Test fuer SR830 und OSTECH,,,
2026-09-15,10:21:53,203,KOM_Test,OSTECH,T,GS,"{'status_word': 3085, 'interlock_ok': True, 'driver_supply_ok': True, 'driver_temperature_ok': True, 'lt_sensor_ok': True, 'ct_sensor_ok': True, 'lc_on': False, 'lc_error': False}",result,Kommunikations-Test fuer SR830 und OSTECH,,,
2026-09-15,10:21:53,228,KOM_Test,OSTECH,T,GVN,8661,result,Kommunikations-Test fuer SR830 und OSTECH,,,
2026-09-15,10:21:53,235,KOM_Test,SR830,T,"SNAP 5,6,7,8,9","-0.00333333,0.003,-0.000666667,0.002,1000",result,Kommunikations-Test fuer SR830 und OSTECH,,,
2026-09-15,10:21:53,235,KOM_Test,OSTECH,T,LTM,25.0,result,Kommunikations-Test fuer SR830 und OSTECH,,,
2026-09-15,10:21:53,252,KOM_Test,OSTECH,T,LCA,0.0,result,Kommunikations-Test fuer SR830 und OSTECH,,,
2026-09-15,10:21:53,252,KOM_Test,SR830,T,PHAS,0,result,Kommunikations-Test fuer SR830 und OSTECH,,,
2026-09-15,10:21:53,269,KOM_Test,OSTECH,T,LVA,0.0,result,Kommunikations-Test fuer SR830 und OSTECH,,,
2026-09-15,10:21:53,285,KOM_Test,SR830,T,FREQ,1000,result,Kommunikations-Test fuer SR830 und OSTECH,,,
2026-09-15,10:21:53,295,KOM_Test,OSTECH,T,XTA,20.99993133544922,result,Kommunikations-Test fuer SR830 und OSTECH,,,
2026-09-15,10:21:53,312,KOM_Test,OSTECH,T,GT,27.838560104370117,result,Kommunikations-Test fuer SR830 und OSTECH,,,
2026-09-15,10:21:53,322,KOM_Test,OSTECH,T,GS,"{'status_word': 3085, 'interlock_ok': True, 'driver_supply_ok': True, 'driver_temperature_ok': True, 'lt_sensor_ok': True, 'ct_sensor_ok': True, 'lc_on': False, 'lc_error': False}",result,Kommunikations-Test fuer SR830 und OSTECH,,,
2026-09-15,10:21:53,348,KOM_Test,OSTECH,T,GVN,8661,result,Kommunikations-Test fuer SR830 und OSTECH,,,
2026-09-15,10:21:53,372,KOM_Test,OSTECH,T,LTM,25.0,result,Kommunikations-Test fuer SR830 und OSTECH,,,
2026-09-15,10:21:53,396,KOM_Test,OSTECH,T,LCA,0.0,result,Kommunikations-Test fuer SR830 und OSTECH,,,
2026-09-15,10:21:53,410,KOM_Test,SR830,T,"SNAP 1,2,3,4,10,11","0,-6.10356e-005,0,-90,0,-6.10356e-005",result,Kommunikations-Test fuer SR830 und OSTECH,,,
2026-09-15,10:21:53,413,KOM_Test,OSTECH,T,LVA,0.0,result,Kommunikations-Test fuer SR830 und OSTECH,,,
2026-09-15,10:21:53,430,KOM_Test,OSTECH,T,XTA,20.99993133544922,result,Kommunikations-Test fuer SR830 und OSTECH,,,
2026-09-15,10:21:53,444,KOM_Test,OSTECH,T,GT,27.838560104370117,result,Kommunikations-Test fuer SR830 und OSTECH,,,
2026-09-15,10:21:53,461,KOM_Test,OSTECH,T,GS,"{'status_word': 3085, 'interlock_ok': True, 'driver_supply_ok': True, 'driver_temperature_ok': True, 'lt_sensor_ok': True, 'ct_sensor_ok': True, 'lc_on': False, 'lc_error': False}",result,Kommunikations-Test fuer SR830 und OSTECH,,,
2026-09-15,10:21:53,478,KOM_Test,OSTECH,T,GVN,8661,result,Kommunikations-Test fuer SR830 und OSTECH,,,
2026-09-15,10:21:53,497,KOM_Test,OSTECH,T,LTM,25.0,result,Kommunikations-Test fuer SR830 und OSTECH,,,
2026-09-15,10:21:53,511,KOM_Test,OSTECH,T,LCA,0.0,result,Kommunikations-Test fuer SR830 und OSTECH,,,
2026-09-15,10:21:53,523,KOM_Test,SR830,T,"SNAP 5,6,7,8,9","-0.002,0.00366667,0.00233333,0.001,1000",result,Kommunikations-Test fuer SR830 und OSTECH,,,
2026-09-15,10:21:53,528,KOM_Test,OSTECH,T,LVA,0.0,result,Kommunikations-Test fuer SR830 und OSTECH,,,
2026-09-15,10:21:53,544,KOM_Test,OSTECH,T,XTA,20.99993133544922,result,Kommunikations-Test fuer SR830 und OSTECH,,,
2026-09-15,10:21:53,545,KOM_Test,SR830,T,PHAS,0,result,Kommunikations-Test fuer SR830 und OSTECH,,,
2026-09-15,10:21:53,563,KOM_Test,OSTECH,T,GT,27.838560104370117,result,Kommunikations-Test fuer SR830 und OSTECH,,,
2026-09-15,10:21:53,566,KOM_Test,SR830,T,FREQ,1000,result,Kommunikations-Test fuer SR830 und OSTECH,,,
2026-09-15,10:21:53,591,KOM_Test,OSTECH,T,GS,"{'status_word': 3085, 'interlock_ok': True, 'driver_supply_ok': True, 'driver_temperature_ok': True, 'lt_sensor_ok': True, 'ct_sensor_ok': True, 'lc_on': False, 'lc_error': False}",result,Kommunikations-Test fuer SR830 und OSTECH,,,
2026-09-15,10:21:53,609,KOM_Test,OSTECH,T,GVN,8661,result,Kommunikations-Test fuer SR830 und OSTECH,,,
2026-09-15,10:21:53,627,KOM_Test,OSTECH,T,LTM,25.0,result,Kommunikations-Test fuer SR830 und OSTECH,,,
2026-09-15,10:21:53,641,KOM_Test,OSTECH,T,LCA,0.0,result,Kommunikations-Test fuer SR830 und OSTECH,,,
2026-09-15,10:21:53,657,KOM_Test,OSTECH,T,LVA,0.0,result,Kommunikations-Test fuer SR830 und OSTECH,,,
2026-09-15,10:21:53,674,KOM_Test,OSTECH,T,XTA,20.99993133544922,result,Kommunikations-Test fuer SR830 und OSTECH,,,
2026-09-15,10:21:53,687,KOM_Test,OSTECH,T,GT,27.838560104370117,result,Kommunikations-Test fuer SR830 und OSTECH,,,
2026-09-15,10:21:53,701,KOM_Test,OSTECH,T,GS,"{'status_word': 3085, 'interlock_ok': True, 'driver_supply_ok': True, 'driver_temperature_ok': True, 'lt_sensor_ok': True, 'ct_sensor_ok': True, 'lc_on': False, 'lc_error': False}",result,Kommunikations-Test fuer SR830 und OSTECH,,,
2026-09-15,10:21:53,707,KOM_Test,SR830,T,"SNAP 1,2,3,4,10,11","0,-0.000122071,6.10356e-005,-90,0,-0.000122071",result,Kommunikations-Test fuer SR830 und OSTECH,,,
2026-09-15,10:21:53,719,KOM_Test,OSTECH,T,GVN,8661,result,Kommunikations-Test fuer SR830 und OSTECH,,,
2026-09-15,10:21:53,737,KOM_Test,OSTECH,T,LTM,25.0,result,Kommunikations-Test fuer SR830 und OSTECH,,,
2026-09-15,10:21:53,757,KOM_Test,OSTECH,T,LCA,0.0,result,Kommunikations-Test fuer SR830 und OSTECH,,,
2026-09-15,10:21:53,785,KOM_Test,OSTECH,T,LVA,0.0,result,Kommunikations-Test fuer SR830 und OSTECH,,,
2026-09-15,10:21:53,801,KOM_Test,OSTECH,T,XTA,20.99993133544922,result,Kommunikations-Test fuer SR830 und OSTECH,,,
2026-09-15,10:21:53,815,KOM_Test,OSTECH,T,GT,27.838560104370117,result,Kommunikations-Test fuer SR830 und OSTECH,,,
2026-09-15,10:21:53,818,KOM_Test,SR830,T,"SNAP 5,6,7,8,9","-0.00166667,0.005,0.001,-0.000666667,1000",result,Kommunikations-Test fuer SR830 und OSTECH,,,
2026-09-15,10:21:53,823,KOM_Test,OSTECH,T,GS,"{'status_word': 3085, 'interlock_ok': True, 'driver_supply_ok': True, 'driver_temperature_ok': True, 'lt_sensor_ok': True, 'ct_sensor_ok': True, 'lc_on': False, 'lc_error': False}",result,Kommunikations-Test fuer SR830 und OSTECH,,,
2026-09-15,10:21:53,833,KOM_Test,OSTECH,T,GVN,8661,result,Kommunikations-Test fuer SR830 und OSTECH,,,
2026-09-15,10:21:53,833,KOM_Test,SR830,T,PHAS,0,result,Kommunikations-Test fuer SR830 und OSTECH,,,
2026-09-15,10:21:53,862,KOM_Test,OSTECH,T,LTM,25.0,result,Kommunikations-Test fuer SR830 und OSTECH,,,
2026-09-15,10:21:53,867,KOM_Test,SR830,T,FREQ,1000,result,Kommunikations-Test fuer SR830 und OSTECH,,,
2026-09-15,10:21:53,878,KOM_Test,OSTECH,T,LCA,0.0,result,Kommunikations-Test fuer SR830 und OSTECH,,,
2026-09-15,10:21:53,885,KOM_Test,OSTECH,T,LVA,0.0,result,Kommunikations-Test fuer SR830 und OSTECH,,,
2026-09-15,10:21:53,913,KOM_Test,OSTECH,T,XTA,20.99993133544922,result,Kommunikations-Test fuer SR830 und OSTECH,,,
2026-09-15,10:21:53,942,KOM_Test,OSTECH,T,GT,27.838560104370117,result,Kommunikations-Test fuer SR830 und OSTECH,,,
2026-09-15,10:21:53,959,KOM_Test,SR830,T,"SNAP 1,2,3,4,10,11","0,0,0,0,0,0",result,Kommunikations-Test fuer SR830 und OSTECH,,,
2026-09-15,10:21:53,965,KOM_Test,OSTECH,T,GS,"{'status_word': 3085, 'interlock_ok': True, 'driver_supply_ok': True, 'driver_temperature_ok': True, 'lt_sensor_ok': True, 'ct_sensor_ok': True, 'lc_on': False, 'lc_error': False}",result,Kommunikations-Test fuer SR830 und OSTECH,,,
2026-09-15,10:21:53,982,KOM_Test,OSTECH,T,GVN,8661,result,Kommunikations-Test fuer SR830 und OSTECH,,,
2026-09-15,10:21:53,990,KOM_Test,OSTECH,T,LTM,25.0,result,Kommunikations-Test fuer SR830 und OSTECH,,,
2026-09-15,10:21:54,016,KOM_Test,OSTECH,T,LCA,0.0,result,Kommunikations-Test fuer SR830 und OSTECH,,,
2026-09-15,10:21:54,032,KOM_Test,OSTECH,T,LVA,0.0,result,Kommunikations-Test fuer SR830 und OSTECH,,,
2026-09-15,10:21:54,048,KOM_Test,OSTECH,T,XTA,21.00262451171875,result,Kommunikations-Test fuer SR830 und OSTECH,,,
2026-09-15,10:21:54,062,KOM_Test,OSTECH,T,GT,27.838560104370117,result,Kommunikations-Test fuer SR830 und OSTECH,,,
2026-09-15,10:21:54,075,KOM_Test,OSTECH,T,GS,"{'status_word': 3085, 'interlock_ok': True, 'driver_supply_ok': True, 'driver_temperature_ok': True, 'lt_sensor_ok': True, 'ct_sensor_ok': True, 'lc_on': False, 'lc_error': False}",result,Kommunikations-Test fuer SR830 und OSTECH,,,
