Date,Time,Ms,Category,Tag,State,Message,Value,Info,AdditionalMessage,AdditionalValue,AdditionalInfo,Else
2026-09-15,10:32:43,180,KOM_Test,OSTECH,I,startup,OSTECH GVN: 8661,status,Kommunikations-Test fuer SR830 und OSTECH,,,
2026-09-15,10:32:43,199,KOM_Test,OSTECH,T,LTM,25.0,result,Kommunikations-Test fuer SR830 und OSTECH,,,
2026-09-15,10:32:43,214,KOM_Test,OSTECH,T,LCA,0.0,result,Kommunikations-Test fuer SR830 und OSTECH,,,
2026-09-15,10:32:43,227,KOM_Test,OSTECH,T,LVA,0.0,result,Kommunikations-Test fuer SR830 und OSTECH,,,
2026-09-15,10:32:43,242,KOM_Test,SR830,I,startup,"SR830 ID: Stanford_Research_Systems,SR830,s/n46328,ver1.07",status,Kommunikations-Test fuer SR830 und OSTECH,,,
2026-09-15,10:32:43,250,KOM_Test,OSTECH,T,XTA,21.005111694335938,result,Kommunikations-Test fuer SR830 und OSTECH,,,
2026-09-15,10:32:43,268,KOM_Test,OSTECH,T,GT,28.24588966369629,result,Kommunikations-Test fuer SR830 und OSTECH,,,
2026-09-15,10:32:43,287,KOM_Test,OSTECH,T,GS,"{'status_word': 3085, 'interlock_ok': True, 'driver_supply_ok': True, 'driver_temperature_ok': True, 'lt_sensor_ok': True, 'ct_sensor_ok': True, 'lc_on': False, 'lc_error': False}",result,Kommunikations-Test fuer SR830 und OSTECH,,,
2026-09-15,10:32:43,307,KOM_Test,OSTECH,T,LTM,25.0,result,Kommunikations-Test fuer SR830 und OSTECH,,,
2026-09-15,10:32:43,327,KOM_Test,OSTECH,T,LCA,0.0,result,Kommunikations-Test fuer SR830 und OSTECH,,,
2026-09-15,10:32:43,337,KOM_Test,OSTECH,T,LVA,0.0,result,Kommunikations-Test fuer SR830 und OSTECH,,,
2026-09-15,10:32:43,349,KOM_Test,SR830,T,"SNAP 1,2,3,4,10,11","0,-6.10356e-005,0,-90,0,-6.10356e-005",result,Kommunikations-Test fuer SR830 und OSTECH,,,
2026-09-15,10:32:43,358,KOM_Test,OSTECH,T,XTA,21.005111694335938,result,Kommunikations-Test fuer SR830 und OSTECH,,,
2026-09-15,10:32:43,371,KOM_Test,OSTECH,T,GT,28.24588966369629,result,Kommunikations-Test fuer SR830 und OSTECH,,,
2026-09-15,10:32:43,387,KOM_Test,OSTECH,T,GS,"{'status_word': 3085, 'interlock_ok': True, 'driver_supply_ok': True, 'driver_temperature_ok': True, 'lt_sensor_ok': True, 'ct_sensor_ok': True, 'lc_on': False, 'lc_error': False}",result,Kommunikations-Test fuer SR830 und OSTECH,,,
2026-09-15,10:32:43,407,KOM_Test,OSTECH,T,LTM,25.0,result,Kommunikations-Test fuer SR830 und OSTECH,,,
2026-09-15,10:32:43,433,KOM_Test,OSTECH,T,LCA,0.0,result,Kommunikations-Test fuer SR830 und OSTECH,,,
2026-09-15,10:32:43,457,KOM_Test,OSTECH,T,LVA,0.0,result,Kommunikations-Test fuer SR830 und OSTECH,,,
2026-09-15,10:32:43,467,KOM_Test,SR830,T,"SNAP 5,6,7,8,9","-0.002,0.005,0.000666667,-0.001,1000",result,Kommunikations-Test fuer SR830 und OSTECH,,,
2026-09-15,10:32:43,478,KOM_Test,OSTECH,T,XTA,21.005111694335938,result,Kommunikations-Test fuer SR830 und OSTECH,,,
2026-09-15,10:32:43,487,KOM_Test,OSTECH,T,GT,28.24588966369629,result,Kommunikations-Test fuer SR830 und OSTECH,,,
2026-09-15,10:32:43,495,KOM_Test,SR830,T,PHAS,0,result,Kommunikations-Test fuer SR830 und OSTECH,,,
2026-09-15,10:32:43,507,KOM_Test,OSTECH,T,GS,"{'status_word': 3085, 'interlock_ok': True, 'driver_supply_ok': True, 'driver_temperature_ok': True, 'lt_sensor_ok': True, 'ct_sensor_ok': True, 'lc_on': False, 'lc_error': False}",result,Kommunikations-Test fuer SR830 und OSTECH,,,
2026-09-15,10:32:43,516,KOM_Test,SR830,T,FREQ,1000,result,Kommunikations-Test fuer SR830 und OSTECH,,,
2026-09-15,10:32:43,527,KOM_Test,OSTECH,T,LTM,25.0,result,Kommunikations-Test fuer SR830 und OSTECH,,,
2026-09-15,10:32:43,537,KOM_Test,OSTECH,T,LCA,0.0,result,Kommunikations-Test fuer SR830 und OSTECH,,,
2026-09-15,10:32:43,557,KOM_Test,OSTECH,T,LVA,0.0,result,Kommunikations-Test fuer SR830 und OSTECH,,,
2026-09-15,10:32:43,578,KOM_Test,OSTECH,T,XTA,21.005111694335938,result,Kommunikations-Test fuer SR830 und OSTECH,,,
2026-09-15,10:32:43,587,KOM_Test,OSTECH,T,GT,28.24588966369629,result,Kommunikations-Test fuer SR830 und OSTECH,,,
2026-09-15,10:32:43,600,KOM_Test,SR830,T,"SNAP 1,2,3,4,10,11","0,0,0,0,0,0",result,Kommunikations-Test fuer SR830 und OSTECH,,,
2026-09-15,10:32:43,617,KOM_Test,OSTECH,T,GS,"{'status_word': 3085, 'interlock_ok': True, 'driver_supply_ok': True, 'driver_temperature_ok': True, 'lt_sensor_ok': True, 'ct_sensor_ok': True, 'lc_on': False, 'lc_error': False}",result,Kommunikations-Test fuer SR830 und OSTECH,,,
2026-09-15,10:32:43,644,KOM_Test,OSTECH,T,LTM,25.0,result,Kommunikations-Test fuer SR830 und OSTECH,,,
2026-09-15,10:32:43,657,KOM_Test,OSTECH,T,LCA,0.0,result,Kommunikations-Test fuer SR830 und OSTECH,,,
2026-09-15,10:32:43,677,KOM_Test,OSTECH,T,LVA,0.0,result,Kommunikations-Test fuer SR830 und OSTECH,,,
2026-09-15,10:32:43,687,KOM_Test,OSTECH,T,XTA,21.00543975830078,result,Kommunikations-Test fuer SR830 und OSTECH,,,
2026-09-15,10:32:43,711,KOM_Test,OSTECH,T,GT,28.24588966369629,result,Kommunikations-Test fuer SR830 und OSTECH,,,
2026-09-15,10:32:43,722,KOM_Test,SR830,T,"SNAP 5,6,7,8,9","-0.00333333,0.005,0.00233333,0.001,1000",result,Kommunikations-Test fuer SR830 und OSTECH,,,
2026-09-15,10:32:43,722,KOM_Test,OSTECH,T,GS,"{'status_word': 3085, 'interlock_ok': True, 'driver_supply_ok': True, 'driver_temperature_ok': True, 'lt_sensor_ok': True, 'ct_sensor_ok': True, 'lc_on': False, 'lc_error': False}",result,Kommunikations-Test fuer SR830 und OSTECH,,,
2026-09-15,10:32:43,743,KOM_Test,OSTECH,T,LTM,25.0,result,Kommunikations-Test fuer SR830 und OSTECH,,,
2026-09-15,10:32:43,747,KOM_Test,SR830,T,PHAS,0,result,Kommunikations-Test fuer SR830 und OSTECH,,,
2026-09-15,10:32:43,762,KOM_Test,OSTECH,T,LCA,0.0,result,Kommunikations-Test fuer SR830 und OSTECH,,,
2026-09-15,10:32:43,768,KOM_Test,SR830,T,FREQ,1000,result,Kommunikations-Test fuer SR830 und OSTECH,,,
2026-09-15,10:32:43,777,KOM_Test,OSTECH,T,LVA,0.0,result,Kommunikations-Test fuer SR830 und OSTECH,,,
2026-09-15,10:32:43,800,KOM_Test,OSTECH,T,XTA,21.00543975830078,result,Kommunikations-Test fuer SR830 und OSTECH,,,
2026-09-15,10:32:43,821,KOM_Test,OSTECH,T,GT,28.24588966369629,result,Kommunikations-Test fuer SR830 und OSTECH,,,
2026-09-15,10:32:43,837,KOM_Test,OSTECH,T,GS,"{'status_word': 3085, 'interlock_ok': True, 'driver_supply_ok': True, 'driver_temperature_ok': True, 'lt_sensor_ok': True, 'ct_sensor_ok': True, 'lc_on': False, 'lc_error': False}",result,Kommunikations-Test fuer SR830 und OSTECH,,,
2026-09-15,10:32:43,857,KOM_Test,OSTECH,T,LTM,25.0,result,Kommunikations-Test fuer SR830 und OSTECH,,,
2026-09-15,10:32:43,877,KOM_Test,OSTECH,T,LCA,0.0,result,Kommunikations-Test fuer SR830 und OSTECH,,,
2026-09-15,10:32:43,889,KOM_Test,SR830,T,"SNAP 1,2,3,4,10,11","0,-6.10356e-005,0,-45,0,-6.10356e-005",result,Kommunikations-Test fuer SR830 und OSTECH,,,
2026-09-15,10:32:43,889,KOM_Test,OSTECH,T,LVA,0.0,result,Kommunikations-Test fuer SR830 und OSTECH,,,
2026-09-15,10:32:43,907,KOM_Test,OSTECH,T,XTA,21.00543975830078,result,Kommunikations-Test fuer SR830 und OSTECH,,,
2026-09-15,10:32:43,918,KOM_Test,OSTECH,T,GT,28.24588966369629,result,Kommunikations-Test fuer SR830 und OSTECH,,,
2026-09-15,10:32:43,934,KOM_Test,OSTECH,T,GS,"{'status_word': 3085, 'interlock_ok': True, 'driver_supply_ok': True, 'driver_temperature_ok': True, 'lt_sensor_ok': True, 'ct_sensor_ok': True, 'lc_on': False, 'lc_error': False}",result,Kommunikations-Test fuer SR830 und OSTECH,,,
2026-09-15,10:32:43,957,KOM_Test,OSTECH,T,LTM,25.0,result,Kommunikations-Test fuer SR830 und OSTECH,,,
2026-09-15,10:32:43,983,KOM_Test,OSTECH,T,LCA,0.0,result,Kommunikations-Test fuer SR830 und OSTECH,,,
2026-09-15,10:32:43,989,KOM_Test,OSTECH,T,LVA,0.0,result,Kommunikations-Test fuer SR830 und OSTECH,,,
2026-09-15,10:32:44,007,KOM_Test,SR830,T,"SNAP 5,6,7,8,9","-0.00166667,0.005,0.001,0.000666667,1000",result,Kommunikations-Test fuer SR830 und OSTECH,,,
2026-09-15,10:32:44,013,KOM_Test,OSTECH,T,XTA,21.00543975830078,result,Kommunikations-Test fuer SR830 und OSTECH,,,
2026-09-15,10:32:44,018,KOM_Test,OSTECH,T,GT,28.24588966369629,result,Kommunikations-Test fuer SR830 und OSTECH,,,
2026-09-15,10:32:44,028,KOM_Test,SR830,T,PHAS,0,result,Kommunikations-Test fuer SR830 und OSTECH,,,
2026-09-15,10:32:44,041,KOM_Test,OSTECH,T,GS,"{'status_word': 3085, 'interlock_ok': True, 'driver_supply_ok': True, 'driver_temperature_ok': True, 'lt_sensor_ok': True, 'ct_sensor_ok': True, 'lc_on': False, 'lc_error': False}",result,Kommunikations-Test fuer SR830 und OSTECH,,,
2026-09-15,10:32:44,050,KOM_Test,SR830,T,FREQ,1000,result,Kommunikations-Test fuer SR830 und OSTECH,,,
2026-09-15,10:32:44,057,KOM_Test,OSTECH,T,LTM,25.0,result,Kommunikations-Test fuer SR830 und OSTECH,,,
2026-09-15,10:32:44,077,KOM_Test,OSTECH,T,LCA,0.0,result,Kommunikations-Test fuer SR830 und OSTECH,,,
2026-09-15,10:32:44,087,KOM_Test,OSTECH,T,LVA,0.0,result,Kommunikations-Test fuer SR830 und OSTECH,,,
2026-09-15,10:32:44,107,KOM_Test,OSTECH,T,XTA,21.00543975830078,result,Kommunikations-Test fuer SR830 und OSTECH,,,
2026-09-15,10:32:44,128,KOM_Test,OSTECH,T,GT,28.24588966369629,result,Kommunikations-Test fuer SR830 und OSTECH,,,
2026-09-15,10:32:44,137,KOM_Test,OSTECH,T,GS,"{'status_word': 3085, 'interlock_ok': True, 'driver_supply_ok': True, 'driver_temperature_ok': True, 'lt_sensor_ok': True, 'ct_sensor_ok': True, 'lc_on': False, 'lc_error': False}",result,Kommunikations-Test fuer SR830 und OSTECH,,,
2026-09-15,10:32:44,170,KOM_Test,OSTECH,T,LTM,25.0,result,Kommunikations-Test fuer SR830 und OSTECH,,,
2026-09-15,10:32:44,184,KOM_Test,OSTECH,T,LCA,0.0,result,Kommunikations-Test fuer SR830 und OSTECH,,,
2026-09-15,10:32:44,207,KOM_Test,OSTECH,T,LVA,0.0,result,Kommunikations-Test fuer SR830 und OSTECH,,,
2026-09-15,10:32:44,227,KOM_Test,OSTECH,T,XTA,21.00981903076172,result,Kommunikations-Test fuer SR830 und OSTECH,,,
2026-09-15,10:32:44,234,KOM_Test,SR830,T,"SNAP 1,2,3,4,10,11","-6.10356e-005,-0.000122071,6.10356e-005,-116.562,-6.10356e-005,-0.000122071",result,Kommunikations-Test fuer SR830 und OSTECH,,,
2026-09-15,10:32:44,237,KOM_Test,OSTECH,T,GT,28.24588966369629,result,Kommunikations-Test fuer SR830 und OSTECH,,,
2026-09-15,10:32:44,250,KOM_Test,OSTECH,T,GS,"{'status_word': 3085, 'interlock_ok': True, 'driver_supply_ok': True, 'driver_temperature_ok': True, 'lt_sensor_ok': True, 'ct_sensor_ok': True, 'lc_on': False, 'lc_error': False}",result,Kommunikations-Test fuer SR830 und OSTECH,,,
2026-09-15,10:32:44,277,KOM_Test,OSTECH,T,LTM,25.0,result,Kommunikations-Test fuer SR830 und OSTECH,,,
2026-09-15,10:32:44,289,KOM_Test,OSTECH,T,LCA,0.0,result,Kommunikations-Test fuer SR830 und OSTECH,,,
2026-09-15,10:32:44,307,KOM_Test,OSTECH,T,LVA,0.0,result,Kommunikations-Test fuer SR830 und OSTECH,,,
2026-09-15,10:32:44,327,KOM_Test,OSTECH,T,XTA,21.00981903076172,result,Kommunikations-Test fuer SR830 und OSTECH,,,
2026-09-15,10:32:44,354,KOM_Test,OSTECH,T,GT,28.248044967651367,result,Kommunikations-Test fuer SR830 und OSTECH,,,
2026-09-15,10:32:44,365,KOM_Test,OSTECH,T,GS,"{'status_word': 3085, 'interlock_ok': True, 'driver_supply_ok': True, 'driver_temperature_ok': True, 'lt_sensor_ok': True, 'ct_sensor_ok': True, 'lc_on': False, 'lc_error': False}",result,Kommunikations-Test fuer SR830 und OSTECH,,,
2026-09-15,10:32:44,366,KOM_Test,SR830,T,"SNAP 5,6,7,8,9","-0.002,0.00466667,0.000666667,0.00266667,1000",result,Kommunikations-Test fuer SR830 und OSTECH,,,
2026-09-15,10:32:44,390,KOM_Test,OSTECH,T,LTM,25.0,result,Kommunikations-Test fuer SR830 und OSTECH,,,
2026-09-15,10:32:44,390,KOM_Test,SR830,T,PHAS,0,result,Kommunikations-Test fuer SR830 und OSTECH,,,
2026-09-15,10:32:44,407,KOM_Test,OSTECH,T,LCA,0.0,result,Kommunikations-Test fuer SR830 und OSTECH,,,
2026-09-15,10:32:44,417,KOM_Test,SR830,T,FREQ,1000,result,Kommunikations-Test fuer SR830 und OSTECH,,,
2026-09-15,10:32:44,428,KOM_Test,OSTECH,T,LVA,0.0,result,Kommunikations-Test fuer SR830 und OSTECH,,,
2026-09-15,10:32:44,444,KOM_Test,OSTECH,T,XTA,21.00981903076172,result,Kommunikations-Test fuer SR830 und OSTECH,,,
2026-09-15,10:32:44,458,KOM_Test,OSTECH,T,GT,28.248044967651367,result,Kommunikations-Test fuer SR830 und OSTECH,,,
2026-09-15,10:32:44,471,KOM_Test,OSTECH,T,GS,"{'status_word': 3085, 'interlock_ok': True, 'driver_supply_ok': True, 'driver_temperature_ok': True, 'lt_sensor_ok': True, 'ct_sensor_ok': True, 'lc_on': False, 'lc_error': False}",result,Kommunikations-Test fuer SR830 und OSTECH,,,
2026-09-15,10:32:44,491,KOM_Test,OSTECH,T,LTM,25.0,result,Kommunikations-Test fuer SR830 und OSTECH,,,
2026-09-15,10:32:44,507,KOM_Test,OSTECH,T,LCA,0.0,result,Kommunikations-Test fuer SR830 und OSTECH,,,
2026-09-15,10:32:44,528,KOM_Test,OSTECH,T,LVA,0.0,result,Kommunikations-Test fuer SR830 und OSTECH,,,
2026-09-15,10:32:44,549,KOM_Test,OSTECH,T,XTA,21.00981903076172,result,Kommunikations-Test fuer SR830 und OSTECH,,,
2026-09-15,10:32:44,574,KOM_Test,OSTECH,T,GT,28.248044967651367,result,Kommunikations-Test fuer SR830 und OSTECH,,,
2026-09-15,10:32:44,577,KOM_Test,SR830,T,"SNAP 1,2,3,4,10,11","-6.10356e-005,-6.10356e-005,0,-135,-6.10356e-005,-6.10356e-005",result,Kommunikations-Test fuer SR830 und OSTECH,,,
2026-09-15,10:32:44,587,KOM_Test,OSTECH,T,GS,"{'status_word': 3085, 'interlock_ok': True, 'driver_supply_ok': True, 'driver_temperature_ok': True, 'lt_sensor_ok': True, 'ct_sensor_ok': True, 'lc_on': False, 'lc_error': False}",result,Kommunikations-Test fuer SR830 und OSTECH,,,
2026-09-15,10:32:44,600,KOM_Test,OSTECH,T,LTM,25.0,result,Kommunikations-Test fuer SR830 und OSTECH,,,
2026-09-15,10:32:44,617,KOM_Test,OSTECH,T,LCA,0.0,result,Kommunikations-Test fuer SR830 und OSTECH,,,
2026-09-15,10:32:44,639,KOM_Test,OSTECH,T,LVA,0.0,result,Kommunikations-Test fuer SR830 und OSTECH,,,
2026-09-15,10:32:44,657,KOM_Test,OSTECH,T,XTA,21.00981903076172,result,Kommunikations-Test fuer SR830 und OSTECH,,,
2026-09-15,10:32:44,673,KOM_Test,OSTECH,T,GT,28.248044967651367,result,Kommunikations-Test fuer SR830 und OSTECH,,,
2026-09-15,10:32:44,687,KOM_Test,OSTECH,T,GS,"{'status_word': 3085, 'interlock_ok': True, 'driver_supply_ok': True, 'driver_temperature_ok': True, 'lt_sensor_ok': True, 'ct_sensor_ok': True, 'lc_on': False, 'lc_error': False}",result,Kommunikations-Test fuer SR830 und OSTECH,,,
2026-09-15,10:32:44,700,KOM_Test,SR830,T,"SNAP 5,6,7,8,9","-0.000666667,0.00466667,0.00366667,-0.00233333,1000",result,Kommunikations-Test fuer SR830 und OSTECH,,,
2026-09-15,10:32:44,715,KOM_Test,OSTECH,T,LTM,25.0,result,Kommunikations-Test fuer SR830 und OSTECH,,,
2026-09-15,10:32:44,725,KOM_Test,SR830,T,PHAS,0,result,Kommunikations-Test fuer SR830 und OSTECH,,,
2026-09-15,10:32:44,739,KOM_Test,OSTECH,T,LCA,0.0,result,Kommunikations-Test fuer SR830 und OSTECH,,,
2026-09-15,10:32:44,748,KOM_Test,SR830,T,FREQ,1000,result,Kommunikations-Test fuer SR830 und OSTECH,,,
2026-09-15,10:32:44,767,KOM_Test,OSTECH,T,LVA,0.0,result,Kommunikations-Test fuer SR830 und OSTECH,,,
2026-09-15,10:32:44,790,KOM_Test,OSTECH,T,XTA,21.00464630126953,result,Kommunikations-Test fuer SR830 und OSTECH,,,
2026-09-15,10:32:44,807,KOM_Test,OSTECH,T,GT,28.248044967651367,result,Kommunikations-Test fuer SR830 und OSTECH,,,
2026-09-15,10:32:44,822,KOM_Test,OSTECH,T,GS,"{'status_word': 3085, 'interlock_ok': True, 'driver_supply_ok': True, 'driver_temperature_ok': True, 'lt_sensor_ok': True, 'ct_sensor_ok': True, 'lc_on': False, 'lc_error': False}",result,Kommunikations-Test fuer SR830 und OSTECH,,,
2026-09-15,10:32:44,838,KOM_Test,OSTECH,T,LTM,25.0,result,Kommunikations-Test fuer SR830 und OSTECH,,,
2026-09-15,10:32:44,859,KOM_Test,OSTECH,T,LCA,0.0,result,Kommunikations-Test fuer SR830 und OSTECH,,,
2026-09-15,10:32:44,870,KOM_Test,OSTECH,T,LVA,0.0,result,Kommunikations-Test fuer SR830 und OSTECH,,,
2026-09-15,10:32:44,888,KOM_Test,OSTECH,T,XTA,21.00464630126953,result,Kommunikations-Test fuer SR830 und OSTECH,,,
2026-09-15,10:32:44,907,KOM_Test,OSTECH,T,GT,28.248044967651367,result,Kommunikations-Test fuer SR830 und OSTECH,,,
2026-09-15,10:32:44,917,KOM_Test,SR830,T,"SNAP 1,2,3,4,10,11","-6.10356e-005,6.10356e-005,6.10356e-005,116.562,-6.10356e-005,6.10356e-005",result,Kommunikations-Test fuer SR830 und OSTECH,,,
2026-09-15,10:32:44,924,KOM_Test,OSTECH,T,GS,"{'status_word': 3085, 'interlock_ok': True, 'driver_supply_ok': True, 'driver_temperature_ok': True, 'lt_sensor_ok': True, 'ct_sensor_ok': True, 'lc_on': False, 'lc_error': False}",result,Kommunikations-Test fuer SR830 und OSTECH,,,
2026-09-15,10:32:44,940,KOM_Test,OSTECH,T,LTM,25.0,result,Kommunikations-Test fuer SR830 und OSTECH,,,
2026-09-15,10:32:44,957,KOM_Test,OSTECH,T,LCA,0.0,result,Kommunikations-Test fuer SR830 und OSTECH,,,
2026-09-15,10:32:44,977,KOM_Test,OSTECH,T,LVA,0.0,result,Kommunikations-Test fuer SR830 und OSTECH,,,
2026-09-15,10:32:44,989,KOM_Test,OSTECH,T,XTA,21.00464630126953,result,Kommunikations-Test fuer SR830 und OSTECH,,,
2026-09-15,10:32:45,007,KOM_Test,OSTECH,T,GT,28.248044967651367,result,Kommunikations-Test fuer SR830 und OSTECH,,,
2026-09-15,10:32:45,017,KOM_Test,OSTECH,T,GS,"{'status_word': 3085, 'interlock_ok': True, 'driver_supply_ok': True, 'driver_temperature_ok': True, 'lt_sensor_ok': True, 'ct_sensor_ok': True, 'lc_on': False, 'lc_error': False}",result,Kommunikations-Test fuer SR830 und OSTECH,,,
2026-09-15,10:32:45,043,KOM_Test,SR830,T,"SNAP 5,6,7,8,9","-0.00366667,0.00666667,-0.002,-0.001,1000",result,Kommunikations-Test fuer SR830 und OSTECH,,,
2026-09-15,10:32:45,076,KOM_Test,OSTECH,T,LTM,25.0,result,Kommunikations-Test fuer SR830 und OSTECH,,,
2026-09-15,10:32:45,095,KOM_Test,OSTECH,T,LCA,0.0,result,Kommunikations-Test fuer SR830 und OSTECH,,,
2026-09-15,10:32:45,097,KOM_Test,SR830,T,PHAS,0,result,Kommunikations-Test fuer SR830 und OSTECH,,,
2026-09-15,10:32:45,098,KOM_Test,OSTECH,T,LVA,0.0,result,Kommunikations-Test fuer SR830 und OSTECH,,,
2026-09-15,10:32:45,098,KOM_Test,SR830,T,FREQ,1000,result,Kommunikations-Test fuer SR830 und OSTECH,,,
2026-09-15,10:32:45,110,KOM_Test,OSTECH,T,XTA,21.00464630126953,result,Kommunikations-Test fuer SR830 und OSTECH,,,
2026-09-15,10:32:45,124,KOM_Test,OSTECH,T,GT,28.248044967651367,result,Kommunikations-Test fuer SR830 und OSTECH,,,
2026-09-15,10:32:45,138,KOM_Test,OSTECH,T,GS,"{'status_word': 3085, 'interlock_ok': True, 'driver_supply_ok': True, 'driver_temperature_ok': True, 'lt_sensor_ok': True, 'ct_sensor_ok': True, 'lc_on': False, 'lc_error': False}",result,Kommunikations-Test fuer SR830 und OSTECH,,,
2026-09-15,10:32:45,157,KOM_Test,OSTECH,T,LTM,25.0,result,Kommunikations-Test fuer SR830 und OSTECH,,,
2026-09-15,10:32:45,174,KOM_Test,OSTECH,T,LCA,0.0,result,Kommunikations-Test fuer SR830 und OSTECH,,,
2026-09-15,10:32:45,187,KOM_Test,OSTECH,T,LVA,0.0,result,Kommunikations-Test fuer SR830 und OSTECH,,,
2026-09-15,10:32:45,207,KOM_Test,OSTECH,T,XTA,21.00464630126953,result,Kommunikations-Test fuer SR830 und OSTECH,,,
2026-09-15,10:32:45,217,KOM_Test,SR830,T,"SNAP 1,2,3,4,10,11","-0.000122071,0,6.10356e-005,180,-0.000122071,0",result,Kommunikations-Test fuer SR830 und OSTECH,,,
2026-09-15,10:32:45,223,KOM_Test,OSTECH,T,GT,28.248044967651367,result,Kommunikations-Test fuer SR830 und OSTECH,,,
2026-09-15,10:32:45,239,KOM_Test,OSTECH,T,GS,"{'status_word': 3085, 'interlock_ok': True, 'driver_supply_ok': True, 'driver_temperature_ok': True, 'lt_sensor_ok': True, 'ct_sensor_ok': True, 'lc_on': False, 'lc_error': False}",result,Kommunikations-Test fuer SR830 und OSTECH,,,
2026-09-15,10:32:45,267,KOM_Test,OSTECH,T,LTM,25.0,result,Kommunikations-Test fuer SR830 und OSTECH,,,
2026-09-15,10:32:45,289,KOM_Test,OSTECH,T,LCA,0.0,result,Kommunikations-Test fuer SR830 und OSTECH,,,
2026-09-15,10:32:45,307,KOM_Test,OSTECH,T,LVA,0.0,result,Kommunikations-Test fuer SR830 und OSTECH,,,
2026-09-15,10:32:45,325,KOM_Test,OSTECH,T,XTA,21.00756072998047,result,Kommunikations-Test fuer SR830 und OSTECH,,,
2026-09-15,10:32:45,340,KOM_Test,OSTECH,T,GT,28.248044967651367,result,Kommunikations-Test fuer SR830 und OSTECH,,,
2026-09-15,10:32:45,349,KOM_Test,SR830,T,"SNAP 5,6,7,8,9","-0.00333333,0.00766667,0.000666667,0.000666667,1000",result,Kommunikations-Test fuer SR830 und OSTECH,,,
2026-09-15,10:32:45,349,KOM_Test,OSTECH,T,GS,"{'status_word': 3085, 'interlock_ok': True, 'driver_supply_ok': True, 'driver_temperature_ok': True, 'lt_sensor_ok': True, 'ct_sensor_ok': True, 'lc_on': False, 'lc_error': False}",result,Kommunikations-Test fuer SR830 und OSTECH,,,
2026-09-15,10:32:45,377,KOM_Test,SR830,T,PHAS,0,result,Kommunikations-Test fuer SR830 und OSTECH,,,
2026-09-15,10:32:45,377,KOM_Test,OSTECH,T,LTM,25.0,result,Kommunikations-Test fuer SR830 und OSTECH,,,
2026-09-15,10:32:45,392,KOM_Test,OSTECH,T,LCA,0.0,result,Kommunikations-Test fuer SR830 und OSTECH,,,
2026-09-15,10:32:45,399,KOM_Test,SR830,T,FREQ,1000,result,Kommunikations-Test fuer SR830 und OSTECH,,,
2026-09-15,10:32:45,407,KOM_Test,OSTECH,T,LVA,0.0,result,Kommunikations-Test fuer SR830 und OSTECH,,,
2026-09-15,10:32:45,427,KOM_Test,OSTECH,T,XTA,21.00756072998047,result,Kommunikations-Test fuer SR830 und OSTECH,,,
2026-09-15,10:32:45,448,KOM_Test,OSTECH,T,GT,28.248044967651367,result,Kommunikations-Test fuer SR830 und OSTECH,,,
2026-09-15,10:32:45,472,KOM_Test,OSTECH,T,GS,"{'status_word': 3085, 'interlock_ok': True, 'driver_supply_ok': True, 'driver_temperature_ok': True, 'lt_sensor_ok': True, 'ct_sensor_ok': True, 'lc_on': False, 'lc_error': False}",result,Kommunikations-Test fuer SR830 und OSTECH,,,
2026-09-15,10:32:45,487,KOM_Test,SR830,T,"SNAP 1,2,3,4,10,11","0,0,0,0,0,0",result,Kommunikations-Test fuer SR830 und OSTECH,,,
2026-09-15,10:32:45,493,KOM_Test,OSTECH,T,LTM,25.0,result,Kommunikations-Test fuer SR830 und OSTECH,,,
2026-09-15,10:32:45,507,KOM_Test,OSTECH,T,LCA,0.0,result,Kommunikations-Test fuer SR830 und OSTECH,,,
2026-09-15,10:32:45,527,KOM_Test,OSTECH,T,LVA,0.0,result,Kommunikations-Test fuer SR830 und OSTECH,,,
2026-09-15,10:32:45,540,KOM_Test,OSTECH,T,XTA,21.00756072998047,result,Kommunikations-Test fuer SR830 und OSTECH,,,
2026-09-15,10:32:45,557,KOM_Test,OSTECH,T,GT,28.248044967651367,result,Kommunikations-Test fuer SR830 und OSTECH,,,
2026-09-15,10:32:45,567,KOM_Test,OSTECH,T,GS,"{'status_word': 3085, 'interlock_ok': True, 'driver_supply_ok': True, 'driver_temperature_ok': True, 'lt_sensor_ok': True, 'ct_sensor_ok': True, 'lc_on': False, 'lc_error': False}",result,Kommunikations-Test fuer SR830 und OSTECH,,,
2026-09-15,10:32:45,587,KOM_Test,OSTECH,T,LTM,25.0,result,Kommunikations-Test fuer SR830 und OSTECH,,,
2026-09-15,10:32:45,607,KOM_Test,OSTECH,T,LCA,0.0,result,Kommunikations-Test fuer SR830 und OSTECH,,,
2026-09-15,10:32:45,617,KOM_Test,SR830,T,"SNAP 5,6,7,8,9","-0.00166667,0.00466667,0.000666667,-0.00233333,1000",result,Kommunikations-Test fuer SR830 und OSTECH,,,
2026-09-15,10:32:45,627,KOM_Test,OSTECH,T,LVA,0.0,result,Kommunikations-Test fuer SR830 und OSTECH,,,
2026-09-15,10:32:45,637,KOM_Test,SR830,T,PHAS,0,result,Kommunikations-Test fuer SR830 und OSTECH,,,
2026-09-15,10:32:45,645,KOM_Test,OSTECH,T,XTA,21.00756072998047,result,Kommunikations-Test fuer SR830 und OSTECH,,,
2026-09-15,10:32:45,657,KOM_Test,OSTECH,T,GT,28.248044967651367,result,Kommunikations-Test fuer SR830 und OSTECH,,,
2026-09-15,10:32:45,665,KOM_Test,SR830,T,FREQ,1000,result,Kommunikations-Test fuer SR830 und OSTECH,,,
2026-09-15,10:32:45,672,KOM_Test,OSTECH,T,GS,"{'status_word': 3085, 'interlock_ok': True, 'driver_supply_ok': True, 'driver_temperature_ok': True, 'lt_sensor_ok': True, 'ct_sensor_ok': True, 'lc_on': False, 'lc_error': False}",result,Kommunikations-Test fuer SR830 und OSTECH,,,
2026-09-15,10:32:45,691,KOM_Test,OSTECH,T,LTM,25.0,result,Kommunikations-Test fuer SR830 und OSTECH,,,
2026-09-15,10:32:45,707,KOM_Test,OSTECH,T,LCA,0.0,result,Kommunikations-Test fuer SR830 und OSTECH,,,
2026-09-15,10:32:45,728,KOM_Test,OSTECH,T,LVA,0.0,result,Kommunikations-Test fuer SR830 und OSTECH,,,
2026-09-15,10:32:45,737,KOM_Test,OSTECH,T,XTA,21.00756072998047,result,Kommunikations-Test fuer SR830 und OSTECH,,,
2026-09-15,10:32:45,752,KOM_Test,SR830,T,"SNAP 1,2,3,4,10,11","0,0,0,0,0,0",result,Kommunikations-Test fuer SR830 und OSTECH,,,
2026-09-15,10:32:45,758,KOM_Test,OSTECH,T,GT,28.248044967651367,result,Kommunikations-Test fuer SR830 und OSTECH,,,
2026-09-15,10:32:45,770,KOM_Test,OSTECH,T,GS,"{'status_word': 3085, 'interlock_ok': True, 'driver_supply_ok': True, 'driver_temperature_ok': True, 'lt_sensor_ok': True, 'ct_sensor_ok': True, 'lc_on': False, 'lc_error': False}",result,Kommunikations-Test fuer SR830 und OSTECH,,,
2026-09-15,10:32:45,789,KOM_Test,OSTECH,T,LTM,25.0,result,Kommunikations-Test fuer SR830 und OSTECH,,,
2026-09-15,10:32:45,817,KOM_Test,OSTECH,T,LCA,0.0,result,Kommunikations-Test fuer SR830 und OSTECH,,,
2026-09-15,10:32:45,837,KOM_Test,OSTECH,T,LVA,0.0,result,Kommunikations-Test fuer SR830 und OSTECH,,,
2026-09-15,10:32:45,857,KOM_Test,OSTECH,T,XTA,21.00555419921875,result,Kommunikations-Test fuer SR830 und OSTECH,,,
2026-09-15,10:32:45,867,KOM_Test,OSTECH,T,GT,28.248044967651367,result,Kommunikations-Test fuer SR830 und OSTECH,,,
2026-09-15,10:32:45,882,KOM_Test,SR830,T,"SNAP 5,6,7,8,9","-0.00166667,0.00666667,0.00366667,-0.000666667,1000",result,Kommunikations-Test fuer SR830 und OSTECH,,,
2026-09-15,10:32:45,889,KOM_Test,OSTECH,T,GS,"{'status_word': 3085, 'interlock_ok': True, 'driver_supply_ok': True, 'driver_temperature_ok': True, 'lt_sensor_ok': True, 'ct_sensor_ok': True, 'lc_on': False, 'lc_error': False}",result,Kommunikations-Test fuer SR830 und OSTECH,,,
2026-09-15,10:32:45,906,KOM_Test,OSTECH,T,LTM,25.0,result,Kommunikations-Test fuer SR830 und OSTECH,,,
2026-09-15,10:32:45,907,KOM_Test,SR830,T,PHAS,0,result,Kommunikations-Test fuer SR830 und OSTECH,,,
2026-09-15,10:32:45,922,KOM_Test,OSTECH,T,LCA,0.0,result,Kommunikations-Test fuer SR830 und OSTECH,,,
2026-09-15,10:32:45,927,KOM_Test,SR830,T,FREQ,1000,result,Kommunikations-Test fuer SR830 und OSTECH,,,
2026-09-15,10:32:45,937,KOM_Test,OSTECH,T,LVA,0.0,result,Kommunikations-Test fuer SR830 und OSTECH,,,
2026-09-15,10:32:45,957,KOM_Test,OSTECH,T,XTA,21.00555419921875,result,Kommunikations-Test fuer SR830 und OSTECH,,,
2026-09-15,10:32:45,978,KOM_Test,OSTECH,T,GT,28.248044967651367,result,Kommunikations-Test fuer SR830 und OSTECH,,,
2026-09-15,10:32:45,990,KOM_Test,OSTECH,T,GS,"{'status_word': 3085, 'interlock_ok': True, 'driver_supply_ok': True, 'driver_temperature_ok': True, 'lt_sensor_ok': True, 'ct_sensor_ok': True, 'lc_on': False, 'lc_error': False}",result,Kommunikations-Test fuer SR830 und OSTECH,,,
2026-09-15,10:32:46,007,KOM_Test,OSTECH,T,LTM,25.0,result,Kommunikations-Test fuer SR830 und OSTECH,,,
2026-09-15,10:32:46,032,KOM_Test,OSTECH,T,LCA,0.0,result,Kommunikations-Test fuer SR830 und OSTECH,,,
2026-09-15,10:32:46,048,KOM_Test,OSTECH,T,LVA,0.0,result,Kommunikations-Test fuer SR830 und OSTECH,,,
2026-09-15,10:32:46,053,KOM_Test,SR830,T,"SNAP 1,2,3,4,10,11","0,-0.000122071,6.10356e-005,-90,0,-0.000122071",result,Kommunikations-Test fuer SR830 und OSTECH,,,
2026-09-15,10:32:46,062,KOM_Test,OSTECH,T,XTA,21.00555419921875,result,Kommunikations-Test fuer SR830 und OSTECH,,,
2026-09-15,10:32:46,079,KOM_Test,OSTECH,T,GT,28.248044967651367,result,Kommunikations-Test fuer SR830 und OSTECH,,,
2026-09-15,10:32:46,093,KOM_Test,OSTECH,T,GS,"{'status_word': 3085, 'interlock_ok': True, 'driver_supply_ok': True, 'driver_temperature_ok': True, 'lt_sensor_ok': True, 'ct_sensor_ok': True, 'lc_on': False, 'lc_error': False}",result,Kommunikations-Test fuer SR830 und OSTECH,,,
2026-09-15,10:32:46,107,KOM_Test,OSTECH,T,LTM,25.0,result,Kommunikations-Test fuer SR830 und OSTECH,,,
2026-09-15,10:32:46,125,KOM_Test,OSTECH,T,LCA,0.0,result,Kommunikations-Test fuer SR830 und OSTECH,,,
2026-09-15,10:32:46,153,KOM_Test,OSTECH,T,LVA,0.0,result,Kommunikations-Test fuer SR830 und OSTECH,,,
2026-09-15,10:32:46,178,KOM_Test,SR830,T,"SNAP 5,6,7,8,9","-0.00166667,0.005,0.00366667,-0.001,1000",result,Kommunikations-Test fuer SR830 und OSTECH,,,
2026-09-15,10:32:46,181,KOM_Test,OSTECH,T,XTA,21.00555419921875,result,Kommunikations-Test fuer SR830 und OSTECH,,,
2026-09-15,10:32:46,192,KOM_Test,SR830,T,PHAS,0,result,Kommunikations-Test fuer SR830 und OSTECH,,,
2026-09-15,10:32:46,206,KOM_Test,OSTECH,T,GT,28.248044967651367,result,Kommunikations-Test fuer SR830 und OSTECH,,,
2026-09-15,10:32:46,214,KOM_Test,SR830,T,FREQ,1000,result,Kommunikations-Test fuer SR830 und OSTECH,,,
2026-09-15,10:32:46,219,KOM_Test,OSTECH,T,GS,"{'status_word': 3085, 'interlock_ok': True, 'driver_supply_ok': True, 'driver_temperature_ok': True, 'lt_sensor_ok': True, 'ct_sensor_ok': True, 'lc_on': False, 'lc_error': False}",result,Kommunikations-Test fuer SR830 und OSTECH,,,
2026-09-15,10:32:46,238,KOM_Test,OSTECH,T,LTM,25.0,result,Kommunikations-Test fuer SR830 und OSTECH,,,
2026-09-15,10:32:46,266,KOM_Test,OSTECH,T,LCA,0.0,result,Kommunikations-Test fuer SR830 und OSTECH,,,
2026-09-15,10:32:46,284,KOM_Test,OSTECH,T,LVA,0.0,result,Kommunikations-Test fuer SR830 und OSTECH,,,
2026-09-15,10:32:46,305,KOM_Test,OSTECH,T,XTA,21.00555419921875,result,Kommunikations-Test fuer SR830 und OSTECH,,,
2026-09-15,10:32:46,317,KOM_Test,OSTECH,T,GT,28.248044967651367,result,Kommunikations-Test fuer SR830 und OSTECH,,,
2026-09-15,10:32:46,317,KOM_Test,SR830,T,"SNAP 1,2,3,4,10,11","0,-6.10356e-005,0,-90,0,-6.10356e-005",result,Kommunikations-Test fuer SR830 und OSTECH,,,
2026-09-15,10:32:46,337,KOM_Test,OSTECH,T,GS,"{'status_word': 3085, 'interlock_ok': True, 'driver_supply_ok': True, 'driver_temperature_ok': True, 'lt_sensor_ok': True, 'ct_sensor_ok': True, 'lc_on': False, 'lc_error': False}",result,Kommunikations-Test fuer SR830 und OSTECH,,,
2026-09-15,10:32:46,357,KOM_Test,OSTECH,T,LTM,25.0,result,Kommunikations-Test fuer SR830 und OSTECH,,,
2026-09-15,10:32:46,377,KOM_Test,OSTECH,T,LCA,0.0,result,Kommunikations-Test fuer SR830 und OSTECH,,,
2026-09-15,10:32:46,387,KOM_Test,OSTECH,T,LVA,0.0,result,Kommunikations-Test fuer SR830 und OSTECH,,,
2026-09-15,10:32:46,407,KOM_Test,OSTECH,T,XTA,21.00555419921875,result,Kommunikations-Test fuer SR830 und OSTECH,,,
2026-09-15,10:32:46,425,KOM_Test,OSTECH,T,GT,28.248044967651367,result,Kommunikations-Test fuer SR830 und OSTECH,,,
2026-09-15,10:32:46,437,KOM_Test,SR830,T,"SNAP 5,6,7,8,9","-0.00333333,0.002,-0.00233333,0.002,1000",result,Kommunikations-Test fuer SR830 und OSTECH,,,
2026-09-15,10:32:46,437,KOM_Test,OSTECH,T,GS,"{'status_word': 3085, 'interlock_ok': True, 'driver_supply_ok': True, 'driver_temperature_ok': True, 'lt_sensor_ok': True, 'ct_sensor_ok': True, 'lc_on': False, 'lc_error': False}",result,Kommunikations-Test fuer SR830 und OSTECH,,,
2026-09-15,10:32:46,457,KOM_Test,SR830,T,PHAS,0,result,Kommunikations-Test fuer SR830 und OSTECH,,,
2026-09-15,10:32:46,460,KOM_Test,OSTECH,T,LTM,25.0,result,Kommunikations-Test fuer SR830 und OSTECH,,,
2026-09-15,10:32:46,478,KOM_Test,SR830,T,FREQ,1000,result,Kommunikations-Test fuer SR830 und OSTECH,,,
2026-09-15,10:32:46,479,KOM_Test,OSTECH,T,LCA,0.0,result,Kommunikations-Test fuer SR830 und OSTECH,,,
2026-09-15,10:32:46,496,KOM_Test,OSTECH,T,LVA,0.0,result,Kommunikations-Test fuer SR830 und OSTECH,,,
2026-09-15,10:32:46,515,KOM_Test,OSTECH,T,XTA,21.00555419921875,result,Kommunikations-Test fuer SR830 und OSTECH,,,
2026-09-15,10:32:46,548,KOM_Test,OSTECH,T,GT,28.248044967651367,result,Kommunikations-Test fuer SR830 und OSTECH,,,
2026-09-15,10:32:46,557,KOM_Test,SR830,T,"SNAP 1,2,3,4,10,11","0,0,0,0,0,0",result,Kommunikations-Test fuer SR830 und OSTECH,,,
2026-09-15,10:32:46,573,KOM_Test,OSTECH,T,GS,"{'status_word': 3085, 'interlock_ok': True, 'driver_supply_ok': True, 'driver_temperature_ok': True, 'lt_sensor_ok': True, 'ct_sensor_ok': True, 'lc_on': False, 'lc_error': False}",result,Kommunikations-Test fuer SR830 und OSTECH,,,
2026-09-15,10:32:46,592,KOM_Test,OSTECH,T,LTM,25.0,result,Kommunikations-Test fuer SR830 und OSTECH,,,
2026-09-15,10:32:46,606,KOM_Test,OSTECH,T,LCA,0.0,result,Kommunikations-Test fuer SR830 und OSTECH,,,
2026-09-15,10:32:46,627,KOM_Test,OSTECH,T,LVA,0.0,result,Kommunikations-Test fuer SR830 und OSTECH,,,
2026-09-15,10:32:46,643,KOM_Test,OSTECH,T,XTA,21.0047607421875,result,Kommunikations-Test fuer SR830 und OSTECH,,,
2026-09-15,10:32:46,659,KOM_Test,OSTECH,T,GT,28.248044967651367,result,Kommunikations-Test fuer SR830 und OSTECH,,,
2026-09-15,10:32:46,676,KOM_Test,OSTECH,T,GS,"{'status_word': 3085, 'interlock_ok': True, 'driver_supply_ok': True, 'driver_temperature_ok': True, 'lt_sensor_ok': True, 'ct_sensor_ok': True, 'lc_on': False, 'lc_error': False}",result,Kommunikations-Test fuer SR830 und OSTECH,,,
2026-09-15,10:32:46,678,KOM_Test,SR830,T,"SNAP 5,6,7,8,9","-0.002,0.005,-0.000666667,-0.000666667,1000",result,Kommunikations-Test fuer SR830 und OSTECH,,,
2026-09-15,10:32:46,695,KOM_Test,OSTECH,T,LTM,25.0,result,Kommunikations-Test fuer SR830 und OSTECH,,,
2026-09-15,10:32:46,699,KOM_Test,SR830,T,PHAS,0,result,Kommunikations-Test fuer SR830 und OSTECH,,,
2026-09-15,10:32:46,712,KOM_Test,OSTECH,T,LCA,0.0,result,Kommunikations-Test fuer SR830 und OSTECH,,,
2026-09-15,10:32:46,720,KOM_Test,SR830,T,FREQ,1000,result,Kommunikations-Test fuer SR830 und OSTECH,,,
2026-09-15,10:32:46,733,KOM_Test,OSTECH,T,LVA,0.0,result,Kommunikations-Test fuer SR830 und OSTECH,,,
2026-09-15,10:32:46,761,KOM_Test,OSTECH,T,XTA,21.0047607421875,result,Kommunikations-Test fuer SR830 und OSTECH,,,
2026-09-15,10:32:46,777,KOM_Test,OSTECH,T,GT,28.248044967651367,result,Kommunikations-Test fuer SR830 und OSTECH,,,
2026-09-15,10:32:46,790,KOM_Test,OSTECH,T,GS,"{'status_word': 3085, 'interlock_ok': True, 'driver_supply_ok': True, 'driver_temperature_ok': True, 'lt_sensor_ok': True, 'ct_sensor_ok': True, 'lc_on': False, 'lc_error': False}",result,Kommunikations-Test fuer SR830 und OSTECH,,,
2026-09-15,10:32:46,813,KOM_Test,OSTECH,T,LTM,25.0,result,Kommunikations-Test fuer SR830 und OSTECH,,,
2026-09-15,10:32:46,826,KOM_Test,OSTECH,T,LCA,0.0,result,Kommunikations-Test fuer SR830 und OSTECH,,,
2026-09-15,10:32:46,842,KOM_Test,OSTECH,T,LVA,0.0,result,Kommunikations-Test fuer SR830 und OSTECH,,,
2026-09-15,10:32:46,844,KOM_Test,SR830,T,"SNAP 1,2,3,4,10,11","0,-6.10356e-005,0,-45,0,-6.10356e-005",result,Kommunikations-Test fuer SR830 und OSTECH,,,
2026-09-15,10:32:46,857,KOM_Test,OSTECH,T,XTA,21.0047607421875,result,Kommunikations-Test fuer SR830 und OSTECH,,,
2026-09-15,10:32:46,876,KOM_Test,OSTECH,T,GT,28.248044967651367,result,Kommunikations-Test fuer SR830 und OSTECH,,,
2026-09-15,10:32:46,886,KOM_Test,OSTECH,T,GS,"{'status_word': 3085, 'interlock_ok': True, 'driver_supply_ok': True, 'driver_temperature_ok': True, 'lt_sensor_ok': True, 'ct_sensor_ok': True, 'lc_on': False, 'lc_error': False}",result,Kommunikations-Test fuer SR830 und OSTECH,,,
2026-09-15,10:32:46,920,KOM_Test,OSTECH,T,LTM,25.0,result,Kommunikations-Test fuer SR830 und OSTECH,,,
2026-09-15,10:32:46,946,KOM_Test,OSTECH,T,LCA,0.0,result,Kommunikations-Test fuer SR830 und OSTECH,,,
2026-09-15,10:32:46,971,KOM_Test,SR830,T,"SNAP 5,6,7,8,9","-0.00166667,0.00366667,-0.000666667,0.000666667,1000",result,Kommunikations-Test fuer SR830 und OSTECH,,,
2026-09-15,10:32:46,974,KOM_Test,OSTECH,T,LVA,0.0,result,Kommunikations-Test fuer SR830 und OSTECH,,,
2026-09-15,10:32:46,994,KOM_Test,OSTECH,T,XTA,21.00262451171875,result,Kommunikations-Test fuer SR830 und OSTECH,,,
2026-09-15,10:32:46,996,KOM_Test,SR830,T,PHAS,0,result,Kommunikations-Test fuer SR830 und OSTECH,,,
2026-09-15,10:32:47,007,KOM_Test,OSTECH,T,GT,28.248044967651367,result,Kommunikations-Test fuer SR830 und OSTECH,,,
2026-09-15,10:32:47,020,KOM_Test,OSTECH,T,GS,"{'status_word': 3085, 'interlock_ok': True, 'driver_supply_ok': True, 'driver_temperature_ok': True, 'lt_sensor_ok': True, 'ct_sensor_ok': True, 'lc_on': False, 'lc_error': False}",result,Kommunikations-Test fuer SR830 und OSTECH,,,
2026-09-15,10:32:47,028,KOM_Test,SR830,T,FREQ,1000,result,Kommunikations-Test fuer SR830 und OSTECH,,,
2026-09-15,10:32:47,040,KOM_Test,OSTECH,T,LTM,25.0,result,Kommunikations-Test fuer SR830 und OSTECH,,,
2026-09-15,10:32:47,059,KOM_Test,OSTECH,T,LCA,0.0,result,Kommunikations-Test fuer SR830 und OSTECH,,,
2026-09-15,10:32:47,075,KOM_Test,OSTECH,T,LVA,0.0,result,Kommunikations-Test fuer SR830 und OSTECH,,,
2026-09-15,10:32:47,096,KOM_Test,OSTECH,T,XTA,21.00262451171875,result,Kommunikations-Test fuer SR830 und OSTECH,,,
2026-09-15,10:32:47,106,KOM_Test,SR830,T,"SNAP 1,2,3,4,10,11","0,0,0,0,0,0",result,Kommunikations-Test fuer SR830 und OSTECH,,,
2026-09-15,10:32:47,109,KOM_Test,OSTECH,T,GT,28.248044967651367,result,Kommunikations-Test fuer SR830 und OSTECH,,,
2026-09-15,10:32:47,125,KOM_Test,OSTECH,T,GS,"{'status_word': 3085, 'interlock_ok': True, 'driver_supply_ok': True, 'driver_temperature_ok': True, 'lt_sensor_ok': True, 'ct_sensor_ok': True, 'lc_on': False, 'lc_error': False}",result,Kommunikations-Test fuer SR830 und OSTECH,,,
2026-09-15,10:32:47,147,KOM_Test,OSTECH,T,LTM,25.0,result,Kommunikations-Test fuer SR830 und OSTECH,,,
2026-09-15,10:32:47,161,KOM_Test,OSTECH,T,LCA,0.0,result,Kommunikations-Test fuer SR830 und OSTECH,,,
2026-09-15,10:32:47,178,KOM_Test,OSTECH,T,LVA,0.0,result,Kommunikations-Test fuer SR830 und OSTECH,,,
2026-09-15,10:32:47,196,KOM_Test,OSTECH,T,XTA,21.00262451171875,result,Kommunikations-Test fuer SR830 und OSTECH,,,
2026-09-15,10:32:47,210,KOM_Test,OSTECH,T,GT,28.248044967651367,result,Kommunikations-Test fuer SR830 und OSTECH,,,
2026-09-15,10:32:47,225,KOM_Test,OSTECH,T,GS,"{'status_word': 3085, 'interlock_ok': True, 'driver_supply_ok': True, 'driver_temperature_ok': True, 'lt_sensor_ok': True, 'ct_sensor_ok': True, 'lc_on': False, 'lc_error': False}",result,Kommunikations-Test fuer SR830 und OSTECH,,,
2026-09-15,10:32:47,233,KOM_Test,SR830,T,"SNAP 5,6,7,8,9","-0.000666667,0.00766667,-0.000666667,-0.001,1000",result,Kommunikations-Test fuer SR830 und OSTECH,,,
2026-09-15,10:32:47,245,KOM_Test,OSTECH,T,LTM,25.0,result,Kommunikations-Test fuer SR830 und OSTECH,,,
2026-09-15,10:32:47,261,KOM_Test,SR830,T,PHAS,0,result,Kommunikations-Test fuer SR830 und OSTECH,,,
2026-09-15,10:32:47,262,KOM_Test,OSTECH,T,LCA,0.0,result,Kommunikations-Test fuer SR830 und OSTECH,,,
2026-09-15,10:32:47,281,KOM_Test,OSTECH,T,LVA,0.0,result,Kommunikations-Test fuer SR830 und OSTECH,,,
2026-09-15,10:32:47,282,KOM_Test,SR830,T,FREQ,1000,result,Kommunikations-Test fuer SR830 und OSTECH,,,
2026-09-15,10:32:47,299,KOM_Test,OSTECH,T,XTA,21.00262451171875,result,Kommunikations-Test fuer SR830 und OSTECH,,,
2026-09-15,10:32:47,322,KOM_Test,OSTECH,T,GT,28.248044967651367,result,Kommunikations-Test fuer SR830 und OSTECH,,,
2026-09-15,10:32:47,337,KOM_Test,OSTECH,T,GS,"{'status_word': 3085, 'interlock_ok': True, 'driver_supply_ok': True, 'driver_temperature_ok': True, 'lt_sensor_ok': True, 'ct_sensor_ok': True, 'lc_on': False, 'lc_error': False}",result,Kommunikations-Test fuer SR830 und OSTECH,,,
2026-09-15,10:32:47,349,KOM_Test,OSTECH,T,LTM,25.0,result,Kommunikations-Test fuer SR830 und OSTECH,,,
2026-09-15,10:32:47,372,KOM_Test,OSTECH,T,LCA,0.0,result,Kommunikations-Test fuer SR830 und OSTECH,,,
2026-09-15,10:32:47,392,KOM_Test,OSTECH,T,LVA,0.0,result,Kommunikations-Test fuer SR830 und OSTECH,,,
2026-09-15,10:32:47,407,KOM_Test,OSTECH,T,XTA,21.00262451171875,result,Kommunikations-Test fuer SR830 und OSTECH,,,
2026-09-15,10:32:47,419,KOM_Test,OSTECH,T,GT,28.248044967651367,result,Kommunikations-Test fuer SR830 und OSTECH,,,
2026-09-15,10:32:47,433,KOM_Test,SR830,T,"SNAP 1,2,3,4,10,11","-6.10356e-005,-6.10356e-005,0,-135,-6.10356e-005,-6.10356e-005",result,Kommunikations-Test fuer SR830 und OSTECH,,,
2026-09-15,10:32:47,437,KOM_Test,OSTECH,T,GS,"{'status_word': 3085, 'interlock_ok': True, 'driver_supply_ok': True, 'driver_temperature_ok': True, 'lt_sensor_ok': True, 'ct_sensor_ok': True, 'lc_on': False, 'lc_error': False}",result,Kommunikations-Test fuer SR830 und OSTECH,,,
2026-09-15,10:32:47,469,KOM_Test,OSTECH,T,LTM,25.0,result,Kommunikations-Test fuer SR830 und OSTECH,,,
2026-09-15,10:32:47,492,KOM_Test,OSTECH,T,LCA,0.0,result,Kommunikations-Test fuer SR830 und OSTECH,,,
2026-09-15,10:32:47,507,KOM_Test,OSTECH,T,LVA,0.0,result,Kommunikations-Test fuer SR830 und OSTECH,,,
2026-09-15,10:32:47,527,KOM_Test,OSTECH,T,XTA,21.00800323486328,result,Kommunikations-Test fuer SR830 und OSTECH,,,
2026-09-15,10:32:47,537,KOM_Test,OSTECH,T,GT,28.248044967651367,result,Kommunikations-Test fuer SR830 und OSTECH,,,
2026-09-15,10:32:47,549,KOM_Test,OSTECH,T,GS,"{'status_word': 3085, 'interlock_ok': True, 'driver_supply_ok': True, 'driver_temperature_ok': True, 'lt_sensor_ok': True, 'ct_sensor_ok': True, 'lc_on': False, 'lc_error': False}",result,Kommunikations-Test fuer SR830 und OSTECH,,,
2026-09-15,10:32:47,557,KOM_Test,SR830,T,"SNAP 5,6,7,8,9","-0.000333333,0.005,0.001,0.000666667,1000",result,Kommunikations-Test fuer SR830 und OSTECH,,,
2026-09-15,10:32:47,573,KOM_Test,SR830,T,PHAS,0,result,Kommunikations-Test fuer SR830 und OSTECH,,,
2026-09-15,10:32:47,577,KOM_Test,OSTECH,T,LTM,25.0,result,Kommunikations-Test fuer SR830 und OSTECH,,,
2026-09-15,10:32:47,597,KOM_Test,OSTECH,T,LCA,0.0,result,Kommunikations-Test fuer SR830 und OSTECH,,,
2026-09-15,10:32:47,604,KOM_Test,SR830,T,FREQ,1000,result,Kommunikations-Test fuer SR830 und OSTECH,,,
2026-09-15,10:32:47,607,KOM_Test,OSTECH,T,LVA,0.0,result,Kommunikations-Test fuer SR830 und OSTECH,,,
2026-09-15,10:32:47,627,KOM_Test,OSTECH,T,XTA,21.00800323486328,result,Kommunikations-Test fuer SR830 und OSTECH,,,
2026-09-15,10:32:47,651,KOM_Test,OSTECH,T,GT,28.248044967651367,result,Kommunikations-Test fuer SR830 und OSTECH,,,
2026-09-15,10:32:47,674,KOM_Test,OSTECH,T,GS,"{'status_word': 3085, 'interlock_ok': True, 'driver_supply_ok': True, 'driver_temperature_ok': True, 'lt_sensor_ok': True, 'ct_sensor_ok': True, 'lc_on': False, 'lc_error': False}",result,Kommunikations-Test fuer SR830 und OSTECH,,,
2026-09-15,10:32:47,690,KOM_Test,SR830,T,"SNAP 1,2,3,4,10,11","0,0,0,0,0,0",result,Kommunikations-Test fuer SR830 und OSTECH,,,
2026-09-15,10:32:47,697,KOM_Test,OSTECH,T,LTM,25.0,result,Kommunikations-Test fuer SR830 und OSTECH,,,
2026-09-15,10:32:47,707,KOM_Test,OSTECH,T,LCA,0.0,result,Kommunikations-Test fuer SR830 und OSTECH,,,
2026-09-15,10:32:47,727,KOM_Test,OSTECH,T,LVA,0.0,result,Kommunikations-Test fuer SR830 und OSTECH,,,
2026-09-15,10:32:47,747,KOM_Test,OSTECH,T,XTA,21.00800323486328,result,Kommunikations-Test fuer SR830 und OSTECH,,,
2026-09-15,10:32:47,757,KOM_Test,OSTECH,T,GT,28.248044967651367,result,Kommunikations-Test fuer SR830 und OSTECH,,,
2026-09-15,10:32:47,786,KOM_Test,OSTECH,T,GS,"{'status_word': 3085, 'interlock_ok': True, 'driver_supply_ok': True, 'driver_temperature_ok': True, 'lt_sensor_ok': True, 'ct_sensor_ok': True, 'lc_on': False, 'lc_error': False}",result,Kommunikations-Test fuer SR830 und OSTECH,,,
2026-09-15,10:32:47,801,KOM_Test,SR830,T,"SNAP 5,6,7,8,9","-0.00633333,0.005,0.001,0.00266667,1000",result,Kommunikations-Test fuer SR830 und OSTECH,,,
2026-09-15,10:32:47,808,KOM_Test,OSTECH,T,LTM,25.0,result,Kommunikations-Test fuer SR830 und OSTECH,,,
2026-09-15,10:32:47,817,KOM_Test,SR830,T,PHAS,0,result,Kommunikations-Test fuer SR830 und OSTECH,,,
2026-09-15,10:32:47,834,KOM_Test,OSTECH,T,LCA,0.0,result,Kommunikations-Test fuer SR830 und OSTECH,,,
2026-09-15,10:32:47,837,KOM_Test,SR830,T,FREQ,1000,result,Kommunikations-Test fuer SR830 und OSTECH,,,
2026-09-15,10:32:47,857,KOM_Test,OSTECH,T,LVA,0.0,result,Kommunikations-Test fuer SR830 und OSTECH,,,
2026-09-15,10:32:47,878,KOM_Test,OSTECH,T,XTA,21.00800323486328,result,Kommunikations-Test fuer SR830 und OSTECH,,,
2026-09-15,10:32:47,888,KOM_Test,OSTECH,T,GT,28.248044967651367,result,Kommunikations-Test fuer SR830 und OSTECH,,,
2026-09-15,10:32:47,907,KOM_Test,OSTECH,T,GS,"{'status_word': 3085, 'interlock_ok': True, 'driver_supply_ok': True, 'driver_temperature_ok': True, 'lt_sensor_ok': True, 'ct_sensor_ok': True, 'lc_on': False, 'lc_error': False}",result,Kommunikations-Test fuer SR830 und OSTECH,,,
2026-09-15,10:32:47,927,KOM_Test,OSTECH,T,LTM,25.0,result,Kommunikations-Test fuer SR830 und OSTECH,,,
2026-09-15,10:32:47,927,KOM_Test,SR830,T,"SNAP 1,2,3,4,10,11","0,0,0,90,0,0",result,Kommunikations-Test fuer SR830 und OSTECH,,,
2026-09-15,10:32:47,948,KOM_Test,OSTECH,T,LCA,0.0,result,Kommunikations-Test fuer SR830 und OSTECH,,,
2026-09-15,10:32:47,957,KOM_Test,OSTECH,T,LVA,0.0,result,Kommunikations-Test fuer SR830 und OSTECH,,,
2026-09-15,10:32:47,982,KOM_Test,OSTECH,T,XTA,21.00800323486328,result,Kommunikations-Test fuer SR830 und OSTECH,,,
2026-09-15,10:32:47,990,KOM_Test,OSTECH,T,GT,28.248044967651367,result,Kommunikations-Test fuer SR830 und OSTECH,,,
2026-09-15,10:32:48,017,KOM_Test,OSTECH,T,GS,"{'status_word': 3085, 'interlock_ok': True, 'driver_supply_ok': True, 'driver_temperature_ok': True, 'lt_sensor_ok': True, 'ct_sensor_ok': True, 'lc_on': False, 'lc_error': False}",result,Kommunikations-Test fuer SR830 und OSTECH,,,
2026-09-15,10:32:48,034,KOM_Test,OSTECH,T,LTM,25.0,result,Kommunikations-Test fuer SR830 und OSTECH,,,
2026-09-15,10:32:48,049,KOM_Test,OSTECH,T,LCA,0.0,result,Kommunikations-Test fuer SR830 und OSTECH,,,
2026-09-15,10:32:48,052,KOM_Test,SR830,T,"SNAP 5,6,7,8,9","-0.002,0.00633333,0.000666667,-0.000666667,1000",result,Kommunikations-Test fuer SR830 und OSTECH,,,
2026-09-15,10:32:48,065,KOM_Test,OSTECH,T,LVA,0.0,result,Kommunikations-Test fuer SR830 und OSTECH,,,
2026-09-15,10:32:48,077,KOM_Test,SR830,T,PHAS,0,result,Kommunikations-Test fuer SR830 und OSTECH,,,
2026-09-15,10:32:48,077,KOM_Test,OSTECH,T,XTA,21.00768280029297,result,Kommunikations-Test fuer SR830 und OSTECH,,,
2026-09-15,10:32:48,087,KOM_Test,OSTECH,T,GT,28.248044967651367,result,Kommunikations-Test fuer SR830 und OSTECH,,,
2026-09-15,10:32:48,100,KOM_Test,SR830,T,FREQ,1000,result,Kommunikations-Test fuer SR830 und OSTECH,,,
2026-09-15,10:32:48,107,KOM_Test,OSTECH,T,GS,"{'status_word': 3085, 'interlock_ok': True, 'driver_supply_ok': True, 'driver_temperature_ok': True, 'lt_sensor_ok': True, 'ct_sensor_ok': True, 'lc_on': False, 'lc_error': False}",result,Kommunikations-Test fuer SR830 und OSTECH,,,
2026-09-15,10:32:48,127,KOM_Test,OSTECH,T,LTM,25.0,result,Kommunikations-Test fuer SR830 und OSTECH,,,
2026-09-15,10:32:48,137,KOM_Test,OSTECH,T,LCA,0.0,result,Kommunikations-Test fuer SR830 und OSTECH,,,
2026-09-15,10:32:48,157,KOM_Test,OSTECH,T,LVA,0.0,result,Kommunikations-Test fuer SR830 und OSTECH,,,
2026-09-15,10:32:48,177,KOM_Test,OSTECH,T,XTA,21.00768280029297,result,Kommunikations-Test fuer SR830 und OSTECH,,,
2026-09-15,10:32:48,187,KOM_Test,SR830,T,"SNAP 1,2,3,4,10,11","0,0,0,90,0,0",result,Kommunikations-Test fuer SR830 und OSTECH,,,
2026-09-15,10:32:48,200,KOM_Test,OSTECH,T,GT,28.248044967651367,result,Kommunikations-Test fuer SR830 und OSTECH,,,
2026-09-15,10:32:48,223,KOM_Test,OSTECH,T,GS,"{'status_word': 3085, 'interlock_ok': True, 'driver_supply_ok': True, 'driver_temperature_ok': True, 'lt_sensor_ok': True, 'ct_sensor_ok': True, 'lc_on': False, 'lc_error': False}",result,Kommunikations-Test fuer SR830 und OSTECH,,,
2026-09-15,10:32:48,237,KOM_Test,OSTECH,T,LTM,25.0,result,Kommunikations-Test fuer SR830 und OSTECH,,,
2026-09-15,10:32:48,257,KOM_Test,OSTECH,T,LCA,0.0,result,Kommunikations-Test fuer SR830 und OSTECH,,,
2026-09-15,10:32:48,277,KOM_Test,OSTECH,T,LVA,0.0,result,Kommunikations-Test fuer SR830 und OSTECH,,,
2026-09-15,10:32:48,287,KOM_Test,OSTECH,T,XTA,21.00768280029297,result,Kommunikations-Test fuer SR830 und OSTECH,,,
2026-09-15,10:32:48,307,KOM_Test,SR830,T,"SNAP 5,6,7,8,9","-0.002,0.005,-0.000666667,-0.001,1000",result,Kommunikations-Test fuer SR830 und OSTECH,,,
2026-09-15,10:32:48,309,KOM_Test,OSTECH,T,GT,28.248044967651367,result,Kommunikations-Test fuer SR830 und OSTECH,,,
2026-09-15,10:32:48,323,KOM_Test,OSTECH,T,GS,"{'status_word': 3085, 'interlock_ok': True, 'driver_supply_ok': True, 'driver_temperature_ok': True, 'lt_sensor_ok': True, 'ct_sensor_ok': True, 'lc_on': False, 'lc_error': False}",result,Kommunikations-Test fuer SR830 und OSTECH,,,
2026-09-15,10:32:48,327,KOM_Test,SR830,T,PHAS,0,result,Kommunikations-Test fuer SR830 und OSTECH,,,
2026-09-15,10:32:48,350,KOM_Test,OSTECH,T,LTM,25.0,result,Kommunikations-Test fuer SR830 und OSTECH,,,
2026-09-15,10:32:48,358,KOM_Test,SR830,T,FREQ,1000,result,Kommunikations-Test fuer SR830 und OSTECH,,,
2026-09-15,10:32:48,366,KOM_Test,OSTECH,T,LCA,0.0,result,Kommunikations-Test fuer SR830 und OSTECH,,,
2026-09-15,10:32:48,386,KOM_Test,OSTECH,T,LVA,0.0,result,Kommunikations-Test fuer SR830 und OSTECH,,,
2026-09-15,10:32:48,407,KOM_Test,OSTECH,T,XTA,21.00768280029297,result,Kommunikations-Test fuer SR830 und OSTECH,,,
2026-09-15,10:32:48,421,KOM_Test,OSTECH,T,GT,28.248044967651367,result,Kommunikations-Test fuer SR830 und OSTECH,,,
2026-09-15,10:32:48,441,KOM_Test,OSTECH,T,GS,"{'status_word': 3085, 'interlock_ok': True, 'driver_supply_ok': True, 'driver_temperature_ok': True, 'lt_sensor_ok': True, 'ct_sensor_ok': True, 'lc_on': False, 'lc_error': False}",result,Kommunikations-Test fuer SR830 und OSTECH,,,
2026-09-15,10:32:48,459,KOM_Test,OSTECH,T,LTM,25.0,result,Kommunikations-Test fuer SR830 und OSTECH,,,
2026-09-15,10:32:48,490,KOM_Test,OSTECH,T,LCA,0.0,result,Kommunikations-Test fuer SR830 und OSTECH,,,
2026-09-15,10:32:48,509,KOM_Test,OSTECH,T,LVA,0.0,result,Kommunikations-Test fuer SR830 und OSTECH,,,
2026-09-15,10:32:48,532,KOM_Test,OSTECH,T,XTA,21.00768280029297,result,Kommunikations-Test fuer SR830 und OSTECH,,,
2026-09-15,10:32:48,534,KOM_Test,SR830,T,"SNAP 1,2,3,4,10,11","-6.10356e-005,6.10356e-005,6.10356e-005,116.562,-6.10356e-005,6.10356e-005",result,Kommunikations-Test fuer SR830 und OSTECH,,,
2026-09-15,10:32:48,543,KOM_Test,OSTECH,T,GT,28.248044967651367,result,Kommunikations-Test fuer SR830 und OSTECH,,,
2026-09-15,10:32:48,569,KOM_Test,OSTECH,T,GS,"{'status_word': 3085, 'interlock_ok': True, 'driver_supply_ok': True, 'driver_temperature_ok': True, 'lt_sensor_ok': True, 'ct_sensor_ok': True, 'lc_on': False, 'lc_error': False}",result,Kommunikations-Test fuer SR830 und OSTECH,,,
2026-09-15,10:32:48,590,KOM_Test,OSTECH,T,LTM,25.0,result,Kommunikations-Test fuer SR830 und OSTECH,,,
2026-09-15,10:32:48,607,KOM_Test,OSTECH,T,LCA,0.0,result,Kommunikations-Test fuer SR830 und OSTECH,,,
2026-09-15,10:32:48,627,KOM_Test,OSTECH,T,LVA,0.0,result,Kommunikations-Test fuer SR830 und OSTECH,,,
2026-09-15,10:32:48,637,KOM_Test,OSTECH,T,XTA,21.00420379638672,result,Kommunikations-Test fuer SR830 und OSTECH,,,
2026-09-15,10:32:48,653,KOM_Test,SR830,T,"SNAP 5,6,7,8,9","-0.00333333,0.00466667,0.000666667,0.00266667,1000",result,Kommunikations-Test fuer SR830 und OSTECH,,,
2026-09-15,10:32:48,659,KOM_Test,OSTECH,T,GT,28.248044967651367,result,Kommunikations-Test fuer SR830 und OSTECH,,,
2026-09-15,10:32:48,674,KOM_Test,OSTECH,T,GS,"{'status_word': 3085, 'interlock_ok': True, 'driver_supply_ok': True, 'driver_temperature_ok': True, 'lt_sensor_ok': True, 'ct_sensor_ok': True, 'lc_on': False, 'lc_error': False}",result,Kommunikations-Test fuer SR830 und OSTECH,,,
2026-09-15,10:32:48,679,KOM_Test,SR830,T,PHAS,0,result,Kommunikations-Test fuer SR830 und OSTECH,,,
2026-09-15,10:32:48,687,KOM_Test,OSTECH,T,LTM,25.0,result,Kommunikations-Test fuer SR830 und OSTECH,,,
2026-09-15,10:32:48,699,KOM_Test,SR830,T,FREQ,1000,result,Kommunikations-Test fuer SR830 und OSTECH,,,
2026-09-15,10:32:48,707,KOM_Test,OSTECH,T,LCA,0.0,result,Kommunikations-Test fuer SR830 und OSTECH,,,
2026-09-15,10:32:48,727,KOM_Test,OSTECH,T,LVA,0.0,result,Kommunikations-Test fuer SR830 und OSTECH,,,
2026-09-15,10:32:48,756,KOM_Test,OSTECH,T,XTA,21.00420379638672,result,Kommunikations-Test fuer SR830 und OSTECH,,,
2026-09-15,10:32:48,772,KOM_Test,OSTECH,T,GT,28.25071907043457,result,Kommunikations-Test fuer SR830 und OSTECH,,,
2026-09-15,10:32:48,777,KOM_Test,SR830,T,"SNAP 1,2,3,4,10,11","0,0,0,90,0,0",result,Kommunikations-Test fuer SR830 und OSTECH,,,
2026-09-15,10:32:48,795,KOM_Test,OSTECH,T,GS,"{'status_word': 3085, 'interlock_ok': True, 'driver_supply_ok': True, 'driver_temperature_ok': True, 'lt_sensor_ok': True, 'ct_sensor_ok': True, 'lc_on': False, 'lc_error': False}",result,Kommunikations-Test fuer SR830 und OSTECH,,,
2026-09-15,10:32:48,815,KOM_Test,OSTECH,T,LTM,25.0,result,Kommunikations-Test fuer SR830 und OSTECH,,,
2026-09-15,10:32:48,829,KOM_Test,OSTECH,T,LCA,0.0,result,Kommunikations-Test fuer SR830 und OSTECH,,,
2026-09-15,10:32:48,837,KOM_Test,OSTECH,T,LVA,0.0,result,Kommunikations-Test fuer SR830 und OSTECH,,,
2026-09-15,10:32:48,865,KOM_Test,OSTECH,T,XTA,21.00420379638672,result,Kommunikations-Test fuer SR830 und OSTECH,,,
2026-09-15,10:32:48,877,KOM_Test,OSTECH,T,GT,28.25071907043457,result,Kommunikations-Test fuer SR830 und OSTECH,,,
2026-09-15,10:32:48,887,KOM_Test,OSTECH,T,GS,"{'status_word': 3085, 'interlock_ok': True, 'driver_supply_ok': True, 'driver_temperature_ok': True, 'lt_sensor_ok': True, 'ct_sensor_ok': True, 'lc_on': False, 'lc_error': False}",result,Kommunikations-Test fuer SR830 und OSTECH,,,
2026-09-15,10:32:48,904,KOM_Test,SR830,T,"SNAP 5,6,7,8,9","-0.000666667,0.00633333,-0.000666667,-0.004,1000",result,Kommunikations-Test fuer SR830 und OSTECH,,,
2026-09-15,10:32:48,912,KOM_Test,OSTECH,T,LTM,25.0,result,Kommunikations-Test fuer SR830 und OSTECH,,,
2026-09-15,10:32:48,927,KOM_Test,SR830,T,PHAS,0,result,Kommunikations-Test fuer SR830 und OSTECH,,,
2026-09-15,10:32:48,932,KOM_Test,OSTECH,T,LCA,0.0,result,Kommunikations-Test fuer SR830 und OSTECH,,,
2026-09-15,10:32:48,940,KOM_Test,OSTECH,T,LVA,0.0,result,Kommunikations-Test fuer SR830 und OSTECH,,,
2026-09-15,10:32:48,953,KOM_Test,SR830,T,FREQ,1000,result,Kommunikations-Test fuer SR830 und OSTECH,,,
2026-09-15,10:32:48,957,KOM_Test,OSTECH,T,XTA,21.00420379638672,result,Kommunikations-Test fuer SR830 und OSTECH,,,
2026-09-15,10:32:48,970,KOM_Test,OSTECH,T,GT,28.25071907043457,result,Kommunikations-Test fuer SR830 und OSTECH,,,
2026-09-15,10:32:48,987,KOM_Test,OSTECH,T,GS,"{'status_word': 3085, 'interlock_ok': True, 'driver_supply_ok': True, 'driver_temperature_ok': True, 'lt_sensor_ok': True, 'ct_sensor_ok': True, 'lc_on': False, 'lc_error': False}",result,Kommunikations-Test fuer SR830 und OSTECH,,,
2026-09-15,10:32:49,008,KOM_Test,OSTECH,T,LTM,25.0,result,Kommunikations-Test fuer SR830 und OSTECH,,,
2026-09-15,10:32:49,027,KOM_Test,OSTECH,T,LCA,0.0,result,Kommunikations-Test fuer SR830 und OSTECH,,,
2026-09-15,10:32:49,037,KOM_Test,OSTECH,T,LVA,0.0,result,Kommunikations-Test fuer SR830 und OSTECH,,,
2026-09-15,10:32:49,061,KOM_Test,OSTECH,T,XTA,21.00420379638672,result,Kommunikations-Test fuer SR830 und OSTECH,,,
2026-09-15,10:32:49,077,KOM_Test,OSTECH,T,GT,28.25071907043457,result,Kommunikations-Test fuer SR830 und OSTECH,,,
2026-09-15,10:32:49,088,KOM_Test,OSTECH,T,GS,"{'status_word': 3085, 'interlock_ok': True, 'driver_supply_ok': True, 'driver_temperature_ok': True, 'lt_sensor_ok': True, 'ct_sensor_ok': True, 'lc_on': False, 'lc_error': False}",result,Kommunikations-Test fuer SR830 und OSTECH,,,
2026-09-15,10:32:49,118,KOM_Test,OSTECH,T,LTM,25.0,result,Kommunikations-Test fuer SR830 und OSTECH,,,
2026-09-15,10:32:49,127,KOM_Test,SR830,T,"SNAP 1,2,3,4,10,11","-6.10356e-005,-0.000122071,6.10356e-005,-116.562,-6.10356e-005,-0.000122071",result,Kommunikations-Test fuer SR830 und OSTECH,,,
2026-09-15,10:32:49,140,KOM_Test,OSTECH,T,LCA,0.0,result,Kommunikations-Test fuer SR830 und OSTECH,,,
2026-09-15,10:32:49,157,KOM_Test,OSTECH,T,LVA,0.0,result,Kommunikations-Test fuer SR830 und OSTECH,,,
2026-09-15,10:32:49,177,KOM_Test,OSTECH,T,XTA,21.007110595703125,result,Kommunikations-Test fuer SR830 und OSTECH,,,
2026-09-15,10:32:49,191,KOM_Test,OSTECH,T,GT,28.25071907043457,result,Kommunikations-Test fuer SR830 und OSTECH,,,
2026-09-15,10:32:49,207,KOM_Test,OSTECH,T,GS,"{'status_word': 3085, 'interlock_ok': True, 'driver_supply_ok': True, 'driver_temperature_ok': True, 'lt_sensor_ok': True, 'ct_sensor_ok': True, 'lc_on': False, 'lc_error': False}",result,Kommunikations-Test fuer SR830 und OSTECH,,,
2026-09-15,10:32:49,227,KOM_Test,OSTECH,T,LTM,25.0,result,Kommunikations-Test fuer SR830 und OSTECH,,,
2026-09-15,10:32:49,237,KOM_Test,OSTECH,T,LCA,0.0,result,Kommunikations-Test fuer SR830 und OSTECH,,,
2026-09-15,10:32:49,244,KOM_Test,SR830,T,"SNAP 5,6,7,8,9","-0.002,0.005,0.00433333,0.00366667,1000",result,Kommunikations-Test fuer SR830 und OSTECH,,,
2026-09-15,10:32:49,262,KOM_Test,OSTECH,T,LVA,0.0,result,Kommunikations-Test fuer SR830 und OSTECH,,,
2026-09-15,10:32:49,264,KOM_Test,SR830,T,PHAS,0,result,Kommunikations-Test fuer SR830 und OSTECH,,,
2026-09-15,10:32:49,278,KOM_Test,OSTECH,T,XTA,21.007110595703125,result,Kommunikations-Test fuer SR830 und OSTECH,,,
2026-09-15,10:32:49,283,KOM_Test,SR830,T,FREQ,1000,result,Kommunikations-Test fuer SR830 und OSTECH,,,
2026-09-15,10:32:49,297,KOM_Test,OSTECH,T,GT,28.25071907043457,result,Kommunikations-Test fuer SR830 und OSTECH,,,
2026-09-15,10:32:49,307,KOM_Test,OSTECH,T,GS,"{'status_word': 3085, 'interlock_ok': True, 'driver_supply_ok': True, 'driver_temperature_ok': True, 'lt_sensor_ok': True, 'ct_sensor_ok': True, 'lc_on': False, 'lc_error': False}",result,Kommunikations-Test fuer SR830 und OSTECH,,,
2026-09-15,10:32:49,329,KOM_Test,OSTECH,T,LTM,25.0,result,Kommunikations-Test fuer SR830 und OSTECH,,,
2026-09-15,10:32:49,339,KOM_Test,OSTECH,T,LCA,0.0,result,Kommunikations-Test fuer SR830 und OSTECH,,,
2026-09-15,10:32:49,357,KOM_Test,OSTECH,T,LVA,0.0,result,Kommunikations-Test fuer SR830 und OSTECH,,,
2026-09-15,10:32:49,370,KOM_Test,SR830,T,"SNAP 1,2,3,4,10,11","0,0,0,90,0,0",result,Kommunikations-Test fuer SR830 und OSTECH,,,
2026-09-15,10:32:49,382,KOM_Test,OSTECH,T,XTA,21.007110595703125,result,Kommunikations-Test fuer SR830 und OSTECH,,,
2026-09-15,10:32:49,387,KOM_Test,OSTECH,T,GT,28.25071907043457,result,Kommunikations-Test fuer SR830 und OSTECH,,,
2026-09-15,10:32:49,408,KOM_Test,OSTECH,T,GS,"{'status_word': 3085, 'interlock_ok': True, 'driver_supply_ok': True, 'driver_temperature_ok': True, 'lt_sensor_ok': True, 'ct_sensor_ok': True, 'lc_on': False, 'lc_error': False}",result,Kommunikations-Test fuer SR830 und OSTECH,,,
2026-09-15,10:32:49,427,KOM_Test,OSTECH,T,LTM,25.0,result,Kommunikations-Test fuer SR830 und OSTECH,,,
2026-09-15,10:32:49,443,KOM_Test,OSTECH,T,LCA,0.0,result,Kommunikations-Test fuer SR830 und OSTECH,,,
2026-09-15,10:32:49,458,KOM_Test,OSTECH,T,LVA,0.0,result,Kommunikations-Test fuer SR830 und OSTECH,,,
2026-09-15,10:32:49,478,KOM_Test,OSTECH,T,XTA,21.007110595703125,result,Kommunikations-Test fuer SR830 und OSTECH,,,
2026-09-15,10:32:49,487,KOM_Test,SR830,T,"SNAP 5,6,7,8,9","-0.00366667,0.00633333,0.001,-0.001,1000",result,Kommunikations-Test fuer SR830 und OSTECH,,,
2026-09-15,10:32:49,487,KOM_Test,OSTECH,T,GT,28.25071907043457,result,Kommunikations-Test fuer SR830 und OSTECH,,,
2026-09-15,10:32:49,507,KOM_Test,OSTECH,T,GS,"{'status_word': 3085, 'interlock_ok': True, 'driver_supply_ok': True, 'driver_temperature_ok': True, 'lt_sensor_ok': True, 'ct_sensor_ok': True, 'lc_on': False, 'lc_error': False}",result,Kommunikations-Test fuer SR830 und OSTECH,,,
2026-09-15,10:32:49,511,KOM_Test,SR830,T,PHAS,0,result,Kommunikations-Test fuer SR830 und OSTECH,,,
2026-09-15,10:32:49,527,KOM_Test,OSTECH,T,LTM,25.0,result,Kommunikations-Test fuer SR830 und OSTECH,,,
2026-09-15,10:32:49,532,KOM_Test,SR830,T,FREQ,1000,result,Kommunikations-Test fuer SR830 und OSTECH,,,
2026-09-15,10:32:49,542,KOM_Test,OSTECH,T,LCA,0.0,result,Kommunikations-Test fuer SR830 und OSTECH,,,
2026-09-15,10:32:49,559,KOM_Test,OSTECH,T,LVA,0.0,result,Kommunikations-Test fuer SR830 und OSTECH,,,
2026-09-15,10:32:49,577,KOM_Test,OSTECH,T,XTA,21.007110595703125,result,Kommunikations-Test fuer SR830 und OSTECH,,,
2026-09-15,10:32:49,594,KOM_Test,OSTECH,T,GT,28.25071907043457,result,Kommunikations-Test fuer SR830 und OSTECH,,,
2026-09-15,10:32:49,607,KOM_Test,OSTECH,T,GS,"{'status_word': 3085, 'interlock_ok': True, 'driver_supply_ok': True, 'driver_temperature_ok': True, 'lt_sensor_ok': True, 'ct_sensor_ok': True, 'lc_on': False, 'lc_error': False}",result,Kommunikations-Test fuer SR830 und OSTECH,,,
2026-09-15,10:32:49,609,KOM_Test,SR830,T,"SNAP 1,2,3,4,10,11","0,0,0,90,0,0",result,Kommunikations-Test fuer SR830 und OSTECH,,,
2026-09-15,10:32:49,627,KOM_Test,OSTECH,T,LTM,25.0,result,Kommunikations-Test fuer SR830 und OSTECH,,,
2026-09-15,10:32:49,637,KOM_Test,OSTECH,T,LCA,0.0,result,Kommunikations-Test fuer SR830 und OSTECH,,,
2026-09-15,10:32:49,673,KOM_Test,OSTECH,T,LVA,0.0,result,Kommunikations-Test fuer SR830 und OSTECH,,,
2026-09-15,10:32:49,699,KOM_Test,OSTECH,T,XTA,21.00800323486328,result,Kommunikations-Test fuer SR830 und OSTECH,,,
2026-09-15,10:32:49,717,KOM_Test,OSTECH,T,GT,28.25071907043457,result,Kommunikations-Test fuer SR830 und OSTECH,,,
2026-09-15,10:32:49,730,KOM_Test,SR830,T,"SNAP 5,6,7,8,9","-0.002,0.00766667,-0.000333333,-0.000666667,1000",result,Kommunikations-Test fuer SR830 und OSTECH,,,
2026-09-15,10:32:49,737,KOM_Test,OSTECH,T,GS,"{'status_word': 3085, 'interlock_ok': True, 'driver_supply_ok': True, 'driver_temperature_ok': True, 'lt_sensor_ok': True, 'ct_sensor_ok': True, 'lc_on': False, 'lc_error': False}",result,Kommunikations-Test fuer SR830 und OSTECH,,,
2026-09-15,10:32:49,760,KOM_Test,OSTECH,T,LTM,25.0,result,Kommunikations-Test fuer SR830 und OSTECH,,,
2026-09-15,10:32:49,762,KOM_Test,SR830,T,PHAS,0,result,Kommunikations-Test fuer SR830 und OSTECH,,,
2026-09-15,10:32:49,767,KOM_Test,OSTECH,T,LCA,0.0,result,Kommunikations-Test fuer SR830 und OSTECH,,,
2026-09-15,10:32:49,781,KOM_Test,SR830,T,FREQ,1000,result,Kommunikations-Test fuer SR830 und OSTECH,,,
2026-09-15,10:32:49,790,KOM_Test,OSTECH,T,LVA,0.0,result,Kommunikations-Test fuer SR830 und OSTECH,,,
2026-09-15,10:32:49,812,KOM_Test,OSTECH,T,XTA,21.00800323486328,result,Kommunikations-Test fuer SR830 und OSTECH,,,
2026-09-15,10:32:49,817,KOM_Test,OSTECH,T,GT,28.25071907043457,result,Kommunikations-Test fuer SR830 und OSTECH,,,
2026-09-15,10:32:49,847,KOM_Test,OSTECH,T,GS,"{'status_word': 3085, 'interlock_ok': True, 'driver_supply_ok': True, 'driver_temperature_ok': True, 'lt_sensor_ok': True, 'ct_sensor_ok': True, 'lc_on': False, 'lc_error': False}",result,Kommunikations-Test fuer SR830 und OSTECH,,,
2026-09-15,10:32:49,867,KOM_Test,OSTECH,T,LTM,25.0,result,Kommunikations-Test fuer SR830 und OSTECH,,,
2026-09-15,10:32:49,887,KOM_Test,OSTECH,T,LCA,0.0,result,Kommunikations-Test fuer SR830 und OSTECH,,,
2026-09-15,10:32:49,904,KOM_Test,SR830,T,"SNAP 1,2,3,4,10,11","-0.000122071,0,6.10356e-005,180,-0.000122071,0",result,Kommunikations-Test fuer SR830 und OSTECH,,,
2026-09-15,10:32:49,908,KOM_Test,OSTECH,T,LVA,0.0,result,Kommunikations-Test fuer SR830 und OSTECH,,,
2026-09-15,10:32:49,922,KOM_Test,OSTECH,T,XTA,21.00800323486328,result,Kommunikations-Test fuer SR830 und OSTECH,,,
2026-09-15,10:32:49,937,KOM_Test,OSTECH,T,GT,28.25071907043457,result,Kommunikations-Test fuer SR830 und OSTECH,,,
2026-09-15,10:32:49,948,KOM_Test,OSTECH,T,GS,"{'status_word': 3085, 'interlock_ok': True, 'driver_supply_ok': True, 'driver_temperature_ok': True, 'lt_sensor_ok': True, 'ct_sensor_ok': True, 'lc_on': False, 'lc_error': False}",result,Kommunikations-Test fuer SR830 und OSTECH,,,
2026-09-15,10:32:49,977,KOM_Test,OSTECH,T,LTM,25.0,result,Kommunikations-Test fuer SR830 und OSTECH,,,
2026-09-15,10:32:49,987,KOM_Test,OSTECH,T,LCA,0.0,result,Kommunikations-Test fuer SR830 und OSTECH,,,
2026-09-15,10:32:50,010,KOM_Test,OSTECH,T,LVA,0.0,result,Kommunikations-Test fuer SR830 und OSTECH,,,
2026-09-15,10:32:50,030,KOM_Test,OSTECH,T,XTA,21.00800323486328,result,Kommunikations-Test fuer SR830 und OSTECH,,,
2026-09-15,10:32:50,031,KOM_Test,SR830,T,"SNAP 5,6,7,8,9","0.00133333,0.00666667,0.000666667,0.00266667,1000",result,Kommunikations-Test fuer SR830 und OSTECH,,,
2026-09-15,10:32:50,043,KOM_Test,OSTECH,T,GT,28.25071907043457,result,Kommunikations-Test fuer SR830 und OSTECH,,,
2026-09-15,10:32:50,046,KOM_Test,SR830,T,PHAS,0,result,Kommunikations-Test fuer SR830 und OSTECH,,,
2026-09-15,10:32:50,058,KOM_Test,OSTECH,T,GS,"{'status_word': 3085, 'interlock_ok': True, 'driver_supply_ok': True, 'driver_temperature_ok': True, 'lt_sensor_ok': True, 'ct_sensor_ok': True, 'lc_on': False, 'lc_error': False}",result,Kommunikations-Test fuer SR830 und OSTECH,,,
2026-09-15,10:32:50,069,KOM_Test,SR830,T,FREQ,1000,result,Kommunikations-Test fuer SR830 und OSTECH,,,
2026-09-15,10:32:50,078,KOM_Test,OSTECH,T,LTM,25.0,result,Kommunikations-Test fuer SR830 und OSTECH,,,
2026-09-15,10:32:50,094,KOM_Test,OSTECH,T,LCA,0.0,result,Kommunikations-Test fuer SR830 und OSTECH,,,
2026-09-15,10:32:50,109,KOM_Test,OSTECH,T,LVA,0.0,result,Kommunikations-Test fuer SR830 und OSTECH,,,
2026-09-15,10:32:50,127,KOM_Test,OSTECH,T,XTA,21.00800323486328,result,Kommunikations-Test fuer SR830 und OSTECH,,,
2026-09-15,10:32:50,137,KOM_Test,OSTECH,T,GT,28.25071907043457,result,Kommunikations-Test fuer SR830 und OSTECH,,,
2026-09-15,10:32:50,157,KOM_Test,OSTECH,T,GS,"{'status_word': 3085, 'interlock_ok': True, 'driver_supply_ok': True, 'driver_temperature_ok': True, 'lt_sensor_ok': True, 'ct_sensor_ok': True, 'lc_on': False, 'lc_error': False}",result,Kommunikations-Test fuer SR830 und OSTECH,,,
2026-09-15,10:32:50,177,KOM_Test,OSTECH,T,LTM,25.0,result,Kommunikations-Test fuer SR830 und OSTECH,,,
2026-09-15,10:32:50,187,KOM_Test,OSTECH,T,LCA,0.0,result,Kommunikations-Test fuer SR830 und OSTECH,,,
2026-09-15,10:32:50,220,KOM_Test,SR830,T,"SNAP 1,2,3,4,10,11","-6.10356e-005,-6.10356e-005,0,-135,-6.10356e-005,-6.10356e-005",result,Kommunikations-Test fuer SR830 und OSTECH,,,
2026-09-15,10:32:50,220,KOM_Test,OSTECH,T,LVA,0.0,result,Kommunikations-Test fuer SR830 und OSTECH,,,
2026-09-15,10:32:50,249,KOM_Test,OSTECH,T,XTA,21.006561279296875,result,Kommunikations-Test fuer SR830 und OSTECH,,,
2026-09-15,10:32:50,257,KOM_Test,OSTECH,T,GT,28.25071907043457,result,Kommunikations-Test fuer SR830 und OSTECH,,,
2026-09-15,10:32:50,277,KOM_Test,OSTECH,T,GS,"{'status_word': 3085, 'interlock_ok': True, 'driver_supply_ok': True, 'driver_temperature_ok': True, 'lt_sensor_ok': True, 'ct_sensor_ok': True, 'lc_on': False, 'lc_error': False}",result,Kommunikations-Test fuer SR830 und OSTECH,,,
2026-09-15,10:32:50,300,KOM_Test,OSTECH,T,LTM,25.0,result,Kommunikations-Test fuer SR830 und OSTECH,,,
2026-09-15,10:32:50,320,KOM_Test,OSTECH,T,LCA,0.0,result,Kommunikations-Test fuer SR830 und OSTECH,,,
2026-09-15,10:32:50,335,KOM_Test,OSTECH,T,LVA,0.0,result,Kommunikations-Test fuer SR830 und OSTECH,,,
2026-09-15,10:32:50,337,KOM_Test,SR830,T,"SNAP 5,6,7,8,9","-0.000666667,0.003,0.001,0.000666667,1000",result,Kommunikations-Test fuer SR830 und OSTECH,,,
2026-09-15,10:32:50,357,KOM_Test,SR830,T,PHAS,0,result,Kommunikations-Test fuer SR830 und OSTECH,,,
2026-09-15,10:32:50,357,KOM_Test,OSTECH,T,XTA,21.006561279296875,result,Kommunikations-Test fuer SR830 und OSTECH,,,
2026-09-15,10:32:50,381,KOM_Test,OSTECH,T,GT,28.25071907043457,result,Kommunikations-Test fuer SR830 und OSTECH,,,
2026-09-15,10:32:50,388,KOM_Test,SR830,T,FREQ,1000,result,Kommunikations-Test fuer SR830 und OSTECH,,,
2026-09-15,10:32:50,397,KOM_Test,OSTECH,T,GS,"{'status_word': 3085, 'interlock_ok': True, 'driver_supply_ok': True, 'driver_temperature_ok': True, 'lt_sensor_ok': True, 'ct_sensor_ok': True, 'lc_on': False, 'lc_error': False}",result,Kommunikations-Test fuer SR830 und OSTECH,,,
2026-09-15,10:32:50,408,KOM_Test,OSTECH,T,LTM,25.0,result,Kommunikations-Test fuer SR830 und OSTECH,,,
2026-09-15,10:32:50,427,KOM_Test,OSTECH,T,LCA,0.0,result,Kommunikations-Test fuer SR830 und OSTECH,,,
2026-09-15,10:32:50,449,KOM_Test,OSTECH,T,LVA,0.0,result,Kommunikations-Test fuer SR830 und OSTECH,,,
2026-09-15,10:32:50,457,KOM_Test,OSTECH,T,XTA,21.006561279296875,result,Kommunikations-Test fuer SR830 und OSTECH,,,
2026-09-15,10:32:50,477,KOM_Test,OSTECH,T,GT,28.25071907043457,result,Kommunikations-Test fuer SR830 und OSTECH,,,
2026-09-15,10:32:50,487,KOM_Test,OSTECH,T,GS,"{'status_word': 3085, 'interlock_ok': True, 'driver_supply_ok': True, 'driver_temperature_ok': True, 'lt_sensor_ok': True, 'ct_sensor_ok': True, 'lc_on': False, 'lc_error': False}",result,Kommunikations-Test fuer SR830 und OSTECH,,,
2026-09-15,10:32:50,507,KOM_Test,SR830,T,"SNAP 1,2,3,4,10,11","-6.10356e-005,0,0,180,-6.10356e-005,0",result,Kommunikations-Test fuer SR830 und OSTECH,,,
2026-09-15,10:32:50,507,KOM_Test,OSTECH,T,LTM,25.0,result,Kommunikations-Test fuer SR830 und OSTECH,,,
2026-09-15,10:32:50,527,KOM_Test,OSTECH,T,LCA,0.0,result,Kommunikations-Test fuer SR830 und OSTECH,,,
2026-09-15,10:32:50,537,KOM_Test,OSTECH,T,LVA,0.0,result,Kommunikations-Test fuer SR830 und OSTECH,,,
2026-09-15,10:32:50,557,KOM_Test,OSTECH,T,XTA,21.006561279296875,result,Kommunikations-Test fuer SR830 und OSTECH,,,
2026-09-15,10:32:50,583,KOM_Test,OSTECH,T,GT,28.25071907043457,result,Kommunikations-Test fuer SR830 und OSTECH,,,
2026-09-15,10:32:50,593,KOM_Test,OSTECH,T,GS,"{'status_word': 3085, 'interlock_ok': True, 'driver_supply_ok': True, 'driver_temperature_ok': True, 'lt_sensor_ok': True, 'ct_sensor_ok': True, 'lc_on': False, 'lc_error': False}",result,Kommunikations-Test fuer SR830 und OSTECH,,,
2026-09-15,10:32:50,617,KOM_Test,OSTECH,T,LTM,25.0,result,Kommunikations-Test fuer SR830 und OSTECH,,,
2026-09-15,10:32:50,627,KOM_Test,OSTECH,T,LCA,0.0,result,Kommunikations-Test fuer SR830 und OSTECH,,,
2026-09-15,10:32:50,637,KOM_Test,SR830,T,"SNAP 5,6,7,8,9","-0.000666667,0.00633333,-0.000666667,0.000666667,1000",result,Kommunikations-Test fuer SR830 und OSTECH,,,
2026-09-15,10:32:50,647,KOM_Test,OSTECH,T,LVA,0.0,result,Kommunikations-Test fuer SR830 und OSTECH,,,
2026-09-15,10:32:50,658,KOM_Test,SR830,T,PHAS,0,result,Kommunikations-Test fuer SR830 und OSTECH,,,
2026-09-15,10:32:50,658,KOM_Test,OSTECH,T,XTA,21.006561279296875,result,Kommunikations-Test fuer SR830 und OSTECH,,,
2026-09-15,10:32:50,677,KOM_Test,OSTECH,T,GT,28.25071907043457,result,Kommunikations-Test fuer SR830 und OSTECH,,,
2026-09-15,10:32:50,685,KOM_Test,SR830,T,FREQ,1000,result,Kommunikations-Test fuer SR830 und OSTECH,,,
2026-09-15,10:32:50,688,KOM_Test,OSTECH,T,GS,"{'status_word': 3085, 'interlock_ok': True, 'driver_supply_ok': True, 'driver_temperature_ok': True, 'lt_sensor_ok': True, 'ct_sensor_ok': True, 'lc_on': False, 'lc_error': False}",result,Kommunikations-Test fuer SR830 und OSTECH,,,
2026-09-15,10:32:50,707,KOM_Test,OSTECH,T,LTM,25.0,result,Kommunikations-Test fuer SR830 und OSTECH,,,
2026-09-15,10:32:50,740,KOM_Test,OSTECH,T,LCA,0.0,result,Kommunikations-Test fuer SR830 und OSTECH,,,
2026-09-15,10:32:50,754,KOM_Test,OSTECH,T,LVA,0.0,result,Kommunikations-Test fuer SR830 und OSTECH,,,
2026-09-15,10:32:50,768,KOM_Test,OSTECH,T,XTA,21.006561279296875,result,Kommunikations-Test fuer SR830 und OSTECH,,,
2026-09-15,10:32:50,788,KOM_Test,OSTECH,T,GT,28.25071907043457,result,Kommunikations-Test fuer SR830 und OSTECH,,,
2026-09-15,10:32:50,807,KOM_Test,OSTECH,T,GS,"{'status_word': 3085, 'interlock_ok': True, 'driver_supply_ok': True, 'driver_temperature_ok': True, 'lt_sensor_ok': True, 'ct_sensor_ok': True, 'lc_on': False, 'lc_error': False}",result,Kommunikations-Test fuer SR830 und OSTECH,,,
2026-09-15,10:32:50,807,KOM_Test,SR830,T,"SNAP 1,2,3,4,10,11","0,-6.10356e-005,0,-45,0,-6.10356e-005",result,Kommunikations-Test fuer SR830 und OSTECH,,,
2026-09-15,10:32:50,833,KOM_Test,OSTECH,T,LTM,25.0,result,Kommunikations-Test fuer SR830 und OSTECH,,,
2026-09-15,10:32:50,851,KOM_Test,OSTECH,T,LCA,0.0,result,Kommunikations-Test fuer SR830 und OSTECH,,,
2026-09-15,10:32:50,862,KOM_Test,OSTECH,T,LVA,0.0,result,Kommunikations-Test fuer SR830 und OSTECH,,,
2026-09-15,10:32:50,877,KOM_Test,OSTECH,T,XTA,21.006561279296875,result,Kommunikations-Test fuer SR830 und OSTECH,,,
2026-09-15,10:32:50,901,KOM_Test,OSTECH,T,GT,28.25071907043457,result,Kommunikations-Test fuer SR830 und OSTECH,,,
2026-09-15,10:32:50,910,KOM_Test,OSTECH,T,GS,"{'status_word': 3085, 'interlock_ok': True, 'driver_supply_ok': True, 'driver_temperature_ok': True, 'lt_sensor_ok': True, 'ct_sensor_ok': True, 'lc_on': False, 'lc_error': False}",result,Kommunikations-Test fuer SR830 und OSTECH,,,
2026-09-15,10:32:50,927,KOM_Test,OSTECH,T,LTM,25.0,result,Kommunikations-Test fuer SR830 und OSTECH,,,
2026-09-15,10:32:50,937,KOM_Test,SR830,T,"SNAP 5,6,7,8,9","-0.00333333,0.00633333,0.001,-0.000666667,1000",result,Kommunikations-Test fuer SR830 und OSTECH,,,
2026-09-15,10:32:50,957,KOM_Test,OSTECH,T,LCA,0.0,result,Kommunikations-Test fuer SR830 und OSTECH,,,
2026-09-15,10:32:50,957,KOM_Test,SR830,T,PHAS,0,result,Kommunikations-Test fuer SR830 und OSTECH,,,
2026-09-15,10:32:50,977,KOM_Test,OSTECH,T,LVA,0.0,result,Kommunikations-Test fuer SR830 und OSTECH,,,
2026-09-15,10:32:50,983,KOM_Test,SR830,T,FREQ,1000,result,Kommunikations-Test fuer SR830 und OSTECH,,,
2026-09-15,10:32:50,997,KOM_Test,OSTECH,T,XTA,21.006561279296875,result,Kommunikations-Test fuer SR830 und OSTECH,,,
2026-09-15,10:32:51,007,KOM_Test,OSTECH,T,GT,28.25071907043457,result,Kommunikations-Test fuer SR830 und OSTECH,,,
2026-09-15,10:32:51,020,KOM_Test,OSTECH,T,GS,"{'status_word': 3085, 'interlock_ok': True, 'driver_supply_ok': True, 'driver_temperature_ok': True, 'lt_sensor_ok': True, 'ct_sensor_ok': True, 'lc_on': False, 'lc_error': False}",result,Kommunikations-Test fuer SR830 und OSTECH,,,
2026-09-15,10:32:51,042,KOM_Test,OSTECH,T,LTM,25.0,result,Kommunikations-Test fuer SR830 und OSTECH,,,
2026-09-15,10:32:51,062,KOM_Test,OSTECH,T,LCA,0.0,result,Kommunikations-Test fuer SR830 und OSTECH,,,
2026-09-15,10:32:51,077,KOM_Test,OSTECH,T,LVA,0.0,result,Kommunikations-Test fuer SR830 und OSTECH,,,
2026-09-15,10:32:51,087,KOM_Test,OSTECH,T,XTA,21.006561279296875,result,Kommunikations-Test fuer SR830 und OSTECH,,,
2026-09-15,10:32:51,107,KOM_Test,SR830,T,"SNAP 1,2,3,4,10,11","0,-6.10356e-005,0,-45,0,-6.10356e-005",result,Kommunikations-Test fuer SR830 und OSTECH,,,
2026-09-15,10:32:51,112,KOM_Test,OSTECH,T,GT,28.25071907043457,result,Kommunikations-Test fuer SR830 und OSTECH,,,
2026-09-15,10:32:51,133,KOM_Test,OSTECH,T,GS,"{'status_word': 3085, 'interlock_ok': True, 'driver_supply_ok': True, 'driver_temperature_ok': True, 'lt_sensor_ok': True, 'ct_sensor_ok': True, 'lc_on': False, 'lc_error': False}",result,Kommunikations-Test fuer SR830 und OSTECH,,,
2026-09-15,10:32:51,157,KOM_Test,OSTECH,T,LTM,25.0,result,Kommunikations-Test fuer SR830 und OSTECH,,,
2026-09-15,10:32:51,177,KOM_Test,OSTECH,T,LCA,0.0,result,Kommunikations-Test fuer SR830 und OSTECH,,,
2026-09-15,10:32:51,187,KOM_Test,OSTECH,T,LVA,0.0,result,Kommunikations-Test fuer SR830 und OSTECH,,,
2026-09-15,10:32:51,207,KOM_Test,OSTECH,T,XTA,21.006561279296875,result,Kommunikations-Test fuer SR830 und OSTECH,,,
2026-09-15,10:32:51,227,KOM_Test,OSTECH,T,GT,28.25071907043457,result,Kommunikations-Test fuer SR830 und OSTECH,,,
2026-09-15,10:32:51,233,KOM_Test,SR830,T,"SNAP 5,6,7,8,9","-0.00333333,0.008,0.000666667,0.000666667,1000",result,Kommunikations-Test fuer SR830 und OSTECH,,,
2026-09-15,10:32:51,237,KOM_Test,OSTECH,T,GS,"{'status_word': 3085, 'interlock_ok': True, 'driver_supply_ok': True, 'driver_temperature_ok': True, 'lt_sensor_ok': True, 'ct_sensor_ok': True, 'lc_on': False, 'lc_error': False}",result,Kommunikations-Test fuer SR830 und OSTECH,,,
2026-09-15,10:32:51,247,KOM_Test,SR830,T,PHAS,0,result,Kommunikations-Test fuer SR830 und OSTECH,,,
2026-09-15,10:32:51,257,KOM_Test,OSTECH,T,LTM,25.0,result,Kommunikations-Test fuer SR830 und OSTECH,,,
2026-09-15,10:32:51,269,KOM_Test,SR830,T,FREQ,1000,result,Kommunikations-Test fuer SR830 und OSTECH,,,
2026-09-15,10:32:51,283,KOM_Test,OSTECH,T,LCA,0.0,result,Kommunikations-Test fuer SR830 und OSTECH,,,
2026-09-15,10:32:51,297,KOM_Test,OSTECH,T,LVA,0.0,result,Kommunikations-Test fuer SR830 und OSTECH,,,
2026-09-15,10:32:51,323,KOM_Test,OSTECH,T,XTA,21.009017944335938,result,Kommunikations-Test fuer SR830 und OSTECH,,,
2026-09-15,10:32:51,339,KOM_Test,SR830,T,"SNAP 1,2,3,4,10,11","0,0,0,0,0,0",result,Kommunikations-Test fuer SR830 und OSTECH,,,
2026-09-15,10:32:51,339,KOM_Test,OSTECH,T,GT,28.25071907043457,result,Kommunikations-Test fuer SR830 und OSTECH,,,
2026-09-15,10:32:51,357,KOM_Test,OSTECH,T,GS,"{'status_word': 3085, 'interlock_ok': True, 'driver_supply_ok': True, 'driver_temperature_ok': True, 'lt_sensor_ok': True, 'ct_sensor_ok': True, 'lc_on': False, 'lc_error': False}",result,Kommunikations-Test fuer SR830 und OSTECH,,,
2026-09-15,10:32:51,377,KOM_Test,OSTECH,T,LTM,25.0,result,Kommunikations-Test fuer SR830 und OSTECH,,,
2026-09-15,10:32:51,397,KOM_Test,OSTECH,T,LCA,0.0,result,Kommunikations-Test fuer SR830 und OSTECH,,,
2026-09-15,10:32:51,407,KOM_Test,OSTECH,T,LVA,0.0,result,Kommunikations-Test fuer SR830 und OSTECH,,,
2026-09-15,10:32:51,427,KOM_Test,OSTECH,T,XTA,21.009017944335938,result,Kommunikations-Test fuer SR830 und OSTECH,,,
2026-09-15,10:32:51,437,KOM_Test,OSTECH,T,GT,28.25071907043457,result,Kommunikations-Test fuer SR830 und OSTECH,,,
2026-09-15,10:32:51,460,KOM_Test,OSTECH,T,GS,"{'status_word': 3085, 'interlock_ok': True, 'driver_supply_ok': True, 'driver_temperature_ok': True, 'lt_sensor_ok': True, 'ct_sensor_ok': True, 'lc_on': False, 'lc_error': False}",result,Kommunikations-Test fuer SR830 und OSTECH,,,
2026-09-15,10:32:51,467,KOM_Test,SR830,T,"SNAP 5,6,7,8,9","-0.000333333,0.005,0.000666667,0.002,1000",result,Kommunikations-Test fuer SR830 und OSTECH,,,
2026-09-15,10:32:51,484,KOM_Test,OSTECH,T,LTM,25.0,result,Kommunikations-Test fuer SR830 und OSTECH,,,
2026-09-15,10:32:51,487,KOM_Test,SR830,T,PHAS,0,result,Kommunikations-Test fuer SR830 und OSTECH,,,
2026-09-15,10:32:51,507,KOM_Test,OSTECH,T,LCA,0.0,result,Kommunikations-Test fuer SR830 und OSTECH,,,
2026-09-15,10:32:51,517,KOM_Test,SR830,T,FREQ,1000,result,Kommunikations-Test fuer SR830 und OSTECH,,,
2026-09-15,10:32:51,527,KOM_Test,OSTECH,T,LVA,0.0,result,Kommunikations-Test fuer SR830 und OSTECH,,,
2026-09-15,10:32:51,537,KOM_Test,OSTECH,T,XTA,21.009017944335938,result,Kommunikations-Test fuer SR830 und OSTECH,,,
2026-09-15,10:32:51,563,KOM_Test,OSTECH,T,GT,28.25071907043457,result,Kommunikations-Test fuer SR830 und OSTECH,,,
2026-09-15,10:32:51,576,KOM_Test,OSTECH,T,GS,"{'status_word': 3085, 'interlock_ok': True, 'driver_supply_ok': True, 'driver_temperature_ok': True, 'lt_sensor_ok': True, 'ct_sensor_ok': True, 'lc_on': False, 'lc_error': False}",result,Kommunikations-Test fuer SR830 und OSTECH,,,
2026-09-15,10:32:51,596,KOM_Test,OSTECH,T,LTM,25.0,result,Kommunikations-Test fuer SR830 und OSTECH,,,
2026-09-15,10:32:51,613,KOM_Test,OSTECH,T,LCA,0.0,result,Kommunikations-Test fuer SR830 und OSTECH,,,
2026-09-15,10:32:51,614,KOM_Test,SR830,T,"SNAP 1,2,3,4,10,11","0,0,0,45,0,0",result,Kommunikations-Test fuer SR830 und OSTECH,,,
2026-09-15,10:32:51,629,KOM_Test,OSTECH,T,LVA,0.0,result,Kommunikations-Test fuer SR830 und OSTECH,,,
2026-09-15,10:32:51,645,KOM_Test,OSTECH,T,XTA,21.009017944335938,result,Kommunikations-Test fuer SR830 und OSTECH,,,
2026-09-15,10:32:51,661,KOM_Test,OSTECH,T,GT,28.25071907043457,result,Kommunikations-Test fuer SR830 und OSTECH,,,
2026-09-15,10:32:51,667,KOM_Test,OSTECH,T,GS,"{'status_word': 3085, 'interlock_ok': True, 'driver_supply_ok': True, 'driver_temperature_ok': True, 'lt_sensor_ok': True, 'ct_sensor_ok': True, 'lc_on': False, 'lc_error': False}",result,Kommunikations-Test fuer SR830 und OSTECH,,,
2026-09-15,10:32:51,696,KOM_Test,OSTECH,T,LTM,25.0,result,Kommunikations-Test fuer SR830 und OSTECH,,,
2026-09-15,10:32:51,707,KOM_Test,OSTECH,T,LCA,0.0,result,Kommunikations-Test fuer SR830 und OSTECH,,,
2026-09-15,10:32:51,728,KOM_Test,SR830,T,"SNAP 5,6,7,8,9","0.001,0.00666667,0.00233333,-0.00666667,1000",result,Kommunikations-Test fuer SR830 und OSTECH,,,
2026-09-15,10:32:51,729,KOM_Test,OSTECH,T,LVA,0.0,result,Kommunikations-Test fuer SR830 und OSTECH,,,
2026-09-15,10:32:51,743,KOM_Test,SR830,T,PHAS,0,result,Kommunikations-Test fuer SR830 und OSTECH,,,
2026-09-15,10:32:51,744,KOM_Test,OSTECH,T,XTA,21.009017944335938,result,Kommunikations-Test fuer SR830 und OSTECH,,,
2026-09-15,10:32:51,757,KOM_Test,OSTECH,T,GT,28.25071907043457,result,Kommunikations-Test fuer SR830 und OSTECH,,,
2026-09-15,10:32:51,764,KOM_Test,SR830,T,FREQ,1000,result,Kommunikations-Test fuer SR830 und OSTECH,,,
2026-09-15,10:32:51,770,KOM_Test,OSTECH,T,GS,"{'status_word': 3085, 'interlock_ok': True, 'driver_supply_ok': True, 'driver_temperature_ok': True, 'lt_sensor_ok': True, 'ct_sensor_ok': True, 'lc_on': False, 'lc_error': False}",result,Kommunikations-Test fuer SR830 und OSTECH,,,
2026-09-15,10:32:51,789,KOM_Test,OSTECH,T,LTM,25.0,result,Kommunikations-Test fuer SR830 und OSTECH,,,
2026-09-15,10:32:51,818,KOM_Test,OSTECH,T,LCA,0.0,result,Kommunikations-Test fuer SR830 und OSTECH,,,
2026-09-15,10:32:51,833,KOM_Test,OSTECH,T,LVA,0.0,result,Kommunikations-Test fuer SR830 und OSTECH,,,
2026-09-15,10:32:51,843,KOM_Test,SR830,T,"SNAP 1,2,3,4,10,11","0,0,0,90,0,0",result,Kommunikations-Test fuer SR830 und OSTECH,,,
2026-09-15,10:32:51,861,KOM_Test,OSTECH,T,XTA,21.009017944335938,result,Kommunikations-Test fuer SR830 und OSTECH,,,
2026-09-15,10:32:51,887,KOM_Test,OSTECH,T,GT,28.25071907043457,result,Kommunikations-Test fuer SR830 und OSTECH,,,
2026-09-15,10:32:51,897,KOM_Test,OSTECH,T,GS,"{'status_word': 3085, 'interlock_ok': True, 'driver_supply_ok': True, 'driver_temperature_ok': True, 'lt_sensor_ok': True, 'ct_sensor_ok': True, 'lc_on': False, 'lc_error': False}",result,Kommunikations-Test fuer SR830 und OSTECH,,,
2026-09-15,10:32:51,922,KOM_Test,OSTECH,T,LTM,25.0,result,Kommunikations-Test fuer SR830 und OSTECH,,,
2026-09-15,10:32:51,938,KOM_Test,OSTECH,T,LCA,0.0,result,Kommunikations-Test fuer SR830 und OSTECH,,,
2026-09-15,10:32:51,953,KOM_Test,OSTECH,T,LVA,0.0,result,Kommunikations-Test fuer SR830 und OSTECH,,,
2026-09-15,10:32:51,972,KOM_Test,SR830,T,"SNAP 5,6,7,8,9","-0.000666667,0.00466667,-0.000666667,0.000666667,1000",result,Kommunikations-Test fuer SR830 und OSTECH,,,
2026-09-15,10:32:51,973,KOM_Test,OSTECH,T,XTA,21.003868103027344,result,Kommunikations-Test fuer SR830 und OSTECH,,,
2026-09-15,10:32:51,987,KOM_Test,OSTECH,T,GT,28.25071907043457,result,Kommunikations-Test fuer SR830 und OSTECH,,,
2026-09-15,10:32:51,989,KOM_Test,SR830,T,PHAS,0,result,Kommunikations-Test fuer SR830 und OSTECH,,,
2026-09-15,10:32:52,001,KOM_Test,OSTECH,T,GS,"{'status_word': 3085, 'interlock_ok': True, 'driver_supply_ok': True, 'driver_temperature_ok': True, 'lt_sensor_ok': True, 'ct_sensor_ok': True, 'lc_on': False, 'lc_error': False}",result,Kommunikations-Test fuer SR830 und OSTECH,,,
2026-09-15,10:32:52,007,KOM_Test,SR830,T,FREQ,1000,result,Kommunikations-Test fuer SR830 und OSTECH,,,
2026-09-15,10:32:52,019,KOM_Test,OSTECH,T,LTM,25.0,result,Kommunikations-Test fuer SR830 und OSTECH,,,
2026-09-15,10:32:52,034,KOM_Test,OSTECH,T,LCA,0.0,result,Kommunikations-Test fuer SR830 und OSTECH,,,
2026-09-15,10:32:52,049,KOM_Test,OSTECH,T,LVA,0.0,result,Kommunikations-Test fuer SR830 und OSTECH,,,
2026-09-15,10:32:52,073,KOM_Test,OSTECH,T,XTA,21.003868103027344,result,Kommunikations-Test fuer SR830 und OSTECH,,,
2026-09-15,10:32:52,095,KOM_Test,SR830,T,"SNAP 1,2,3,4,10,11","0,0,0,0,0,0",result,Kommunikations-Test fuer SR830 und OSTECH,,,
2026-09-15,10:32:52,100,KOM_Test,OSTECH,T,GT,28.25071907043457,result,Kommunikations-Test fuer SR830 und OSTECH,,,
2026-09-15,10:32:52,117,KOM_Test,OSTECH,T,GS,"{'status_word': 3085, 'interlock_ok': True, 'driver_supply_ok': True, 'driver_temperature_ok': True, 'lt_sensor_ok': True, 'ct_sensor_ok': True, 'lc_on': False, 'lc_error': False}",result,Kommunikations-Test fuer SR830 und OSTECH,,,
2026-09-15,10:32:52,137,KOM_Test,OSTECH,T,LTM,25.0,result,Kommunikations-Test fuer SR830 und OSTECH,,,
2026-09-15,10:32:52,157,KOM_Test,OSTECH,T,LCA,0.0,result,Kommunikations-Test fuer SR830 und OSTECH,,,
2026-09-15,10:32:52,171,KOM_Test,OSTECH,T,LVA,0.0,result,Kommunikations-Test fuer SR830 und OSTECH,,,
2026-09-15,10:32:52,187,KOM_Test,OSTECH,T,XTA,21.003868103027344,result,Kommunikations-Test fuer SR830 und OSTECH,,,
2026-09-15,10:32:52,207,KOM_Test,OSTECH,T,GT,28.25071907043457,result,Kommunikations-Test fuer SR830 und OSTECH,,,
2026-09-15,10:32:52,217,KOM_Test,SR830,T,"SNAP 5,6,7,8,9","-0.00333333,0.005,0.000666667,-0.00233333,1000",result,Kommunikations-Test fuer SR830 und OSTECH,,,
2026-09-15,10:32:52,217,KOM_Test,OSTECH,T,GS,"{'status_word': 3085, 'interlock_ok': True, 'driver_supply_ok': True, 'driver_temperature_ok': True, 'lt_sensor_ok': True, 'ct_sensor_ok': True, 'lc_on': False, 'lc_error': False}",result,Kommunikations-Test fuer SR830 und OSTECH,,,
2026-09-15,10:32:52,247,KOM_Test,SR830,T,PHAS,0,result,Kommunikations-Test fuer SR830 und OSTECH,,,
2026-09-15,10:32:52,251,KOM_Test,OSTECH,T,LTM,25.0,result,Kommunikations-Test fuer SR830 und OSTECH,,,
2026-09-15,10:32:52,267,KOM_Test,SR830,T,FREQ,1000,result,Kommunikations-Test fuer SR830 und OSTECH,,,
2026-09-15,10:32:52,277,KOM_Test,OSTECH,T,LCA,0.0,result,Kommunikations-Test fuer SR830 und OSTECH,,,
2026-09-15,10:32:52,295,KOM_Test,OSTECH,T,LVA,0.0,result,Kommunikations-Test fuer SR830 und OSTECH,,,
2026-09-15,10:32:52,311,KOM_Test,OSTECH,T,XTA,21.003868103027344,result,Kommunikations-Test fuer SR830 und OSTECH,,,
2026-09-15,10:32:52,317,KOM_Test,OSTECH,T,GT,28.25071907043457,result,Kommunikations-Test fuer SR830 und OSTECH,,,
2026-09-15,10:32:52,341,KOM_Test,OSTECH,T,GS,"{'status_word': 3085, 'interlock_ok': True, 'driver_supply_ok': True, 'driver_temperature_ok': True, 'lt_sensor_ok': True, 'ct_sensor_ok': True, 'lc_on': False, 'lc_error': False}",result,Kommunikations-Test fuer SR830 und OSTECH,,,
2026-09-15,10:32:52,357,KOM_Test,SR830,T,"SNAP 1,2,3,4,10,11","0,0,0,0,0,0",result,Kommunikations-Test fuer SR830 und OSTECH,,,
2026-09-15,10:32:52,363,KOM_Test,OSTECH,T,LTM,25.0,result,Kommunikations-Test fuer SR830 und OSTECH,,,
2026-09-15,10:32:52,378,KOM_Test,OSTECH,T,LCA,0.0,result,Kommunikations-Test fuer SR830 und OSTECH,,,
2026-09-15,10:32:52,403,KOM_Test,OSTECH,T,LVA,0.0,result,Kommunikations-Test fuer SR830 und OSTECH,,,
2026-09-15,10:32:52,419,KOM_Test,OSTECH,T,XTA,21.003868103027344,result,Kommunikations-Test fuer SR830 und OSTECH,,,
2026-09-15,10:32:52,444,KOM_Test,OSTECH,T,GT,28.25071907043457,result,Kommunikations-Test fuer SR830 und OSTECH,,,
2026-09-15,10:32:52,467,KOM_Test,OSTECH,T,GS,"{'status_word': 3085, 'interlock_ok': True, 'driver_supply_ok': True, 'driver_temperature_ok': True, 'lt_sensor_ok': True, 'ct_sensor_ok': True, 'lc_on': False, 'lc_error': False}",result,Kommunikations-Test fuer SR830 und OSTECH,,,
2026-09-15,10:32:52,477,KOM_Test,SR830,T,"SNAP 5,6,7,8,9","-0.000333333,0.00633333,0.00233333,0.000666667,1000",result,Kommunikations-Test fuer SR830 und OSTECH,,,
2026-09-15,10:32:52,482,KOM_Test,OSTECH,T,LTM,25.0,result,Kommunikations-Test fuer SR830 und OSTECH,,,
2026-09-15,10:32:52,505,KOM_Test,OSTECH,T,LCA,0.0,result,Kommunikations-Test fuer SR830 und OSTECH,,,
2026-09-15,10:32:52,505,KOM_Test,SR830,T,PHAS,0,result,Kommunikations-Test fuer SR830 und OSTECH,,,
2026-09-15,10:32:52,532,KOM_Test,OSTECH,T,LVA,0.0,result,Kommunikations-Test fuer SR830 und OSTECH,,,
2026-09-15,10:32:52,537,KOM_Test,SR830,T,FREQ,1000,result,Kommunikations-Test fuer SR830 und OSTECH,,,
2026-09-15,10:32:52,547,KOM_Test,OSTECH,T,XTA,21.005767822265625,result,Kommunikations-Test fuer SR830 und OSTECH,,,
2026-09-15,10:32:52,566,KOM_Test,OSTECH,T,GT,28.25071907043457,result,Kommunikations-Test fuer SR830 und OSTECH,,,
2026-09-15,10:32:52,580,KOM_Test,OSTECH,T,GS,"{'status_word': 3085, 'interlock_ok': True, 'driver_supply_ok': True, 'driver_temperature_ok': True, 'lt_sensor_ok': True, 'ct_sensor_ok': True, 'lc_on': False, 'lc_error': False}",result,Kommunikations-Test fuer SR830 und OSTECH,,,
2026-09-15,10:32:52,596,KOM_Test,OSTECH,T,LTM,25.0,result,Kommunikations-Test fuer SR830 und OSTECH,,,
2026-09-15,10:32:52,613,KOM_Test,SR830,T,"SNAP 1,2,3,4,10,11","0,0,0,0,0,0",result,Kommunikations-Test fuer SR830 und OSTECH,,,
2026-09-15,10:32:52,622,KOM_Test,OSTECH,T,LCA,0.0,result,Kommunikations-Test fuer SR830 und OSTECH,,,
2026-09-15,10:32:52,646,KOM_Test,OSTECH,T,LVA,0.0,result,Kommunikations-Test fuer SR830 und OSTECH,,,
2026-09-15,10:32:52,657,KOM_Test,OSTECH,T,XTA,21.005767822265625,result,Kommunikations-Test fuer SR830 und OSTECH,,,
2026-09-15,10:32:52,676,KOM_Test,OSTECH,T,GT,28.25071907043457,result,Kommunikations-Test fuer SR830 und OSTECH,,,
2026-09-15,10:32:52,692,KOM_Test,OSTECH,T,GS,"{'status_word': 3085, 'interlock_ok': True, 'driver_supply_ok': True, 'driver_temperature_ok': True, 'lt_sensor_ok': True, 'ct_sensor_ok': True, 'lc_on': False, 'lc_error': False}",result,Kommunikations-Test fuer SR830 und OSTECH,,,
2026-09-15,10:32:52,708,KOM_Test,OSTECH,T,LTM,25.0,result,Kommunikations-Test fuer SR830 und OSTECH,,,
2026-09-15,10:32:52,732,KOM_Test,OSTECH,T,LCA,0.0,result,Kommunikations-Test fuer SR830 und OSTECH,,,
2026-09-15,10:32:52,737,KOM_Test,SR830,T,"SNAP 5,6,7,8,9","-0.002,0.00666667,-0.000333333,0.00266667,1000",result,Kommunikations-Test fuer SR830 und OSTECH,,,
2026-09-15,10:32:52,747,KOM_Test,OSTECH,T,LVA,0.0,result,Kommunikations-Test fuer SR830 und OSTECH,,,
2026-09-15,10:32:52,752,KOM_Test,SR830,T,PHAS,0,result,Kommunikations-Test fuer SR830 und OSTECH,,,
2026-09-15,10:32:52,767,KOM_Test,OSTECH,T,XTA,21.005767822265625,result,Kommunikations-Test fuer SR830 und OSTECH,,,
2026-09-15,10:32:52,772,KOM_Test,SR830,T,FREQ,1000,result,Kommunikations-Test fuer SR830 und OSTECH,,,
2026-09-15,10:32:52,777,KOM_Test,OSTECH,T,GT,28.25071907043457,result,Kommunikations-Test fuer SR830 und OSTECH,,,
2026-09-15,10:32:52,797,KOM_Test,OSTECH,T,GS,"{'status_word': 3085, 'interlock_ok': True, 'driver_supply_ok': True, 'driver_temperature_ok': True, 'lt_sensor_ok': True, 'ct_sensor_ok': True, 'lc_on': False, 'lc_error': False}",result,Kommunikations-Test fuer SR830 und OSTECH,,,
2026-09-15,10:32:52,809,KOM_Test,OSTECH,T,LTM,25.0,result,Kommunikations-Test fuer SR830 und OSTECH,,,
2026-09-15,10:32:52,827,KOM_Test,OSTECH,T,LCA,0.0,result,Kommunikations-Test fuer SR830 und OSTECH,,,
2026-09-15,10:32:52,847,KOM_Test,OSTECH,T,LVA,0.0,result,Kommunikations-Test fuer SR830 und OSTECH,,,
2026-09-15,10:32:52,857,KOM_Test,SR830,T,"SNAP 1,2,3,4,10,11","0,0,0,90,0,0",result,Kommunikations-Test fuer SR830 und OSTECH,,,
2026-09-15,10:32:52,857,KOM_Test,OSTECH,T,XTA,21.005767822265625,result,Kommunikations-Test fuer SR830 und OSTECH,,,
2026-09-15,10:32:52,877,KOM_Test,OSTECH,T,GT,28.25071907043457,result,Kommunikations-Test fuer SR830 und OSTECH,,,
2026-09-15,10:32:52,905,KOM_Test,OSTECH,T,GS,"{'status_word': 3085, 'interlock_ok': True, 'driver_supply_ok': True, 'driver_temperature_ok': True, 'lt_sensor_ok': True, 'ct_sensor_ok': True, 'lc_on': False, 'lc_error': False}",result,Kommunikations-Test fuer SR830 und OSTECH,,,
2026-09-15,10:32:52,927,KOM_Test,OSTECH,T,LTM,25.0,result,Kommunikations-Test fuer SR830 und OSTECH,,,
2026-09-15,10:32:52,947,KOM_Test,OSTECH,T,LCA,0.0,result,Kommunikations-Test fuer SR830 und OSTECH,,,
2026-09-15,10:32:52,957,KOM_Test,OSTECH,T,LVA,0.0,result,Kommunikations-Test fuer SR830 und OSTECH,,,
2026-09-15,10:32:52,977,KOM_Test,SR830,T,"SNAP 5,6,7,8,9","-0.00166667,0.00666667,0.001,0.00266667,1000",result,Kommunikations-Test fuer SR830 und OSTECH,,,
2026-09-15,10:32:52,987,KOM_Test,OSTECH,T,XTA,21.003402709960938,result,Kommunikations-Test fuer SR830 und OSTECH,,,
2026-09-15,10:32:52,987,KOM_Test,SR830,T,PHAS,0,result,Kommunikations-Test fuer SR830 und OSTECH,,,
2026-09-15,10:32:53,007,KOM_Test,OSTECH,T,GT,28.25071907043457,result,Kommunikations-Test fuer SR830 und OSTECH,,,
2026-09-15,10:32:53,017,KOM_Test,SR830,T,FREQ,1000,result,Kommunikations-Test fuer SR830 und OSTECH,,,
2026-09-15,10:32:53,019,KOM_Test,OSTECH,T,GS,"{'status_word': 3085, 'interlock_ok': True, 'driver_supply_ok': True, 'driver_temperature_ok': True, 'lt_sensor_ok': True, 'ct_sensor_ok': True, 'lc_on': False, 'lc_error': False}",result,Kommunikations-Test fuer SR830 und OSTECH,,,
2026-09-15,10:32:53,047,KOM_Test,OSTECH,T,LTM,25.0,result,Kommunikations-Test fuer SR830 und OSTECH,,,
2026-09-15,10:32:53,057,KOM_Test,OSTECH,T,LCA,0.0,result,Kommunikations-Test fuer SR830 und OSTECH,,,
2026-09-15,10:32:53,077,KOM_Test,OSTECH,T,LVA,0.0,result,Kommunikations-Test fuer SR830 und OSTECH,,,
2026-09-15,10:32:53,087,KOM_Test,OSTECH,T,XTA,21.003402709960938,result,Kommunikations-Test fuer SR830 und OSTECH,,,
2026-09-15,10:32:53,107,KOM_Test,OSTECH,T,GT,28.25071907043457,result,Kommunikations-Test fuer SR830 und OSTECH,,,
2026-09-15,10:32:53,118,KOM_Test,OSTECH,T,GS,"{'status_word': 3085, 'interlock_ok': True, 'driver_supply_ok': True, 'driver_temperature_ok': True, 'lt_sensor_ok': True, 'ct_sensor_ok': True, 'lc_on': False, 'lc_error': False}",result,Kommunikations-Test fuer SR830 und OSTECH,,,
2026-09-15,10:32:53,127,KOM_Test,SR830,T,"SNAP 1,2,3,4,10,11","0,-6.10356e-005,0,-90,0,-6.10356e-005",result,Kommunikations-Test fuer SR830 und OSTECH,,,
2026-09-15,10:32:53,137,KOM_Test,OSTECH,T,LTM,25.0,result,Kommunikations-Test fuer SR830 und OSTECH,,,
2026-09-15,10:32:53,168,KOM_Test,OSTECH,T,LCA,0.0,result,Kommunikations-Test fuer SR830 und OSTECH,,,
2026-09-15,10:32:53,188,KOM_Test,OSTECH,T,LVA,0.0,result,Kommunikations-Test fuer SR830 und OSTECH,,,
2026-09-15,10:32:53,207,KOM_Test,OSTECH,T,XTA,21.003402709960938,result,Kommunikations-Test fuer SR830 und OSTECH,,,
2026-09-15,10:32:53,227,KOM_Test,OSTECH,T,GT,28.253747940063477,result,Kommunikations-Test fuer SR830 und OSTECH,,,
2026-09-15,10:32:53,238,KOM_Test,OSTECH,T,GS,"{'status_word': 3085, 'interlock_ok': True, 'driver_supply_ok': True, 'driver_temperature_ok': True, 'lt_sensor_ok': True, 'ct_sensor_ok': True, 'lc_on': False, 'lc_error': False}",result,Kommunikations-Test fuer SR830 und OSTECH,,,
2026-09-15,10:32:53,252,KOM_Test,SR830,T,"SNAP 5,6,7,8,9","-0.00333333,0.00466667,0.000666667,-0.00233333,1000",result,Kommunikations-Test fuer SR830 und OSTECH,,,
2026-09-15,10:32:53,257,KOM_Test,OSTECH,T,LTM,25.0,result,Kommunikations-Test fuer SR830 und OSTECH,,,
2026-09-15,10:32:53,277,KOM_Test,SR830,T,PHAS,0,result,Kommunikations-Test fuer SR830 und OSTECH,,,
2026-09-15,10:32:53,277,KOM_Test,OSTECH,T,LCA,0.0,result,Kommunikations-Test fuer SR830 und OSTECH,,,
2026-09-15,10:32:53,297,KOM_Test,OSTECH,T,LVA,0.0,result,Kommunikations-Test fuer SR830 und OSTECH,,,
2026-09-15,10:32:53,303,KOM_Test,SR830,T,FREQ,1000,result,Kommunikations-Test fuer SR830 und OSTECH,,,
2026-09-15,10:32:53,308,KOM_Test,OSTECH,T,XTA,21.003402709960938,result,Kommunikations-Test fuer SR830 und OSTECH,,,
2026-09-15,10:32:53,327,KOM_Test,OSTECH,T,GT,28.253747940063477,result,Kommunikations-Test fuer SR830 und OSTECH,,,
2026-09-15,10:32:53,342,KOM_Test,OSTECH,T,GS,"{'status_word': 3085, 'interlock_ok': True, 'driver_supply_ok': True, 'driver_temperature_ok': True, 'lt_sensor_ok': True, 'ct_sensor_ok': True, 'lc_on': False, 'lc_error': False}",result,Kommunikations-Test fuer SR830 und OSTECH,,,
2026-09-15,10:32:53,368,KOM_Test,OSTECH,T,LTM,25.0,result,Kommunikations-Test fuer SR830 und OSTECH,,,
2026-09-15,10:32:53,377,KOM_Test,OSTECH,T,LCA,0.0,result,Kommunikations-Test fuer SR830 und OSTECH,,,
2026-09-15,10:32:53,402,KOM_Test,OSTECH,T,LVA,0.0,result,Kommunikations-Test fuer SR830 und OSTECH,,,
2026-09-15,10:32:53,407,KOM_Test,SR830,T,"SNAP 1,2,3,4,10,11","0,-6.10356e-005,0,-90,0,-6.10356e-005",result,Kommunikations-Test fuer SR830 und OSTECH,,,
2026-09-15,10:32:53,427,KOM_Test,OSTECH,T,XTA,21.003402709960938,result,Kommunikations-Test fuer SR830 und OSTECH,,,
2026-09-15,10:32:53,451,KOM_Test,OSTECH,T,GT,28.253747940063477,result,Kommunikations-Test fuer SR830 und OSTECH,,,
2026-09-15,10:32:53,457,KOM_Test,OSTECH,T,GS,"{'status_word': 3085, 'interlock_ok': True, 'driver_supply_ok': True, 'driver_temperature_ok': True, 'lt_sensor_ok': True, 'ct_sensor_ok': True, 'lc_on': False, 'lc_error': False}",result,Kommunikations-Test fuer SR830 und OSTECH,,,
2026-09-15,10:32:53,477,KOM_Test,OSTECH,T,LTM,25.0,result,Kommunikations-Test fuer SR830 und OSTECH,,,
2026-09-15,10:32:53,497,KOM_Test,OSTECH,T,LCA,0.0,result,Kommunikations-Test fuer SR830 und OSTECH,,,
2026-09-15,10:32:53,517,KOM_Test,OSTECH,T,LVA,0.0,result,Kommunikations-Test fuer SR830 und OSTECH,,,
2026-09-15,10:32:53,534,KOM_Test,SR830,T,"SNAP 5,6,7,8,9","-0.00533333,0.003,-0.000666667,-0.000666667,1000",result,Kommunikations-Test fuer SR830 und OSTECH,,,
2026-09-15,10:32:53,541,KOM_Test,OSTECH,T,XTA,21.00365447998047,result,Kommunikations-Test fuer SR830 und OSTECH,,,
2026-09-15,10:32:53,551,KOM_Test,SR830,T,PHAS,0,result,Kommunikations-Test fuer SR830 und OSTECH,,,
2026-09-15,10:32:53,561,KOM_Test,OSTECH,T,GT,28.253747940063477,result,Kommunikations-Test fuer SR830 und OSTECH,,,
2026-09-15,10:32:53,572,KOM_Test,SR830,T,FREQ,1000,result,Kommunikations-Test fuer SR830 und OSTECH,,,
2026-09-15,10:32:53,577,KOM_Test,OSTECH,T,GS,"{'status_word': 3085, 'interlock_ok': True, 'driver_supply_ok': True, 'driver_temperature_ok': True, 'lt_sensor_ok': True, 'ct_sensor_ok': True, 'lc_on': False, 'lc_error': False}",result,Kommunikations-Test fuer SR830 und OSTECH,,,
2026-09-15,10:32:53,602,KOM_Test,OSTECH,T,LTM,25.0,result,Kommunikations-Test fuer SR830 und OSTECH,,,
2026-09-15,10:32:53,608,KOM_Test,OSTECH,T,LCA,0.0,result,Kommunikations-Test fuer SR830 und OSTECH,,,
2026-09-15,10:32:53,634,KOM_Test,OSTECH,T,LVA,0.0,result,Kommunikations-Test fuer SR830 und OSTECH,,,
2026-09-15,10:32:53,650,KOM_Test,OSTECH,T,XTA,21.00365447998047,result,Kommunikations-Test fuer SR830 und OSTECH,,,
2026-09-15,10:32:53,666,KOM_Test,OSTECH,T,GT,28.253747940063477,result,Kommunikations-Test fuer SR830 und OSTECH,,,
2026-09-15,10:32:53,669,KOM_Test,SR830,T,"SNAP 1,2,3,4,10,11","0,0,0,45,0,0",result,Kommunikations-Test fuer SR830 und OSTECH,,,
2026-09-15,10:32:53,685,KOM_Test,OSTECH,T,GS,"{'status_word': 3085, 'interlock_ok': True, 'driver_supply_ok': True, 'driver_temperature_ok': True, 'lt_sensor_ok': True, 'ct_sensor_ok': True, 'lc_on': False, 'lc_error': False}",result,Kommunikations-Test fuer SR830 und OSTECH,,,
2026-09-15,10:32:53,702,KOM_Test,OSTECH,T,LTM,25.0,result,Kommunikations-Test fuer SR830 und OSTECH,,,
2026-09-15,10:32:53,727,KOM_Test,OSTECH,T,LCA,0.0,result,Kommunikations-Test fuer SR830 und OSTECH,,,
2026-09-15,10:32:53,747,KOM_Test,OSTECH,T,LVA,0.0,result,Kommunikations-Test fuer SR830 und OSTECH,,,
2026-09-15,10:32:53,762,KOM_Test,OSTECH,T,XTA,21.00365447998047,result,Kommunikations-Test fuer SR830 und OSTECH,,,
2026-09-15,10:32:53,777,KOM_Test,OSTECH,T,GT,28.253747940063477,result,Kommunikations-Test fuer SR830 und OSTECH,,,
2026-09-15,10:32:53,793,KOM_Test,OSTECH,T,GS,"{'status_word': 3085, 'interlock_ok': True, 'driver_supply_ok': True, 'driver_temperature_ok': True, 'lt_sensor_ok': True, 'ct_sensor_ok': True, 'lc_on': False, 'lc_error': False}",result,Kommunikations-Test fuer SR830 und OSTECH,,,
2026-09-15,10:32:53,793,KOM_Test,SR830,T,"SNAP 5,6,7,8,9","-0.00166667,0.00466667,0.000666667,-0.001,1000",result,Kommunikations-Test fuer SR830 und OSTECH,,,
2026-09-15,10:32:53,812,KOM_Test,OSTECH,T,LTM,25.0,result,Kommunikations-Test fuer SR830 und OSTECH,,,
2026-09-15,10:32:53,812,KOM_Test,SR830,T,PHAS,0,result,Kommunikations-Test fuer SR830 und OSTECH,,,
2026-09-15,10:32:53,827,KOM_Test,OSTECH,T,LCA,0.0,result,Kommunikations-Test fuer SR830 und OSTECH,,,
2026-09-15,10:32:53,835,KOM_Test,SR830,T,FREQ,1000,result,Kommunikations-Test fuer SR830 und OSTECH,,,
2026-09-15,10:32:53,843,KOM_Test,OSTECH,T,LVA,0.0,result,Kommunikations-Test fuer SR830 und OSTECH,,,
2026-09-15,10:32:53,857,KOM_Test,OSTECH,T,XTA,21.00365447998047,result,Kommunikations-Test fuer SR830 und OSTECH,,,
2026-09-15,10:32:53,877,KOM_Test,OSTECH,T,GT,28.253747940063477,result,Kommunikations-Test fuer SR830 und OSTECH,,,
2026-09-15,10:32:53,887,KOM_Test,OSTECH,T,GS,"{'status_word': 3085, 'interlock_ok': True, 'driver_supply_ok': True, 'driver_temperature_ok': True, 'lt_sensor_ok': True, 'ct_sensor_ok': True, 'lc_on': False, 'lc_error': False}",result,Kommunikations-Test fuer SR830 und OSTECH,,,
2026-09-15,10:32:53,910,KOM_Test,OSTECH,T,LTM,25.0,result,Kommunikations-Test fuer SR830 und OSTECH,,,
2026-09-15,10:32:53,918,KOM_Test,SR830,T,"SNAP 1,2,3,4,10,11","0,0,0,90,0,0",result,Kommunikations-Test fuer SR830 und OSTECH,,,
2026-09-15,10:32:53,927,KOM_Test,OSTECH,T,LCA,0.0,result,Kommunikations-Test fuer SR830 und OSTECH,,,
2026-09-15,10:32:53,944,KOM_Test,OSTECH,T,LVA,0.0,result,Kommunikations-Test fuer SR830 und OSTECH,,,
2026-09-15,10:32:53,957,KOM_Test,OSTECH,T,XTA,21.00365447998047,result,Kommunikations-Test fuer SR830 und OSTECH,,,
2026-09-15,10:32:53,977,KOM_Test,OSTECH,T,GT,28.253747940063477,result,Kommunikations-Test fuer SR830 und OSTECH,,,
2026-09-15,10:32:53,987,KOM_Test,OSTECH,T,GS,"{'status_word': 3085, 'interlock_ok': True, 'driver_supply_ok': True, 'driver_temperature_ok': True, 'lt_sensor_ok': True, 'ct_sensor_ok': True, 'lc_on': False, 'lc_error': False}",result,Kommunikations-Test fuer SR830 und OSTECH,,,
2026-09-15,10:32:54,007,KOM_Test,OSTECH,T,LTM,25.0,result,Kommunikations-Test fuer SR830 und OSTECH,,,
2026-09-15,10:32:54,029,KOM_Test,OSTECH,T,LCA,0.0,result,Kommunikations-Test fuer SR830 und OSTECH,,,
2026-09-15,10:32:54,041,KOM_Test,SR830,T,"SNAP 5,6,7,8,9","-0.002,0.00666667,0.001,0.000666667,1000",result,Kommunikations-Test fuer SR830 und OSTECH,,,
2026-09-15,10:32:54,045,KOM_Test,OSTECH,T,LVA,0.0,result,Kommunikations-Test fuer SR830 und OSTECH,,,
2026-09-15,10:32:54,055,KOM_Test,SR830,T,PHAS,0,result,Kommunikations-Test fuer SR830 und OSTECH,,,
2026-09-15,10:32:54,060,KOM_Test,OSTECH,T,XTA,21.00365447998047,result,Kommunikations-Test fuer SR830 und OSTECH,,,
2026-09-15,10:32:54,069,KOM_Test,OSTECH,T,GT,28.253747940063477,result,Kommunikations-Test fuer SR830 und OSTECH,,,
2026-09-15,10:32:54,077,KOM_Test,SR830,T,FREQ,1000,result,Kommunikations-Test fuer SR830 und OSTECH,,,
2026-09-15,10:32:54,097,KOM_Test,OSTECH,T,GS,"{'status_word': 3085, 'interlock_ok': True, 'driver_supply_ok': True, 'driver_temperature_ok': True, 'lt_sensor_ok': True, 'ct_sensor_ok': True, 'lc_on': False, 'lc_error': False}",result,Kommunikations-Test fuer SR830 und OSTECH,,,
2026-09-15,10:32:54,107,KOM_Test,OSTECH,T,LTM,25.0,result,Kommunikations-Test fuer SR830 und OSTECH,,,
2026-09-15,10:32:54,127,KOM_Test,OSTECH,T,LCA,0.0,result,Kommunikations-Test fuer SR830 und OSTECH,,,
2026-09-15,10:32:54,147,KOM_Test,OSTECH,T,LVA,0.0,result,Kommunikations-Test fuer SR830 und OSTECH,,,
2026-09-15,10:32:54,157,KOM_Test,SR830,T,"SNAP 1,2,3,4,10,11","0,0,0,90,0,0",result,Kommunikations-Test fuer SR830 und OSTECH,,,
2026-09-15,10:32:54,157,KOM_Test,OSTECH,T,XTA,21.007789611816406,result,Kommunikations-Test fuer SR830 und OSTECH,,,
2026-09-15,10:32:54,177,KOM_Test,OSTECH,T,GT,28.253747940063477,result,Kommunikations-Test fuer SR830 und OSTECH,,,
2026-09-15,10:32:54,195,KOM_Test,OSTECH,T,GS,"{'status_word': 3085, 'interlock_ok': True, 'driver_supply_ok': True, 'driver_temperature_ok': True, 'lt_sensor_ok': True, 'ct_sensor_ok': True, 'lc_on': False, 'lc_error': False}",result,Kommunikations-Test fuer SR830 und OSTECH,,,
2026-09-15,10:32:54,208,KOM_Test,OSTECH,T,LTM,25.0,result,Kommunikations-Test fuer SR830 und OSTECH,,,
2026-09-15,10:32:54,222,KOM_Test,OSTECH,T,LCA,0.0,result,Kommunikations-Test fuer SR830 und OSTECH,,,
2026-09-15,10:32:54,246,KOM_Test,OSTECH,T,LVA,0.0,result,Kommunikations-Test fuer SR830 und OSTECH,,,
