Date,Time,Ms,Category,Tag,State,Message,Value,Info,AdditionalMessage,AdditionalValue,AdditionalInfo,Else
2026-09-15,10:48:15,951,KOM_Test,OSTECH,I,startup,OSTECH GVN: 8661,status,Kommunikations-Test fuer SR830 und OSTECH,,,
2026-09-15,10:48:15,969,KOM_Test,OSTECH,T,LTM,25.0,result,Kommunikations-Test fuer SR830 und OSTECH,,,
2026-09-15,10:48:15,993,KOM_Test,OSTECH,T,LCA,0.0,result,Kommunikations-Test fuer SR830 und OSTECH,,,
2026-09-15,10:48:16,012,KOM_Test,SR830,I,startup,"SR830 ID: Stanford_Research_Systems,SR830,s/n46328,ver1.07",status,Kommunikations-Test fuer SR830 und OSTECH,,,
2026-09-15,10:48:16,016,KOM_Test,OSTECH,T,LVA,0.0,result,Kommunikations-Test fuer SR830 und OSTECH,,,
2026-09-15,10:48:16,041,KOM_Test,OSTECH,T,XTA,20.99980926513672,result,Kommunikations-Test fuer SR830 und OSTECH,,,
2026-09-15,10:48:16,053,KOM_Test,OSTECH,T,GT,28.3563175201416,result,Kommunikations-Test fuer SR830 und OSTECH,,,
2026-09-15,10:48:16,074,KOM_Test,OSTECH,T,GS,"{'status_word': 3085, 'interlock_ok': True, 'driver_supply_ok': True, 'driver_temperature_ok': True, 'lt_sensor_ok': True, 'ct_sensor_ok': True, 'lc_on': False, 'lc_error': False}",result,Kommunikations-Test fuer SR830 und OSTECH,,,
2026-09-15,10:48:16,096,KOM_Test,OSTECH,T,LTM,25.0,result,Kommunikations-Test fuer SR830 und OSTECH,,,
2026-09-15,10:48:16,118,KOM_Test,OSTECH,T,LCA,0.0,result,Kommunikations-Test fuer SR830 und OSTECH,,,
2026-09-15,10:48:16,122,KOM_Test,SR830,T,"SNAP 1,2,3,4,10,11","-6.10356e-005,0,0,180,-6.10356e-005,0",result,Kommunikations-Test fuer SR830 und OSTECH,,,
2026-09-15,10:48:16,133,KOM_Test,OSTECH,T,LVA,0.0,result,Kommunikations-Test fuer SR830 und OSTECH,,,
2026-09-15,10:48:16,150,KOM_Test,OSTECH,T,XTA,20.99980926513672,result,Kommunikations-Test fuer SR830 und OSTECH,,,
2026-09-15,10:48:16,161,KOM_Test,OSTECH,T,GT,28.3563175201416,result,Kommunikations-Test fuer SR830 und OSTECH,,,
2026-09-15,10:48:16,172,KOM_Test,OSTECH,T,GS,"{'status_word': 3085, 'interlock_ok': True, 'driver_supply_ok': True, 'driver_temperature_ok': True, 'lt_sensor_ok': True, 'ct_sensor_ok': True, 'lc_on': False, 'lc_error': False}",result,Kommunikations-Test fuer SR830 und OSTECH,,,
2026-09-15,10:48:16,197,KOM_Test,OSTECH,T,LTM,25.0,result,Kommunikations-Test fuer SR830 und OSTECH,,,
2026-09-15,10:48:16,222,KOM_Test,OSTECH,T,LCA,0.0,result,Kommunikations-Test fuer SR830 und OSTECH,,,
2026-09-15,10:48:16,250,KOM_Test,OSTECH,T,LVA,0.0,result,Kommunikations-Test fuer SR830 und OSTECH,,,
2026-09-15,10:48:16,251,KOM_Test,SR830,T,"SNAP 5,6,7,8,9","-0.00333333,0.00466667,0.000666667,0.002,1000",result,Kommunikations-Test fuer SR830 und OSTECH,,,
2026-09-15,10:48:16,261,KOM_Test,OSTECH,T,XTA,20.99980926513672,result,Kommunikations-Test fuer SR830 und OSTECH,,,
2026-09-15,10:48:16,261,KOM_Test,SR830,T,PHAS,0,result,Kommunikations-Test fuer SR830 und OSTECH,,,
2026-09-15,10:48:16,281,KOM_Test,OSTECH,T,GT,28.3563175201416,result,Kommunikations-Test fuer SR830 und OSTECH,,,
2026-09-15,10:48:16,289,KOM_Test,SR830,T,FREQ,1000,result,Kommunikations-Test fuer SR830 und OSTECH,,,
2026-09-15,10:48:16,294,KOM_Test,OSTECH,T,GS,"{'status_word': 3085, 'interlock_ok': True, 'driver_supply_ok': True, 'driver_temperature_ok': True, 'lt_sensor_ok': True, 'ct_sensor_ok': True, 'lc_on': False, 'lc_error': False}",result,Kommunikations-Test fuer SR830 und OSTECH,,,
2026-09-15,10:48:16,312,KOM_Test,OSTECH,T,LTM,25.0,result,Kommunikations-Test fuer SR830 und OSTECH,,,
2026-09-15,10:48:16,324,KOM_Test,OSTECH,T,LCA,0.0,result,Kommunikations-Test fuer SR830 und OSTECH,,,
2026-09-15,10:48:16,341,KOM_Test,OSTECH,T,LVA,0.0,result,Kommunikations-Test fuer SR830 und OSTECH,,,
2026-09-15,10:48:16,367,KOM_Test,OSTECH,T,XTA,20.99980926513672,result,Kommunikations-Test fuer SR830 und OSTECH,,,
2026-09-15,10:48:16,371,KOM_Test,OSTECH,T,GT,28.3563175201416,result,Kommunikations-Test fuer SR830 und OSTECH,,,
2026-09-15,10:48:16,405,KOM_Test,OSTECH,T,GS,"{'status_word': 3085, 'interlock_ok': True, 'driver_supply_ok': True, 'driver_temperature_ok': True, 'lt_sensor_ok': True, 'ct_sensor_ok': True, 'lc_on': False, 'lc_error': False}",result,Kommunikations-Test fuer SR830 und OSTECH,,,
2026-09-15,10:48:16,412,KOM_Test,SR830,T,"SNAP 1,2,3,4,10,11","0,-6.10356e-005,0,-90,0,-6.10356e-005",result,Kommunikations-Test fuer SR830 und OSTECH,,,
2026-09-15,10:48:16,433,KOM_Test,OSTECH,T,LTM,25.0,result,Kommunikations-Test fuer SR830 und OSTECH,,,
2026-09-15,10:48:16,461,KOM_Test,OSTECH,T,LCA,0.0,result,Kommunikations-Test fuer SR830 und OSTECH,,,
2026-09-15,10:48:16,483,KOM_Test,OSTECH,T,LVA,0.0,result,Kommunikations-Test fuer SR830 und OSTECH,,,
2026-09-15,10:48:16,500,KOM_Test,OSTECH,T,XTA,20.995773315429688,result,Kommunikations-Test fuer SR830 und OSTECH,,,
2026-09-15,10:48:16,513,KOM_Test,OSTECH,T,GT,28.3563175201416,result,Kommunikations-Test fuer SR830 und OSTECH,,,
2026-09-15,10:48:16,521,KOM_Test,OSTECH,T,GS,"{'status_word': 3085, 'interlock_ok': True, 'driver_supply_ok': True, 'driver_temperature_ok': True, 'lt_sensor_ok': True, 'ct_sensor_ok': True, 'lc_on': False, 'lc_error': False}",result,Kommunikations-Test fuer SR830 und OSTECH,,,
2026-09-15,10:48:16,537,KOM_Test,SR830,T,"SNAP 5,6,7,8,9","-0.000333333,0.00666667,0.001,-0.000666667,1000",result,Kommunikations-Test fuer SR830 und OSTECH,,,
2026-09-15,10:48:16,541,KOM_Test,OSTECH,T,LTM,25.0,result,Kommunikations-Test fuer SR830 und OSTECH,,,
2026-09-15,10:48:16,562,KOM_Test,OSTECH,T,LCA,0.0,result,Kommunikations-Test fuer SR830 und OSTECH,,,
2026-09-15,10:48:16,562,KOM_Test,SR830,T,PHAS,0,result,Kommunikations-Test fuer SR830 und OSTECH,,,
2026-09-15,10:48:16,588,KOM_Test,SR830,T,FREQ,1000,result,Kommunikations-Test fuer SR830 und OSTECH,,,
2026-09-15,10:48:16,589,KOM_Test,OSTECH,T,LVA,0.0,result,Kommunikations-Test fuer SR830 und OSTECH,,,
2026-09-15,10:48:16,618,KOM_Test,OSTECH,T,XTA,20.995773315429688,result,Kommunikations-Test fuer SR830 und OSTECH,,,
2026-09-15,10:48:16,631,KOM_Test,OSTECH,T,GT,28.3563175201416,result,Kommunikations-Test fuer SR830 und OSTECH,,,
2026-09-15,10:48:16,645,KOM_Test,OSTECH,T,GS,"{'status_word': 3085, 'interlock_ok': True, 'driver_supply_ok': True, 'driver_temperature_ok': True, 'lt_sensor_ok': True, 'ct_sensor_ok': True, 'lc_on': False, 'lc_error': False}",result,Kommunikations-Test fuer SR830 und OSTECH,,,
2026-09-15,10:48:16,667,KOM_Test,OSTECH,T,LTM,25.0,result,Kommunikations-Test fuer SR830 und OSTECH,,,
2026-09-15,10:48:16,677,KOM_Test,SR830,T,"SNAP 1,2,3,4,10,11","0,0,0,0,0,0",result,Kommunikations-Test fuer SR830 und OSTECH,,,
2026-09-15,10:48:16,682,KOM_Test,OSTECH,T,LCA,0.0,result,Kommunikations-Test fuer SR830 und OSTECH,,,
2026-09-15,10:48:16,694,KOM_Test,OSTECH,T,LVA,0.0,result,Kommunikations-Test fuer SR830 und OSTECH,,,
2026-09-15,10:48:16,713,KOM_Test,OSTECH,T,XTA,20.995773315429688,result,Kommunikations-Test fuer SR830 und OSTECH,,,
2026-09-15,10:48:16,731,KOM_Test,OSTECH,T,GT,28.3563175201416,result,Kommunikations-Test fuer SR830 und OSTECH,,,
2026-09-15,10:48:16,741,KOM_Test,OSTECH,T,GS,"{'status_word': 3085, 'interlock_ok': True, 'driver_supply_ok': True, 'driver_temperature_ok': True, 'lt_sensor_ok': True, 'ct_sensor_ok': True, 'lc_on': False, 'lc_error': False}",result,Kommunikations-Test fuer SR830 und OSTECH,,,
2026-09-15,10:48:16,767,KOM_Test,OSTECH,T,LTM,25.0,result,Kommunikations-Test fuer SR830 und OSTECH,,,
2026-09-15,10:48:16,781,KOM_Test,OSTECH,T,LCA,0.0,result,Kommunikations-Test fuer SR830 und OSTECH,,,
2026-09-15,10:48:16,787,KOM_Test,SR830,T,"SNAP 5,6,7,8,9","-0.002,0.005,0.00233333,0.001,1000",result,Kommunikations-Test fuer SR830 und OSTECH,,,
2026-09-15,10:48:16,791,KOM_Test,OSTECH,T,LVA,0.0,result,Kommunikations-Test fuer SR830 und OSTECH,,,
2026-09-15,10:48:16,811,KOM_Test,SR830,T,PHAS,0,result,Kommunikations-Test fuer SR830 und OSTECH,,,
2026-09-15,10:48:16,813,KOM_Test,OSTECH,T,XTA,20.995773315429688,result,Kommunikations-Test fuer SR830 und OSTECH,,,
2026-09-15,10:48:16,831,KOM_Test,OSTECH,T,GT,28.3563175201416,result,Kommunikations-Test fuer SR830 und OSTECH,,,
2026-09-15,10:48:16,838,KOM_Test,SR830,T,FREQ,1000,result,Kommunikations-Test fuer SR830 und OSTECH,,,
2026-09-15,10:48:16,855,KOM_Test,OSTECH,T,GS,"{'status_word': 3085, 'interlock_ok': True, 'driver_supply_ok': True, 'driver_temperature_ok': True, 'lt_sensor_ok': True, 'ct_sensor_ok': True, 'lc_on': False, 'lc_error': False}",result,Kommunikations-Test fuer SR830 und OSTECH,,,
2026-09-15,10:48:16,861,KOM_Test,OSTECH,T,LTM,25.0,result,Kommunikations-Test fuer SR830 und OSTECH,,,
2026-09-15,10:48:16,881,KOM_Test,OSTECH,T,LCA,0.0,result,Kommunikations-Test fuer SR830 und OSTECH,,,
2026-09-15,10:48:16,891,KOM_Test,OSTECH,T,LVA,0.0,result,Kommunikations-Test fuer SR830 und OSTECH,,,
2026-09-15,10:48:16,913,KOM_Test,OSTECH,T,XTA,20.995773315429688,result,Kommunikations-Test fuer SR830 und OSTECH,,,
2026-09-15,10:48:16,931,KOM_Test,OSTECH,T,GT,28.3563175201416,result,Kommunikations-Test fuer SR830 und OSTECH,,,
2026-09-15,10:48:16,955,KOM_Test,OSTECH,T,GS,"{'status_word': 3085, 'interlock_ok': True, 'driver_supply_ok': True, 'driver_temperature_ok': True, 'lt_sensor_ok': True, 'ct_sensor_ok': True, 'lc_on': False, 'lc_error': False}",result,Kommunikations-Test fuer SR830 und OSTECH,,,
2026-09-15,10:48:16,960,KOM_Test,SR830,T,"SNAP 1,2,3,4,10,11","0,-6.10356e-005,0,-90,0,-6.10356e-005",result,Kommunikations-Test fuer SR830 und OSTECH,,,
2026-09-15,10:48:16,970,KOM_Test,OSTECH,T,LTM,25.0,result,Kommunikations-Test fuer SR830 und OSTECH,,,
2026-09-15,10:48:16,994,KOM_Test,OSTECH,T,LCA,0.0,result,Kommunikations-Test fuer SR830 und OSTECH,,,
2026-09-15,10:48:17,013,KOM_Test,OSTECH,T,LVA,0.0,result,Kommunikations-Test fuer SR830 und OSTECH,,,
2026-09-15,10:48:17,033,KOM_Test,OSTECH,T,XTA,21.00218963623047,result,Kommunikations-Test fuer SR830 und OSTECH,,,
2026-09-15,10:48:17,042,KOM_Test,OSTECH,T,GT,28.3563175201416,result,Kommunikations-Test fuer SR830 und OSTECH,,,
2026-09-15,10:48:17,057,KOM_Test,OSTECH,T,GS,"{'status_word': 3085, 'interlock_ok': True, 'driver_supply_ok': True, 'driver_temperature_ok': True, 'lt_sensor_ok': True, 'ct_sensor_ok': True, 'lc_on': False, 'lc_error': False}",result,Kommunikations-Test fuer SR830 und OSTECH,,,
2026-09-15,10:48:17,071,KOM_Test,OSTECH,T,LTM,25.0,result,Kommunikations-Test fuer SR830 und OSTECH,,,
2026-09-15,10:48:17,085,KOM_Test,SR830,T,"SNAP 5,6,7,8,9","-0.00166667,0.00766667,-0.000333333,-0.002,1000",result,Kommunikations-Test fuer SR830 und OSTECH,,,
2026-09-15,10:48:17,091,KOM_Test,OSTECH,T,LCA,0.0,result,Kommunikations-Test fuer SR830 und OSTECH,,,
2026-09-15,10:48:17,101,KOM_Test,SR830,T,PHAS,0,result,Kommunikations-Test fuer SR830 und OSTECH,,,
2026-09-15,10:48:17,111,KOM_Test,OSTECH,T,LVA,0.0,result,Kommunikations-Test fuer SR830 und OSTECH,,,
2026-09-15,10:48:17,121,KOM_Test,SR830,T,FREQ,1000,result,Kommunikations-Test fuer SR830 und OSTECH,,,
2026-09-15,10:48:17,135,KOM_Test,OSTECH,T,XTA,21.00218963623047,result,Kommunikations-Test fuer SR830 und OSTECH,,,
2026-09-15,10:48:17,161,KOM_Test,OSTECH,T,GT,28.3563175201416,result,Kommunikations-Test fuer SR830 und OSTECH,,,
2026-09-15,10:48:17,177,KOM_Test,OSTECH,T,GS,"{'status_word': 3085, 'interlock_ok': True, 'driver_supply_ok': True, 'driver_temperature_ok': True, 'lt_sensor_ok': True, 'ct_sensor_ok': True, 'lc_on': False, 'lc_error': False}",result,Kommunikations-Test fuer SR830 und OSTECH,,,
2026-09-15,10:48:17,191,KOM_Test,OSTECH,T,LTM,25.0,result,Kommunikations-Test fuer SR830 und OSTECH,,,
2026-09-15,10:48:17,214,KOM_Test,OSTECH,T,LCA,0.0,result,Kommunikations-Test fuer SR830 und OSTECH,,,
2026-09-15,10:48:17,231,KOM_Test,OSTECH,T,LVA,0.0,result,Kommunikations-Test fuer SR830 und OSTECH,,,
2026-09-15,10:48:17,241,KOM_Test,SR830,T,"SNAP 1,2,3,4,10,11","0,-6.10356e-005,0,-90,0,-6.10356e-005",result,Kommunikations-Test fuer SR830 und OSTECH,,,
2026-09-15,10:48:17,247,KOM_Test,OSTECH,T,XTA,21.00218963623047,result,Kommunikations-Test fuer SR830 und OSTECH,,,
2026-09-15,10:48:17,261,KOM_Test,OSTECH,T,GT,28.3563175201416,result,Kommunikations-Test fuer SR830 und OSTECH,,,
2026-09-15,10:48:17,271,KOM_Test,OSTECH,T,GS,"{'status_word': 3085, 'interlock_ok': True, 'driver_supply_ok': True, 'driver_temperature_ok': True, 'lt_sensor_ok': True, 'ct_sensor_ok': True, 'lc_on': False, 'lc_error': False}",result,Kommunikations-Test fuer SR830 und OSTECH,,,
2026-09-15,10:48:17,291,KOM_Test,OSTECH,T,LTM,25.0,result,Kommunikations-Test fuer SR830 und OSTECH,,,
2026-09-15,10:48:17,314,KOM_Test,OSTECH,T,LCA,0.0,result,Kommunikations-Test fuer SR830 und OSTECH,,,
2026-09-15,10:48:17,331,KOM_Test,OSTECH,T,LVA,0.0,result,Kommunikations-Test fuer SR830 und OSTECH,,,
2026-09-15,10:48:17,341,KOM_Test,OSTECH,T,XTA,21.00218963623047,result,Kommunikations-Test fuer SR830 und OSTECH,,,
2026-09-15,10:48:17,361,KOM_Test,OSTECH,T,GT,28.3563175201416,result,Kommunikations-Test fuer SR830 und OSTECH,,,
2026-09-15,10:48:17,372,KOM_Test,SR830,T,"SNAP 5,6,7,8,9","-0.002,0.00766667,0.00233333,-0.00233333,1000",result,Kommunikations-Test fuer SR830 und OSTECH,,,
2026-09-15,10:48:17,372,KOM_Test,OSTECH,T,GS,"{'status_word': 3085, 'interlock_ok': True, 'driver_supply_ok': True, 'driver_temperature_ok': True, 'lt_sensor_ok': True, 'ct_sensor_ok': True, 'lc_on': False, 'lc_error': False}",result,Kommunikations-Test fuer SR830 und OSTECH,,,
2026-09-15,10:48:17,396,KOM_Test,SR830,T,PHAS,0,result,Kommunikations-Test fuer SR830 und OSTECH,,,
2026-09-15,10:48:17,396,KOM_Test,OSTECH,T,LTM,25.0,result,Kommunikations-Test fuer SR830 und OSTECH,,,
2026-09-15,10:48:17,411,KOM_Test,OSTECH,T,LCA,0.0,result,Kommunikations-Test fuer SR830 und OSTECH,,,
2026-09-15,10:48:17,416,KOM_Test,SR830,T,FREQ,1000,result,Kommunikations-Test fuer SR830 und OSTECH,,,
2026-09-15,10:48:17,421,KOM_Test,OSTECH,T,LVA,0.0,result,Kommunikations-Test fuer SR830 und OSTECH,,,
2026-09-15,10:48:17,447,KOM_Test,OSTECH,T,XTA,21.00218963623047,result,Kommunikations-Test fuer SR830 und OSTECH,,,
2026-09-15,10:48:17,461,KOM_Test,OSTECH,T,GT,28.3563175201416,result,Kommunikations-Test fuer SR830 und OSTECH,,,
2026-09-15,10:48:17,471,KOM_Test,OSTECH,T,GS,"{'status_word': 3085, 'interlock_ok': True, 'driver_supply_ok': True, 'driver_temperature_ok': True, 'lt_sensor_ok': True, 'ct_sensor_ok': True, 'lc_on': False, 'lc_error': False}",result,Kommunikations-Test fuer SR830 und OSTECH,,,
2026-09-15,10:48:17,491,KOM_Test,SR830,T,"SNAP 1,2,3,4,10,11","0,0,0,0,0,0",result,Kommunikations-Test fuer SR830 und OSTECH,,,
2026-09-15,10:48:17,497,KOM_Test,OSTECH,T,LTM,25.0,result,Kommunikations-Test fuer SR830 und OSTECH,,,
2026-09-15,10:48:17,514,KOM_Test,OSTECH,T,LCA,0.0,result,Kommunikations-Test fuer SR830 und OSTECH,,,
2026-09-15,10:48:17,531,KOM_Test,OSTECH,T,LVA,0.0,result,Kommunikations-Test fuer SR830 und OSTECH,,,
2026-09-15,10:48:17,541,KOM_Test,OSTECH,T,XTA,21.00218963623047,result,Kommunikations-Test fuer SR830 und OSTECH,,,
2026-09-15,10:48:17,561,KOM_Test,OSTECH,T,GT,28.3563175201416,result,Kommunikations-Test fuer SR830 und OSTECH,,,
2026-09-15,10:48:17,577,KOM_Test,OSTECH,T,GS,"{'status_word': 3085, 'interlock_ok': True, 'driver_supply_ok': True, 'driver_temperature_ok': True, 'lt_sensor_ok': True, 'ct_sensor_ok': True, 'lc_on': False, 'lc_error': False}",result,Kommunikations-Test fuer SR830 und OSTECH,,,
2026-09-15,10:48:17,591,KOM_Test,OSTECH,T,LTM,25.0,result,Kommunikations-Test fuer SR830 und OSTECH,,,
2026-09-15,10:48:17,614,KOM_Test,OSTECH,T,LCA,0.0,result,Kommunikations-Test fuer SR830 und OSTECH,,,
2026-09-15,10:48:17,619,KOM_Test,SR830,T,"SNAP 5,6,7,8,9","-0.00333333,0.00466667,0.00233333,-0.00366667,1000",result,Kommunikations-Test fuer SR830 und OSTECH,,,
2026-09-15,10:48:17,628,KOM_Test,OSTECH,T,LVA,0.0,result,Kommunikations-Test fuer SR830 und OSTECH,,,
2026-09-15,10:48:17,642,KOM_Test,SR830,T,PHAS,0,result,Kommunikations-Test fuer SR830 und OSTECH,,,
2026-09-15,10:48:17,642,KOM_Test,OSTECH,T,XTA,21.00218963623047,result,Kommunikations-Test fuer SR830 und OSTECH,,,
2026-09-15,10:48:17,661,KOM_Test,OSTECH,T,GT,28.3563175201416,result,Kommunikations-Test fuer SR830 und OSTECH,,,
2026-09-15,10:48:17,669,KOM_Test,SR830,T,FREQ,1000,result,Kommunikations-Test fuer SR830 und OSTECH,,,
2026-09-15,10:48:17,686,KOM_Test,OSTECH,T,GS,"{'status_word': 3085, 'interlock_ok': True, 'driver_supply_ok': True, 'driver_temperature_ok': True, 'lt_sensor_ok': True, 'ct_sensor_ok': True, 'lc_on': False, 'lc_error': False}",result,Kommunikations-Test fuer SR830 und OSTECH,,,
2026-09-15,10:48:17,714,KOM_Test,OSTECH,T,LTM,25.0,result,Kommunikations-Test fuer SR830 und OSTECH,,,
2026-09-15,10:48:17,731,KOM_Test,OSTECH,T,LCA,0.0,result,Kommunikations-Test fuer SR830 und OSTECH,,,
2026-09-15,10:48:17,741,KOM_Test,OSTECH,T,LVA,0.0,result,Kommunikations-Test fuer SR830 und OSTECH,,,
2026-09-15,10:48:17,755,KOM_Test,SR830,T,"SNAP 1,2,3,4,10,11","0,0,0,0,0,0",result,Kommunikations-Test fuer SR830 und OSTECH,,,
2026-09-15,10:48:17,762,KOM_Test,OSTECH,T,XTA,21.000961303710938,result,Kommunikations-Test fuer SR830 und OSTECH,,,
2026-09-15,10:48:17,775,KOM_Test,OSTECH,T,GT,28.3563175201416,result,Kommunikations-Test fuer SR830 und OSTECH,,,
2026-09-15,10:48:17,793,KOM_Test,OSTECH,T,GS,"{'status_word': 3085, 'interlock_ok': True, 'driver_supply_ok': True, 'driver_temperature_ok': True, 'lt_sensor_ok': True, 'ct_sensor_ok': True, 'lc_on': False, 'lc_error': False}",result,Kommunikations-Test fuer SR830 und OSTECH,,,
2026-09-15,10:48:17,814,KOM_Test,OSTECH,T,LTM,25.0,result,Kommunikations-Test fuer SR830 und OSTECH,,,
2026-09-15,10:48:17,831,KOM_Test,OSTECH,T,LCA,0.0,result,Kommunikations-Test fuer SR830 und OSTECH,,,
2026-09-15,10:48:17,841,KOM_Test,OSTECH,T,LVA,0.0,result,Kommunikations-Test fuer SR830 und OSTECH,,,
2026-09-15,10:48:17,868,KOM_Test,OSTECH,T,XTA,21.000961303710938,result,Kommunikations-Test fuer SR830 und OSTECH,,,
2026-09-15,10:48:17,884,KOM_Test,SR830,T,"SNAP 5,6,7,8,9","-0.00333333,0.008,-0.000333333,0.000666667,1000",result,Kommunikations-Test fuer SR830 und OSTECH,,,
2026-09-15,10:48:17,894,KOM_Test,OSTECH,T,GT,28.3563175201416,result,Kommunikations-Test fuer SR830 und OSTECH,,,
2026-09-15,10:48:17,901,KOM_Test,SR830,T,PHAS,0,result,Kommunikations-Test fuer SR830 und OSTECH,,,
2026-09-15,10:48:17,911,KOM_Test,OSTECH,T,GS,"{'status_word': 3085, 'interlock_ok': True, 'driver_supply_ok': True, 'driver_temperature_ok': True, 'lt_sensor_ok': True, 'ct_sensor_ok': True, 'lc_on': False, 'lc_error': False}",result,Kommunikations-Test fuer SR830 und OSTECH,,,
2026-09-15,10:48:17,921,KOM_Test,SR830,T,FREQ,1000,result,Kommunikations-Test fuer SR830 und OSTECH,,,
2026-09-15,10:48:17,931,KOM_Test,OSTECH,T,LTM,25.0,result,Kommunikations-Test fuer SR830 und OSTECH,,,
2026-09-15,10:48:17,941,KOM_Test,OSTECH,T,LCA,0.0,result,Kommunikations-Test fuer SR830 und OSTECH,,,
2026-09-15,10:48:17,961,KOM_Test,OSTECH,T,LVA,0.0,result,Kommunikations-Test fuer SR830 und OSTECH,,,
2026-09-15,10:48:17,981,KOM_Test,OSTECH,T,XTA,21.000961303710938,result,Kommunikations-Test fuer SR830 und OSTECH,,,
2026-09-15,10:48:17,991,KOM_Test,OSTECH,T,GT,28.3563175201416,result,Kommunikations-Test fuer SR830 und OSTECH,,,
2026-09-15,10:48:18,011,KOM_Test,OSTECH,T,GS,"{'status_word': 3085, 'interlock_ok': True, 'driver_supply_ok': True, 'driver_temperature_ok': True, 'lt_sensor_ok': True, 'ct_sensor_ok': True, 'lc_on': False, 'lc_error': False}",result,Kommunikations-Test fuer SR830 und OSTECH,,,
2026-09-15,10:48:18,034,KOM_Test,OSTECH,T,LTM,25.0,result,Kommunikations-Test fuer SR830 und OSTECH,,,
2026-09-15,10:48:18,042,KOM_Test,SR830,T,"SNAP 1,2,3,4,10,11","-6.10356e-005,0,0,180,-6.10356e-005,0",result,Kommunikations-Test fuer SR830 und OSTECH,,,
2026-09-15,10:48:18,061,KOM_Test,OSTECH,T,LCA,0.0,result,Kommunikations-Test fuer SR830 und OSTECH,,,
2026-09-15,10:48:18,081,KOM_Test,OSTECH,T,LVA,0.0,result,Kommunikations-Test fuer SR830 und OSTECH,,,
2026-09-15,10:48:18,091,KOM_Test,OSTECH,T,XTA,21.00127410888672,result,Kommunikations-Test fuer SR830 und OSTECH,,,
2026-09-15,10:48:18,111,KOM_Test,OSTECH,T,GT,28.3563175201416,result,Kommunikations-Test fuer SR830 und OSTECH,,,
2026-09-15,10:48:18,121,KOM_Test,OSTECH,T,GS,"{'status_word': 3085, 'interlock_ok': True, 'driver_supply_ok': True, 'driver_temperature_ok': True, 'lt_sensor_ok': True, 'ct_sensor_ok': True, 'lc_on': False, 'lc_error': False}",result,Kommunikations-Test fuer SR830 und OSTECH,,,
2026-09-15,10:48:18,141,KOM_Test,OSTECH,T,LTM,25.0,result,Kommunikations-Test fuer SR830 und OSTECH,,,
2026-09-15,10:48:18,162,KOM_Test,OSTECH,T,LCA,0.0,result,Kommunikations-Test fuer SR830 und OSTECH,,,
2026-09-15,10:48:18,166,KOM_Test,SR830,T,"SNAP 5,6,7,8,9","-0.00333333,0.005,-0.000666667,0.00266667,1000",result,Kommunikations-Test fuer SR830 und OSTECH,,,
2026-09-15,10:48:18,172,KOM_Test,SR830,T,PHAS,0,result,Kommunikations-Test fuer SR830 und OSTECH,,,
2026-09-15,10:48:18,181,KOM_Test,OSTECH,T,LVA,0.0,result,Kommunikations-Test fuer SR830 und OSTECH,,,
2026-09-15,10:48:18,191,KOM_Test,OSTECH,T,XTA,21.00127410888672,result,Kommunikations-Test fuer SR830 und OSTECH,,,
2026-09-15,10:48:18,202,KOM_Test,SR830,T,FREQ,1000,result,Kommunikations-Test fuer SR830 und OSTECH,,,
2026-09-15,10:48:18,203,KOM_Test,OSTECH,T,GT,28.3563175201416,result,Kommunikations-Test fuer SR830 und OSTECH,,,
2026-09-15,10:48:18,231,KOM_Test,OSTECH,T,GS,"{'status_word': 3085, 'interlock_ok': True, 'driver_supply_ok': True, 'driver_temperature_ok': True, 'lt_sensor_ok': True, 'ct_sensor_ok': True, 'lc_on': False, 'lc_error': False}",result,Kommunikations-Test fuer SR830 und OSTECH,,,
2026-09-15,10:48:18,241,KOM_Test,OSTECH,T,LTM,25.0,result,Kommunikations-Test fuer SR830 und OSTECH,,,
2026-09-15,10:48:18,267,KOM_Test,OSTECH,T,LCA,0.0,result,Kommunikations-Test fuer SR830 und OSTECH,,,
2026-09-15,10:48:18,281,KOM_Test,OSTECH,T,LVA,0.0,result,Kommunikations-Test fuer SR830 und OSTECH,,,
2026-09-15,10:48:18,291,KOM_Test,OSTECH,T,XTA,21.00127410888672,result,Kommunikations-Test fuer SR830 und OSTECH,,,
2026-09-15,10:48:18,313,KOM_Test,OSTECH,T,GT,28.3563175201416,result,Kommunikations-Test fuer SR830 und OSTECH,,,
2026-09-15,10:48:18,321,KOM_Test,OSTECH,T,GS,"{'status_word': 3085, 'interlock_ok': True, 'driver_supply_ok': True, 'driver_temperature_ok': True, 'lt_sensor_ok': True, 'ct_sensor_ok': True, 'lc_on': False, 'lc_error': False}",result,Kommunikations-Test fuer SR830 und OSTECH,,,
2026-09-15,10:48:18,333,KOM_Test,SR830,T,"SNAP 1,2,3,4,10,11","0,-6.10356e-005,0,-45,0,-6.10356e-005",result,Kommunikations-Test fuer SR830 und OSTECH,,,
2026-09-15,10:48:18,341,KOM_Test,OSTECH,T,LTM,25.0,result,Kommunikations-Test fuer SR830 und OSTECH,,,
2026-09-15,10:48:18,363,KOM_Test,OSTECH,T,LCA,0.0,result,Kommunikations-Test fuer SR830 und OSTECH,,,
2026-09-15,10:48:18,381,KOM_Test,OSTECH,T,LVA,0.0,result,Kommunikations-Test fuer SR830 und OSTECH,,,
2026-09-15,10:48:18,391,KOM_Test,OSTECH,T,XTA,21.00127410888672,result,Kommunikations-Test fuer SR830 und OSTECH,,,
2026-09-15,10:48:18,417,KOM_Test,OSTECH,T,GT,28.3563175201416,result,Kommunikations-Test fuer SR830 und OSTECH,,,
2026-09-15,10:48:18,426,KOM_Test,OSTECH,T,GS,"{'status_word': 3085, 'interlock_ok': True, 'driver_supply_ok': True, 'driver_temperature_ok': True, 'lt_sensor_ok': True, 'ct_sensor_ok': True, 'lc_on': False, 'lc_error': False}",result,Kommunikations-Test fuer SR830 und OSTECH,,,
2026-09-15,10:48:18,445,KOM_Test,OSTECH,T,LTM,25.0,result,Kommunikations-Test fuer SR830 und OSTECH,,,
2026-09-15,10:48:18,456,KOM_Test,SR830,T,"SNAP 5,6,7,8,9","0.00266667,0.00933333,0.00233333,-0.000666667,1000",result,Kommunikations-Test fuer SR830 und OSTECH,,,
2026-09-15,10:48:18,464,KOM_Test,OSTECH,T,LCA,0.0,result,Kommunikations-Test fuer SR830 und OSTECH,,,
2026-09-15,10:48:18,481,KOM_Test,OSTECH,T,LVA,0.0,result,Kommunikations-Test fuer SR830 und OSTECH,,,
2026-09-15,10:48:18,481,KOM_Test,SR830,T,PHAS,0,result,Kommunikations-Test fuer SR830 und OSTECH,,,
2026-09-15,10:48:18,491,KOM_Test,OSTECH,T,XTA,21.00127410888672,result,Kommunikations-Test fuer SR830 und OSTECH,,,
2026-09-15,10:48:18,502,KOM_Test,SR830,T,FREQ,1000,result,Kommunikations-Test fuer SR830 und OSTECH,,,
2026-09-15,10:48:18,511,KOM_Test,OSTECH,T,GT,28.3563175201416,result,Kommunikations-Test fuer SR830 und OSTECH,,,
2026-09-15,10:48:18,521,KOM_Test,OSTECH,T,GS,"{'status_word': 3085, 'interlock_ok': True, 'driver_supply_ok': True, 'driver_temperature_ok': True, 'lt_sensor_ok': True, 'ct_sensor_ok': True, 'lc_on': False, 'lc_error': False}",result,Kommunikations-Test fuer SR830 und OSTECH,,,
2026-09-15,10:48:18,541,KOM_Test,OSTECH,T,LTM,25.0,result,Kommunikations-Test fuer SR830 und OSTECH,,,
2026-09-15,10:48:18,565,KOM_Test,OSTECH,T,LCA,0.0,result,Kommunikations-Test fuer SR830 und OSTECH,,,
2026-09-15,10:48:18,573,KOM_Test,OSTECH,T,LVA,0.0,result,Kommunikations-Test fuer SR830 und OSTECH,,,
2026-09-15,10:48:18,581,KOM_Test,SR830,T,"SNAP 1,2,3,4,10,11","0,0,0,0,0,0",result,Kommunikations-Test fuer SR830 und OSTECH,,,
2026-09-15,10:48:18,608,KOM_Test,OSTECH,T,XTA,20.99915313720703,result,Kommunikations-Test fuer SR830 und OSTECH,,,
2026-09-15,10:48:18,621,KOM_Test,OSTECH,T,GT,28.3563175201416,result,Kommunikations-Test fuer SR830 und OSTECH,,,
2026-09-15,10:48:18,640,KOM_Test,OSTECH,T,GS,"{'status_word': 3085, 'interlock_ok': True, 'driver_supply_ok': True, 'driver_temperature_ok': True, 'lt_sensor_ok': True, 'ct_sensor_ok': True, 'lc_on': False, 'lc_error': False}",result,Kommunikations-Test fuer SR830 und OSTECH,,,
2026-09-15,10:48:18,661,KOM_Test,OSTECH,T,LTM,25.0,result,Kommunikations-Test fuer SR830 und OSTECH,,,
2026-09-15,10:48:18,681,KOM_Test,OSTECH,T,LCA,0.0,result,Kommunikations-Test fuer SR830 und OSTECH,,,
2026-09-15,10:48:18,691,KOM_Test,OSTECH,T,LVA,0.0,result,Kommunikations-Test fuer SR830 und OSTECH,,,
2026-09-15,10:48:18,703,KOM_Test,SR830,T,"SNAP 5,6,7,8,9","-0.00333333,0.00766667,0.000666667,-0.001,1000",result,Kommunikations-Test fuer SR830 und OSTECH,,,
2026-09-15,10:48:18,711,KOM_Test,OSTECH,T,XTA,20.99915313720703,result,Kommunikations-Test fuer SR830 und OSTECH,,,
2026-09-15,10:48:18,720,KOM_Test,SR830,T,PHAS,0,result,Kommunikations-Test fuer SR830 und OSTECH,,,
2026-09-15,10:48:18,731,KOM_Test,OSTECH,T,GT,28.3563175201416,result,Kommunikations-Test fuer SR830 und OSTECH,,,
2026-09-15,10:48:18,741,KOM_Test,OSTECH,T,GS,"{'status_word': 3085, 'interlock_ok': True, 'driver_supply_ok': True, 'driver_temperature_ok': True, 'lt_sensor_ok': True, 'ct_sensor_ok': True, 'lc_on': False, 'lc_error': False}",result,Kommunikations-Test fuer SR830 und OSTECH,,,
2026-09-15,10:48:18,753,KOM_Test,SR830,T,FREQ,1000,result,Kommunikations-Test fuer SR830 und OSTECH,,,
2026-09-15,10:48:18,761,KOM_Test,OSTECH,T,LTM,25.0,result,Kommunikations-Test fuer SR830 und OSTECH,,,
2026-09-15,10:48:18,789,KOM_Test,OSTECH,T,LCA,0.0,result,Kommunikations-Test fuer SR830 und OSTECH,,,
2026-09-15,10:48:18,811,KOM_Test,OSTECH,T,LVA,0.0,result,Kommunikations-Test fuer SR830 und OSTECH,,,
2026-09-15,10:48:18,831,KOM_Test,OSTECH,T,XTA,20.99915313720703,result,Kommunikations-Test fuer SR830 und OSTECH,,,
2026-09-15,10:48:18,841,KOM_Test,SR830,T,"SNAP 1,2,3,4,10,11","0,0,0,0,0,0",result,Kommunikations-Test fuer SR830 und OSTECH,,,
2026-09-15,10:48:18,846,KOM_Test,OSTECH,T,GT,28.3563175201416,result,Kommunikations-Test fuer SR830 und OSTECH,,,
2026-09-15,10:48:18,861,KOM_Test,OSTECH,T,GS,"{'status_word': 3085, 'interlock_ok': True, 'driver_supply_ok': True, 'driver_temperature_ok': True, 'lt_sensor_ok': True, 'ct_sensor_ok': True, 'lc_on': False, 'lc_error': False}",result,Kommunikations-Test fuer SR830 und OSTECH,,,
2026-09-15,10:48:18,881,KOM_Test,OSTECH,T,LTM,25.0,result,Kommunikations-Test fuer SR830 und OSTECH,,,
2026-09-15,10:48:18,891,KOM_Test,OSTECH,T,LCA,0.0,result,Kommunikations-Test fuer SR830 und OSTECH,,,
2026-09-15,10:48:18,911,KOM_Test,OSTECH,T,LVA,0.0,result,Kommunikations-Test fuer SR830 und OSTECH,,,
2026-09-15,10:48:18,931,KOM_Test,OSTECH,T,XTA,20.99915313720703,result,Kommunikations-Test fuer SR830 und OSTECH,,,
2026-09-15,10:48:18,941,KOM_Test,OSTECH,T,GT,28.3563175201416,result,Kommunikations-Test fuer SR830 und OSTECH,,,
2026-09-15,10:48:18,961,KOM_Test,OSTECH,T,GS,"{'status_word': 3085, 'interlock_ok': True, 'driver_supply_ok': True, 'driver_temperature_ok': True, 'lt_sensor_ok': True, 'ct_sensor_ok': True, 'lc_on': False, 'lc_error': False}",result,Kommunikations-Test fuer SR830 und OSTECH,,,
2026-09-15,10:48:18,971,KOM_Test,SR830,T,"SNAP 5,6,7,8,9","-0.000666667,0.00633333,-0.000333333,-0.00366667,1000",result,Kommunikations-Test fuer SR830 und OSTECH,,,
2026-09-15,10:48:18,981,KOM_Test,OSTECH,T,LTM,25.0,result,Kommunikations-Test fuer SR830 und OSTECH,,,
2026-09-15,10:48:18,998,KOM_Test,OSTECH,T,LCA,0.0,result,Kommunikations-Test fuer SR830 und OSTECH,,,
2026-09-15,10:48:18,998,KOM_Test,SR830,T,PHAS,0,result,Kommunikations-Test fuer SR830 und OSTECH,,,
2026-09-15,10:48:19,011,KOM_Test,OSTECH,T,LVA,0.0,result,Kommunikations-Test fuer SR830 und OSTECH,,,
2026-09-15,10:48:19,021,KOM_Test,SR830,T,FREQ,1000,result,Kommunikations-Test fuer SR830 und OSTECH,,,
2026-09-15,10:48:19,031,KOM_Test,OSTECH,T,XTA,20.99915313720703,result,Kommunikations-Test fuer SR830 und OSTECH,,,
2026-09-15,10:48:19,041,KOM_Test,OSTECH,T,GT,28.3563175201416,result,Kommunikations-Test fuer SR830 und OSTECH,,,
2026-09-15,10:48:19,061,KOM_Test,OSTECH,T,GS,"{'status_word': 3085, 'interlock_ok': True, 'driver_supply_ok': True, 'driver_temperature_ok': True, 'lt_sensor_ok': True, 'ct_sensor_ok': True, 'lc_on': False, 'lc_error': False}",result,Kommunikations-Test fuer SR830 und OSTECH,,,
2026-09-15,10:48:19,071,KOM_Test,OSTECH,T,LTM,25.0,result,Kommunikations-Test fuer SR830 und OSTECH,,,
2026-09-15,10:48:19,091,KOM_Test,OSTECH,T,LCA,0.0,result,Kommunikations-Test fuer SR830 und OSTECH,,,
2026-09-15,10:48:19,105,KOM_Test,SR830,T,"SNAP 1,2,3,4,10,11","0,0,0,0,0,0",result,Kommunikations-Test fuer SR830 und OSTECH,,,
2026-09-15,10:48:19,114,KOM_Test,OSTECH,T,LVA,0.0,result,Kommunikations-Test fuer SR830 und OSTECH,,,
2026-09-15,10:48:19,131,KOM_Test,OSTECH,T,XTA,20.99915313720703,result,Kommunikations-Test fuer SR830 und OSTECH,,,
2026-09-15,10:48:19,157,KOM_Test,OSTECH,T,GT,28.3563175201416,result,Kommunikations-Test fuer SR830 und OSTECH,,,
2026-09-15,10:48:19,171,KOM_Test,OSTECH,T,GS,"{'status_word': 3085, 'interlock_ok': True, 'driver_supply_ok': True, 'driver_temperature_ok': True, 'lt_sensor_ok': True, 'ct_sensor_ok': True, 'lc_on': False, 'lc_error': False}",result,Kommunikations-Test fuer SR830 und OSTECH,,,
2026-09-15,10:48:19,191,KOM_Test,OSTECH,T,LTM,25.0,result,Kommunikations-Test fuer SR830 und OSTECH,,,
2026-09-15,10:48:19,211,KOM_Test,OSTECH,T,LCA,0.0,result,Kommunikations-Test fuer SR830 und OSTECH,,,
2026-09-15,10:48:19,221,KOM_Test,OSTECH,T,LVA,0.0,result,Kommunikations-Test fuer SR830 und OSTECH,,,
2026-09-15,10:48:19,236,KOM_Test,SR830,T,"SNAP 5,6,7,8,9","-0.000333333,0.00633333,0.001,-0.000666667,1000",result,Kommunikations-Test fuer SR830 und OSTECH,,,
2026-09-15,10:48:19,241,KOM_Test,OSTECH,T,XTA,21.000503540039062,result,Kommunikations-Test fuer SR830 und OSTECH,,,
2026-09-15,10:48:19,261,KOM_Test,OSTECH,T,GT,28.3563175201416,result,Kommunikations-Test fuer SR830 und OSTECH,,,
2026-09-15,10:48:19,266,KOM_Test,SR830,T,PHAS,0,result,Kommunikations-Test fuer SR830 und OSTECH,,,
2026-09-15,10:48:19,271,KOM_Test,OSTECH,T,GS,"{'status_word': 3085, 'interlock_ok': True, 'driver_supply_ok': True, 'driver_temperature_ok': True, 'lt_sensor_ok': True, 'ct_sensor_ok': True, 'lc_on': False, 'lc_error': False}",result,Kommunikations-Test fuer SR830 und OSTECH,,,
2026-09-15,10:48:19,286,KOM_Test,SR830,T,FREQ,1000,result,Kommunikations-Test fuer SR830 und OSTECH,,,
2026-09-15,10:48:19,291,KOM_Test,OSTECH,T,LTM,25.0,result,Kommunikations-Test fuer SR830 und OSTECH,,,
2026-09-15,10:48:19,311,KOM_Test,OSTECH,T,LCA,0.0,result,Kommunikations-Test fuer SR830 und OSTECH,,,
2026-09-15,10:48:19,334,KOM_Test,OSTECH,T,LVA,0.0,result,Kommunikations-Test fuer SR830 und OSTECH,,,
2026-09-15,10:48:19,341,KOM_Test,OSTECH,T,XTA,21.000503540039062,result,Kommunikations-Test fuer SR830 und OSTECH,,,
2026-09-15,10:48:19,361,KOM_Test,OSTECH,T,GT,28.3563175201416,result,Kommunikations-Test fuer SR830 und OSTECH,,,
2026-09-15,10:48:19,371,KOM_Test,OSTECH,T,GS,"{'status_word': 3085, 'interlock_ok': True, 'driver_supply_ok': True, 'driver_temperature_ok': True, 'lt_sensor_ok': True, 'ct_sensor_ok': True, 'lc_on': False, 'lc_error': False}",result,Kommunikations-Test fuer SR830 und OSTECH,,,
2026-09-15,10:48:19,397,KOM_Test,OSTECH,T,LTM,25.0,result,Kommunikations-Test fuer SR830 und OSTECH,,,
2026-09-15,10:48:19,403,KOM_Test,SR830,T,"SNAP 1,2,3,4,10,11","0,-6.10356e-005,0,-90,0,-6.10356e-005",result,Kommunikations-Test fuer SR830 und OSTECH,,,
2026-09-15,10:48:19,414,KOM_Test,OSTECH,T,LCA,0.0,result,Kommunikations-Test fuer SR830 und OSTECH,,,
2026-09-15,10:48:19,431,KOM_Test,OSTECH,T,LVA,0.0,result,Kommunikations-Test fuer SR830 und OSTECH,,,
2026-09-15,10:48:19,447,KOM_Test,OSTECH,T,XTA,21.000503540039062,result,Kommunikations-Test fuer SR830 und OSTECH,,,
2026-09-15,10:48:19,461,KOM_Test,OSTECH,T,GT,28.3563175201416,result,Kommunikations-Test fuer SR830 und OSTECH,,,
2026-09-15,10:48:19,485,KOM_Test,OSTECH,T,GS,"{'status_word': 3085, 'interlock_ok': True, 'driver_supply_ok': True, 'driver_temperature_ok': True, 'lt_sensor_ok': True, 'ct_sensor_ok': True, 'lc_on': False, 'lc_error': False}",result,Kommunikations-Test fuer SR830 und OSTECH,,,
2026-09-15,10:48:19,514,KOM_Test,OSTECH,T,LTM,25.0,result,Kommunikations-Test fuer SR830 und OSTECH,,,
2026-09-15,10:48:19,527,KOM_Test,OSTECH,T,LCA,0.0,result,Kommunikations-Test fuer SR830 und OSTECH,,,
2026-09-15,10:48:19,531,KOM_Test,SR830,T,"SNAP 5,6,7,8,9","-0.002,0.005,0.00233333,-0.000666667,1000",result,Kommunikations-Test fuer SR830 und OSTECH,,,
2026-09-15,10:48:19,544,KOM_Test,SR830,T,PHAS,0,result,Kommunikations-Test fuer SR830 und OSTECH,,,
2026-09-15,10:48:19,544,KOM_Test,OSTECH,T,LVA,0.0,result,Kommunikations-Test fuer SR830 und OSTECH,,,
2026-09-15,10:48:19,568,KOM_Test,OSTECH,T,XTA,21.000503540039062,result,Kommunikations-Test fuer SR830 und OSTECH,,,
2026-09-15,10:48:19,572,KOM_Test,SR830,T,FREQ,1000,result,Kommunikations-Test fuer SR830 und OSTECH,,,
2026-09-15,10:48:19,581,KOM_Test,OSTECH,T,GT,28.3563175201416,result,Kommunikations-Test fuer SR830 und OSTECH,,,
2026-09-15,10:48:19,594,KOM_Test,OSTECH,T,GS,"{'status_word': 3085, 'interlock_ok': True, 'driver_supply_ok': True, 'driver_temperature_ok': True, 'lt_sensor_ok': True, 'ct_sensor_ok': True, 'lc_on': False, 'lc_error': False}",result,Kommunikations-Test fuer SR830 und OSTECH,,,
2026-09-15,10:48:19,611,KOM_Test,OSTECH,T,LTM,25.0,result,Kommunikations-Test fuer SR830 und OSTECH,,,
2026-09-15,10:48:19,623,KOM_Test,OSTECH,T,LCA,0.0,result,Kommunikations-Test fuer SR830 und OSTECH,,,
2026-09-15,10:48:19,643,KOM_Test,OSTECH,T,LVA,0.0,result,Kommunikations-Test fuer SR830 und OSTECH,,,
2026-09-15,10:48:19,661,KOM_Test,OSTECH,T,XTA,21.000503540039062,result,Kommunikations-Test fuer SR830 und OSTECH,,,
2026-09-15,10:48:19,673,KOM_Test,OSTECH,T,GT,28.3563175201416,result,Kommunikations-Test fuer SR830 und OSTECH,,,
2026-09-15,10:48:19,703,KOM_Test,OSTECH,T,GS,"{'status_word': 3085, 'interlock_ok': True, 'driver_supply_ok': True, 'driver_temperature_ok': True, 'lt_sensor_ok': True, 'ct_sensor_ok': True, 'lc_on': False, 'lc_error': False}",result,Kommunikations-Test fuer SR830 und OSTECH,,,
2026-09-15,10:48:19,704,KOM_Test,SR830,T,"SNAP 1,2,3,4,10,11","0,6.10356e-005,6.10356e-005,90,0,6.10356e-005",result,Kommunikations-Test fuer SR830 und OSTECH,,,
2026-09-15,10:48:19,731,KOM_Test,OSTECH,T,LTM,25.0,result,Kommunikations-Test fuer SR830 und OSTECH,,,
2026-09-15,10:48:19,746,KOM_Test,OSTECH,T,LCA,0.0,result,Kommunikations-Test fuer SR830 und OSTECH,,,
2026-09-15,10:48:19,761,KOM_Test,OSTECH,T,LVA,0.0,result,Kommunikations-Test fuer SR830 und OSTECH,,,
2026-09-15,10:48:19,778,KOM_Test,OSTECH,T,XTA,21.000038146972656,result,Kommunikations-Test fuer SR830 und OSTECH,,,
2026-09-15,10:48:19,793,KOM_Test,OSTECH,T,GT,28.3563175201416,result,Kommunikations-Test fuer SR830 und OSTECH,,,
2026-09-15,10:48:19,811,KOM_Test,OSTECH,T,GS,"{'status_word': 3085, 'interlock_ok': True, 'driver_supply_ok': True, 'driver_temperature_ok': True, 'lt_sensor_ok': True, 'ct_sensor_ok': True, 'lc_on': False, 'lc_error': False}",result,Kommunikations-Test fuer SR830 und OSTECH,,,
2026-09-15,10:48:19,831,KOM_Test,OSTECH,T,LTM,25.0,result,Kommunikations-Test fuer SR830 und OSTECH,,,
2026-09-15,10:48:19,846,KOM_Test,OSTECH,T,LCA,0.0,result,Kommunikations-Test fuer SR830 und OSTECH,,,
2026-09-15,10:48:19,847,KOM_Test,SR830,T,"SNAP 5,6,7,8,9","-0.000333333,0.00633333,-0.000333333,-0.000666667,1000",result,Kommunikations-Test fuer SR830 und OSTECH,,,
2026-09-15,10:48:19,866,KOM_Test,OSTECH,T,LVA,0.0,result,Kommunikations-Test fuer SR830 und OSTECH,,,
2026-09-15,10:48:19,866,KOM_Test,SR830,T,PHAS,0,result,Kommunikations-Test fuer SR830 und OSTECH,,,
2026-09-15,10:48:19,887,KOM_Test,SR830,T,FREQ,1000,result,Kommunikations-Test fuer SR830 und OSTECH,,,
2026-09-15,10:48:19,892,KOM_Test,OSTECH,T,XTA,21.000038146972656,result,Kommunikations-Test fuer SR830 und OSTECH,,,
2026-09-15,10:48:19,911,KOM_Test,OSTECH,T,GT,28.35483169555664,result,Kommunikations-Test fuer SR830 und OSTECH,,,
2026-09-15,10:48:19,927,KOM_Test,OSTECH,T,GS,"{'status_word': 3085, 'interlock_ok': True, 'driver_supply_ok': True, 'driver_temperature_ok': True, 'lt_sensor_ok': True, 'ct_sensor_ok': True, 'lc_on': False, 'lc_error': False}",result,Kommunikations-Test fuer SR830 und OSTECH,,,
2026-09-15,10:48:19,946,KOM_Test,OSTECH,T,LTM,25.0,result,Kommunikations-Test fuer SR830 und OSTECH,,,
2026-09-15,10:48:19,961,KOM_Test,OSTECH,T,LCA,0.0,result,Kommunikations-Test fuer SR830 und OSTECH,,,
2026-09-15,10:48:19,975,KOM_Test,SR830,T,"SNAP 1,2,3,4,10,11","0,0,0,45,0,0",result,Kommunikations-Test fuer SR830 und OSTECH,,,
2026-09-15,10:48:19,981,KOM_Test,OSTECH,T,LVA,0.0,result,Kommunikations-Test fuer SR830 und OSTECH,,,
2026-09-15,10:48:19,993,KOM_Test,OSTECH,T,XTA,21.000038146972656,result,Kommunikations-Test fuer SR830 und OSTECH,,,
2026-09-15,10:48:20,011,KOM_Test,OSTECH,T,GT,28.35483169555664,result,Kommunikations-Test fuer SR830 und OSTECH,,,
2026-09-15,10:48:20,025,KOM_Test,OSTECH,T,GS,"{'status_word': 3085, 'interlock_ok': True, 'driver_supply_ok': True, 'driver_temperature_ok': True, 'lt_sensor_ok': True, 'ct_sensor_ok': True, 'lc_on': False, 'lc_error': False}",result,Kommunikations-Test fuer SR830 und OSTECH,,,
2026-09-15,10:48:20,041,KOM_Test,OSTECH,T,LTM,25.0,result,Kommunikations-Test fuer SR830 und OSTECH,,,
2026-09-15,10:48:20,071,KOM_Test,OSTECH,T,LCA,0.0,result,Kommunikations-Test fuer SR830 und OSTECH,,,
2026-09-15,10:48:20,093,KOM_Test,OSTECH,T,LVA,0.0,result,Kommunikations-Test fuer SR830 und OSTECH,,,
2026-09-15,10:48:20,105,KOM_Test,SR830,T,"SNAP 5,6,7,8,9","-0.000666667,0.005,0.00233333,0.000666667,1000",result,Kommunikations-Test fuer SR830 und OSTECH,,,
2026-09-15,10:48:20,111,KOM_Test,OSTECH,T,XTA,21.000038146972656,result,Kommunikations-Test fuer SR830 und OSTECH,,,
2026-09-15,10:48:20,130,KOM_Test,OSTECH,T,GT,28.35483169555664,result,Kommunikations-Test fuer SR830 und OSTECH,,,
2026-09-15,10:48:20,132,KOM_Test,SR830,T,PHAS,0,result,Kommunikations-Test fuer SR830 und OSTECH,,,
2026-09-15,10:48:20,144,KOM_Test,OSTECH,T,GS,"{'status_word': 3085, 'interlock_ok': True, 'driver_supply_ok': True, 'driver_temperature_ok': True, 'lt_sensor_ok': True, 'ct_sensor_ok': True, 'lc_on': False, 'lc_error': False}",result,Kommunikations-Test fuer SR830 und OSTECH,,,
2026-09-15,10:48:20,153,KOM_Test,SR830,T,FREQ,1000,result,Kommunikations-Test fuer SR830 und OSTECH,,,
2026-09-15,10:48:20,165,KOM_Test,OSTECH,T,LTM,25.0,result,Kommunikations-Test fuer SR830 und OSTECH,,,
2026-09-15,10:48:20,181,KOM_Test,OSTECH,T,LCA,0.0,result,Kommunikations-Test fuer SR830 und OSTECH,,,
2026-09-15,10:48:20,191,KOM_Test,OSTECH,T,LVA,0.0,result,Kommunikations-Test fuer SR830 und OSTECH,,,
2026-09-15,10:48:20,211,KOM_Test,OSTECH,T,XTA,21.000038146972656,result,Kommunikations-Test fuer SR830 und OSTECH,,,
2026-09-15,10:48:20,227,KOM_Test,OSTECH,T,GT,28.35483169555664,result,Kommunikations-Test fuer SR830 und OSTECH,,,
2026-09-15,10:48:20,241,KOM_Test,SR830,T,"SNAP 1,2,3,4,10,11","0,0,0,45,0,0",result,Kommunikations-Test fuer SR830 und OSTECH,,,
2026-09-15,10:48:20,253,KOM_Test,OSTECH,T,GS,"{'status_word': 3085, 'interlock_ok': True, 'driver_supply_ok': True, 'driver_temperature_ok': True, 'lt_sensor_ok': True, 'ct_sensor_ok': True, 'lc_on': False, 'lc_error': False}",result,Kommunikations-Test fuer SR830 und OSTECH,,,
2026-09-15,10:48:20,281,KOM_Test,OSTECH,T,LTM,25.0,result,Kommunikations-Test fuer SR830 und OSTECH,,,
2026-09-15,10:48:20,291,KOM_Test,OSTECH,T,LCA,0.0,result,Kommunikations-Test fuer SR830 und OSTECH,,,
2026-09-15,10:48:20,311,KOM_Test,OSTECH,T,LVA,0.0,result,Kommunikations-Test fuer SR830 und OSTECH,,,
2026-09-15,10:48:20,331,KOM_Test,OSTECH,T,XTA,20.996795654296875,result,Kommunikations-Test fuer SR830 und OSTECH,,,
2026-09-15,10:48:20,341,KOM_Test,OSTECH,T,GT,28.35483169555664,result,Kommunikations-Test fuer SR830 und OSTECH,,,
2026-09-15,10:48:20,353,KOM_Test,OSTECH,T,GS,"{'status_word': 3085, 'interlock_ok': True, 'driver_supply_ok': True, 'driver_temperature_ok': True, 'lt_sensor_ok': True, 'ct_sensor_ok': True, 'lc_on': False, 'lc_error': False}",result,Kommunikations-Test fuer SR830 und OSTECH,,,
2026-09-15,10:48:20,370,KOM_Test,SR830,T,"SNAP 5,6,7,8,9","-0.002,0.00466667,0.000666667,0.000666667,1000",result,Kommunikations-Test fuer SR830 und OSTECH,,,
2026-09-15,10:48:20,381,KOM_Test,OSTECH,T,LTM,25.0,result,Kommunikations-Test fuer SR830 und OSTECH,,,
2026-09-15,10:48:20,391,KOM_Test,SR830,T,PHAS,0,result,Kommunikations-Test fuer SR830 und OSTECH,,,
2026-09-15,10:48:20,391,KOM_Test,OSTECH,T,LCA,0.0,result,Kommunikations-Test fuer SR830 und OSTECH,,,
2026-09-15,10:48:20,411,KOM_Test,OSTECH,T,LVA,0.0,result,Kommunikations-Test fuer SR830 und OSTECH,,,
2026-09-15,10:48:20,422,KOM_Test,SR830,T,FREQ,1000,result,Kommunikations-Test fuer SR830 und OSTECH,,,
2026-09-15,10:48:20,437,KOM_Test,OSTECH,T,XTA,20.996795654296875,result,Kommunikations-Test fuer SR830 und OSTECH,,,
2026-09-15,10:48:20,464,KOM_Test,OSTECH,T,GT,28.35483169555664,result,Kommunikations-Test fuer SR830 und OSTECH,,,
2026-09-15,10:48:20,481,KOM_Test,OSTECH,T,GS,"{'status_word': 3085, 'interlock_ok': True, 'driver_supply_ok': True, 'driver_temperature_ok': True, 'lt_sensor_ok': True, 'ct_sensor_ok': True, 'lc_on': False, 'lc_error': False}",result,Kommunikations-Test fuer SR830 und OSTECH,,,
2026-09-15,10:48:20,491,KOM_Test,OSTECH,T,LTM,25.0,result,Kommunikations-Test fuer SR830 und OSTECH,,,
2026-09-15,10:48:20,515,KOM_Test,OSTECH,T,LCA,0.0,result,Kommunikations-Test fuer SR830 und OSTECH,,,
2026-09-15,10:48:20,541,KOM_Test,OSTECH,T,LVA,0.0,result,Kommunikations-Test fuer SR830 und OSTECH,,,
2026-09-15,10:48:20,561,KOM_Test,OSTECH,T,XTA,20.996795654296875,result,Kommunikations-Test fuer SR830 und OSTECH,,,
2026-09-15,10:48:20,561,KOM_Test,SR830,T,"SNAP 1,2,3,4,10,11","0,-0.000122071,6.10356e-005,-63.438,0,-0.000122071",result,Kommunikations-Test fuer SR830 und OSTECH,,,
2026-09-15,10:48:20,579,KOM_Test,OSTECH,T,GT,28.35483169555664,result,Kommunikations-Test fuer SR830 und OSTECH,,,
2026-09-15,10:48:20,591,KOM_Test,OSTECH,T,GS,"{'status_word': 3085, 'interlock_ok': True, 'driver_supply_ok': True, 'driver_temperature_ok': True, 'lt_sensor_ok': True, 'ct_sensor_ok': True, 'lc_on': False, 'lc_error': False}",result,Kommunikations-Test fuer SR830 und OSTECH,,,
2026-09-15,10:48:20,617,KOM_Test,OSTECH,T,LTM,25.0,result,Kommunikations-Test fuer SR830 und OSTECH,,,
2026-09-15,10:48:20,631,KOM_Test,OSTECH,T,LCA,0.0,result,Kommunikations-Test fuer SR830 und OSTECH,,,
2026-09-15,10:48:20,641,KOM_Test,OSTECH,T,LVA,0.0,result,Kommunikations-Test fuer SR830 und OSTECH,,,
2026-09-15,10:48:20,661,KOM_Test,OSTECH,T,XTA,20.996795654296875,result,Kommunikations-Test fuer SR830 und OSTECH,,,
2026-09-15,10:48:20,673,KOM_Test,OSTECH,T,GT,28.35483169555664,result,Kommunikations-Test fuer SR830 und OSTECH,,,
2026-09-15,10:48:20,684,KOM_Test,SR830,T,"SNAP 5,6,7,8,9","-0.00533333,0.00466667,-0.00333333,-0.001,1000",result,Kommunikations-Test fuer SR830 und OSTECH,,,
2026-09-15,10:48:20,691,KOM_Test,OSTECH,T,GS,"{'status_word': 3085, 'interlock_ok': True, 'driver_supply_ok': True, 'driver_temperature_ok': True, 'lt_sensor_ok': True, 'ct_sensor_ok': True, 'lc_on': False, 'lc_error': False}",result,Kommunikations-Test fuer SR830 und OSTECH,,,
2026-09-15,10:48:20,699,KOM_Test,SR830,T,PHAS,0,result,Kommunikations-Test fuer SR830 und OSTECH,,,
2026-09-15,10:48:20,711,KOM_Test,OSTECH,T,LTM,25.0,result,Kommunikations-Test fuer SR830 und OSTECH,,,
2026-09-15,10:48:20,721,KOM_Test,SR830,T,FREQ,1000,result,Kommunikations-Test fuer SR830 und OSTECH,,,
2026-09-15,10:48:20,731,KOM_Test,OSTECH,T,LCA,0.0,result,Kommunikations-Test fuer SR830 und OSTECH,,,
2026-09-15,10:48:20,741,KOM_Test,OSTECH,T,LVA,0.0,result,Kommunikations-Test fuer SR830 und OSTECH,,,
2026-09-15,10:48:20,761,KOM_Test,OSTECH,T,XTA,20.996795654296875,result,Kommunikations-Test fuer SR830 und OSTECH,,,
2026-09-15,10:48:20,771,KOM_Test,OSTECH,T,GT,28.35483169555664,result,Kommunikations-Test fuer SR830 und OSTECH,,,
2026-09-15,10:48:20,803,KOM_Test,OSTECH,T,GS,"{'status_word': 3085, 'interlock_ok': True, 'driver_supply_ok': True, 'driver_temperature_ok': True, 'lt_sensor_ok': True, 'ct_sensor_ok': True, 'lc_on': False, 'lc_error': False}",result,Kommunikations-Test fuer SR830 und OSTECH,,,
2026-09-15,10:48:20,831,KOM_Test,OSTECH,T,LTM,25.0,result,Kommunikations-Test fuer SR830 und OSTECH,,,
2026-09-15,10:48:20,841,KOM_Test,OSTECH,T,LCA,0.0,result,Kommunikations-Test fuer SR830 und OSTECH,,,
2026-09-15,10:48:20,856,KOM_Test,SR830,T,"SNAP 1,2,3,4,10,11","0,-0.000122071,6.10356e-005,-90,0,-0.000122071",result,Kommunikations-Test fuer SR830 und OSTECH,,,
2026-09-15,10:48:20,864,KOM_Test,OSTECH,T,LVA,0.0,result,Kommunikations-Test fuer SR830 und OSTECH,,,
2026-09-15,10:48:20,882,KOM_Test,OSTECH,T,XTA,20.999496459960938,result,Kommunikations-Test fuer SR830 und OSTECH,,,
2026-09-15,10:48:20,891,KOM_Test,OSTECH,T,GT,28.35483169555664,result,Kommunikations-Test fuer SR830 und OSTECH,,,
2026-09-15,10:48:20,911,KOM_Test,OSTECH,T,GS,"{'status_word': 3085, 'interlock_ok': True, 'driver_supply_ok': True, 'driver_temperature_ok': True, 'lt_sensor_ok': True, 'ct_sensor_ok': True, 'lc_on': False, 'lc_error': False}",result,Kommunikations-Test fuer SR830 und OSTECH,,,
2026-09-15,10:48:20,921,KOM_Test,OSTECH,T,LTM,25.0,result,Kommunikations-Test fuer SR830 und OSTECH,,,
2026-09-15,10:48:20,941,KOM_Test,OSTECH,T,LCA,0.0,result,Kommunikations-Test fuer SR830 und OSTECH,,,
2026-09-15,10:48:20,959,KOM_Test,OSTECH,T,LVA,0.0,result,Kommunikations-Test fuer SR830 und OSTECH,,,
2026-09-15,10:48:20,985,KOM_Test,SR830,T,"SNAP 5,6,7,8,9","-0.002,0.00766667,-0.000666667,-0.000666667,1000",result,Kommunikations-Test fuer SR830 und OSTECH,,,
2026-09-15,10:48:20,986,KOM_Test,OSTECH,T,XTA,20.999496459960938,result,Kommunikations-Test fuer SR830 und OSTECH,,,
2026-09-15,10:48:20,993,KOM_Test,OSTECH,T,GT,28.35483169555664,result,Kommunikations-Test fuer SR830 und OSTECH,,,
2026-09-15,10:48:20,993,KOM_Test,SR830,T,PHAS,0,result,Kommunikations-Test fuer SR830 und OSTECH,,,
2026-09-15,10:48:21,011,KOM_Test,OSTECH,T,GS,"{'status_word': 3085, 'interlock_ok': True, 'driver_supply_ok': True, 'driver_temperature_ok': True, 'lt_sensor_ok': True, 'ct_sensor_ok': True, 'lc_on': False, 'lc_error': False}",result,Kommunikations-Test fuer SR830 und OSTECH,,,
2026-09-15,10:48:21,021,KOM_Test,SR830,T,FREQ,1000,result,Kommunikations-Test fuer SR830 und OSTECH,,,
2026-09-15,10:48:21,031,KOM_Test,OSTECH,T,LTM,25.0,result,Kommunikations-Test fuer SR830 und OSTECH,,,
2026-09-15,10:48:21,043,KOM_Test,OSTECH,T,LCA,0.0,result,Kommunikations-Test fuer SR830 und OSTECH,,,
2026-09-15,10:48:21,061,KOM_Test,OSTECH,T,LVA,0.0,result,Kommunikations-Test fuer SR830 und OSTECH,,,
2026-09-15,10:48:21,081,KOM_Test,OSTECH,T,XTA,20.999496459960938,result,Kommunikations-Test fuer SR830 und OSTECH,,,
2026-09-15,10:48:21,091,KOM_Test,OSTECH,T,GT,28.35483169555664,result,Kommunikations-Test fuer SR830 und OSTECH,,,
2026-09-15,10:48:21,111,KOM_Test,OSTECH,T,GS,"{'status_word': 3085, 'interlock_ok': True, 'driver_supply_ok': True, 'driver_temperature_ok': True, 'lt_sensor_ok': True, 'ct_sensor_ok': True, 'lc_on': False, 'lc_error': False}",result,Kommunikations-Test fuer SR830 und OSTECH,,,
2026-09-15,10:48:21,121,KOM_Test,OSTECH,T,LTM,25.0,result,Kommunikations-Test fuer SR830 und OSTECH,,,
2026-09-15,10:48:21,141,KOM_Test,OSTECH,T,LCA,0.0,result,Kommunikations-Test fuer SR830 und OSTECH,,,
2026-09-15,10:48:21,149,KOM_Test,SR830,T,"SNAP 1,2,3,4,10,11","0,-6.10356e-005,0,-45,0,-6.10356e-005",result,Kommunikations-Test fuer SR830 und OSTECH,,,
2026-09-15,10:48:21,161,KOM_Test,OSTECH,T,LVA,0.0,result,Kommunikations-Test fuer SR830 und OSTECH,,,
2026-09-15,10:48:21,181,KOM_Test,OSTECH,T,XTA,20.999496459960938,result,Kommunikations-Test fuer SR830 und OSTECH,,,
2026-09-15,10:48:21,191,KOM_Test,OSTECH,T,GT,28.35483169555664,result,Kommunikations-Test fuer SR830 und OSTECH,,,
2026-09-15,10:48:21,211,KOM_Test,OSTECH,T,GS,"{'status_word': 3085, 'interlock_ok': True, 'driver_supply_ok': True, 'driver_temperature_ok': True, 'lt_sensor_ok': True, 'ct_sensor_ok': True, 'lc_on': False, 'lc_error': False}",result,Kommunikations-Test fuer SR830 und OSTECH,,,
2026-09-15,10:48:21,231,KOM_Test,OSTECH,T,LTM,25.0,result,Kommunikations-Test fuer SR830 und OSTECH,,,
2026-09-15,10:48:21,241,KOM_Test,OSTECH,T,LCA,0.0,result,Kommunikations-Test fuer SR830 und OSTECH,,,
2026-09-15,10:48:21,261,KOM_Test,OSTECH,T,LVA,0.0,result,Kommunikations-Test fuer SR830 und OSTECH,,,
2026-09-15,10:48:21,273,KOM_Test,SR830,T,"SNAP 5,6,7,8,9","-0.000333333,0.00466667,-0.000666667,-0.00233333,1000",result,Kommunikations-Test fuer SR830 und OSTECH,,,
2026-09-15,10:48:21,281,KOM_Test,OSTECH,T,XTA,20.999496459960938,result,Kommunikations-Test fuer SR830 und OSTECH,,,
2026-09-15,10:48:21,291,KOM_Test,OSTECH,T,GT,28.35483169555664,result,Kommunikations-Test fuer SR830 und OSTECH,,,
2026-09-15,10:48:21,291,KOM_Test,SR830,T,PHAS,0,result,Kommunikations-Test fuer SR830 und OSTECH,,,
2026-09-15,10:48:21,311,KOM_Test,OSTECH,T,GS,"{'status_word': 3085, 'interlock_ok': True, 'driver_supply_ok': True, 'driver_temperature_ok': True, 'lt_sensor_ok': True, 'ct_sensor_ok': True, 'lc_on': False, 'lc_error': False}",result,Kommunikations-Test fuer SR830 und OSTECH,,,
2026-09-15,10:48:21,320,KOM_Test,SR830,T,FREQ,1000,result,Kommunikations-Test fuer SR830 und OSTECH,,,
2026-09-15,10:48:21,331,KOM_Test,OSTECH,T,LTM,25.0,result,Kommunikations-Test fuer SR830 und OSTECH,,,
2026-09-15,10:48:21,359,KOM_Test,OSTECH,T,LCA,0.0,result,Kommunikations-Test fuer SR830 und OSTECH,,,
2026-09-15,10:48:21,381,KOM_Test,OSTECH,T,LVA,0.0,result,Kommunikations-Test fuer SR830 und OSTECH,,,
2026-09-15,10:48:21,399,KOM_Test,OSTECH,T,XTA,20.99859619140625,result,Kommunikations-Test fuer SR830 und OSTECH,,,
2026-09-15,10:48:21,411,KOM_Test,OSTECH,T,GT,28.35483169555664,result,Kommunikations-Test fuer SR830 und OSTECH,,,
2026-09-15,10:48:21,421,KOM_Test,OSTECH,T,GS,"{'status_word': 3085, 'interlock_ok': True, 'driver_supply_ok': True, 'driver_temperature_ok': True, 'lt_sensor_ok': True, 'ct_sensor_ok': True, 'lc_on': False, 'lc_error': False}",result,Kommunikations-Test fuer SR830 und OSTECH,,,
2026-09-15,10:48:21,444,KOM_Test,SR830,T,"SNAP 1,2,3,4,10,11","0,-6.10356e-005,0,-90,0,-6.10356e-005",result,Kommunikations-Test fuer SR830 und OSTECH,,,
2026-09-15,10:48:21,450,KOM_Test,OSTECH,T,LTM,25.0,result,Kommunikations-Test fuer SR830 und OSTECH,,,
2026-09-15,10:48:21,464,KOM_Test,OSTECH,T,LCA,0.0,result,Kommunikations-Test fuer SR830 und OSTECH,,,
2026-09-15,10:48:21,481,KOM_Test,OSTECH,T,LVA,0.0,result,Kommunikations-Test fuer SR830 und OSTECH,,,
2026-09-15,10:48:21,500,KOM_Test,OSTECH,T,XTA,20.99859619140625,result,Kommunikations-Test fuer SR830 und OSTECH,,,
2026-09-15,10:48:21,511,KOM_Test,OSTECH,T,GT,28.35483169555664,result,Kommunikations-Test fuer SR830 und OSTECH,,,
2026-09-15,10:48:21,531,KOM_Test,OSTECH,T,GS,"{'status_word': 3085, 'interlock_ok': True, 'driver_supply_ok': True, 'driver_temperature_ok': True, 'lt_sensor_ok': True, 'ct_sensor_ok': True, 'lc_on': False, 'lc_error': False}",result,Kommunikations-Test fuer SR830 und OSTECH,,,
2026-09-15,10:48:21,549,KOM_Test,OSTECH,T,LTM,25.0,result,Kommunikations-Test fuer SR830 und OSTECH,,,
2026-09-15,10:48:21,566,KOM_Test,OSTECH,T,LCA,0.0,result,Kommunikations-Test fuer SR830 und OSTECH,,,
2026-09-15,10:48:21,572,KOM_Test,SR830,T,"SNAP 5,6,7,8,9","-0.00166667,0.00666667,0.00366667,0.000666667,1000",result,Kommunikations-Test fuer SR830 und OSTECH,,,
2026-09-15,10:48:21,581,KOM_Test,OSTECH,T,LVA,0.0,result,Kommunikations-Test fuer SR830 und OSTECH,,,
2026-09-15,10:48:21,595,KOM_Test,OSTECH,T,XTA,20.99859619140625,result,Kommunikations-Test fuer SR830 und OSTECH,,,
2026-09-15,10:48:21,595,KOM_Test,SR830,T,PHAS,0,result,Kommunikations-Test fuer SR830 und OSTECH,,,
2026-09-15,10:48:21,611,KOM_Test,OSTECH,T,GT,28.35483169555664,result,Kommunikations-Test fuer SR830 und OSTECH,,,
2026-09-15,10:48:21,618,KOM_Test,SR830,T,FREQ,1000,result,Kommunikations-Test fuer SR830 und OSTECH,,,
2026-09-15,10:48:21,621,KOM_Test,OSTECH,T,GS,"{'status_word': 3085, 'interlock_ok': True, 'driver_supply_ok': True, 'driver_temperature_ok': True, 'lt_sensor_ok': True, 'ct_sensor_ok': True, 'lc_on': False, 'lc_error': False}",result,Kommunikations-Test fuer SR830 und OSTECH,,,
2026-09-15,10:48:21,644,KOM_Test,OSTECH,T,LTM,25.0,result,Kommunikations-Test fuer SR830 und OSTECH,,,
2026-09-15,10:48:21,665,KOM_Test,OSTECH,T,LCA,0.0,result,Kommunikations-Test fuer SR830 und OSTECH,,,
2026-09-15,10:48:21,681,KOM_Test,OSTECH,T,LVA,0.0,result,Kommunikations-Test fuer SR830 und OSTECH,,,
2026-09-15,10:48:21,693,KOM_Test,OSTECH,T,XTA,20.99859619140625,result,Kommunikations-Test fuer SR830 und OSTECH,,,
2026-09-15,10:48:21,715,KOM_Test,OSTECH,T,GT,28.35483169555664,result,Kommunikations-Test fuer SR830 und OSTECH,,,
2026-09-15,10:48:21,732,KOM_Test,OSTECH,T,GS,"{'status_word': 3085, 'interlock_ok': True, 'driver_supply_ok': True, 'driver_temperature_ok': True, 'lt_sensor_ok': True, 'ct_sensor_ok': True, 'lc_on': False, 'lc_error': False}",result,Kommunikations-Test fuer SR830 und OSTECH,,,
2026-09-15,10:48:21,745,KOM_Test,SR830,T,"SNAP 1,2,3,4,10,11","0,-6.10356e-005,0,-45,0,-6.10356e-005",result,Kommunikations-Test fuer SR830 und OSTECH,,,
2026-09-15,10:48:21,752,KOM_Test,OSTECH,T,LTM,25.0,result,Kommunikations-Test fuer SR830 und OSTECH,,,
2026-09-15,10:48:21,768,KOM_Test,OSTECH,T,LCA,0.0,result,Kommunikations-Test fuer SR830 und OSTECH,,,
2026-09-15,10:48:21,781,KOM_Test,OSTECH,T,LVA,0.0,result,Kommunikations-Test fuer SR830 und OSTECH,,,
2026-09-15,10:48:21,799,KOM_Test,OSTECH,T,XTA,20.99859619140625,result,Kommunikations-Test fuer SR830 und OSTECH,,,
2026-09-15,10:48:21,812,KOM_Test,OSTECH,T,GT,28.35483169555664,result,Kommunikations-Test fuer SR830 und OSTECH,,,
2026-09-15,10:48:21,823,KOM_Test,OSTECH,T,GS,"{'status_word': 3085, 'interlock_ok': True, 'driver_supply_ok': True, 'driver_temperature_ok': True, 'lt_sensor_ok': True, 'ct_sensor_ok': True, 'lc_on': False, 'lc_error': False}",result,Kommunikations-Test fuer SR830 und OSTECH,,,
2026-09-15,10:48:21,842,KOM_Test,OSTECH,T,LTM,25.0,result,Kommunikations-Test fuer SR830 und OSTECH,,,
2026-09-15,10:48:21,863,KOM_Test,OSTECH,T,LCA,0.0,result,Kommunikations-Test fuer SR830 und OSTECH,,,
2026-09-15,10:48:21,877,KOM_Test,SR830,T,"SNAP 5,6,7,8,9","-0.00533333,0.003,0.00233333,-0.000666667,1000",result,Kommunikations-Test fuer SR830 und OSTECH,,,
2026-09-15,10:48:21,882,KOM_Test,OSTECH,T,LVA,0.0,result,Kommunikations-Test fuer SR830 und OSTECH,,,
2026-09-15,10:48:21,894,KOM_Test,SR830,T,PHAS,0,result,Kommunikations-Test fuer SR830 und OSTECH,,,
2026-09-15,10:48:21,903,KOM_Test,OSTECH,T,XTA,20.99859619140625,result,Kommunikations-Test fuer SR830 und OSTECH,,,
2026-09-15,10:48:21,922,KOM_Test,SR830,T,FREQ,1000,result,Kommunikations-Test fuer SR830 und OSTECH,,,
2026-09-15,10:48:21,926,KOM_Test,OSTECH,T,GT,28.35483169555664,result,Kommunikations-Test fuer SR830 und OSTECH,,,
2026-09-15,10:48:21,941,KOM_Test,OSTECH,T,GS,"{'status_word': 3085, 'interlock_ok': True, 'driver_supply_ok': True, 'driver_temperature_ok': True, 'lt_sensor_ok': True, 'ct_sensor_ok': True, 'lc_on': False, 'lc_error': False}",result,Kommunikations-Test fuer SR830 und OSTECH,,,
2026-09-15,10:48:21,961,KOM_Test,OSTECH,T,LTM,25.0,result,Kommunikations-Test fuer SR830 und OSTECH,,,
2026-09-15,10:48:21,981,KOM_Test,OSTECH,T,LCA,0.0,result,Kommunikations-Test fuer SR830 und OSTECH,,,
2026-09-15,10:48:21,991,KOM_Test,OSTECH,T,LVA,0.0,result,Kommunikations-Test fuer SR830 und OSTECH,,,
2026-09-15,10:48:22,013,KOM_Test,SR830,T,"SNAP 1,2,3,4,10,11","0,0,0,45,0,0",result,Kommunikations-Test fuer SR830 und OSTECH,,,
2026-09-15,10:48:22,015,KOM_Test,OSTECH,T,XTA,20.99859619140625,result,Kommunikations-Test fuer SR830 und OSTECH,,,
2026-09-15,10:48:22,021,KOM_Test,OSTECH,T,GT,28.35483169555664,result,Kommunikations-Test fuer SR830 und OSTECH,,,
2026-09-15,10:48:22,041,KOM_Test,OSTECH,T,GS,"{'status_word': 3085, 'interlock_ok': True, 'driver_supply_ok': True, 'driver_temperature_ok': True, 'lt_sensor_ok': True, 'ct_sensor_ok': True, 'lc_on': False, 'lc_error': False}",result,Kommunikations-Test fuer SR830 und OSTECH,,,
2026-09-15,10:48:22,061,KOM_Test,OSTECH,T,LTM,25.0,result,Kommunikations-Test fuer SR830 und OSTECH,,,
2026-09-15,10:48:22,092,KOM_Test,OSTECH,T,LCA,0.0,result,Kommunikations-Test fuer SR830 und OSTECH,,,
2026-09-15,10:48:22,111,KOM_Test,OSTECH,T,LVA,0.0,result,Kommunikations-Test fuer SR830 und OSTECH,,,
2026-09-15,10:48:22,131,KOM_Test,OSTECH,T,XTA,20.99835205078125,result,Kommunikations-Test fuer SR830 und OSTECH,,,
2026-09-15,10:48:22,134,KOM_Test,SR830,T,"SNAP 5,6,7,8,9","-0.000666667,0.003,0.00233333,0.000666667,1000",result,Kommunikations-Test fuer SR830 und OSTECH,,,
2026-09-15,10:48:22,141,KOM_Test,OSTECH,T,GT,28.35483169555664,result,Kommunikations-Test fuer SR830 und OSTECH,,,
2026-09-15,10:48:22,147,KOM_Test,SR830,T,PHAS,0,result,Kommunikations-Test fuer SR830 und OSTECH,,,
2026-09-15,10:48:22,161,KOM_Test,OSTECH,T,GS,"{'status_word': 3085, 'interlock_ok': True, 'driver_supply_ok': True, 'driver_temperature_ok': True, 'lt_sensor_ok': True, 'ct_sensor_ok': True, 'lc_on': False, 'lc_error': False}",result,Kommunikations-Test fuer SR830 und OSTECH,,,
2026-09-15,10:48:22,171,KOM_Test,SR830,T,FREQ,1000,result,Kommunikations-Test fuer SR830 und OSTECH,,,
2026-09-15,10:48:22,181,KOM_Test,OSTECH,T,LTM,25.0,result,Kommunikations-Test fuer SR830 und OSTECH,,,
2026-09-15,10:48:22,192,KOM_Test,OSTECH,T,LCA,0.0,result,Kommunikations-Test fuer SR830 und OSTECH,,,
2026-09-15,10:48:22,211,KOM_Test,OSTECH,T,LVA,0.0,result,Kommunikations-Test fuer SR830 und OSTECH,,,
2026-09-15,10:48:22,231,KOM_Test,OSTECH,T,XTA,20.99835205078125,result,Kommunikations-Test fuer SR830 und OSTECH,,,
2026-09-15,10:48:22,243,KOM_Test,OSTECH,T,GT,28.35483169555664,result,Kommunikations-Test fuer SR830 und OSTECH,,,
2026-09-15,10:48:22,264,KOM_Test,OSTECH,T,GS,"{'status_word': 3085, 'interlock_ok': True, 'driver_supply_ok': True, 'driver_temperature_ok': True, 'lt_sensor_ok': True, 'ct_sensor_ok': True, 'lc_on': False, 'lc_error': False}",result,Kommunikations-Test fuer SR830 und OSTECH,,,
2026-09-15,10:48:22,281,KOM_Test,OSTECH,T,LTM,25.0,result,Kommunikations-Test fuer SR830 und OSTECH,,,
2026-09-15,10:48:22,297,KOM_Test,OSTECH,T,LCA,0.0,result,Kommunikations-Test fuer SR830 und OSTECH,,,
2026-09-15,10:48:22,301,KOM_Test,SR830,T,"SNAP 1,2,3,4,10,11","0,-6.10356e-005,0,-45,0,-6.10356e-005",result,Kommunikations-Test fuer SR830 und OSTECH,,,
2026-09-15,10:48:22,314,KOM_Test,OSTECH,T,LVA,0.0,result,Kommunikations-Test fuer SR830 und OSTECH,,,
2026-09-15,10:48:22,331,KOM_Test,OSTECH,T,XTA,20.99835205078125,result,Kommunikations-Test fuer SR830 und OSTECH,,,
2026-09-15,10:48:22,343,KOM_Test,OSTECH,T,GT,28.35483169555664,result,Kommunikations-Test fuer SR830 und OSTECH,,,
2026-09-15,10:48:22,361,KOM_Test,OSTECH,T,GS,"{'status_word': 3085, 'interlock_ok': True, 'driver_supply_ok': True, 'driver_temperature_ok': True, 'lt_sensor_ok': True, 'ct_sensor_ok': True, 'lc_on': False, 'lc_error': False}",result,Kommunikations-Test fuer SR830 und OSTECH,,,
2026-09-15,10:48:22,381,KOM_Test,OSTECH,T,LTM,25.0,result,Kommunikations-Test fuer SR830 und OSTECH,,,
2026-09-15,10:48:22,394,KOM_Test,OSTECH,T,LCA,0.0,result,Kommunikations-Test fuer SR830 und OSTECH,,,
2026-09-15,10:48:22,411,KOM_Test,OSTECH,T,LVA,0.0,result,Kommunikations-Test fuer SR830 und OSTECH,,,
2026-09-15,10:48:22,427,KOM_Test,SR830,T,"SNAP 5,6,7,8,9","0.00133333,0.008,-0.000666667,0.000666667,1000",result,Kommunikations-Test fuer SR830 und OSTECH,,,
2026-09-15,10:48:22,434,KOM_Test,OSTECH,T,XTA,20.99835205078125,result,Kommunikations-Test fuer SR830 und OSTECH,,,
2026-09-15,10:48:22,447,KOM_Test,SR830,T,PHAS,0,result,Kommunikations-Test fuer SR830 und OSTECH,,,
2026-09-15,10:48:22,458,KOM_Test,OSTECH,T,GT,28.35483169555664,result,Kommunikations-Test fuer SR830 und OSTECH,,,
2026-09-15,10:48:22,471,KOM_Test,SR830,T,FREQ,1000,result,Kommunikations-Test fuer SR830 und OSTECH,,,
2026-09-15,10:48:22,479,KOM_Test,OSTECH,T,GS,"{'status_word': 3085, 'interlock_ok': True, 'driver_supply_ok': True, 'driver_temperature_ok': True, 'lt_sensor_ok': True, 'ct_sensor_ok': True, 'lc_on': False, 'lc_error': False}",result,Kommunikations-Test fuer SR830 und OSTECH,,,
2026-09-15,10:48:22,493,KOM_Test,OSTECH,T,LTM,25.0,result,Kommunikations-Test fuer SR830 und OSTECH,,,
2026-09-15,10:48:22,502,KOM_Test,OSTECH,T,LCA,0.0,result,Kommunikations-Test fuer SR830 und OSTECH,,,
2026-09-15,10:48:22,531,KOM_Test,OSTECH,T,LVA,0.0,result,Kommunikations-Test fuer SR830 und OSTECH,,,
2026-09-15,10:48:22,545,KOM_Test,OSTECH,T,XTA,20.996353149414062,result,Kommunikations-Test fuer SR830 und OSTECH,,,
2026-09-15,10:48:22,552,KOM_Test,SR830,T,"SNAP 1,2,3,4,10,11","0,0,0,0,0,0",result,Kommunikations-Test fuer SR830 und OSTECH,,,
2026-09-15,10:48:22,561,KOM_Test,OSTECH,T,GT,28.35483169555664,result,Kommunikations-Test fuer SR830 und OSTECH,,,
2026-09-15,10:48:22,571,KOM_Test,OSTECH,T,GS,"{'status_word': 3085, 'interlock_ok': True, 'driver_supply_ok': True, 'driver_temperature_ok': True, 'lt_sensor_ok': True, 'ct_sensor_ok': True, 'lc_on': False, 'lc_error': False}",result,Kommunikations-Test fuer SR830 und OSTECH,,,
2026-09-15,10:48:22,595,KOM_Test,OSTECH,T,LTM,25.0,result,Kommunikations-Test fuer SR830 und OSTECH,,,
2026-09-15,10:48:22,611,KOM_Test,OSTECH,T,LCA,0.0,result,Kommunikations-Test fuer SR830 und OSTECH,,,
2026-09-15,10:48:22,635,KOM_Test,OSTECH,T,LVA,0.0,result,Kommunikations-Test fuer SR830 und OSTECH,,,
2026-09-15,10:48:22,652,KOM_Test,OSTECH,T,XTA,20.996353149414062,result,Kommunikations-Test fuer SR830 und OSTECH,,,
2026-09-15,10:48:22,678,KOM_Test,SR830,T,"SNAP 5,6,7,8,9","-0.000333333,0.00633333,0.000666667,0.000666667,1000",result,Kommunikations-Test fuer SR830 und OSTECH,,,
2026-09-15,10:48:22,679,KOM_Test,OSTECH,T,GT,28.35483169555664,result,Kommunikations-Test fuer SR830 und OSTECH,,,
2026-09-15,10:48:22,697,KOM_Test,OSTECH,T,GS,"{'status_word': 3085, 'interlock_ok': True, 'driver_supply_ok': True, 'driver_temperature_ok': True, 'lt_sensor_ok': True, 'ct_sensor_ok': True, 'lc_on': False, 'lc_error': False}",result,Kommunikations-Test fuer SR830 und OSTECH,,,
2026-09-15,10:48:22,704,KOM_Test,SR830,T,PHAS,0,result,Kommunikations-Test fuer SR830 und OSTECH,,,
2026-09-15,10:48:22,711,KOM_Test,OSTECH,T,LTM,25.0,result,Kommunikations-Test fuer SR830 und OSTECH,,,
2026-09-15,10:48:22,722,KOM_Test,OSTECH,T,LCA,0.0,result,Kommunikations-Test fuer SR830 und OSTECH,,,
2026-09-15,10:48:22,735,KOM_Test,SR830,T,FREQ,1000,result,Kommunikations-Test fuer SR830 und OSTECH,,,
2026-09-15,10:48:22,745,KOM_Test,OSTECH,T,LVA,0.0,result,Kommunikations-Test fuer SR830 und OSTECH,,,
2026-09-15,10:48:22,761,KOM_Test,OSTECH,T,XTA,20.996353149414062,result,Kommunikations-Test fuer SR830 und OSTECH,,,
2026-09-15,10:48:22,771,KOM_Test,OSTECH,T,GT,28.35483169555664,result,Kommunikations-Test fuer SR830 und OSTECH,,,
2026-09-15,10:48:22,791,KOM_Test,OSTECH,T,GS,"{'status_word': 3085, 'interlock_ok': True, 'driver_supply_ok': True, 'driver_temperature_ok': True, 'lt_sensor_ok': True, 'ct_sensor_ok': True, 'lc_on': False, 'lc_error': False}",result,Kommunikations-Test fuer SR830 und OSTECH,,,
2026-09-15,10:48:22,811,KOM_Test,OSTECH,T,LTM,25.0,result,Kommunikations-Test fuer SR830 und OSTECH,,,
2026-09-15,10:48:22,824,KOM_Test,SR830,T,"SNAP 1,2,3,4,10,11","0,0,0,45,0,0",result,Kommunikations-Test fuer SR830 und OSTECH,,,
2026-09-15,10:48:22,831,KOM_Test,OSTECH,T,LCA,0.0,result,Kommunikations-Test fuer SR830 und OSTECH,,,
2026-09-15,10:48:22,846,KOM_Test,OSTECH,T,LVA,0.0,result,Kommunikations-Test fuer SR830 und OSTECH,,,
2026-09-15,10:48:22,861,KOM_Test,OSTECH,T,XTA,20.996353149414062,result,Kommunikations-Test fuer SR830 und OSTECH,,,
2026-09-15,10:48:22,871,KOM_Test,OSTECH,T,GT,28.35483169555664,result,Kommunikations-Test fuer SR830 und OSTECH,,,
2026-09-15,10:48:22,891,KOM_Test,OSTECH,T,GS,"{'status_word': 3085, 'interlock_ok': True, 'driver_supply_ok': True, 'driver_temperature_ok': True, 'lt_sensor_ok': True, 'ct_sensor_ok': True, 'lc_on': False, 'lc_error': False}",result,Kommunikations-Test fuer SR830 und OSTECH,,,
2026-09-15,10:48:22,911,KOM_Test,OSTECH,T,LTM,25.0,result,Kommunikations-Test fuer SR830 und OSTECH,,,
2026-09-15,10:48:22,921,KOM_Test,OSTECH,T,LCA,0.0,result,Kommunikations-Test fuer SR830 und OSTECH,,,
2026-09-15,10:48:22,941,KOM_Test,OSTECH,T,LVA,0.0,result,Kommunikations-Test fuer SR830 und OSTECH,,,
2026-09-15,10:48:22,950,KOM_Test,SR830,T,"SNAP 5,6,7,8,9","-0.002,0.00633333,-0.000666667,0.00266667,1000",result,Kommunikations-Test fuer SR830 und OSTECH,,,
2026-09-15,10:48:22,961,KOM_Test,OSTECH,T,XTA,20.996353149414062,result,Kommunikations-Test fuer SR830 und OSTECH,,,
2026-09-15,10:48:22,961,KOM_Test,SR830,T,PHAS,0,result,Kommunikations-Test fuer SR830 und OSTECH,,,
2026-09-15,10:48:22,971,KOM_Test,OSTECH,T,GT,28.35483169555664,result,Kommunikations-Test fuer SR830 und OSTECH,,,
2026-09-15,10:48:22,985,KOM_Test,SR830,T,FREQ,1000,result,Kommunikations-Test fuer SR830 und OSTECH,,,
2026-09-15,10:48:23,001,KOM_Test,OSTECH,T,GS,"{'status_word': 3085, 'interlock_ok': True, 'driver_supply_ok': True, 'driver_temperature_ok': True, 'lt_sensor_ok': True, 'ct_sensor_ok': True, 'lc_on': False, 'lc_error': False}",result,Kommunikations-Test fuer SR830 und OSTECH,,,
2026-09-15,10:48:23,011,KOM_Test,OSTECH,T,LTM,25.0,result,Kommunikations-Test fuer SR830 und OSTECH,,,
2026-09-15,10:48:23,031,KOM_Test,OSTECH,T,LCA,0.0,result,Kommunikations-Test fuer SR830 und OSTECH,,,
2026-09-15,10:48:23,047,KOM_Test,OSTECH,T,LVA,0.0,result,Kommunikations-Test fuer SR830 und OSTECH,,,
2026-09-15,10:48:23,061,KOM_Test,OSTECH,T,XTA,20.99993133544922,result,Kommunikations-Test fuer SR830 und OSTECH,,,
2026-09-15,10:48:23,073,KOM_Test,SR830,T,"SNAP 1,2,3,4,10,11","0,0,0,0,0,0",result,Kommunikations-Test fuer SR830 und OSTECH,,,
2026-09-15,10:48:23,079,KOM_Test,OSTECH,T,GT,28.35483169555664,result,Kommunikations-Test fuer SR830 und OSTECH,,,
2026-09-15,10:48:23,094,KOM_Test,OSTECH,T,GS,"{'status_word': 3085, 'interlock_ok': True, 'driver_supply_ok': True, 'driver_temperature_ok': True, 'lt_sensor_ok': True, 'ct_sensor_ok': True, 'lc_on': False, 'lc_error': False}",result,Kommunikations-Test fuer SR830 und OSTECH,,,
2026-09-15,10:48:23,111,KOM_Test,OSTECH,T,LTM,25.0,result,Kommunikations-Test fuer SR830 und OSTECH,,,
2026-09-15,10:48:23,121,KOM_Test,OSTECH,T,LCA,0.0,result,Kommunikations-Test fuer SR830 und OSTECH,,,
2026-09-15,10:48:23,141,KOM_Test,OSTECH,T,LVA,0.0,result,Kommunikations-Test fuer SR830 und OSTECH,,,
2026-09-15,10:48:23,161,KOM_Test,OSTECH,T,XTA,20.99993133544922,result,Kommunikations-Test fuer SR830 und OSTECH,,,
2026-09-15,10:48:23,186,KOM_Test,OSTECH,T,GT,28.35483169555664,result,Kommunikations-Test fuer SR830 und OSTECH,,,
2026-09-15,10:48:23,192,KOM_Test,SR830,T,"SNAP 5,6,7,8,9","0.00133333,0.005,0.001,-0.000666667,1000",result,Kommunikations-Test fuer SR830 und OSTECH,,,
2026-09-15,10:48:23,203,KOM_Test,OSTECH,T,GS,"{'status_word': 3085, 'interlock_ok': True, 'driver_supply_ok': True, 'driver_temperature_ok': True, 'lt_sensor_ok': True, 'ct_sensor_ok': True, 'lc_on': False, 'lc_error': False}",result,Kommunikations-Test fuer SR830 und OSTECH,,,
2026-09-15,10:48:23,214,KOM_Test,SR830,T,PHAS,0,result,Kommunikations-Test fuer SR830 und OSTECH,,,
2026-09-15,10:48:23,226,KOM_Test,OSTECH,T,LTM,25.0,result,Kommunikations-Test fuer SR830 und OSTECH,,,
2026-09-15,10:48:23,231,KOM_Test,SR830,T,FREQ,1000,result,Kommunikations-Test fuer SR830 und OSTECH,,,
2026-09-15,10:48:23,244,KOM_Test,OSTECH,T,LCA,0.0,result,Kommunikations-Test fuer SR830 und OSTECH,,,
2026-09-15,10:48:23,261,KOM_Test,OSTECH,T,LVA,0.0,result,Kommunikations-Test fuer SR830 und OSTECH,,,
2026-09-15,10:48:23,281,KOM_Test,OSTECH,T,XTA,20.99993133544922,result,Kommunikations-Test fuer SR830 und OSTECH,,,
2026-09-15,10:48:23,292,KOM_Test,OSTECH,T,GT,28.35483169555664,result,Kommunikations-Test fuer SR830 und OSTECH,,,
2026-09-15,10:48:23,311,KOM_Test,OSTECH,T,GS,"{'status_word': 3085, 'interlock_ok': True, 'driver_supply_ok': True, 'driver_temperature_ok': True, 'lt_sensor_ok': True, 'ct_sensor_ok': True, 'lc_on': False, 'lc_error': False}",result,Kommunikations-Test fuer SR830 und OSTECH,,,
2026-09-15,10:48:23,321,KOM_Test,OSTECH,T,LTM,25.0,result,Kommunikations-Test fuer SR830 und OSTECH,,,
2026-09-15,10:48:23,341,KOM_Test,OSTECH,T,LCA,0.0,result,Kommunikations-Test fuer SR830 und OSTECH,,,
2026-09-15,10:48:23,341,KOM_Test,SR830,T,"SNAP 1,2,3,4,10,11","-6.10356e-005,0,0,180,-6.10356e-005,0",result,Kommunikations-Test fuer SR830 und OSTECH,,,
2026-09-15,10:48:23,362,KOM_Test,OSTECH,T,LVA,0.0,result,Kommunikations-Test fuer SR830 und OSTECH,,,
2026-09-15,10:48:23,381,KOM_Test,OSTECH,T,XTA,20.99993133544922,result,Kommunikations-Test fuer SR830 und OSTECH,,,
2026-09-15,10:48:23,392,KOM_Test,OSTECH,T,GT,28.35483169555664,result,Kommunikations-Test fuer SR830 und OSTECH,,,
2026-09-15,10:48:23,411,KOM_Test,OSTECH,T,GS,"{'status_word': 3085, 'interlock_ok': True, 'driver_supply_ok': True, 'driver_temperature_ok': True, 'lt_sensor_ok': True, 'ct_sensor_ok': True, 'lc_on': False, 'lc_error': False}",result,Kommunikations-Test fuer SR830 und OSTECH,,,
2026-09-15,10:48:23,431,KOM_Test,OSTECH,T,LTM,25.0,result,Kommunikations-Test fuer SR830 und OSTECH,,,
2026-09-15,10:48:23,441,KOM_Test,OSTECH,T,LCA,0.0,result,Kommunikations-Test fuer SR830 und OSTECH,,,
2026-09-15,10:48:23,461,KOM_Test,OSTECH,T,LVA,0.0,result,Kommunikations-Test fuer SR830 und OSTECH,,,
2026-09-15,10:48:23,468,KOM_Test,SR830,T,"SNAP 5,6,7,8,9","-0.00366667,0.00633333,-0.000666667,-0.001,1000",result,Kommunikations-Test fuer SR830 und OSTECH,,,
2026-09-15,10:48:23,481,KOM_Test,OSTECH,T,XTA,20.99993133544922,result,Kommunikations-Test fuer SR830 und OSTECH,,,
2026-09-15,10:48:23,483,KOM_Test,SR830,T,PHAS,0,result,Kommunikations-Test fuer SR830 und OSTECH,,,
2026-09-15,10:48:23,492,KOM_Test,OSTECH,T,GT,28.35483169555664,result,Kommunikations-Test fuer SR830 und OSTECH,,,
2026-09-15,10:48:23,503,KOM_Test,SR830,T,FREQ,1000,result,Kommunikations-Test fuer SR830 und OSTECH,,,
2026-09-15,10:48:23,511,KOM_Test,OSTECH,T,GS,"{'status_word': 3085, 'interlock_ok': True, 'driver_supply_ok': True, 'driver_temperature_ok': True, 'lt_sensor_ok': True, 'ct_sensor_ok': True, 'lc_on': False, 'lc_error': False}",result,Kommunikations-Test fuer SR830 und OSTECH,,,
2026-09-15,10:48:23,521,KOM_Test,OSTECH,T,LTM,25.0,result,Kommunikations-Test fuer SR830 und OSTECH,,,
2026-09-15,10:48:23,556,KOM_Test,OSTECH,T,LCA,0.0,result,Kommunikations-Test fuer SR830 und OSTECH,,,
2026-09-15,10:48:23,581,KOM_Test,OSTECH,T,LVA,0.0,result,Kommunikations-Test fuer SR830 und OSTECH,,,
2026-09-15,10:48:23,591,KOM_Test,SR830,T,"SNAP 1,2,3,4,10,11","0,0,0,0,0,0",result,Kommunikations-Test fuer SR830 und OSTECH,,,
2026-09-15,10:48:23,597,KOM_Test,OSTECH,T,XTA,20.996559143066406,result,Kommunikations-Test fuer SR830 und OSTECH,,,
2026-09-15,10:48:23,611,KOM_Test,OSTECH,T,GT,28.35483169555664,result,Kommunikations-Test fuer SR830 und OSTECH,,,
2026-09-15,10:48:23,621,KOM_Test,OSTECH,T,GS,"{'status_word': 3085, 'interlock_ok': True, 'driver_supply_ok': True, 'driver_temperature_ok': True, 'lt_sensor_ok': True, 'ct_sensor_ok': True, 'lc_on': False, 'lc_error': False}",result,Kommunikations-Test fuer SR830 und OSTECH,,,
2026-09-15,10:48:23,641,KOM_Test,OSTECH,T,LTM,25.0,result,Kommunikations-Test fuer SR830 und OSTECH,,,
2026-09-15,10:48:23,661,KOM_Test,OSTECH,T,LCA,0.0,result,Kommunikations-Test fuer SR830 und OSTECH,,,
2026-09-15,10:48:23,681,KOM_Test,OSTECH,T,LVA,0.0,result,Kommunikations-Test fuer SR830 und OSTECH,,,
2026-09-15,10:48:23,692,KOM_Test,OSTECH,T,XTA,20.996559143066406,result,Kommunikations-Test fuer SR830 und OSTECH,,,
2026-09-15,10:48:23,711,KOM_Test,OSTECH,T,GT,28.35483169555664,result,Kommunikations-Test fuer SR830 und OSTECH,,,
2026-09-15,10:48:23,716,KOM_Test,SR830,T,"SNAP 5,6,7,8,9","-0.00366667,0.005,0.000666667,0.000666667,1000",result,Kommunikations-Test fuer SR830 und OSTECH,,,
2026-09-15,10:48:23,721,KOM_Test,OSTECH,T,GS,"{'status_word': 3085, 'interlock_ok': True, 'driver_supply_ok': True, 'driver_temperature_ok': True, 'lt_sensor_ok': True, 'ct_sensor_ok': True, 'lc_on': False, 'lc_error': False}",result,Kommunikations-Test fuer SR830 und OSTECH,,,
2026-09-15,10:48:23,731,KOM_Test,SR830,T,PHAS,0,result,Kommunikations-Test fuer SR830 und OSTECH,,,
2026-09-15,10:48:23,741,KOM_Test,OSTECH,T,LTM,25.0,result,Kommunikations-Test fuer SR830 und OSTECH,,,
2026-09-15,10:48:23,753,KOM_Test,SR830,T,FREQ,1000,result,Kommunikations-Test fuer SR830 und OSTECH,,,
2026-09-15,10:48:23,762,KOM_Test,OSTECH,T,LCA,0.0,result,Kommunikations-Test fuer SR830 und OSTECH,,,
2026-09-15,10:48:23,781,KOM_Test,OSTECH,T,LVA,0.0,result,Kommunikations-Test fuer SR830 und OSTECH,,,
2026-09-15,10:48:23,792,KOM_Test,OSTECH,T,XTA,20.996559143066406,result,Kommunikations-Test fuer SR830 und OSTECH,,,
2026-09-15,10:48:23,811,KOM_Test,OSTECH,T,GT,28.35483169555664,result,Kommunikations-Test fuer SR830 und OSTECH,,,
2026-09-15,10:48:23,821,KOM_Test,OSTECH,T,GS,"{'status_word': 3085, 'interlock_ok': True, 'driver_supply_ok': True, 'driver_temperature_ok': True, 'lt_sensor_ok': True, 'ct_sensor_ok': True, 'lc_on': False, 'lc_error': False}",result,Kommunikations-Test fuer SR830 und OSTECH,,,
2026-09-15,10:48:23,841,KOM_Test,OSTECH,T,LTM,25.0,result,Kommunikations-Test fuer SR830 und OSTECH,,,
2026-09-15,10:48:23,861,KOM_Test,OSTECH,T,LCA,0.0,result,Kommunikations-Test fuer SR830 und OSTECH,,,
2026-09-15,10:48:23,872,KOM_Test,SR830,T,"SNAP 1,2,3,4,10,11","0,-6.10356e-005,0,-90,0,-6.10356e-005",result,Kommunikations-Test fuer SR830 und OSTECH,,,
2026-09-15,10:48:23,882,KOM_Test,OSTECH,T,LVA,0.0,result,Kommunikations-Test fuer SR830 und OSTECH,,,
2026-09-15,10:48:23,892,KOM_Test,OSTECH,T,XTA,20.996559143066406,result,Kommunikations-Test fuer SR830 und OSTECH,,,
2026-09-15,10:48:23,911,KOM_Test,OSTECH,T,GT,28.35483169555664,result,Kommunikations-Test fuer SR830 und OSTECH,,,
2026-09-15,10:48:23,925,KOM_Test,OSTECH,T,GS,"{'status_word': 3085, 'interlock_ok': True, 'driver_supply_ok': True, 'driver_temperature_ok': True, 'lt_sensor_ok': True, 'ct_sensor_ok': True, 'lc_on': False, 'lc_error': False}",result,Kommunikations-Test fuer SR830 und OSTECH,,,
2026-09-15,10:48:23,941,KOM_Test,OSTECH,T,LTM,25.0,result,Kommunikations-Test fuer SR830 und OSTECH,,,
2026-09-15,10:48:23,961,KOM_Test,OSTECH,T,LCA,0.0,result,Kommunikations-Test fuer SR830 und OSTECH,,,
2026-09-15,10:48:23,980,KOM_Test,OSTECH,T,LVA,0.0,result,Kommunikations-Test fuer SR830 und OSTECH,,,
2026-09-15,10:48:23,999,KOM_Test,OSTECH,T,XTA,20.996559143066406,result,Kommunikations-Test fuer SR830 und OSTECH,,,
2026-09-15,10:48:24,010,KOM_Test,SR830,T,"SNAP 5,6,7,8,9","-0.00166667,0.00666667,-0.000333333,0.000666667,1000",result,Kommunikations-Test fuer SR830 und OSTECH,,,
2026-09-15,10:48:24,012,KOM_Test,OSTECH,T,GT,28.35483169555664,result,Kommunikations-Test fuer SR830 und OSTECH,,,
2026-09-15,10:48:24,025,KOM_Test,OSTECH,T,GS,"{'status_word': 3085, 'interlock_ok': True, 'driver_supply_ok': True, 'driver_temperature_ok': True, 'lt_sensor_ok': True, 'ct_sensor_ok': True, 'lc_on': False, 'lc_error': False}",result,Kommunikations-Test fuer SR830 und OSTECH,,,
2026-09-15,10:48:24,027,KOM_Test,SR830,T,PHAS,0,result,Kommunikations-Test fuer SR830 und OSTECH,,,
2026-09-15,10:48:24,047,KOM_Test,OSTECH,T,LTM,25.0,result,Kommunikations-Test fuer SR830 und OSTECH,,,
2026-09-15,10:48:24,054,KOM_Test,SR830,T,FREQ,1000,result,Kommunikations-Test fuer SR830 und OSTECH,,,
2026-09-15,10:48:24,061,KOM_Test,OSTECH,T,LCA,0.0,result,Kommunikations-Test fuer SR830 und OSTECH,,,
2026-09-15,10:48:24,081,KOM_Test,OSTECH,T,LVA,0.0,result,Kommunikations-Test fuer SR830 und OSTECH,,,
2026-09-15,10:48:24,109,KOM_Test,OSTECH,T,XTA,21.00127410888672,result,Kommunikations-Test fuer SR830 und OSTECH,,,
2026-09-15,10:48:24,125,KOM_Test,OSTECH,T,GT,28.35483169555664,result,Kommunikations-Test fuer SR830 und OSTECH,,,
2026-09-15,10:48:24,141,KOM_Test,SR830,T,"SNAP 1,2,3,4,10,11","0,0,0,0,0,0",result,Kommunikations-Test fuer SR830 und OSTECH,,,
2026-09-15,10:48:24,145,KOM_Test,OSTECH,T,GS,"{'status_word': 3085, 'interlock_ok': True, 'driver_supply_ok': True, 'driver_temperature_ok': True, 'lt_sensor_ok': True, 'ct_sensor_ok': True, 'lc_on': False, 'lc_error': False}",result,Kommunikations-Test fuer SR830 und OSTECH,,,
2026-09-15,10:48:24,161,KOM_Test,OSTECH,T,LTM,25.0,result,Kommunikations-Test fuer SR830 und OSTECH,,,
2026-09-15,10:48:24,181,KOM_Test,OSTECH,T,LCA,0.0,result,Kommunikations-Test fuer SR830 und OSTECH,,,
2026-09-15,10:48:24,193,KOM_Test,OSTECH,T,LVA,0.0,result,Kommunikations-Test fuer SR830 und OSTECH,,,
2026-09-15,10:48:24,211,KOM_Test,OSTECH,T,XTA,21.00127410888672,result,Kommunikations-Test fuer SR830 und OSTECH,,,
2026-09-15,10:48:24,222,KOM_Test,OSTECH,T,GT,28.35483169555664,result,Kommunikations-Test fuer SR830 und OSTECH,,,
2026-09-15,10:48:24,241,KOM_Test,OSTECH,T,GS,"{'status_word': 3085, 'interlock_ok': True, 'driver_supply_ok': True, 'driver_temperature_ok': True, 'lt_sensor_ok': True, 'ct_sensor_ok': True, 'lc_on': False, 'lc_error': False}",result,Kommunikations-Test fuer SR830 und OSTECH,,,
2026-09-15,10:48:24,255,KOM_Test,OSTECH,T,LTM,25.0,result,Kommunikations-Test fuer SR830 und OSTECH,,,
2026-09-15,10:48:24,271,KOM_Test,SR830,T,"SNAP 5,6,7,8,9","-0.000333333,0.00466667,0.00233333,0.00266667,1000",result,Kommunikations-Test fuer SR830 und OSTECH,,,
2026-09-15,10:48:24,291,KOM_Test,OSTECH,T,LCA,0.0,result,Kommunikations-Test fuer SR830 und OSTECH,,,
2026-09-15,10:48:24,299,KOM_Test,SR830,T,PHAS,0,result,Kommunikations-Test fuer SR830 und OSTECH,,,
2026-09-15,10:48:24,311,KOM_Test,OSTECH,T,LVA,0.0,result,Kommunikations-Test fuer SR830 und OSTECH,,,
2026-09-15,10:48:24,320,KOM_Test,SR830,T,FREQ,1000,result,Kommunikations-Test fuer SR830 und OSTECH,,,
2026-09-15,10:48:24,331,KOM_Test,OSTECH,T,XTA,21.00127410888672,result,Kommunikations-Test fuer SR830 und OSTECH,,,
2026-09-15,10:48:24,341,KOM_Test,OSTECH,T,GT,28.35409927368164,result,Kommunikations-Test fuer SR830 und OSTECH,,,
2026-09-15,10:48:24,356,KOM_Test,OSTECH,T,GS,"{'status_word': 3085, 'interlock_ok': True, 'driver_supply_ok': True, 'driver_temperature_ok': True, 'lt_sensor_ok': True, 'ct_sensor_ok': True, 'lc_on': False, 'lc_error': False}",result,Kommunikations-Test fuer SR830 und OSTECH,,,
2026-09-15,10:48:24,381,KOM_Test,OSTECH,T,LTM,25.0,result,Kommunikations-Test fuer SR830 und OSTECH,,,
2026-09-15,10:48:24,393,KOM_Test,OSTECH,T,LCA,0.0,result,Kommunikations-Test fuer SR830 und OSTECH,,,
2026-09-15,10:48:24,411,KOM_Test,SR830,T,"SNAP 1,2,3,4,10,11","0,0,0,0,0,0",result,Kommunikations-Test fuer SR830 und OSTECH,,,
2026-09-15,10:48:24,414,KOM_Test,OSTECH,T,LVA,0.0,result,Kommunikations-Test fuer SR830 und OSTECH,,,
2026-09-15,10:48:24,431,KOM_Test,OSTECH,T,XTA,21.00127410888672,result,Kommunikations-Test fuer SR830 und OSTECH,,,
2026-09-15,10:48:24,441,KOM_Test,OSTECH,T,GT,28.35409927368164,result,Kommunikations-Test fuer SR830 und OSTECH,,,
2026-09-15,10:48:24,461,KOM_Test,OSTECH,T,GS,"{'status_word': 3085, 'interlock_ok': True, 'driver_supply_ok': True, 'driver_temperature_ok': True, 'lt_sensor_ok': True, 'ct_sensor_ok': True, 'lc_on': False, 'lc_error': False}",result,Kommunikations-Test fuer SR830 und OSTECH,,,
2026-09-15,10:48:24,472,KOM_Test,OSTECH,T,LTM,25.0,result,Kommunikations-Test fuer SR830 und OSTECH,,,
2026-09-15,10:48:24,493,KOM_Test,OSTECH,T,LCA,0.0,result,Kommunikations-Test fuer SR830 und OSTECH,,,
2026-09-15,10:48:24,511,KOM_Test,OSTECH,T,LVA,0.0,result,Kommunikations-Test fuer SR830 und OSTECH,,,
2026-09-15,10:48:24,531,KOM_Test,OSTECH,T,XTA,21.00127410888672,result,Kommunikations-Test fuer SR830 und OSTECH,,,
2026-09-15,10:48:24,538,KOM_Test,SR830,T,"SNAP 5,6,7,8,9","-0.000666667,0.005,-0.000333333,0.000666667,1000",result,Kommunikations-Test fuer SR830 und OSTECH,,,
2026-09-15,10:48:24,541,KOM_Test,OSTECH,T,GT,28.35409927368164,result,Kommunikations-Test fuer SR830 und OSTECH,,,
2026-09-15,10:48:24,561,KOM_Test,OSTECH,T,GS,"{'status_word': 3085, 'interlock_ok': True, 'driver_supply_ok': True, 'driver_temperature_ok': True, 'lt_sensor_ok': True, 'ct_sensor_ok': True, 'lc_on': False, 'lc_error': False}",result,Kommunikations-Test fuer SR830 und OSTECH,,,
2026-09-15,10:48:24,566,KOM_Test,SR830,T,PHAS,0,result,Kommunikations-Test fuer SR830 und OSTECH,,,
2026-09-15,10:48:24,581,KOM_Test,OSTECH,T,LTM,25.0,result,Kommunikations-Test fuer SR830 und OSTECH,,,
2026-09-15,10:48:24,588,KOM_Test,SR830,T,FREQ,1000,result,Kommunikations-Test fuer SR830 und OSTECH,,,
2026-09-15,10:48:24,596,KOM_Test,OSTECH,T,LCA,0.0,result,Kommunikations-Test fuer SR830 und OSTECH,,,
2026-09-15,10:48:24,611,KOM_Test,OSTECH,T,LVA,0.0,result,Kommunikations-Test fuer SR830 und OSTECH,,,
2026-09-15,10:48:24,631,KOM_Test,OSTECH,T,XTA,21.00127410888672,result,Kommunikations-Test fuer SR830 und OSTECH,,,
2026-09-15,10:48:24,656,KOM_Test,OSTECH,T,GT,28.35409927368164,result,Kommunikations-Test fuer SR830 und OSTECH,,,
2026-09-15,10:48:24,671,KOM_Test,OSTECH,T,GS,"{'status_word': 3085, 'interlock_ok': True, 'driver_supply_ok': True, 'driver_temperature_ok': True, 'lt_sensor_ok': True, 'ct_sensor_ok': True, 'lc_on': False, 'lc_error': False}",result,Kommunikations-Test fuer SR830 und OSTECH,,,
2026-09-15,10:48:24,694,KOM_Test,OSTECH,T,LTM,25.0,result,Kommunikations-Test fuer SR830 und OSTECH,,,
2026-09-15,10:48:24,711,KOM_Test,OSTECH,T,LCA,0.0,result,Kommunikations-Test fuer SR830 und OSTECH,,,
2026-09-15,10:48:24,731,KOM_Test,OSTECH,T,LVA,0.0,result,Kommunikations-Test fuer SR830 und OSTECH,,,
2026-09-15,10:48:24,732,KOM_Test,SR830,T,"SNAP 1,2,3,4,10,11","6.10356e-005,0,6.10356e-005,26.562,6.10356e-005,0",result,Kommunikations-Test fuer SR830 und OSTECH,,,
2026-09-15,10:48:24,741,KOM_Test,OSTECH,T,XTA,20.99713134765625,result,Kommunikations-Test fuer SR830 und OSTECH,,,
2026-09-15,10:48:24,761,KOM_Test,OSTECH,T,GT,28.35409927368164,result,Kommunikations-Test fuer SR830 und OSTECH,,,
2026-09-15,10:48:24,771,KOM_Test,OSTECH,T,GS,"{'status_word': 3085, 'interlock_ok': True, 'driver_supply_ok': True, 'driver_temperature_ok': True, 'lt_sensor_ok': True, 'ct_sensor_ok': True, 'lc_on': False, 'lc_error': False}",result,Kommunikations-Test fuer SR830 und OSTECH,,,
2026-09-15,10:48:24,794,KOM_Test,OSTECH,T,LTM,25.0,result,Kommunikations-Test fuer SR830 und OSTECH,,,
2026-09-15,10:48:24,811,KOM_Test,OSTECH,T,LCA,0.0,result,Kommunikations-Test fuer SR830 und OSTECH,,,
2026-09-15,10:48:24,834,KOM_Test,OSTECH,T,LVA,0.0,result,Kommunikations-Test fuer SR830 und OSTECH,,,
2026-09-15,10:48:24,837,KOM_Test,SR830,T,"SNAP 5,6,7,8,9","-0.002,0.008,0.001,0.000666667,1000",result,Kommunikations-Test fuer SR830 und OSTECH,,,
2026-09-15,10:48:24,843,KOM_Test,OSTECH,T,XTA,20.99713134765625,result,Kommunikations-Test fuer SR830 und OSTECH,,,
2026-09-15,10:48:24,843,KOM_Test,SR830,T,PHAS,0,result,Kommunikations-Test fuer SR830 und OSTECH,,,
2026-09-15,10:48:24,861,KOM_Test,OSTECH,T,GT,28.35409927368164,result,Kommunikations-Test fuer SR830 und OSTECH,,,
2026-09-15,10:48:24,870,KOM_Test,SR830,T,FREQ,1000,result,Kommunikations-Test fuer SR830 und OSTECH,,,
2026-09-15,10:48:24,871,KOM_Test,OSTECH,T,GS,"{'status_word': 3085, 'interlock_ok': True, 'driver_supply_ok': True, 'driver_temperature_ok': True, 'lt_sensor_ok': True, 'ct_sensor_ok': True, 'lc_on': False, 'lc_error': False}",result,Kommunikations-Test fuer SR830 und OSTECH,,,
2026-09-15,10:48:24,894,KOM_Test,OSTECH,T,LTM,25.0,result,Kommunikations-Test fuer SR830 und OSTECH,,,
2026-09-15,10:48:24,911,KOM_Test,OSTECH,T,LCA,0.0,result,Kommunikations-Test fuer SR830 und OSTECH,,,
2026-09-15,10:48:24,931,KOM_Test,OSTECH,T,LVA,0.0,result,Kommunikations-Test fuer SR830 und OSTECH,,,
2026-09-15,10:48:24,941,KOM_Test,OSTECH,T,XTA,20.99713134765625,result,Kommunikations-Test fuer SR830 und OSTECH,,,
2026-09-15,10:48:24,961,KOM_Test,OSTECH,T,GT,28.35409927368164,result,Kommunikations-Test fuer SR830 und OSTECH,,,
2026-09-15,10:48:24,971,KOM_Test,OSTECH,T,GS,"{'status_word': 3085, 'interlock_ok': True, 'driver_supply_ok': True, 'driver_temperature_ok': True, 'lt_sensor_ok': True, 'ct_sensor_ok': True, 'lc_on': False, 'lc_error': False}",result,Kommunikations-Test fuer SR830 und OSTECH,,,
2026-09-15,10:48:24,994,KOM_Test,OSTECH,T,LTM,25.0,result,Kommunikations-Test fuer SR830 und OSTECH,,,
2026-09-15,10:48:25,011,KOM_Test,SR830,T,"SNAP 1,2,3,4,10,11","6.10356e-005,0,6.10356e-005,26.562,6.10356e-005,0",result,Kommunikations-Test fuer SR830 und OSTECH,,,
2026-09-15,10:48:25,018,KOM_Test,OSTECH,T,LCA,0.0,result,Kommunikations-Test fuer SR830 und OSTECH,,,
2026-09-15,10:48:25,031,KOM_Test,OSTECH,T,LVA,0.0,result,Kommunikations-Test fuer SR830 und OSTECH,,,
2026-09-15,10:48:25,041,KOM_Test,OSTECH,T,XTA,20.99713134765625,result,Kommunikations-Test fuer SR830 und OSTECH,,,
2026-09-15,10:48:25,061,KOM_Test,OSTECH,T,GT,28.35409927368164,result,Kommunikations-Test fuer SR830 und OSTECH,,,
2026-09-15,10:48:25,071,KOM_Test,OSTECH,T,GS,"{'status_word': 3085, 'interlock_ok': True, 'driver_supply_ok': True, 'driver_temperature_ok': True, 'lt_sensor_ok': True, 'ct_sensor_ok': True, 'lc_on': False, 'lc_error': False}",result,Kommunikations-Test fuer SR830 und OSTECH,,,
2026-09-15,10:48:25,094,KOM_Test,OSTECH,T,LTM,25.0,result,Kommunikations-Test fuer SR830 und OSTECH,,,
2026-09-15,10:48:25,111,KOM_Test,OSTECH,T,LCA,0.0,result,Kommunikations-Test fuer SR830 und OSTECH,,,
2026-09-15,10:48:25,121,KOM_Test,SR830,T,"SNAP 5,6,7,8,9","-0.002,0.00466667,0.001,0.000666667,1000",result,Kommunikations-Test fuer SR830 und OSTECH,,,
2026-09-15,10:48:25,132,KOM_Test,OSTECH,T,LVA,0.0,result,Kommunikations-Test fuer SR830 und OSTECH,,,
2026-09-15,10:48:25,141,KOM_Test,SR830,T,PHAS,0,result,Kommunikations-Test fuer SR830 und OSTECH,,,
2026-09-15,10:48:25,141,KOM_Test,OSTECH,T,XTA,20.99713134765625,result,Kommunikations-Test fuer SR830 und OSTECH,,,
2026-09-15,10:48:25,159,KOM_Test,OSTECH,T,GT,28.35409927368164,result,Kommunikations-Test fuer SR830 und OSTECH,,,
2026-09-15,10:48:25,161,KOM_Test,SR830,T,FREQ,1000,result,Kommunikations-Test fuer SR830 und OSTECH,,,
2026-09-15,10:48:25,175,KOM_Test,OSTECH,T,GS,"{'status_word': 3085, 'interlock_ok': True, 'driver_supply_ok': True, 'driver_temperature_ok': True, 'lt_sensor_ok': True, 'ct_sensor_ok': True, 'lc_on': False, 'lc_error': False}",result,Kommunikations-Test fuer SR830 und OSTECH,,,
2026-09-15,10:48:25,206,KOM_Test,OSTECH,T,LTM,25.0,result,Kommunikations-Test fuer SR830 und OSTECH,,,
2026-09-15,10:48:25,231,KOM_Test,OSTECH,T,LCA,0.0,result,Kommunikations-Test fuer SR830 und OSTECH,,,
2026-09-15,10:48:25,241,KOM_Test,SR830,T,"SNAP 1,2,3,4,10,11","0,0,0,0,0,0",result,Kommunikations-Test fuer SR830 und OSTECH,,,
2026-09-15,10:48:25,250,KOM_Test,OSTECH,T,LVA,0.0,result,Kommunikations-Test fuer SR830 und OSTECH,,,
2026-09-15,10:48:25,262,KOM_Test,OSTECH,T,XTA,20.998687744140625,result,Kommunikations-Test fuer SR830 und OSTECH,,,
2026-09-15,10:48:25,275,KOM_Test,OSTECH,T,GT,28.35409927368164,result,Kommunikations-Test fuer SR830 und OSTECH,,,
2026-09-15,10:48:25,294,KOM_Test,OSTECH,T,GS,"{'status_word': 3085, 'interlock_ok': True, 'driver_supply_ok': True, 'driver_temperature_ok': True, 'lt_sensor_ok': True, 'ct_sensor_ok': True, 'lc_on': False, 'lc_error': False}",result,Kommunikations-Test fuer SR830 und OSTECH,,,
2026-09-15,10:48:25,312,KOM_Test,OSTECH,T,LTM,25.0,result,Kommunikations-Test fuer SR830 und OSTECH,,,
2026-09-15,10:48:25,323,KOM_Test,OSTECH,T,LCA,0.0,result,Kommunikations-Test fuer SR830 und OSTECH,,,
2026-09-15,10:48:25,341,KOM_Test,OSTECH,T,LVA,0.0,result,Kommunikations-Test fuer SR830 und OSTECH,,,
2026-09-15,10:48:25,363,KOM_Test,OSTECH,T,XTA,20.998687744140625,result,Kommunikations-Test fuer SR830 und OSTECH,,,
2026-09-15,10:48:25,371,KOM_Test,SR830,T,"SNAP 5,6,7,8,9","-0.000333333,0.00633333,0.000666667,-0.000666667,1000",result,Kommunikations-Test fuer SR830 und OSTECH,,,
2026-09-15,10:48:25,387,KOM_Test,OSTECH,T,GT,28.35409927368164,result,Kommunikations-Test fuer SR830 und OSTECH,,,
2026-09-15,10:48:25,394,KOM_Test,SR830,T,PHAS,0,result,Kommunikations-Test fuer SR830 und OSTECH,,,
2026-09-15,10:48:25,411,KOM_Test,OSTECH,T,GS,"{'status_word': 3085, 'interlock_ok': True, 'driver_supply_ok': True, 'driver_temperature_ok': True, 'lt_sensor_ok': True, 'ct_sensor_ok': True, 'lc_on': False, 'lc_error': False}",result,Kommunikations-Test fuer SR830 und OSTECH,,,
2026-09-15,10:48:25,421,KOM_Test,SR830,T,FREQ,1000,result,Kommunikations-Test fuer SR830 und OSTECH,,,
2026-09-15,10:48:25,431,KOM_Test,OSTECH,T,LTM,25.0,result,Kommunikations-Test fuer SR830 und OSTECH,,,
2026-09-15,10:48:25,441,KOM_Test,OSTECH,T,LCA,0.0,result,Kommunikations-Test fuer SR830 und OSTECH,,,
2026-09-15,10:48:25,464,KOM_Test,OSTECH,T,LVA,0.0,result,Kommunikations-Test fuer SR830 und OSTECH,,,
2026-09-15,10:48:25,481,KOM_Test,OSTECH,T,XTA,20.998687744140625,result,Kommunikations-Test fuer SR830 und OSTECH,,,
2026-09-15,10:48:25,494,KOM_Test,OSTECH,T,GT,28.35409927368164,result,Kommunikations-Test fuer SR830 und OSTECH,,,
2026-09-15,10:48:25,511,KOM_Test,OSTECH,T,GS,"{'status_word': 3085, 'interlock_ok': True, 'driver_supply_ok': True, 'driver_temperature_ok': True, 'lt_sensor_ok': True, 'ct_sensor_ok': True, 'lc_on': False, 'lc_error': False}",result,Kommunikations-Test fuer SR830 und OSTECH,,,
2026-09-15,10:48:25,511,KOM_Test,SR830,T,"SNAP 1,2,3,4,10,11","0,0,0,90,0,0",result,Kommunikations-Test fuer SR830 und OSTECH,,,
2026-09-15,10:48:25,531,KOM_Test,OSTECH,T,LTM,25.0,result,Kommunikations-Test fuer SR830 und OSTECH,,,
2026-09-15,10:48:25,541,KOM_Test,OSTECH,T,LCA,0.0,result,Kommunikations-Test fuer SR830 und OSTECH,,,
2026-09-15,10:48:25,569,KOM_Test,OSTECH,T,LVA,0.0,result,Kommunikations-Test fuer SR830 und OSTECH,,,
2026-09-15,10:48:25,581,KOM_Test,OSTECH,T,XTA,20.998687744140625,result,Kommunikations-Test fuer SR830 und OSTECH,,,
2026-09-15,10:48:25,594,KOM_Test,OSTECH,T,GT,28.35409927368164,result,Kommunikations-Test fuer SR830 und OSTECH,,,
2026-09-15,10:48:25,611,KOM_Test,OSTECH,T,GS,"{'status_word': 3085, 'interlock_ok': True, 'driver_supply_ok': True, 'driver_temperature_ok': True, 'lt_sensor_ok': True, 'ct_sensor_ok': True, 'lc_on': False, 'lc_error': False}",result,Kommunikations-Test fuer SR830 und OSTECH,,,
2026-09-15,10:48:25,631,KOM_Test,OSTECH,T,LTM,25.0,result,Kommunikations-Test fuer SR830 und OSTECH,,,
2026-09-15,10:48:25,631,KOM_Test,SR830,T,"SNAP 5,6,7,8,9","-0.00166667,0.00466667,0.00233333,-0.001,1000",result,Kommunikations-Test fuer SR830 und OSTECH,,,
2026-09-15,10:48:25,646,KOM_Test,SR830,T,PHAS,0,result,Kommunikations-Test fuer SR830 und OSTECH,,,
2026-09-15,10:48:25,646,KOM_Test,OSTECH,T,LCA,0.0,result,Kommunikations-Test fuer SR830 und OSTECH,,,
2026-09-15,10:48:25,665,KOM_Test,OSTECH,T,LVA,0.0,result,Kommunikations-Test fuer SR830 und OSTECH,,,
2026-09-15,10:48:25,671,KOM_Test,SR830,T,FREQ,1000,result,Kommunikations-Test fuer SR830 und OSTECH,,,
2026-09-15,10:48:25,683,KOM_Test,OSTECH,T,XTA,20.998687744140625,result,Kommunikations-Test fuer SR830 und OSTECH,,,
2026-09-15,10:48:25,695,KOM_Test,OSTECH,T,GT,28.35409927368164,result,Kommunikations-Test fuer SR830 und OSTECH,,,
2026-09-15,10:48:25,711,KOM_Test,OSTECH,T,GS,"{'status_word': 3085, 'interlock_ok': True, 'driver_supply_ok': True, 'driver_temperature_ok': True, 'lt_sensor_ok': True, 'ct_sensor_ok': True, 'lc_on': False, 'lc_error': False}",result,Kommunikations-Test fuer SR830 und OSTECH,,,
2026-09-15,10:48:25,731,KOM_Test,OSTECH,T,LTM,25.0,result,Kommunikations-Test fuer SR830 und OSTECH,,,
2026-09-15,10:48:25,758,KOM_Test,OSTECH,T,LCA,0.0,result,Kommunikations-Test fuer SR830 und OSTECH,,,
2026-09-15,10:48:25,793,KOM_Test,OSTECH,T,LVA,0.0,result,Kommunikations-Test fuer SR830 und OSTECH,,,
2026-09-15,10:48:25,807,KOM_Test,SR830,T,"SNAP 1,2,3,4,10,11","0,6.10356e-005,6.10356e-005,90,0,6.10356e-005",result,Kommunikations-Test fuer SR830 und OSTECH,,,
2026-09-15,10:48:25,817,KOM_Test,OSTECH,T,XTA,21.000038146972656,result,Kommunikations-Test fuer SR830 und OSTECH,,,
2026-09-15,10:48:25,824,KOM_Test,OSTECH,T,GT,28.35409927368164,result,Kommunikations-Test fuer SR830 und OSTECH,,,
2026-09-15,10:48:25,841,KOM_Test,OSTECH,T,GS,"{'status_word': 3085, 'interlock_ok': True, 'driver_supply_ok': True, 'driver_temperature_ok': True, 'lt_sensor_ok': True, 'ct_sensor_ok': True, 'lc_on': False, 'lc_error': False}",result,Kommunikations-Test fuer SR830 und OSTECH,,,
2026-09-15,10:48:25,861,KOM_Test,OSTECH,T,LTM,25.0,result,Kommunikations-Test fuer SR830 und OSTECH,,,
2026-09-15,10:48:25,881,KOM_Test,OSTECH,T,LCA,0.0,result,Kommunikations-Test fuer SR830 und OSTECH,,,
2026-09-15,10:48:25,895,KOM_Test,OSTECH,T,LVA,0.0,result,Kommunikations-Test fuer SR830 und OSTECH,,,
2026-09-15,10:48:25,911,KOM_Test,OSTECH,T,XTA,21.000038146972656,result,Kommunikations-Test fuer SR830 und OSTECH,,,
2026-09-15,10:48:25,931,KOM_Test,SR830,T,"SNAP 5,6,7,8,9","-0.00166667,0.00766667,0.001,-0.00666667,1000",result,Kommunikations-Test fuer SR830 und OSTECH,,,
2026-09-15,10:48:25,936,KOM_Test,OSTECH,T,GT,28.35409927368164,result,Kommunikations-Test fuer SR830 und OSTECH,,,
2026-09-15,10:48:25,946,KOM_Test,SR830,T,PHAS,0,result,Kommunikations-Test fuer SR830 und OSTECH,,,
2026-09-15,10:48:25,954,KOM_Test,OSTECH,T,GS,"{'status_word': 3085, 'interlock_ok': True, 'driver_supply_ok': True, 'driver_temperature_ok': True, 'lt_sensor_ok': True, 'ct_sensor_ok': True, 'lc_on': False, 'lc_error': False}",result,Kommunikations-Test fuer SR830 und OSTECH,,,
2026-09-15,10:48:25,970,KOM_Test,SR830,T,FREQ,1000,result,Kommunikations-Test fuer SR830 und OSTECH,,,
2026-09-15,10:48:25,981,KOM_Test,OSTECH,T,LTM,25.0,result,Kommunikations-Test fuer SR830 und OSTECH,,,
2026-09-15,10:48:25,995,KOM_Test,OSTECH,T,LCA,0.0,result,Kommunikations-Test fuer SR830 und OSTECH,,,
2026-09-15,10:48:26,011,KOM_Test,OSTECH,T,LVA,0.0,result,Kommunikations-Test fuer SR830 und OSTECH,,,
2026-09-15,10:48:26,031,KOM_Test,OSTECH,T,XTA,21.000038146972656,result,Kommunikations-Test fuer SR830 und OSTECH,,,
2026-09-15,10:48:26,041,KOM_Test,OSTECH,T,GT,28.35409927368164,result,Kommunikations-Test fuer SR830 und OSTECH,,,
2026-09-15,10:48:26,057,KOM_Test,OSTECH,T,GS,"{'status_word': 3085, 'interlock_ok': True, 'driver_supply_ok': True, 'driver_temperature_ok': True, 'lt_sensor_ok': True, 'ct_sensor_ok': True, 'lc_on': False, 'lc_error': False}",result,Kommunikations-Test fuer SR830 und OSTECH,,,
2026-09-15,10:48:26,081,KOM_Test,OSTECH,T,LTM,25.0,result,Kommunikations-Test fuer SR830 und OSTECH,,,
2026-09-15,10:48:26,091,KOM_Test,SR830,T,"SNAP 1,2,3,4,10,11","0,6.10356e-005,6.10356e-005,90,0,6.10356e-005",result,Kommunikations-Test fuer SR830 und OSTECH,,,
2026-09-15,10:48:26,098,KOM_Test,OSTECH,T,LCA,0.0,result,Kommunikations-Test fuer SR830 und OSTECH,,,
2026-09-15,10:48:26,119,KOM_Test,OSTECH,T,LVA,0.0,result,Kommunikations-Test fuer SR830 und OSTECH,,,
2026-09-15,10:48:26,131,KOM_Test,OSTECH,T,XTA,21.000038146972656,result,Kommunikations-Test fuer SR830 und OSTECH,,,
2026-09-15,10:48:26,141,KOM_Test,OSTECH,T,GT,28.35409927368164,result,Kommunikations-Test fuer SR830 und OSTECH,,,
2026-09-15,10:48:26,161,KOM_Test,OSTECH,T,GS,"{'status_word': 3085, 'interlock_ok': True, 'driver_supply_ok': True, 'driver_temperature_ok': True, 'lt_sensor_ok': True, 'ct_sensor_ok': True, 'lc_on': False, 'lc_error': False}",result,Kommunikations-Test fuer SR830 und OSTECH,,,
2026-09-15,10:48:26,181,KOM_Test,OSTECH,T,LTM,25.0,result,Kommunikations-Test fuer SR830 und OSTECH,,,
2026-09-15,10:48:26,195,KOM_Test,OSTECH,T,LCA,0.0,result,Kommunikations-Test fuer SR830 und OSTECH,,,
2026-09-15,10:48:26,215,KOM_Test,OSTECH,T,LVA,0.0,result,Kommunikations-Test fuer SR830 und OSTECH,,,
2026-09-15,10:48:26,229,KOM_Test,SR830,T,"SNAP 5,6,7,8,9","-0.000666667,0.00633333,0.000666667,-0.00566667,1000",result,Kommunikations-Test fuer SR830 und OSTECH,,,
2026-09-15,10:48:26,230,KOM_Test,OSTECH,T,XTA,21.000038146972656,result,Kommunikations-Test fuer SR830 und OSTECH,,,
2026-09-15,10:48:26,241,KOM_Test,OSTECH,T,GT,28.35409927368164,result,Kommunikations-Test fuer SR830 und OSTECH,,,
2026-09-15,10:48:26,241,KOM_Test,SR830,T,PHAS,0,result,Kommunikations-Test fuer SR830 und OSTECH,,,
2026-09-15,10:48:26,254,KOM_Test,OSTECH,T,GS,"{'status_word': 3085, 'interlock_ok': True, 'driver_supply_ok': True, 'driver_temperature_ok': True, 'lt_sensor_ok': True, 'ct_sensor_ok': True, 'lc_on': False, 'lc_error': False}",result,Kommunikations-Test fuer SR830 und OSTECH,,,
2026-09-15,10:48:26,271,KOM_Test,SR830,T,FREQ,1000,result,Kommunikations-Test fuer SR830 und OSTECH,,,
2026-09-15,10:48:26,271,KOM_Test,OSTECH,T,LTM,25.0,result,Kommunikations-Test fuer SR830 und OSTECH,,,
2026-09-15,10:48:26,295,KOM_Test,OSTECH,T,LCA,0.0,result,Kommunikations-Test fuer SR830 und OSTECH,,,
2026-09-15,10:48:26,311,KOM_Test,OSTECH,T,LVA,0.0,result,Kommunikations-Test fuer SR830 und OSTECH,,,
2026-09-15,10:48:26,331,KOM_Test,OSTECH,T,XTA,21.000038146972656,result,Kommunikations-Test fuer SR830 und OSTECH,,,
2026-09-15,10:48:26,341,KOM_Test,OSTECH,T,GT,28.35409927368164,result,Kommunikations-Test fuer SR830 und OSTECH,,,
2026-09-15,10:48:26,361,KOM_Test,OSTECH,T,GS,"{'status_word': 3085, 'interlock_ok': True, 'driver_supply_ok': True, 'driver_temperature_ok': True, 'lt_sensor_ok': True, 'ct_sensor_ok': True, 'lc_on': False, 'lc_error': False}",result,Kommunikations-Test fuer SR830 und OSTECH,,,
2026-09-15,10:48:26,381,KOM_Test,OSTECH,T,LTM,25.0,result,Kommunikations-Test fuer SR830 und OSTECH,,,
2026-09-15,10:48:26,387,KOM_Test,SR830,T,"SNAP 1,2,3,4,10,11","0,-6.10356e-005,0,-90,0,-6.10356e-005",result,Kommunikations-Test fuer SR830 und OSTECH,,,
2026-09-15,10:48:26,395,KOM_Test,OSTECH,T,LCA,0.0,result,Kommunikations-Test fuer SR830 und OSTECH,,,
2026-09-15,10:48:26,411,KOM_Test,OSTECH,T,LVA,0.0,result,Kommunikations-Test fuer SR830 und OSTECH,,,
2026-09-15,10:48:26,431,KOM_Test,OSTECH,T,XTA,21.000038146972656,result,Kommunikations-Test fuer SR830 und OSTECH,,,
2026-09-15,10:48:26,441,KOM_Test,OSTECH,T,GT,28.35409927368164,result,Kommunikations-Test fuer SR830 und OSTECH,,,
2026-09-15,10:48:26,461,KOM_Test,OSTECH,T,GS,"{'status_word': 3085, 'interlock_ok': True, 'driver_supply_ok': True, 'driver_temperature_ok': True, 'lt_sensor_ok': True, 'ct_sensor_ok': True, 'lc_on': False, 'lc_error': False}",result,Kommunikations-Test fuer SR830 und OSTECH,,,
2026-09-15,10:48:26,487,KOM_Test,OSTECH,T,LTM,25.0,result,Kommunikations-Test fuer SR830 und OSTECH,,,
2026-09-15,10:48:26,511,KOM_Test,OSTECH,T,LCA,0.0,result,Kommunikations-Test fuer SR830 und OSTECH,,,
2026-09-15,10:48:26,523,KOM_Test,SR830,T,"SNAP 5,6,7,8,9","-0.000333333,0.00466667,0.000666667,0.00266667,1000",result,Kommunikations-Test fuer SR830 und OSTECH,,,
2026-09-15,10:48:26,531,KOM_Test,OSTECH,T,LVA,0.0,result,Kommunikations-Test fuer SR830 und OSTECH,,,
2026-09-15,10:48:26,546,KOM_Test,SR830,T,PHAS,0,result,Kommunikations-Test fuer SR830 und OSTECH,,,
2026-09-15,10:48:26,546,KOM_Test,OSTECH,T,XTA,20.99970245361328,result,Kommunikations-Test fuer SR830 und OSTECH,,,
2026-09-15,10:48:26,563,KOM_Test,OSTECH,T,GT,28.35409927368164,result,Kommunikations-Test fuer SR830 und OSTECH,,,
2026-09-15,10:48:26,563,KOM_Test,SR830,T,FREQ,1000,result,Kommunikations-Test fuer SR830 und OSTECH,,,
2026-09-15,10:48:26,580,KOM_Test,OSTECH,T,GS,"{'status_word': 3085, 'interlock_ok': True, 'driver_supply_ok': True, 'driver_temperature_ok': True, 'lt_sensor_ok': True, 'ct_sensor_ok': True, 'lc_on': False, 'lc_error': False}",result,Kommunikations-Test fuer SR830 und OSTECH,,,
2026-09-15,10:48:26,595,KOM_Test,OSTECH,T,LTM,25.0,result,Kommunikations-Test fuer SR830 und OSTECH,,,
2026-09-15,10:48:26,611,KOM_Test,OSTECH,T,LCA,0.0,result,Kommunikations-Test fuer SR830 und OSTECH,,,
2026-09-15,10:48:26,631,KOM_Test,OSTECH,T,LVA,0.0,result,Kommunikations-Test fuer SR830 und OSTECH,,,
2026-09-15,10:48:26,641,KOM_Test,OSTECH,T,XTA,20.99970245361328,result,Kommunikations-Test fuer SR830 und OSTECH,,,
2026-09-15,10:48:26,661,KOM_Test,OSTECH,T,GT,28.35409927368164,result,Kommunikations-Test fuer SR830 und OSTECH,,,
2026-09-15,10:48:26,676,KOM_Test,OSTECH,T,GS,"{'status_word': 3085, 'interlock_ok': True, 'driver_supply_ok': True, 'driver_temperature_ok': True, 'lt_sensor_ok': True, 'ct_sensor_ok': True, 'lc_on': False, 'lc_error': False}",result,Kommunikations-Test fuer SR830 und OSTECH,,,
2026-09-15,10:48:26,695,KOM_Test,OSTECH,T,LTM,25.0,result,Kommunikations-Test fuer SR830 und OSTECH,,,
2026-09-15,10:48:26,711,KOM_Test,OSTECH,T,LCA,0.0,result,Kommunikations-Test fuer SR830 und OSTECH,,,
2026-09-15,10:48:26,724,KOM_Test,OSTECH,T,LVA,0.0,result,Kommunikations-Test fuer SR830 und OSTECH,,,
2026-09-15,10:48:26,735,KOM_Test,SR830,T,"SNAP 1,2,3,4,10,11","-6.10356e-005,6.10356e-005,6.10356e-005,116.562,-6.10356e-005,6.10356e-005",result,Kommunikations-Test fuer SR830 und OSTECH,,,
2026-09-15,10:48:26,741,KOM_Test,OSTECH,T,XTA,20.99970245361328,result,Kommunikations-Test fuer SR830 und OSTECH,,,
2026-09-15,10:48:26,761,KOM_Test,OSTECH,T,GT,28.35409927368164,result,Kommunikations-Test fuer SR830 und OSTECH,,,
2026-09-15,10:48:26,774,KOM_Test,OSTECH,T,GS,"{'status_word': 3085, 'interlock_ok': True, 'driver_supply_ok': True, 'driver_temperature_ok': True, 'lt_sensor_ok': True, 'ct_sensor_ok': True, 'lc_on': False, 'lc_error': False}",result,Kommunikations-Test fuer SR830 und OSTECH,,,
2026-09-15,10:48:26,795,KOM_Test,OSTECH,T,LTM,25.0,result,Kommunikations-Test fuer SR830 und OSTECH,,,
2026-09-15,10:48:26,811,KOM_Test,OSTECH,T,LCA,0.0,result,Kommunikations-Test fuer SR830 und OSTECH,,,
2026-09-15,10:48:26,831,KOM_Test,OSTECH,T,LVA,0.0,result,Kommunikations-Test fuer SR830 und OSTECH,,,
2026-09-15,10:48:26,841,KOM_Test,SR830,T,"SNAP 5,6,7,8,9","0.00133333,0.008,0.00233333,-0.001,1000",result,Kommunikations-Test fuer SR830 und OSTECH,,,
2026-09-15,10:48:26,856,KOM_Test,OSTECH,T,XTA,20.994766235351562,result,Kommunikations-Test fuer SR830 und OSTECH,,,
2026-09-15,10:48:26,866,KOM_Test,SR830,T,PHAS,0,result,Kommunikations-Test fuer SR830 und OSTECH,,,
2026-09-15,10:48:26,881,KOM_Test,OSTECH,T,GT,28.35409927368164,result,Kommunikations-Test fuer SR830 und OSTECH,,,
2026-09-15,10:48:26,888,KOM_Test,SR830,T,FREQ,1000,result,Kommunikations-Test fuer SR830 und OSTECH,,,
2026-09-15,10:48:26,896,KOM_Test,OSTECH,T,GS,"{'status_word': 3085, 'interlock_ok': True, 'driver_supply_ok': True, 'driver_temperature_ok': True, 'lt_sensor_ok': True, 'ct_sensor_ok': True, 'lc_on': False, 'lc_error': False}",result,Kommunikations-Test fuer SR830 und OSTECH,,,
2026-09-15,10:48:26,911,KOM_Test,OSTECH,T,LTM,25.0,result,Kommunikations-Test fuer SR830 und OSTECH,,,
2026-09-15,10:48:26,931,KOM_Test,OSTECH,T,LCA,0.0,result,Kommunikations-Test fuer SR830 und OSTECH,,,
2026-09-15,10:48:26,941,KOM_Test,OSTECH,T,LVA,0.0,result,Kommunikations-Test fuer SR830 und OSTECH,,,
2026-09-15,10:48:26,961,KOM_Test,OSTECH,T,XTA,20.994766235351562,result,Kommunikations-Test fuer SR830 und OSTECH,,,
2026-09-15,10:48:26,967,KOM_Test,SR830,T,"SNAP 1,2,3,4,10,11","0,0,0,90,0,0",result,Kommunikations-Test fuer SR830 und OSTECH,,,
2026-09-15,10:48:26,981,KOM_Test,OSTECH,T,GT,28.35409927368164,result,Kommunikations-Test fuer SR830 und OSTECH,,,
2026-09-15,10:48:26,991,KOM_Test,OSTECH,T,GS,"{'status_word': 3085, 'interlock_ok': True, 'driver_supply_ok': True, 'driver_temperature_ok': True, 'lt_sensor_ok': True, 'ct_sensor_ok': True, 'lc_on': False, 'lc_error': False}",result,Kommunikations-Test fuer SR830 und OSTECH,,,
2026-09-15,10:48:27,011,KOM_Test,OSTECH,T,LTM,25.0,result,Kommunikations-Test fuer SR830 und OSTECH,,,
2026-09-15,10:48:27,037,KOM_Test,OSTECH,T,LCA,0.0,result,Kommunikations-Test fuer SR830 und OSTECH,,,
2026-09-15,10:48:27,061,KOM_Test,OSTECH,T,LVA,0.0,result,Kommunikations-Test fuer SR830 und OSTECH,,,
2026-09-15,10:48:27,081,KOM_Test,OSTECH,T,XTA,20.994766235351562,result,Kommunikations-Test fuer SR830 und OSTECH,,,
2026-09-15,10:48:27,085,KOM_Test,SR830,T,"SNAP 5,6,7,8,9","-0.000333333,0.00633333,0.00233333,-0.001,1000",result,Kommunikations-Test fuer SR830 und OSTECH,,,
2026-09-15,10:48:27,096,KOM_Test,OSTECH,T,GT,28.35409927368164,result,Kommunikations-Test fuer SR830 und OSTECH,,,
2026-09-15,10:48:27,099,KOM_Test,SR830,T,PHAS,0,result,Kommunikations-Test fuer SR830 und OSTECH,,,
2026-09-15,10:48:27,112,KOM_Test,OSTECH,T,GS,"{'status_word': 3085, 'interlock_ok': True, 'driver_supply_ok': True, 'driver_temperature_ok': True, 'lt_sensor_ok': True, 'ct_sensor_ok': True, 'lc_on': False, 'lc_error': False}",result,Kommunikations-Test fuer SR830 und OSTECH,,,
2026-09-15,10:48:27,121,KOM_Test,SR830,T,FREQ,1000,result,Kommunikations-Test fuer SR830 und OSTECH,,,
2026-09-15,10:48:27,131,KOM_Test,OSTECH,T,LTM,25.0,result,Kommunikations-Test fuer SR830 und OSTECH,,,
2026-09-15,10:48:27,141,KOM_Test,OSTECH,T,LCA,0.0,result,Kommunikations-Test fuer SR830 und OSTECH,,,
2026-09-15,10:48:27,161,KOM_Test,OSTECH,T,LVA,0.0,result,Kommunikations-Test fuer SR830 und OSTECH,,,
2026-09-15,10:48:27,181,KOM_Test,OSTECH,T,XTA,20.994766235351562,result,Kommunikations-Test fuer SR830 und OSTECH,,,
2026-09-15,10:48:27,196,KOM_Test,OSTECH,T,GT,28.35409927368164,result,Kommunikations-Test fuer SR830 und OSTECH,,,
2026-09-15,10:48:27,216,KOM_Test,OSTECH,T,GS,"{'status_word': 3085, 'interlock_ok': True, 'driver_supply_ok': True, 'driver_temperature_ok': True, 'lt_sensor_ok': True, 'ct_sensor_ok': True, 'lc_on': False, 'lc_error': False}",result,Kommunikations-Test fuer SR830 und OSTECH,,,
2026-09-15,10:48:27,228,KOM_Test,OSTECH,T,LTM,25.0,result,Kommunikations-Test fuer SR830 und OSTECH,,,
2026-09-15,10:48:27,238,KOM_Test,OSTECH,T,LCA,0.0,result,Kommunikations-Test fuer SR830 und OSTECH,,,
2026-09-15,10:48:27,257,KOM_Test,SR830,T,"SNAP 1,2,3,4,10,11","0,-0.000122071,6.10356e-005,-90,0,-0.000122071",result,Kommunikations-Test fuer SR830 und OSTECH,,,
2026-09-15,10:48:27,266,KOM_Test,OSTECH,T,LVA,0.0,result,Kommunikations-Test fuer SR830 und OSTECH,,,
2026-09-15,10:48:27,279,KOM_Test,OSTECH,T,XTA,20.994766235351562,result,Kommunikations-Test fuer SR830 und OSTECH,,,
2026-09-15,10:48:27,296,KOM_Test,OSTECH,T,GT,28.35409927368164,result,Kommunikations-Test fuer SR830 und OSTECH,,,
2026-09-15,10:48:27,304,KOM_Test,OSTECH,T,GS,"{'status_word': 3085, 'interlock_ok': True, 'driver_supply_ok': True, 'driver_temperature_ok': True, 'lt_sensor_ok': True, 'ct_sensor_ok': True, 'lc_on': False, 'lc_error': False}",result,Kommunikations-Test fuer SR830 und OSTECH,,,
2026-09-15,10:48:27,329,KOM_Test,OSTECH,T,LTM,25.0,result,Kommunikations-Test fuer SR830 und OSTECH,,,
2026-09-15,10:48:27,341,KOM_Test,OSTECH,T,LCA,0.0,result,Kommunikations-Test fuer SR830 und OSTECH,,,
2026-09-15,10:48:27,357,KOM_Test,OSTECH,T,LVA,0.0,result,Kommunikations-Test fuer SR830 und OSTECH,,,
2026-09-15,10:48:27,379,KOM_Test,SR830,T,"SNAP 5,6,7,8,9","-0.00166667,0.008,0.000666667,-0.001,1000",result,Kommunikations-Test fuer SR830 und OSTECH,,,
2026-09-15,10:48:27,382,KOM_Test,OSTECH,T,XTA,20.994766235351562,result,Kommunikations-Test fuer SR830 und OSTECH,,,
2026-09-15,10:48:27,396,KOM_Test,SR830,T,PHAS,0,result,Kommunikations-Test fuer SR830 und OSTECH,,,
2026-09-15,10:48:27,408,KOM_Test,OSTECH,T,GT,28.35409927368164,result,Kommunikations-Test fuer SR830 und OSTECH,,,
2026-09-15,10:48:27,421,KOM_Test,SR830,T,FREQ,1000,result,Kommunikations-Test fuer SR830 und OSTECH,,,
2026-09-15,10:48:27,430,KOM_Test,OSTECH,T,GS,"{'status_word': 3085, 'interlock_ok': True, 'driver_supply_ok': True, 'driver_temperature_ok': True, 'lt_sensor_ok': True, 'ct_sensor_ok': True, 'lc_on': False, 'lc_error': False}",result,Kommunikations-Test fuer SR830 und OSTECH,,,
2026-09-15,10:48:27,438,KOM_Test,OSTECH,T,LTM,25.0,result,Kommunikations-Test fuer SR830 und OSTECH,,,
2026-09-15,10:48:27,463,KOM_Test,OSTECH,T,LCA,0.0,result,Kommunikations-Test fuer SR830 und OSTECH,,,
2026-09-15,10:48:27,480,KOM_Test,OSTECH,T,LVA,0.0,result,Kommunikations-Test fuer SR830 und OSTECH,,,
2026-09-15,10:48:27,496,KOM_Test,OSTECH,T,XTA,20.996681213378906,result,Kommunikations-Test fuer SR830 und OSTECH,,,
2026-09-15,10:48:27,505,KOM_Test,SR830,T,"SNAP 1,2,3,4,10,11","0,0,0,0,0,0",result,Kommunikations-Test fuer SR830 und OSTECH,,,
2026-09-15,10:48:27,515,KOM_Test,OSTECH,T,GT,28.35409927368164,result,Kommunikations-Test fuer SR830 und OSTECH,,,
2026-09-15,10:48:27,530,KOM_Test,OSTECH,T,GS,"{'status_word': 3085, 'interlock_ok': True, 'driver_supply_ok': True, 'driver_temperature_ok': True, 'lt_sensor_ok': True, 'ct_sensor_ok': True, 'lc_on': False, 'lc_error': False}",result,Kommunikations-Test fuer SR830 und OSTECH,,,
2026-09-15,10:48:27,538,KOM_Test,OSTECH,T,LTM,25.0,result,Kommunikations-Test fuer SR830 und OSTECH,,,
2026-09-15,10:48:27,556,KOM_Test,OSTECH,T,LCA,0.0,result,Kommunikations-Test fuer SR830 und OSTECH,,,
2026-09-15,10:48:27,591,KOM_Test,OSTECH,T,LVA,0.0,result,Kommunikations-Test fuer SR830 und OSTECH,,,
2026-09-15,10:48:27,612,KOM_Test,OSTECH,T,XTA,20.996681213378906,result,Kommunikations-Test fuer SR830 und OSTECH,,,
2026-09-15,10:48:27,630,KOM_Test,OSTECH,T,GT,28.35409927368164,result,Kommunikations-Test fuer SR830 und OSTECH,,,
2026-09-15,10:48:27,638,KOM_Test,SR830,T,"SNAP 5,6,7,8,9","-0.002,0.00766667,0.000666667,-0.000666667,1000",result,Kommunikations-Test fuer SR830 und OSTECH,,,
2026-09-15,10:48:27,638,KOM_Test,OSTECH,T,GS,"{'status_word': 3085, 'interlock_ok': True, 'driver_supply_ok': True, 'driver_temperature_ok': True, 'lt_sensor_ok': True, 'ct_sensor_ok': True, 'lc_on': False, 'lc_error': False}",result,Kommunikations-Test fuer SR830 und OSTECH,,,
2026-09-15,10:48:27,654,KOM_Test,OSTECH,T,LTM,25.0,result,Kommunikations-Test fuer SR830 und OSTECH,,,
2026-09-15,10:48:27,657,KOM_Test,SR830,T,PHAS,0,result,Kommunikations-Test fuer SR830 und OSTECH,,,
2026-09-15,10:48:27,681,KOM_Test,OSTECH,T,LCA,0.0,result,Kommunikations-Test fuer SR830 und OSTECH,,,
2026-09-15,10:48:27,690,KOM_Test,SR830,T,FREQ,1000,result,Kommunikations-Test fuer SR830 und OSTECH,,,
2026-09-15,10:48:27,697,KOM_Test,OSTECH,T,LVA,0.0,result,Kommunikations-Test fuer SR830 und OSTECH,,,
2026-09-15,10:48:27,704,KOM_Test,OSTECH,T,XTA,20.996681213378906,result,Kommunikations-Test fuer SR830 und OSTECH,,,
2026-09-15,10:48:27,731,KOM_Test,OSTECH,T,GT,28.35409927368164,result,Kommunikations-Test fuer SR830 und OSTECH,,,
2026-09-15,10:48:27,738,KOM_Test,OSTECH,T,GS,"{'status_word': 3085, 'interlock_ok': True, 'driver_supply_ok': True, 'driver_temperature_ok': True, 'lt_sensor_ok': True, 'ct_sensor_ok': True, 'lc_on': False, 'lc_error': False}",result,Kommunikations-Test fuer SR830 und OSTECH,,,
2026-09-15,10:48:27,755,KOM_Test,OSTECH,T,LTM,25.0,result,Kommunikations-Test fuer SR830 und OSTECH,,,
2026-09-15,10:48:27,781,KOM_Test,OSTECH,T,LCA,0.0,result,Kommunikations-Test fuer SR830 und OSTECH,,,
2026-09-15,10:48:27,797,KOM_Test,OSTECH,T,LVA,0.0,result,Kommunikations-Test fuer SR830 und OSTECH,,,
2026-09-15,10:48:27,806,KOM_Test,OSTECH,T,XTA,20.996681213378906,result,Kommunikations-Test fuer SR830 und OSTECH,,,
2026-09-15,10:48:27,823,KOM_Test,SR830,T,"SNAP 1,2,3,4,10,11","0,-0.000122071,6.10356e-005,-90,0,-0.000122071",result,Kommunikations-Test fuer SR830 und OSTECH,,,
2026-09-15,10:48:27,830,KOM_Test,OSTECH,T,GT,28.35409927368164,result,Kommunikations-Test fuer SR830 und OSTECH,,,
2026-09-15,10:48:27,846,KOM_Test,OSTECH,T,GS,"{'status_word': 3085, 'interlock_ok': True, 'driver_supply_ok': True, 'driver_temperature_ok': True, 'lt_sensor_ok': True, 'ct_sensor_ok': True, 'lc_on': False, 'lc_error': False}",result,Kommunikations-Test fuer SR830 und OSTECH,,,
2026-09-15,10:48:27,855,KOM_Test,OSTECH,T,LTM,25.0,result,Kommunikations-Test fuer SR830 und OSTECH,,,
2026-09-15,10:48:27,882,KOM_Test,OSTECH,T,LCA,0.0,result,Kommunikations-Test fuer SR830 und OSTECH,,,
2026-09-15,10:48:27,897,KOM_Test,OSTECH,T,LVA,0.0,result,Kommunikations-Test fuer SR830 und OSTECH,,,
2026-09-15,10:48:27,911,KOM_Test,OSTECH,T,XTA,20.996681213378906,result,Kommunikations-Test fuer SR830 und OSTECH,,,
2026-09-15,10:48:27,923,KOM_Test,OSTECH,T,GT,28.35409927368164,result,Kommunikations-Test fuer SR830 und OSTECH,,,
2026-09-15,10:48:27,954,KOM_Test,OSTECH,T,GS,"{'status_word': 3085, 'interlock_ok': True, 'driver_supply_ok': True, 'driver_temperature_ok': True, 'lt_sensor_ok': True, 'ct_sensor_ok': True, 'lc_on': False, 'lc_error': False}",result,Kommunikations-Test fuer SR830 und OSTECH,,,
2026-09-15,10:48:27,959,KOM_Test,SR830,T,"SNAP 5,6,7,8,9","-0.00166667,0.00666667,0.00233333,0.000666667,1000",result,Kommunikations-Test fuer SR830 und OSTECH,,,
2026-09-15,10:48:27,983,KOM_Test,OSTECH,T,LTM,25.0,result,Kommunikations-Test fuer SR830 und OSTECH,,,
2026-09-15,10:48:27,983,KOM_Test,SR830,T,PHAS,0,result,Kommunikations-Test fuer SR830 und OSTECH,,,
2026-09-15,10:48:27,997,KOM_Test,OSTECH,T,LCA,0.0,result,Kommunikations-Test fuer SR830 und OSTECH,,,
2026-09-15,10:48:28,006,KOM_Test,SR830,T,FREQ,1000,result,Kommunikations-Test fuer SR830 und OSTECH,,,
2026-09-15,10:48:28,007,KOM_Test,OSTECH,T,LVA,0.0,result,Kommunikations-Test fuer SR830 und OSTECH,,,
2026-09-15,10:48:28,033,KOM_Test,OSTECH,T,XTA,20.997352600097656,result,Kommunikations-Test fuer SR830 und OSTECH,,,
2026-09-15,10:48:28,040,KOM_Test,OSTECH,T,GT,28.35409927368164,result,Kommunikations-Test fuer SR830 und OSTECH,,,
2026-09-15,10:48:28,055,KOM_Test,OSTECH,T,GS,"{'status_word': 3085, 'interlock_ok': True, 'driver_supply_ok': True, 'driver_temperature_ok': True, 'lt_sensor_ok': True, 'ct_sensor_ok': True, 'lc_on': False, 'lc_error': False}",result,Kommunikations-Test fuer SR830 und OSTECH,,,
2026-09-15,10:48:28,071,KOM_Test,OSTECH,T,LTM,25.0,result,Kommunikations-Test fuer SR830 und OSTECH,,,
2026-09-15,10:48:28,097,KOM_Test,OSTECH,T,LCA,0.0,result,Kommunikations-Test fuer SR830 und OSTECH,,,
2026-09-15,10:48:28,107,KOM_Test,OSTECH,T,LVA,0.0,result,Kommunikations-Test fuer SR830 und OSTECH,,,
2026-09-15,10:48:28,138,KOM_Test,OSTECH,T,XTA,20.997352600097656,result,Kommunikations-Test fuer SR830 und OSTECH,,,
2026-09-15,10:48:28,162,KOM_Test,OSTECH,T,GT,28.35409927368164,result,Kommunikations-Test fuer SR830 und OSTECH,,,
2026-09-15,10:48:28,171,KOM_Test,OSTECH,T,GS,"{'status_word': 3085, 'interlock_ok': True, 'driver_supply_ok': True, 'driver_temperature_ok': True, 'lt_sensor_ok': True, 'ct_sensor_ok': True, 'lc_on': False, 'lc_error': False}",result,Kommunikations-Test fuer SR830 und OSTECH,,,
2026-09-15,10:48:28,184,KOM_Test,SR830,T,"SNAP 1,2,3,4,10,11","-0.000122071,-6.10356e-005,6.10356e-005,-153.438,-0.000122071,-6.10356e-005",result,Kommunikations-Test fuer SR830 und OSTECH,,,
2026-09-15,10:48:28,197,KOM_Test,OSTECH,T,LTM,25.0,result,Kommunikations-Test fuer SR830 und OSTECH,,,
2026-09-15,10:48:28,205,KOM_Test,OSTECH,T,LCA,0.0,result,Kommunikations-Test fuer SR830 und OSTECH,,,
2026-09-15,10:48:28,224,KOM_Test,OSTECH,T,LVA,0.0,result,Kommunikations-Test fuer SR830 und OSTECH,,,
2026-09-15,10:48:28,238,KOM_Test,OSTECH,T,XTA,20.997352600097656,result,Kommunikations-Test fuer SR830 und OSTECH,,,
2026-09-15,10:48:28,258,KOM_Test,OSTECH,T,GT,28.35409927368164,result,Kommunikations-Test fuer SR830 und OSTECH,,,
2026-09-15,10:48:28,271,KOM_Test,OSTECH,T,GS,"{'status_word': 3085, 'interlock_ok': True, 'driver_supply_ok': True, 'driver_temperature_ok': True, 'lt_sensor_ok': True, 'ct_sensor_ok': True, 'lc_on': False, 'lc_error': False}",result,Kommunikations-Test fuer SR830 und OSTECH,,,
2026-09-15,10:48:28,297,KOM_Test,OSTECH,T,LTM,25.0,result,Kommunikations-Test fuer SR830 und OSTECH,,,
2026-09-15,10:48:28,305,KOM_Test,SR830,T,"SNAP 5,6,7,8,9","-0.00166667,0.00633333,-0.000333333,-0.000666667,1000",result,Kommunikations-Test fuer SR830 und OSTECH,,,
2026-09-15,10:48:28,315,KOM_Test,OSTECH,T,LCA,0.0,result,Kommunikations-Test fuer SR830 und OSTECH,,,
2026-09-15,10:48:28,322,KOM_Test,OSTECH,T,LVA,0.0,result,Kommunikations-Test fuer SR830 und OSTECH,,,
2026-09-15,10:48:28,335,KOM_Test,SR830,T,PHAS,0,result,Kommunikations-Test fuer SR830 und OSTECH,,,
2026-09-15,10:48:28,341,KOM_Test,OSTECH,T,XTA,20.997352600097656,result,Kommunikations-Test fuer SR830 und OSTECH,,,
2026-09-15,10:48:28,354,KOM_Test,SR830,T,FREQ,1000,result,Kommunikations-Test fuer SR830 und OSTECH,,,
2026-09-15,10:48:28,355,KOM_Test,OSTECH,T,GT,28.35409927368164,result,Kommunikations-Test fuer SR830 und OSTECH,,,
2026-09-15,10:48:28,373,KOM_Test,OSTECH,T,GS,"{'status_word': 3085, 'interlock_ok': True, 'driver_supply_ok': True, 'driver_temperature_ok': True, 'lt_sensor_ok': True, 'ct_sensor_ok': True, 'lc_on': False, 'lc_error': False}",result,Kommunikations-Test fuer SR830 und OSTECH,,,
2026-09-15,10:48:28,398,KOM_Test,OSTECH,T,LTM,25.0,result,Kommunikations-Test fuer SR830 und OSTECH,,,
2026-09-15,10:48:28,416,KOM_Test,OSTECH,T,LCA,0.0,result,Kommunikations-Test fuer SR830 und OSTECH,,,
2026-09-15,10:48:28,425,KOM_Test,OSTECH,T,LVA,0.0,result,Kommunikations-Test fuer SR830 und OSTECH,,,
2026-09-15,10:48:28,438,KOM_Test,OSTECH,T,XTA,20.997352600097656,result,Kommunikations-Test fuer SR830 und OSTECH,,,
2026-09-15,10:48:28,449,KOM_Test,SR830,T,"SNAP 1,2,3,4,10,11","0,0,0,90,0,0",result,Kommunikations-Test fuer SR830 und OSTECH,,,
2026-09-15,10:48:28,457,KOM_Test,OSTECH,T,GT,28.35409927368164,result,Kommunikations-Test fuer SR830 und OSTECH,,,
2026-09-15,10:48:28,471,KOM_Test,OSTECH,T,GS,"{'status_word': 3085, 'interlock_ok': True, 'driver_supply_ok': True, 'driver_temperature_ok': True, 'lt_sensor_ok': True, 'ct_sensor_ok': True, 'lc_on': False, 'lc_error': False}",result,Kommunikations-Test fuer SR830 und OSTECH,,,
2026-09-15,10:48:28,507,KOM_Test,OSTECH,T,LTM,25.0,result,Kommunikations-Test fuer SR830 und OSTECH,,,
2026-09-15,10:48:28,533,KOM_Test,OSTECH,T,LCA,0.0,result,Kommunikations-Test fuer SR830 und OSTECH,,,
2026-09-15,10:48:28,540,KOM_Test,OSTECH,T,LVA,0.0,result,Kommunikations-Test fuer SR830 und OSTECH,,,
2026-09-15,10:48:28,557,KOM_Test,OSTECH,T,XTA,20.99779510498047,result,Kommunikations-Test fuer SR830 und OSTECH,,,
2026-09-15,10:48:28,574,KOM_Test,SR830,T,"SNAP 5,6,7,8,9","0.00133333,0.00633333,0.00233333,0.000666667,1000",result,Kommunikations-Test fuer SR830 und OSTECH,,,
2026-09-15,10:48:28,581,KOM_Test,OSTECH,T,GT,28.35409927368164,result,Kommunikations-Test fuer SR830 und OSTECH,,,
2026-09-15,10:48:28,596,KOM_Test,OSTECH,T,GS,"{'status_word': 3085, 'interlock_ok': True, 'driver_supply_ok': True, 'driver_temperature_ok': True, 'lt_sensor_ok': True, 'ct_sensor_ok': True, 'lc_on': False, 'lc_error': False}",result,Kommunikations-Test fuer SR830 und OSTECH,,,
2026-09-15,10:48:28,602,KOM_Test,SR830,T,PHAS,0,result,Kommunikations-Test fuer SR830 und OSTECH,,,
2026-09-15,10:48:28,605,KOM_Test,OSTECH,T,LTM,25.0,result,Kommunikations-Test fuer SR830 und OSTECH,,,
2026-09-15,10:48:28,621,KOM_Test,SR830,T,FREQ,1000,result,Kommunikations-Test fuer SR830 und OSTECH,,,
2026-09-15,10:48:28,621,KOM_Test,OSTECH,T,LCA,0.0,result,Kommunikations-Test fuer SR830 und OSTECH,,,
2026-09-15,10:48:28,638,KOM_Test,OSTECH,T,LVA,0.0,result,Kommunikations-Test fuer SR830 und OSTECH,,,
2026-09-15,10:48:28,657,KOM_Test,OSTECH,T,XTA,20.99779510498047,result,Kommunikations-Test fuer SR830 und OSTECH,,,
2026-09-15,10:48:28,692,KOM_Test,OSTECH,T,GT,28.353374481201172,result,Kommunikations-Test fuer SR830 und OSTECH,,,
2026-09-15,10:48:28,705,KOM_Test,OSTECH,T,GS,"{'status_word': 3085, 'interlock_ok': True, 'driver_supply_ok': True, 'driver_temperature_ok': True, 'lt_sensor_ok': True, 'ct_sensor_ok': True, 'lc_on': False, 'lc_error': False}",result,Kommunikations-Test fuer SR830 und OSTECH,,,
2026-09-15,10:48:28,725,KOM_Test,OSTECH,T,LTM,25.0,result,Kommunikations-Test fuer SR830 und OSTECH,,,
2026-09-15,10:48:28,749,KOM_Test,OSTECH,T,LCA,0.0,result,Kommunikations-Test fuer SR830 und OSTECH,,,
2026-09-15,10:48:28,757,KOM_Test,SR830,T,"SNAP 1,2,3,4,10,11","-0.000122071,0,6.10356e-005,180,-0.000122071,0",result,Kommunikations-Test fuer SR830 und OSTECH,,,
2026-09-15,10:48:28,766,KOM_Test,OSTECH,T,LVA,0.0,result,Kommunikations-Test fuer SR830 und OSTECH,,,
2026-09-15,10:48:28,774,KOM_Test,OSTECH,T,XTA,20.99779510498047,result,Kommunikations-Test fuer SR830 und OSTECH,,,
2026-09-15,10:48:28,797,KOM_Test,OSTECH,T,GT,28.353374481201172,result,Kommunikations-Test fuer SR830 und OSTECH,,,
2026-09-15,10:48:28,811,KOM_Test,OSTECH,T,GS,"{'status_word': 3085, 'interlock_ok': True, 'driver_supply_ok': True, 'driver_temperature_ok': True, 'lt_sensor_ok': True, 'ct_sensor_ok': True, 'lc_on': False, 'lc_error': False}",result,Kommunikations-Test fuer SR830 und OSTECH,,,
2026-09-15,10:48:28,822,KOM_Test,OSTECH,T,LTM,25.0,result,Kommunikations-Test fuer SR830 und OSTECH,,,
2026-09-15,10:48:28,842,KOM_Test,OSTECH,T,LCA,0.0,result,Kommunikations-Test fuer SR830 und OSTECH,,,
2026-09-15,10:48:28,857,KOM_Test,OSTECH,T,LVA,0.0,result,Kommunikations-Test fuer SR830 und OSTECH,,,
2026-09-15,10:48:28,878,KOM_Test,OSTECH,T,XTA,20.99779510498047,result,Kommunikations-Test fuer SR830 und OSTECH,,,
2026-09-15,10:48:28,891,KOM_Test,SR830,T,"SNAP 5,6,7,8,9","-0.002,0.00466667,0.000666667,-0.000666667,1000",result,Kommunikations-Test fuer SR830 und OSTECH,,,
2026-09-15,10:48:28,898,KOM_Test,OSTECH,T,GT,28.353374481201172,result,Kommunikations-Test fuer SR830 und OSTECH,,,
2026-09-15,10:48:28,913,KOM_Test,OSTECH,T,GS,"{'status_word': 3085, 'interlock_ok': True, 'driver_supply_ok': True, 'driver_temperature_ok': True, 'lt_sensor_ok': True, 'ct_sensor_ok': True, 'lc_on': False, 'lc_error': False}",result,Kommunikations-Test fuer SR830 und OSTECH,,,
2026-09-15,10:48:28,918,KOM_Test,SR830,T,PHAS,0,result,Kommunikations-Test fuer SR830 und OSTECH,,,
2026-09-15,10:48:28,921,KOM_Test,OSTECH,T,LTM,25.0,result,Kommunikations-Test fuer SR830 und OSTECH,,,
2026-09-15,10:48:28,938,KOM_Test,SR830,T,FREQ,1000,result,Kommunikations-Test fuer SR830 und OSTECH,,,
2026-09-15,10:48:28,941,KOM_Test,OSTECH,T,LCA,0.0,result,Kommunikations-Test fuer SR830 und OSTECH,,,
2026-09-15,10:48:28,955,KOM_Test,OSTECH,T,LVA,0.0,result,Kommunikations-Test fuer SR830 und OSTECH,,,
2026-09-15,10:48:28,974,KOM_Test,OSTECH,T,XTA,20.99779510498047,result,Kommunikations-Test fuer SR830 und OSTECH,,,
2026-09-15,10:48:28,991,KOM_Test,OSTECH,T,GT,28.353374481201172,result,Kommunikations-Test fuer SR830 und OSTECH,,,
2026-09-15,10:48:29,005,KOM_Test,OSTECH,T,GS,"{'status_word': 3085, 'interlock_ok': True, 'driver_supply_ok': True, 'driver_temperature_ok': True, 'lt_sensor_ok': True, 'ct_sensor_ok': True, 'lc_on': False, 'lc_error': False}",result,Kommunikations-Test fuer SR830 und OSTECH,,,
2026-09-15,10:48:29,022,KOM_Test,OSTECH,T,LTM,25.0,result,Kommunikations-Test fuer SR830 und OSTECH,,,
2026-09-15,10:48:29,060,KOM_Test,OSTECH,T,LCA,0.0,result,Kommunikations-Test fuer SR830 und OSTECH,,,
2026-09-15,10:48:29,068,KOM_Test,SR830,T,"SNAP 1,2,3,4,10,11","-6.10356e-005,0,0,135,-6.10356e-005,0",result,Kommunikations-Test fuer SR830 und OSTECH,,,
2026-09-15,10:48:29,072,KOM_Test,OSTECH,T,LVA,0.0,result,Kommunikations-Test fuer SR830 und OSTECH,,,
2026-09-15,10:48:29,092,KOM_Test,OSTECH,T,XTA,21.000381469726562,result,Kommunikations-Test fuer SR830 und OSTECH,,,
2026-09-15,10:48:29,108,KOM_Test,OSTECH,T,GT,28.353374481201172,result,Kommunikations-Test fuer SR830 und OSTECH,,,
2026-09-15,10:48:29,122,KOM_Test,OSTECH,T,GS,"{'status_word': 3085, 'interlock_ok': True, 'driver_supply_ok': True, 'driver_temperature_ok': True, 'lt_sensor_ok': True, 'ct_sensor_ok': True, 'lc_on': False, 'lc_error': False}",result,Kommunikations-Test fuer SR830 und OSTECH,,,
2026-09-15,10:48:29,142,KOM_Test,OSTECH,T,LTM,25.0,result,Kommunikations-Test fuer SR830 und OSTECH,,,
2026-09-15,10:48:29,157,KOM_Test,OSTECH,T,LCA,0.0,result,Kommunikations-Test fuer SR830 und OSTECH,,,
2026-09-15,10:48:29,174,KOM_Test,SR830,T,"SNAP 5,6,7,8,9","-0.002,0.005,-0.000666667,-0.001,1000",result,Kommunikations-Test fuer SR830 und OSTECH,,,
2026-09-15,10:48:29,183,KOM_Test,OSTECH,T,LVA,0.0,result,Kommunikations-Test fuer SR830 und OSTECH,,,
2026-09-15,10:48:29,197,KOM_Test,SR830,T,PHAS,0,result,Kommunikations-Test fuer SR830 und OSTECH,,,
2026-09-15,10:48:29,197,KOM_Test,OSTECH,T,XTA,21.000381469726562,result,Kommunikations-Test fuer SR830 und OSTECH,,,
2026-09-15,10:48:29,208,KOM_Test,OSTECH,T,GT,28.353374481201172,result,Kommunikations-Test fuer SR830 und OSTECH,,,
2026-09-15,10:48:29,222,KOM_Test,SR830,T,FREQ,1000,result,Kommunikations-Test fuer SR830 und OSTECH,,,
2026-09-15,10:48:29,230,KOM_Test,OSTECH,T,GS,"{'status_word': 3085, 'interlock_ok': True, 'driver_supply_ok': True, 'driver_temperature_ok': True, 'lt_sensor_ok': True, 'ct_sensor_ok': True, 'lc_on': False, 'lc_error': False}",result,Kommunikations-Test fuer SR830 und OSTECH,,,
2026-09-15,10:48:29,246,KOM_Test,OSTECH,T,LTM,25.0,result,Kommunikations-Test fuer SR830 und OSTECH,,,
2026-09-15,10:48:29,258,KOM_Test,OSTECH,T,LCA,0.0,result,Kommunikations-Test fuer SR830 und OSTECH,,,
2026-09-15,10:48:29,274,KOM_Test,OSTECH,T,LVA,0.0,result,Kommunikations-Test fuer SR830 und OSTECH,,,
2026-09-15,10:48:29,294,KOM_Test,OSTECH,T,XTA,21.000381469726562,result,Kommunikations-Test fuer SR830 und OSTECH,,,
2026-09-15,10:48:29,305,KOM_Test,SR830,T,"SNAP 1,2,3,4,10,11","0,0,0,90,0,0",result,Kommunikations-Test fuer SR830 und OSTECH,,,
2026-09-15,10:48:29,305,KOM_Test,OSTECH,T,GT,28.353374481201172,result,Kommunikations-Test fuer SR830 und OSTECH,,,
2026-09-15,10:48:29,329,KOM_Test,OSTECH,T,GS,"{'status_word': 3085, 'interlock_ok': True, 'driver_supply_ok': True, 'driver_temperature_ok': True, 'lt_sensor_ok': True, 'ct_sensor_ok': True, 'lc_on': False, 'lc_error': False}",result,Kommunikations-Test fuer SR830 und OSTECH,,,
2026-09-15,10:48:29,344,KOM_Test,OSTECH,T,LTM,25.0,result,Kommunikations-Test fuer SR830 und OSTECH,,,
2026-09-15,10:48:29,357,KOM_Test,OSTECH,T,LCA,0.0,result,Kommunikations-Test fuer SR830 und OSTECH,,,
2026-09-15,10:48:29,372,KOM_Test,OSTECH,T,LVA,0.0,result,Kommunikations-Test fuer SR830 und OSTECH,,,
2026-09-15,10:48:29,394,KOM_Test,OSTECH,T,XTA,21.000381469726562,result,Kommunikations-Test fuer SR830 und OSTECH,,,
2026-09-15,10:48:29,406,KOM_Test,OSTECH,T,GT,28.353374481201172,result,Kommunikations-Test fuer SR830 und OSTECH,,,
2026-09-15,10:48:29,426,KOM_Test,OSTECH,T,GS,"{'status_word': 3085, 'interlock_ok': True, 'driver_supply_ok': True, 'driver_temperature_ok': True, 'lt_sensor_ok': True, 'ct_sensor_ok': True, 'lc_on': False, 'lc_error': False}",result,Kommunikations-Test fuer SR830 und OSTECH,,,
2026-09-15,10:48:29,437,KOM_Test,SR830,T,"SNAP 5,6,7,8,9","-0.000333333,0.00666667,0.000666667,-0.001,1000",result,Kommunikations-Test fuer SR830 und OSTECH,,,
2026-09-15,10:48:29,445,KOM_Test,OSTECH,T,LTM,25.0,result,Kommunikations-Test fuer SR830 und OSTECH,,,
2026-09-15,10:48:29,455,KOM_Test,SR830,T,PHAS,0,result,Kommunikations-Test fuer SR830 und OSTECH,,,
2026-09-15,10:48:29,455,KOM_Test,OSTECH,T,LCA,0.0,result,Kommunikations-Test fuer SR830 und OSTECH,,,
2026-09-15,10:48:29,484,KOM_Test,OSTECH,T,LVA,0.0,result,Kommunikations-Test fuer SR830 und OSTECH,,,
2026-09-15,10:48:29,489,KOM_Test,SR830,T,FREQ,1000,result,Kommunikations-Test fuer SR830 und OSTECH,,,
2026-09-15,10:48:29,496,KOM_Test,OSTECH,T,XTA,21.000381469726562,result,Kommunikations-Test fuer SR830 und OSTECH,,,
2026-09-15,10:48:29,505,KOM_Test,OSTECH,T,GT,28.353374481201172,result,Kommunikations-Test fuer SR830 und OSTECH,,,
2026-09-15,10:48:29,524,KOM_Test,OSTECH,T,GS,"{'status_word': 3085, 'interlock_ok': True, 'driver_supply_ok': True, 'driver_temperature_ok': True, 'lt_sensor_ok': True, 'ct_sensor_ok': True, 'lc_on': False, 'lc_error': False}",result,Kommunikations-Test fuer SR830 und OSTECH,,,
2026-09-15,10:48:29,545,KOM_Test,OSTECH,T,LTM,25.0,result,Kommunikations-Test fuer SR830 und OSTECH,,,
2026-09-15,10:48:29,558,KOM_Test,OSTECH,T,LCA,0.0,result,Kommunikations-Test fuer SR830 und OSTECH,,,
2026-09-15,10:48:29,574,KOM_Test,OSTECH,T,LVA,0.0,result,Kommunikations-Test fuer SR830 und OSTECH,,,
2026-09-15,10:48:29,585,KOM_Test,SR830,T,"SNAP 1,2,3,4,10,11","0,0,0,45,0,0",result,Kommunikations-Test fuer SR830 und OSTECH,,,
2026-09-15,10:48:29,610,KOM_Test,OSTECH,T,XTA,20.998817443847656,result,Kommunikations-Test fuer SR830 und OSTECH,,,
2026-09-15,10:48:29,622,KOM_Test,OSTECH,T,GT,28.353374481201172,result,Kommunikations-Test fuer SR830 und OSTECH,,,
2026-09-15,10:48:29,638,KOM_Test,OSTECH,T,GS,"{'status_word': 3085, 'interlock_ok': True, 'driver_supply_ok': True, 'driver_temperature_ok': True, 'lt_sensor_ok': True, 'ct_sensor_ok': True, 'lc_on': False, 'lc_error': False}",result,Kommunikations-Test fuer SR830 und OSTECH,,,
2026-09-15,10:48:29,655,KOM_Test,OSTECH,T,LTM,25.0,result,Kommunikations-Test fuer SR830 und OSTECH,,,
2026-09-15,10:48:29,672,KOM_Test,OSTECH,T,LCA,0.0,result,Kommunikations-Test fuer SR830 und OSTECH,,,
2026-09-15,10:48:29,696,KOM_Test,OSTECH,T,LVA,0.0,result,Kommunikations-Test fuer SR830 und OSTECH,,,
2026-09-15,10:48:29,705,KOM_Test,SR830,T,"SNAP 5,6,7,8,9","-0.00366667,0.00633333,-0.002,-0.00233333,1000",result,Kommunikations-Test fuer SR830 und OSTECH,,,
2026-09-15,10:48:29,705,KOM_Test,OSTECH,T,XTA,20.998817443847656,result,Kommunikations-Test fuer SR830 und OSTECH,,,
2026-09-15,10:48:29,724,KOM_Test,OSTECH,T,GT,28.353374481201172,result,Kommunikations-Test fuer SR830 und OSTECH,,,
2026-09-15,10:48:29,732,KOM_Test,SR830,T,PHAS,0,result,Kommunikations-Test fuer SR830 und OSTECH,,,
2026-09-15,10:48:29,738,KOM_Test,OSTECH,T,GS,"{'status_word': 3085, 'interlock_ok': True, 'driver_supply_ok': True, 'driver_temperature_ok': True, 'lt_sensor_ok': True, 'ct_sensor_ok': True, 'lc_on': False, 'lc_error': False}",result,Kommunikations-Test fuer SR830 und OSTECH,,,
2026-09-15,10:48:29,755,KOM_Test,SR830,T,FREQ,1000,result,Kommunikations-Test fuer SR830 und OSTECH,,,
2026-09-15,10:48:29,755,KOM_Test,OSTECH,T,LTM,25.0,result,Kommunikations-Test fuer SR830 und OSTECH,,,
2026-09-15,10:48:29,789,KOM_Test,OSTECH,T,LCA,0.0,result,Kommunikations-Test fuer SR830 und OSTECH,,,
2026-09-15,10:48:29,810,KOM_Test,OSTECH,T,LVA,0.0,result,Kommunikations-Test fuer SR830 und OSTECH,,,
2026-09-15,10:48:29,824,KOM_Test,OSTECH,T,XTA,20.998817443847656,result,Kommunikations-Test fuer SR830 und OSTECH,,,
2026-09-15,10:48:29,847,KOM_Test,OSTECH,T,GT,28.353374481201172,result,Kommunikations-Test fuer SR830 und OSTECH,,,
2026-09-15,10:48:29,857,KOM_Test,OSTECH,T,GS,"{'status_word': 3085, 'interlock_ok': True, 'driver_supply_ok': True, 'driver_temperature_ok': True, 'lt_sensor_ok': True, 'ct_sensor_ok': True, 'lc_on': False, 'lc_error': False}",result,Kommunikations-Test fuer SR830 und OSTECH,,,
2026-09-15,10:48:29,872,KOM_Test,OSTECH,T,LTM,25.0,result,Kommunikations-Test fuer SR830 und OSTECH,,,
2026-09-15,10:48:29,897,KOM_Test,OSTECH,T,LCA,0.0,result,Kommunikations-Test fuer SR830 und OSTECH,,,
2026-09-15,10:48:29,911,KOM_Test,SR830,T,"SNAP 1,2,3,4,10,11","-6.10356e-005,-6.10356e-005,0,-135,-6.10356e-005,-6.10356e-005",result,Kommunikations-Test fuer SR830 und OSTECH,,,
2026-09-15,10:48:29,917,KOM_Test,OSTECH,T,LVA,0.0,result,Kommunikations-Test fuer SR830 und OSTECH,,,
2026-09-15,10:48:29,922,KOM_Test,OSTECH,T,XTA,20.998817443847656,result,Kommunikations-Test fuer SR830 und OSTECH,,,
2026-09-15,10:48:29,948,KOM_Test,OSTECH,T,GT,28.353374481201172,result,Kommunikations-Test fuer SR830 und OSTECH,,,
2026-09-15,10:48:29,955,KOM_Test,OSTECH,T,GS,"{'status_word': 3085, 'interlock_ok': True, 'driver_supply_ok': True, 'driver_temperature_ok': True, 'lt_sensor_ok': True, 'ct_sensor_ok': True, 'lc_on': False, 'lc_error': False}",result,Kommunikations-Test fuer SR830 und OSTECH,,,
2026-09-15,10:48:29,972,KOM_Test,OSTECH,T,LTM,25.0,result,Kommunikations-Test fuer SR830 und OSTECH,,,
2026-09-15,10:48:29,998,KOM_Test,OSTECH,T,LCA,0.0,result,Kommunikations-Test fuer SR830 und OSTECH,,,
2026-09-15,10:48:30,005,KOM_Test,OSTECH,T,LVA,0.0,result,Kommunikations-Test fuer SR830 und OSTECH,,,
2026-09-15,10:48:30,025,KOM_Test,OSTECH,T,XTA,20.998817443847656,result,Kommunikations-Test fuer SR830 und OSTECH,,,
2026-09-15,10:48:30,041,KOM_Test,SR830,T,"SNAP 5,6,7,8,9","-0.00466667,0.00633333,-0.000666667,-0.000666667,1000",result,Kommunikations-Test fuer SR830 und OSTECH,,,
2026-09-15,10:48:30,048,KOM_Test,OSTECH,T,GT,28.353374481201172,result,Kommunikations-Test fuer SR830 und OSTECH,,,
2026-09-15,10:48:30,063,KOM_Test,OSTECH,T,GS,"{'status_word': 3085, 'interlock_ok': True, 'driver_supply_ok': True, 'driver_temperature_ok': True, 'lt_sensor_ok': True, 'ct_sensor_ok': True, 'lc_on': False, 'lc_error': False}",result,Kommunikations-Test fuer SR830 und OSTECH,,,
2026-09-15,10:48:30,067,KOM_Test,SR830,T,PHAS,0,result,Kommunikations-Test fuer SR830 und OSTECH,,,
2026-09-15,10:48:30,080,KOM_Test,OSTECH,T,LTM,25.0,result,Kommunikations-Test fuer SR830 und OSTECH,,,
2026-09-15,10:48:30,089,KOM_Test,SR830,T,FREQ,1000,result,Kommunikations-Test fuer SR830 und OSTECH,,,
2026-09-15,10:48:30,099,KOM_Test,OSTECH,T,LCA,0.0,result,Kommunikations-Test fuer SR830 und OSTECH,,,
2026-09-15,10:48:30,105,KOM_Test,OSTECH,T,LVA,0.0,result,Kommunikations-Test fuer SR830 und OSTECH,,,
2026-09-15,10:48:30,122,KOM_Test,OSTECH,T,XTA,20.998817443847656,result,Kommunikations-Test fuer SR830 und OSTECH,,,
2026-09-15,10:48:30,158,KOM_Test,OSTECH,T,GT,28.353374481201172,result,Kommunikations-Test fuer SR830 und OSTECH,,,
2026-09-15,10:48:30,179,KOM_Test,OSTECH,T,GS,"{'status_word': 3085, 'interlock_ok': True, 'driver_supply_ok': True, 'driver_temperature_ok': True, 'lt_sensor_ok': True, 'ct_sensor_ok': True, 'lc_on': False, 'lc_error': False}",result,Kommunikations-Test fuer SR830 und OSTECH,,,
2026-09-15,10:48:30,200,KOM_Test,OSTECH,T,LTM,25.0,result,Kommunikations-Test fuer SR830 und OSTECH,,,
2026-09-15,10:48:30,207,KOM_Test,SR830,T,"SNAP 1,2,3,4,10,11","-6.10356e-005,0,0,180,-6.10356e-005,0",result,Kommunikations-Test fuer SR830 und OSTECH,,,
2026-09-15,10:48:30,217,KOM_Test,OSTECH,T,LCA,0.0,result,Kommunikations-Test fuer SR830 und OSTECH,,,
2026-09-15,10:48:30,231,KOM_Test,OSTECH,T,LVA,0.0,result,Kommunikations-Test fuer SR830 und OSTECH,,,
2026-09-15,10:48:30,250,KOM_Test,OSTECH,T,XTA,21.000503540039062,result,Kommunikations-Test fuer SR830 und OSTECH,,,
2026-09-15,10:48:30,257,KOM_Test,OSTECH,T,GT,28.353374481201172,result,Kommunikations-Test fuer SR830 und OSTECH,,,
2026-09-15,10:48:30,274,KOM_Test,OSTECH,T,GS,"{'status_word': 3085, 'interlock_ok': True, 'driver_supply_ok': True, 'driver_temperature_ok': True, 'lt_sensor_ok': True, 'ct_sensor_ok': True, 'lc_on': False, 'lc_error': False}",result,Kommunikations-Test fuer SR830 und OSTECH,,,
2026-09-15,10:48:30,301,KOM_Test,OSTECH,T,LTM,25.0,result,Kommunikations-Test fuer SR830 und OSTECH,,,
2026-09-15,10:48:30,305,KOM_Test,OSTECH,T,LCA,0.0,result,Kommunikations-Test fuer SR830 und OSTECH,,,
2026-09-15,10:48:30,322,KOM_Test,OSTECH,T,LVA,0.0,result,Kommunikations-Test fuer SR830 und OSTECH,,,
2026-09-15,10:48:30,342,KOM_Test,SR830,T,"SNAP 5,6,7,8,9","-0.00333333,0.00633333,0.00266667,0.00266667,1000",result,Kommunikations-Test fuer SR830 und OSTECH,,,
2026-09-15,10:48:30,351,KOM_Test,OSTECH,T,XTA,21.000503540039062,result,Kommunikations-Test fuer SR830 und OSTECH,,,
2026-09-15,10:48:30,356,KOM_Test,OSTECH,T,GT,28.353374481201172,result,Kommunikations-Test fuer SR830 und OSTECH,,,
2026-09-15,10:48:30,367,KOM_Test,SR830,T,PHAS,0,result,Kommunikations-Test fuer SR830 und OSTECH,,,
2026-09-15,10:48:30,372,KOM_Test,OSTECH,T,GS,"{'status_word': 3085, 'interlock_ok': True, 'driver_supply_ok': True, 'driver_temperature_ok': True, 'lt_sensor_ok': True, 'ct_sensor_ok': True, 'lc_on': False, 'lc_error': False}",result,Kommunikations-Test fuer SR830 und OSTECH,,,
2026-09-15,10:48:30,389,KOM_Test,SR830,T,FREQ,1000,result,Kommunikations-Test fuer SR830 und OSTECH,,,
2026-09-15,10:48:30,389,KOM_Test,OSTECH,T,LTM,25.0,result,Kommunikations-Test fuer SR830 und OSTECH,,,
2026-09-15,10:48:30,408,KOM_Test,OSTECH,T,LCA,0.0,result,Kommunikations-Test fuer SR830 und OSTECH,,,
2026-09-15,10:48:30,424,KOM_Test,OSTECH,T,LVA,0.0,result,Kommunikations-Test fuer SR830 und OSTECH,,,
2026-09-15,10:48:30,452,KOM_Test,OSTECH,T,XTA,21.000503540039062,result,Kommunikations-Test fuer SR830 und OSTECH,,,
2026-09-15,10:48:30,463,KOM_Test,OSTECH,T,GT,28.353374481201172,result,Kommunikations-Test fuer SR830 und OSTECH,,,
2026-09-15,10:48:30,472,KOM_Test,OSTECH,T,GS,"{'status_word': 3085, 'interlock_ok': True, 'driver_supply_ok': True, 'driver_temperature_ok': True, 'lt_sensor_ok': True, 'ct_sensor_ok': True, 'lc_on': False, 'lc_error': False}",result,Kommunikations-Test fuer SR830 und OSTECH,,,
2026-09-15,10:48:30,489,KOM_Test,OSTECH,T,LTM,25.0,result,Kommunikations-Test fuer SR830 und OSTECH,,,
2026-09-15,10:48:30,505,KOM_Test,OSTECH,T,LCA,0.0,result,Kommunikations-Test fuer SR830 und OSTECH,,,
2026-09-15,10:48:30,525,KOM_Test,OSTECH,T,LVA,0.0,result,Kommunikations-Test fuer SR830 und OSTECH,,,
2026-09-15,10:48:30,539,KOM_Test,SR830,T,"SNAP 1,2,3,4,10,11","-6.10356e-005,-6.10356e-005,0,-135,-6.10356e-005,-6.10356e-005",result,Kommunikations-Test fuer SR830 und OSTECH,,,
2026-09-15,10:48:30,552,KOM_Test,OSTECH,T,XTA,21.000503540039062,result,Kommunikations-Test fuer SR830 und OSTECH,,,
2026-09-15,10:48:30,555,KOM_Test,OSTECH,T,GT,28.353374481201172,result,Kommunikations-Test fuer SR830 und OSTECH,,,
2026-09-15,10:48:30,572,KOM_Test,OSTECH,T,GS,"{'status_word': 3085, 'interlock_ok': True, 'driver_supply_ok': True, 'driver_temperature_ok': True, 'lt_sensor_ok': True, 'ct_sensor_ok': True, 'lc_on': False, 'lc_error': False}",result,Kommunikations-Test fuer SR830 und OSTECH,,,
2026-09-15,10:48:30,588,KOM_Test,OSTECH,T,LTM,25.0,result,Kommunikations-Test fuer SR830 und OSTECH,,,
2026-09-15,10:48:30,616,KOM_Test,OSTECH,T,LCA,0.0,result,Kommunikations-Test fuer SR830 und OSTECH,,,
2026-09-15,10:48:30,628,KOM_Test,OSTECH,T,LVA,0.0,result,Kommunikations-Test fuer SR830 und OSTECH,,,
2026-09-15,10:48:30,639,KOM_Test,OSTECH,T,XTA,21.000503540039062,result,Kommunikations-Test fuer SR830 und OSTECH,,,
2026-09-15,10:48:30,656,KOM_Test,OSTECH,T,GT,28.353374481201172,result,Kommunikations-Test fuer SR830 und OSTECH,,,
2026-09-15,10:48:30,669,KOM_Test,SR830,T,"SNAP 5,6,7,8,9","-0.00166667,0.005,-0.000333333,0.00566667,1000",result,Kommunikations-Test fuer SR830 und OSTECH,,,
2026-09-15,10:48:30,675,KOM_Test,OSTECH,T,GS,"{'status_word': 3085, 'interlock_ok': True, 'driver_supply_ok': True, 'driver_temperature_ok': True, 'lt_sensor_ok': True, 'ct_sensor_ok': True, 'lc_on': False, 'lc_error': False}",result,Kommunikations-Test fuer SR830 und OSTECH,,,
2026-09-15,10:48:30,684,KOM_Test,SR830,T,PHAS,0,result,Kommunikations-Test fuer SR830 und OSTECH,,,
2026-09-15,10:48:30,697,KOM_Test,OSTECH,T,LTM,25.0,result,Kommunikations-Test fuer SR830 und OSTECH,,,
2026-09-15,10:48:30,703,KOM_Test,SR830,T,FREQ,1000,result,Kommunikations-Test fuer SR830 und OSTECH,,,
2026-09-15,10:48:30,706,KOM_Test,OSTECH,T,LCA,0.0,result,Kommunikations-Test fuer SR830 und OSTECH,,,
2026-09-15,10:48:30,726,KOM_Test,OSTECH,T,LVA,0.0,result,Kommunikations-Test fuer SR830 und OSTECH,,,
2026-09-15,10:48:30,749,KOM_Test,OSTECH,T,XTA,21.000503540039062,result,Kommunikations-Test fuer SR830 und OSTECH,,,
2026-09-15,10:48:30,761,KOM_Test,OSTECH,T,GT,28.353374481201172,result,Kommunikations-Test fuer SR830 und OSTECH,,,
2026-09-15,10:48:30,773,KOM_Test,OSTECH,T,GS,"{'status_word': 3085, 'interlock_ok': True, 'driver_supply_ok': True, 'driver_temperature_ok': True, 'lt_sensor_ok': True, 'ct_sensor_ok': True, 'lc_on': False, 'lc_error': False}",result,Kommunikations-Test fuer SR830 und OSTECH,,,
2026-09-15,10:48:30,789,KOM_Test,OSTECH,T,LTM,25.0,result,Kommunikations-Test fuer SR830 und OSTECH,,,
2026-09-15,10:48:30,805,KOM_Test,OSTECH,T,LCA,0.0,result,Kommunikations-Test fuer SR830 und OSTECH,,,
2026-09-15,10:48:30,822,KOM_Test,SR830,T,"SNAP 1,2,3,4,10,11","-6.10356e-005,0,0,135,-6.10356e-005,0",result,Kommunikations-Test fuer SR830 und OSTECH,,,
2026-09-15,10:48:30,832,KOM_Test,OSTECH,T,LVA,0.0,result,Kommunikations-Test fuer SR830 und OSTECH,,,
2026-09-15,10:48:30,847,KOM_Test,OSTECH,T,XTA,21.000503540039062,result,Kommunikations-Test fuer SR830 und OSTECH,,,
2026-09-15,10:48:30,859,KOM_Test,OSTECH,T,GT,28.353374481201172,result,Kommunikations-Test fuer SR830 und OSTECH,,,
2026-09-15,10:48:30,888,KOM_Test,OSTECH,T,GS,"{'status_word': 3085, 'interlock_ok': True, 'driver_supply_ok': True, 'driver_temperature_ok': True, 'lt_sensor_ok': True, 'ct_sensor_ok': True, 'lc_on': False, 'lc_error': False}",result,Kommunikations-Test fuer SR830 und OSTECH,,,
2026-09-15,10:48:30,895,KOM_Test,OSTECH,T,LTM,25.0,result,Kommunikations-Test fuer SR830 und OSTECH,,,
2026-09-15,10:48:30,910,KOM_Test,OSTECH,T,LCA,0.0,result,Kommunikations-Test fuer SR830 und OSTECH,,,
2026-09-15,10:48:30,923,KOM_Test,OSTECH,T,LVA,0.0,result,Kommunikations-Test fuer SR830 und OSTECH,,,
2026-09-15,10:48:30,941,KOM_Test,OSTECH,T,XTA,20.99859619140625,result,Kommunikations-Test fuer SR830 und OSTECH,,,
2026-09-15,10:48:30,954,KOM_Test,SR830,T,"SNAP 5,6,7,8,9","-0.000333333,0.00766667,0.001,0.00266667,1000",result,Kommunikations-Test fuer SR830 und OSTECH,,,
2026-09-15,10:48:30,958,KOM_Test,OSTECH,T,GT,28.353374481201172,result,Kommunikations-Test fuer SR830 und OSTECH,,,
2026-09-15,10:48:30,970,KOM_Test,SR830,T,PHAS,0,result,Kommunikations-Test fuer SR830 und OSTECH,,,
2026-09-15,10:48:30,973,KOM_Test,OSTECH,T,GS,"{'status_word': 3085, 'interlock_ok': True, 'driver_supply_ok': True, 'driver_temperature_ok': True, 'lt_sensor_ok': True, 'ct_sensor_ok': True, 'lc_on': False, 'lc_error': False}",result,Kommunikations-Test fuer SR830 und OSTECH,,,
2026-09-15,10:48:30,989,KOM_Test,SR830,T,FREQ,1000,result,Kommunikations-Test fuer SR830 und OSTECH,,,
2026-09-15,10:48:30,989,KOM_Test,OSTECH,T,LTM,25.0,result,Kommunikations-Test fuer SR830 und OSTECH,,,
2026-09-15,10:48:31,011,KOM_Test,OSTECH,T,LCA,0.0,result,Kommunikations-Test fuer SR830 und OSTECH,,,
2026-09-15,10:48:31,024,KOM_Test,OSTECH,T,LVA,0.0,result,Kommunikations-Test fuer SR830 und OSTECH,,,
2026-09-15,10:48:31,041,KOM_Test,OSTECH,T,XTA,20.99859619140625,result,Kommunikations-Test fuer SR830 und OSTECH,,,
2026-09-15,10:48:31,058,KOM_Test,OSTECH,T,GT,28.353374481201172,result,Kommunikations-Test fuer SR830 und OSTECH,,,
2026-09-15,10:48:31,078,KOM_Test,OSTECH,T,GS,"{'status_word': 3085, 'interlock_ok': True, 'driver_supply_ok': True, 'driver_temperature_ok': True, 'lt_sensor_ok': True, 'ct_sensor_ok': True, 'lc_on': False, 'lc_error': False}",result,Kommunikations-Test fuer SR830 und OSTECH,,,
2026-09-15,10:48:31,089,KOM_Test,OSTECH,T,LTM,25.0,result,Kommunikations-Test fuer SR830 und OSTECH,,,
2026-09-15,10:48:31,108,KOM_Test,OSTECH,T,LCA,0.0,result,Kommunikations-Test fuer SR830 und OSTECH,,,
2026-09-15,10:48:31,119,KOM_Test,SR830,T,"SNAP 1,2,3,4,10,11","-6.10356e-005,0,0,135,-6.10356e-005,0",result,Kommunikations-Test fuer SR830 und OSTECH,,,
2026-09-15,10:48:31,125,KOM_Test,OSTECH,T,LVA,0.0,result,Kommunikations-Test fuer SR830 und OSTECH,,,
2026-09-15,10:48:31,151,KOM_Test,OSTECH,T,XTA,20.99859619140625,result,Kommunikations-Test fuer SR830 und OSTECH,,,
2026-09-15,10:48:31,162,KOM_Test,OSTECH,T,GT,28.353374481201172,result,Kommunikations-Test fuer SR830 und OSTECH,,,
2026-09-15,10:48:31,174,KOM_Test,OSTECH,T,GS,"{'status_word': 3085, 'interlock_ok': True, 'driver_supply_ok': True, 'driver_temperature_ok': True, 'lt_sensor_ok': True, 'ct_sensor_ok': True, 'lc_on': False, 'lc_error': False}",result,Kommunikations-Test fuer SR830 und OSTECH,,,
2026-09-15,10:48:31,201,KOM_Test,OSTECH,T,LTM,25.0,result,Kommunikations-Test fuer SR830 und OSTECH,,,
2026-09-15,10:48:31,209,KOM_Test,OSTECH,T,LCA,0.0,result,Kommunikations-Test fuer SR830 und OSTECH,,,
2026-09-15,10:48:31,233,KOM_Test,OSTECH,T,LVA,0.0,result,Kommunikations-Test fuer SR830 und OSTECH,,,
2026-09-15,10:48:31,240,KOM_Test,SR830,T,"SNAP 5,6,7,8,9","-0.00166667,0.00633333,-0.000666667,0.001,1000",result,Kommunikations-Test fuer SR830 und OSTECH,,,
2026-09-15,10:48:31,261,KOM_Test,OSTECH,T,XTA,20.998687744140625,result,Kommunikations-Test fuer SR830 und OSTECH,,,
2026-09-15,10:48:31,267,KOM_Test,SR830,T,PHAS,0,result,Kommunikations-Test fuer SR830 und OSTECH,,,
2026-09-15,10:48:31,280,KOM_Test,OSTECH,T,GT,28.353374481201172,result,Kommunikations-Test fuer SR830 und OSTECH,,,
2026-09-15,10:48:31,297,KOM_Test,SR830,T,FREQ,1000,result,Kommunikations-Test fuer SR830 und OSTECH,,,
2026-09-15,10:48:31,298,KOM_Test,OSTECH,T,GS,"{'status_word': 3085, 'interlock_ok': True, 'driver_supply_ok': True, 'driver_temperature_ok': True, 'lt_sensor_ok': True, 'ct_sensor_ok': True, 'lc_on': False, 'lc_error': False}",result,Kommunikations-Test fuer SR830 und OSTECH,,,
2026-09-15,10:48:31,311,KOM_Test,OSTECH,T,LTM,25.0,result,Kommunikations-Test fuer SR830 und OSTECH,,,
2026-09-15,10:48:31,332,KOM_Test,OSTECH,T,LCA,0.0,result,Kommunikations-Test fuer SR830 und OSTECH,,,
2026-09-15,10:48:31,349,KOM_Test,OSTECH,T,LVA,0.0,result,Kommunikations-Test fuer SR830 und OSTECH,,,
2026-09-15,10:48:31,359,KOM_Test,OSTECH,T,XTA,20.998687744140625,result,Kommunikations-Test fuer SR830 und OSTECH,,,
2026-09-15,10:48:31,374,KOM_Test,OSTECH,T,GT,28.353374481201172,result,Kommunikations-Test fuer SR830 und OSTECH,,,
2026-09-15,10:48:31,389,KOM_Test,OSTECH,T,GS,"{'status_word': 3085, 'interlock_ok': True, 'driver_supply_ok': True, 'driver_temperature_ok': True, 'lt_sensor_ok': True, 'ct_sensor_ok': True, 'lc_on': False, 'lc_error': False}",result,Kommunikations-Test fuer SR830 und OSTECH,,,
2026-09-15,10:48:31,409,KOM_Test,OSTECH,T,LTM,25.0,result,Kommunikations-Test fuer SR830 und OSTECH,,,
2026-09-15,10:48:31,409,KOM_Test,SR830,T,"SNAP 1,2,3,4,10,11","0,-6.10356e-005,0,-90,0,-6.10356e-005",result,Kommunikations-Test fuer SR830 und OSTECH,,,
2026-09-15,10:48:31,430,KOM_Test,OSTECH,T,LCA,0.0,result,Kommunikations-Test fuer SR830 und OSTECH,,,
2026-09-15,10:48:31,439,KOM_Test,OSTECH,T,LVA,0.0,result,Kommunikations-Test fuer SR830 und OSTECH,,,
2026-09-15,10:48:31,466,KOM_Test,OSTECH,T,XTA,20.998687744140625,result,Kommunikations-Test fuer SR830 und OSTECH,,,
2026-09-15,10:48:31,483,KOM_Test,OSTECH,T,GT,28.353374481201172,result,Kommunikations-Test fuer SR830 und OSTECH,,,
2026-09-15,10:48:31,496,KOM_Test,OSTECH,T,GS,"{'status_word': 3085, 'interlock_ok': True, 'driver_supply_ok': True, 'driver_temperature_ok': True, 'lt_sensor_ok': True, 'ct_sensor_ok': True, 'lc_on': False, 'lc_error': False}",result,Kommunikations-Test fuer SR830 und OSTECH,,,
2026-09-15,10:48:31,521,KOM_Test,OSTECH,T,LTM,25.0,result,Kommunikations-Test fuer SR830 und OSTECH,,,
2026-09-15,10:48:31,538,KOM_Test,SR830,T,"SNAP 5,6,7,8,9","-0.00366667,0.00633333,0.000666667,-0.002,1000",result,Kommunikations-Test fuer SR830 und OSTECH,,,
2026-09-15,10:48:31,562,KOM_Test,OSTECH,T,LCA,0.0,result,Kommunikations-Test fuer SR830 und OSTECH,,,
2026-09-15,10:48:31,562,KOM_Test,OSTECH,T,LVA,0.0,result,Kommunikations-Test fuer SR830 und OSTECH,,,
2026-09-15,10:48:31,564,KOM_Test,SR830,T,PHAS,0,result,Kommunikations-Test fuer SR830 und OSTECH,,,
2026-09-15,10:48:31,564,KOM_Test,OSTECH,T,XTA,20.998687744140625,result,Kommunikations-Test fuer SR830 und OSTECH,,,
2026-09-15,10:48:31,573,KOM_Test,SR830,T,FREQ,1000,result,Kommunikations-Test fuer SR830 und OSTECH,,,
2026-09-15,10:48:31,584,KOM_Test,OSTECH,T,GT,28.353374481201172,result,Kommunikations-Test fuer SR830 und OSTECH,,,
2026-09-15,10:48:31,596,KOM_Test,OSTECH,T,GS,"{'status_word': 3085, 'interlock_ok': True, 'driver_supply_ok': True, 'driver_temperature_ok': True, 'lt_sensor_ok': True, 'ct_sensor_ok': True, 'lc_on': False, 'lc_error': False}",result,Kommunikations-Test fuer SR830 und OSTECH,,,
2026-09-15,10:48:31,622,KOM_Test,OSTECH,T,LTM,25.0,result,Kommunikations-Test fuer SR830 und OSTECH,,,
2026-09-15,10:48:31,640,KOM_Test,OSTECH,T,LCA,0.0,result,Kommunikations-Test fuer SR830 und OSTECH,,,
2026-09-15,10:48:31,657,KOM_Test,OSTECH,T,LVA,0.0,result,Kommunikations-Test fuer SR830 und OSTECH,,,
2026-09-15,10:48:31,664,KOM_Test,OSTECH,T,XTA,20.998687744140625,result,Kommunikations-Test fuer SR830 und OSTECH,,,
2026-09-15,10:48:31,685,KOM_Test,OSTECH,T,GT,28.353374481201172,result,Kommunikations-Test fuer SR830 und OSTECH,,,
2026-09-15,10:48:31,685,KOM_Test,SR830,T,"SNAP 1,2,3,4,10,11","0,-6.10356e-005,0,-90,0,-6.10356e-005",result,Kommunikations-Test fuer SR830 und OSTECH,,,
2026-09-15,10:48:31,693,KOM_Test,OSTECH,T,GS,"{'status_word': 3085, 'interlock_ok': True, 'driver_supply_ok': True, 'driver_temperature_ok': True, 'lt_sensor_ok': True, 'ct_sensor_ok': True, 'lc_on': False, 'lc_error': False}",result,Kommunikations-Test fuer SR830 und OSTECH,,,
2026-09-15,10:48:31,708,KOM_Test,OSTECH,T,LTM,25.0,result,Kommunikations-Test fuer SR830 und OSTECH,,,
2026-09-15,10:48:31,736,KOM_Test,OSTECH,T,LCA,0.0,result,Kommunikations-Test fuer SR830 und OSTECH,,,
2026-09-15,10:48:31,743,KOM_Test,OSTECH,T,LVA,0.0,result,Kommunikations-Test fuer SR830 und OSTECH,,,
2026-09-15,10:48:31,760,KOM_Test,OSTECH,T,XTA,20.998687744140625,result,Kommunikations-Test fuer SR830 und OSTECH,,,
2026-09-15,10:48:31,775,KOM_Test,OSTECH,T,GT,28.353374481201172,result,Kommunikations-Test fuer SR830 und OSTECH,,,
2026-09-15,10:48:31,807,KOM_Test,OSTECH,T,GS,"{'status_word': 3085, 'interlock_ok': True, 'driver_supply_ok': True, 'driver_temperature_ok': True, 'lt_sensor_ok': True, 'ct_sensor_ok': True, 'lc_on': False, 'lc_error': False}",result,Kommunikations-Test fuer SR830 und OSTECH,,,
2026-09-15,10:48:31,813,KOM_Test,SR830,T,"SNAP 5,6,7,8,9","-0.000666667,0.00633333,0.000666667,0.000666667,1000",result,Kommunikations-Test fuer SR830 und OSTECH,,,
2026-09-15,10:48:31,824,KOM_Test,OSTECH,T,LTM,25.0,result,Kommunikations-Test fuer SR830 und OSTECH,,,
2026-09-15,10:48:31,840,KOM_Test,SR830,T,PHAS,0,result,Kommunikations-Test fuer SR830 und OSTECH,,,
2026-09-15,10:48:31,842,KOM_Test,OSTECH,T,LCA,0.0,result,Kommunikations-Test fuer SR830 und OSTECH,,,
2026-09-15,10:48:31,865,KOM_Test,OSTECH,T,LVA,0.0,result,Kommunikations-Test fuer SR830 und OSTECH,,,
2026-09-15,10:48:31,874,KOM_Test,SR830,T,FREQ,1000,result,Kommunikations-Test fuer SR830 und OSTECH,,,
2026-09-15,10:48:31,886,KOM_Test,OSTECH,T,XTA,20.99590301513672,result,Kommunikations-Test fuer SR830 und OSTECH,,,
2026-09-15,10:48:31,893,KOM_Test,OSTECH,T,GT,28.353374481201172,result,Kommunikations-Test fuer SR830 und OSTECH,,,
2026-09-15,10:48:31,911,KOM_Test,OSTECH,T,GS,"{'status_word': 3085, 'interlock_ok': True, 'driver_supply_ok': True, 'driver_temperature_ok': True, 'lt_sensor_ok': True, 'ct_sensor_ok': True, 'lc_on': False, 'lc_error': False}",result,Kommunikations-Test fuer SR830 und OSTECH,,,
2026-09-15,10:48:31,937,KOM_Test,OSTECH,T,LTM,25.0,result,Kommunikations-Test fuer SR830 und OSTECH,,,
2026-09-15,10:48:31,943,KOM_Test,OSTECH,T,LCA,0.0,result,Kommunikations-Test fuer SR830 und OSTECH,,,
2026-09-15,10:48:31,958,KOM_Test,OSTECH,T,LVA,0.0,result,Kommunikations-Test fuer SR830 und OSTECH,,,
2026-09-15,10:48:31,994,KOM_Test,OSTECH,T,XTA,20.99590301513672,result,Kommunikations-Test fuer SR830 und OSTECH,,,
2026-09-15,10:48:31,996,KOM_Test,SR830,T,"SNAP 1,2,3,4,10,11","0,-6.10356e-005,0,-90,0,-6.10356e-005",result,Kommunikations-Test fuer SR830 und OSTECH,,,
2026-09-15,10:48:32,008,KOM_Test,OSTECH,T,GT,28.353374481201172,result,Kommunikations-Test fuer SR830 und OSTECH,,,
2026-09-15,10:48:32,024,KOM_Test,OSTECH,T,GS,"{'status_word': 3085, 'interlock_ok': True, 'driver_supply_ok': True, 'driver_temperature_ok': True, 'lt_sensor_ok': True, 'ct_sensor_ok': True, 'lc_on': False, 'lc_error': False}",result,Kommunikations-Test fuer SR830 und OSTECH,,,
2026-09-15,10:48:32,040,KOM_Test,OSTECH,T,LTM,25.0,result,Kommunikations-Test fuer SR830 und OSTECH,,,
2026-09-15,10:48:32,057,KOM_Test,OSTECH,T,LCA,0.0,result,Kommunikations-Test fuer SR830 und OSTECH,,,
2026-09-15,10:48:32,084,KOM_Test,OSTECH,T,LVA,0.0,result,Kommunikations-Test fuer SR830 und OSTECH,,,
2026-09-15,10:48:32,091,KOM_Test,OSTECH,T,XTA,20.99590301513672,result,Kommunikations-Test fuer SR830 und OSTECH,,,
2026-09-15,10:48:32,110,KOM_Test,OSTECH,T,GT,28.353374481201172,result,Kommunikations-Test fuer SR830 und OSTECH,,,
2026-09-15,10:48:32,110,KOM_Test,SR830,T,"SNAP 5,6,7,8,9","-0.00166667,0.005,-0.000333333,-0.001,1000",result,Kommunikations-Test fuer SR830 und OSTECH,,,
2026-09-15,10:48:32,131,KOM_Test,OSTECH,T,GS,"{'status_word': 3085, 'interlock_ok': True, 'driver_supply_ok': True, 'driver_temperature_ok': True, 'lt_sensor_ok': True, 'ct_sensor_ok': True, 'lc_on': False, 'lc_error': False}",result,Kommunikations-Test fuer SR830 und OSTECH,,,
2026-09-15,10:48:32,136,KOM_Test,SR830,T,PHAS,0,result,Kommunikations-Test fuer SR830 und OSTECH,,,
2026-09-15,10:48:32,152,KOM_Test,OSTECH,T,LTM,25.0,result,Kommunikations-Test fuer SR830 und OSTECH,,,
2026-09-15,10:48:32,160,KOM_Test,SR830,T,FREQ,1000,result,Kommunikations-Test fuer SR830 und OSTECH,,,
2026-09-15,10:48:32,174,KOM_Test,OSTECH,T,LCA,0.0,result,Kommunikations-Test fuer SR830 und OSTECH,,,
2026-09-15,10:48:32,197,KOM_Test,OSTECH,T,LVA,0.0,result,Kommunikations-Test fuer SR830 und OSTECH,,,
2026-09-15,10:48:32,209,KOM_Test,OSTECH,T,XTA,20.99590301513672,result,Kommunikations-Test fuer SR830 und OSTECH,,,
2026-09-15,10:48:32,226,KOM_Test,OSTECH,T,GT,28.353374481201172,result,Kommunikations-Test fuer SR830 und OSTECH,,,
2026-09-15,10:48:32,241,KOM_Test,OSTECH,T,GS,"{'status_word': 3085, 'interlock_ok': True, 'driver_supply_ok': True, 'driver_temperature_ok': True, 'lt_sensor_ok': True, 'ct_sensor_ok': True, 'lc_on': False, 'lc_error': False}",result,Kommunikations-Test fuer SR830 und OSTECH,,,
2026-09-15,10:48:32,241,KOM_Test,SR830,T,"SNAP 1,2,3,4,10,11","0,0,0,0,0,0",result,Kommunikations-Test fuer SR830 und OSTECH,,,
2026-09-15,10:48:32,263,KOM_Test,OSTECH,T,LTM,25.0,result,Kommunikations-Test fuer SR830 und OSTECH,,,
2026-09-15,10:48:32,276,KOM_Test,OSTECH,T,LCA,0.0,result,Kommunikations-Test fuer SR830 und OSTECH,,,
2026-09-15,10:48:32,291,KOM_Test,OSTECH,T,LVA,0.0,result,Kommunikations-Test fuer SR830 und OSTECH,,,
2026-09-15,10:48:32,310,KOM_Test,OSTECH,T,XTA,20.99590301513672,result,Kommunikations-Test fuer SR830 und OSTECH,,,
2026-09-15,10:48:32,327,KOM_Test,OSTECH,T,GT,28.353374481201172,result,Kommunikations-Test fuer SR830 und OSTECH,,,
2026-09-15,10:48:32,357,KOM_Test,OSTECH,T,GS,"{'status_word': 3085, 'interlock_ok': True, 'driver_supply_ok': True, 'driver_temperature_ok': True, 'lt_sensor_ok': True, 'ct_sensor_ok': True, 'lc_on': False, 'lc_error': False}",result,Kommunikations-Test fuer SR830 und OSTECH,,,
2026-09-15,10:48:32,376,KOM_Test,SR830,T,"SNAP 5,6,7,8,9","-0.000666667,0.00466667,0.000666667,0.000666667,1000",result,Kommunikations-Test fuer SR830 und OSTECH,,,
2026-09-15,10:48:32,385,KOM_Test,OSTECH,T,LTM,25.0,result,Kommunikations-Test fuer SR830 und OSTECH,,,
2026-09-15,10:48:32,397,KOM_Test,SR830,T,PHAS,0,result,Kommunikations-Test fuer SR830 und OSTECH,,,
2026-09-15,10:48:32,397,KOM_Test,OSTECH,T,LCA,0.0,result,Kommunikations-Test fuer SR830 und OSTECH,,,
2026-09-15,10:48:32,414,KOM_Test,OSTECH,T,LVA,0.0,result,Kommunikations-Test fuer SR830 und OSTECH,,,
2026-09-15,10:48:32,424,KOM_Test,SR830,T,FREQ,1000,result,Kommunikations-Test fuer SR830 und OSTECH,,,
2026-09-15,10:48:32,431,KOM_Test,OSTECH,T,XTA,20.99590301513672,result,Kommunikations-Test fuer SR830 und OSTECH,,,
2026-09-15,10:48:32,443,KOM_Test,OSTECH,T,GT,28.353374481201172,result,Kommunikations-Test fuer SR830 und OSTECH,,,
2026-09-15,10:48:32,458,KOM_Test,OSTECH,T,GS,"{'status_word': 3085, 'interlock_ok': True, 'driver_supply_ok': True, 'driver_temperature_ok': True, 'lt_sensor_ok': True, 'ct_sensor_ok': True, 'lc_on': False, 'lc_error': False}",result,Kommunikations-Test fuer SR830 und OSTECH,,,
2026-09-15,10:48:32,477,KOM_Test,OSTECH,T,LTM,25.0,result,Kommunikations-Test fuer SR830 und OSTECH,,,
2026-09-15,10:48:32,493,KOM_Test,OSTECH,T,LCA,0.0,result,Kommunikations-Test fuer SR830 und OSTECH,,,
2026-09-15,10:48:32,510,KOM_Test,SR830,T,"SNAP 1,2,3,4,10,11","0,0,0,0,0,0",result,Kommunikations-Test fuer SR830 und OSTECH,,,
2026-09-15,10:48:32,519,KOM_Test,OSTECH,T,LVA,0.0,result,Kommunikations-Test fuer SR830 und OSTECH,,,
2026-09-15,10:48:32,540,KOM_Test,OSTECH,T,XTA,20.99590301513672,result,Kommunikations-Test fuer SR830 und OSTECH,,,
2026-09-15,10:48:32,563,KOM_Test,OSTECH,T,GT,28.353374481201172,result,Kommunikations-Test fuer SR830 und OSTECH,,,
2026-09-15,10:48:32,580,KOM_Test,OSTECH,T,GS,"{'status_word': 3085, 'interlock_ok': True, 'driver_supply_ok': True, 'driver_temperature_ok': True, 'lt_sensor_ok': True, 'ct_sensor_ok': True, 'lc_on': False, 'lc_error': False}",result,Kommunikations-Test fuer SR830 und OSTECH,,,
2026-09-15,10:48:32,591,KOM_Test,OSTECH,T,LTM,25.0,result,Kommunikations-Test fuer SR830 und OSTECH,,,
2026-09-15,10:48:32,613,KOM_Test,OSTECH,T,LCA,0.0,result,Kommunikations-Test fuer SR830 und OSTECH,,,
2026-09-15,10:48:32,625,KOM_Test,SR830,T,"SNAP 5,6,7,8,9","-0.002,0.00633333,0.00233333,-0.001,1000",result,Kommunikations-Test fuer SR830 und OSTECH,,,
2026-09-15,10:48:32,634,KOM_Test,OSTECH,T,LVA,0.0,result,Kommunikations-Test fuer SR830 und OSTECH,,,
2026-09-15,10:48:32,648,KOM_Test,SR830,T,PHAS,0,result,Kommunikations-Test fuer SR830 und OSTECH,,,
2026-09-15,10:48:32,648,KOM_Test,OSTECH,T,XTA,20.99590301513672,result,Kommunikations-Test fuer SR830 und OSTECH,,,
2026-09-15,10:48:32,657,KOM_Test,OSTECH,T,GT,28.353374481201172,result,Kommunikations-Test fuer SR830 und OSTECH,,,
2026-09-15,10:48:32,676,KOM_Test,SR830,T,FREQ,1000,result,Kommunikations-Test fuer SR830 und OSTECH,,,
2026-09-15,10:48:32,682,KOM_Test,OSTECH,T,GS,"{'status_word': 3085, 'interlock_ok': True, 'driver_supply_ok': True, 'driver_temperature_ok': True, 'lt_sensor_ok': True, 'ct_sensor_ok': True, 'lc_on': False, 'lc_error': False}",result,Kommunikations-Test fuer SR830 und OSTECH,,,
2026-09-15,10:48:32,691,KOM_Test,OSTECH,T,LTM,25.0,result,Kommunikations-Test fuer SR830 und OSTECH,,,
2026-09-15,10:48:32,723,KOM_Test,OSTECH,T,LCA,0.0,result,Kommunikations-Test fuer SR830 und OSTECH,,,
2026-09-15,10:48:32,737,KOM_Test,OSTECH,T,LVA,0.0,result,Kommunikations-Test fuer SR830 und OSTECH,,,
2026-09-15,10:48:32,744,KOM_Test,OSTECH,T,XTA,20.99590301513672,result,Kommunikations-Test fuer SR830 und OSTECH,,,
2026-09-15,10:48:32,759,KOM_Test,OSTECH,T,GT,28.353374481201172,result,Kommunikations-Test fuer SR830 und OSTECH,,,
2026-09-15,10:48:32,778,KOM_Test,OSTECH,T,GS,"{'status_word': 3085, 'interlock_ok': True, 'driver_supply_ok': True, 'driver_temperature_ok': True, 'lt_sensor_ok': True, 'ct_sensor_ok': True, 'lc_on': False, 'lc_error': False}",result,Kommunikations-Test fuer SR830 und OSTECH,,,
2026-09-15,10:48:32,792,KOM_Test,SR830,T,"SNAP 1,2,3,4,10,11","0,-6.10356e-005,0,-90,0,-6.10356e-005",result,Kommunikations-Test fuer SR830 und OSTECH,,,
2026-09-15,10:48:32,803,KOM_Test,OSTECH,T,LTM,25.0,result,Kommunikations-Test fuer SR830 und OSTECH,,,
2026-09-15,10:48:32,827,KOM_Test,OSTECH,T,LCA,0.0,result,Kommunikations-Test fuer SR830 und OSTECH,,,
2026-09-15,10:48:32,844,KOM_Test,OSTECH,T,LVA,0.0,result,Kommunikations-Test fuer SR830 und OSTECH,,,
2026-09-15,10:48:32,864,KOM_Test,OSTECH,T,XTA,20.99590301513672,result,Kommunikations-Test fuer SR830 und OSTECH,,,
2026-09-15,10:48:32,884,KOM_Test,OSTECH,T,GT,28.353374481201172,result,Kommunikations-Test fuer SR830 und OSTECH,,,
2026-09-15,10:48:32,895,KOM_Test,SR830,T,"SNAP 5,6,7,8,9","-0.002,0.00633333,0.001,-0.001,1000",result,Kommunikations-Test fuer SR830 und OSTECH,,,
2026-09-15,10:48:32,909,KOM_Test,OSTECH,T,GS,"{'status_word': 3085, 'interlock_ok': True, 'driver_supply_ok': True, 'driver_temperature_ok': True, 'lt_sensor_ok': True, 'ct_sensor_ok': True, 'lc_on': False, 'lc_error': False}",result,Kommunikations-Test fuer SR830 und OSTECH,,,
2026-09-15,10:48:32,910,KOM_Test,SR830,T,PHAS,0,result,Kommunikations-Test fuer SR830 und OSTECH,,,
2026-09-15,10:48:32,935,KOM_Test,OSTECH,T,LTM,25.0,result,Kommunikations-Test fuer SR830 und OSTECH,,,
2026-09-15,10:48:32,940,KOM_Test,SR830,T,FREQ,1000,result,Kommunikations-Test fuer SR830 und OSTECH,,,
2026-09-15,10:48:32,943,KOM_Test,OSTECH,T,LCA,0.0,result,Kommunikations-Test fuer SR830 und OSTECH,,,
2026-09-15,10:48:32,960,KOM_Test,OSTECH,T,LVA,0.0,result,Kommunikations-Test fuer SR830 und OSTECH,,,
2026-09-15,10:48:32,977,KOM_Test,OSTECH,T,XTA,21.000503540039062,result,Kommunikations-Test fuer SR830 und OSTECH,,,
2026-09-15,10:48:32,994,KOM_Test,OSTECH,T,GT,28.353374481201172,result,Kommunikations-Test fuer SR830 und OSTECH,,,
2026-09-15,10:48:33,008,KOM_Test,SR830,T,"SNAP 1,2,3,4,10,11","0,0,0,0,0,0",result,Kommunikations-Test fuer SR830 und OSTECH,,,
2026-09-15,10:48:33,008,KOM_Test,OSTECH,T,GS,"{'status_word': 3085, 'interlock_ok': True, 'driver_supply_ok': True, 'driver_temperature_ok': True, 'lt_sensor_ok': True, 'ct_sensor_ok': True, 'lc_on': False, 'lc_error': False}",result,Kommunikations-Test fuer SR830 und OSTECH,,,
2026-09-15,10:48:33,031,KOM_Test,OSTECH,T,LTM,25.0,result,Kommunikations-Test fuer SR830 und OSTECH,,,
2026-09-15,10:48:33,048,KOM_Test,OSTECH,T,LCA,0.0,result,Kommunikations-Test fuer SR830 und OSTECH,,,
2026-09-15,10:48:33,059,KOM_Test,OSTECH,T,LVA,0.0,result,Kommunikations-Test fuer SR830 und OSTECH,,,
2026-09-15,10:48:33,097,KOM_Test,OSTECH,T,XTA,21.000503540039062,result,Kommunikations-Test fuer SR830 und OSTECH,,,
2026-09-15,10:48:33,108,KOM_Test,OSTECH,T,GT,28.3519287109375,result,Kommunikations-Test fuer SR830 und OSTECH,,,
2026-09-15,10:48:33,124,KOM_Test,SR830,T,"SNAP 5,6,7,8,9","-0.000333333,0.00666667,0.001,0.002,1000",result,Kommunikations-Test fuer SR830 und OSTECH,,,
2026-09-15,10:48:33,132,KOM_Test,OSTECH,T,GS,"{'status_word': 3085, 'interlock_ok': True, 'driver_supply_ok': True, 'driver_temperature_ok': True, 'lt_sensor_ok': True, 'ct_sensor_ok': True, 'lc_on': False, 'lc_error': False}",result,Kommunikations-Test fuer SR830 und OSTECH,,,
2026-09-15,10:48:33,147,KOM_Test,SR830,T,PHAS,0,result,Kommunikations-Test fuer SR830 und OSTECH,,,
2026-09-15,10:48:33,147,KOM_Test,OSTECH,T,LTM,25.0,result,Kommunikations-Test fuer SR830 und OSTECH,,,
2026-09-15,10:48:33,165,KOM_Test,OSTECH,T,LCA,0.0,result,Kommunikations-Test fuer SR830 und OSTECH,,,
2026-09-15,10:48:33,175,KOM_Test,SR830,T,FREQ,1000,result,Kommunikations-Test fuer SR830 und OSTECH,,,
2026-09-15,10:48:33,182,KOM_Test,OSTECH,T,LVA,0.0,result,Kommunikations-Test fuer SR830 und OSTECH,,,
2026-09-15,10:48:33,195,KOM_Test,OSTECH,T,XTA,21.000503540039062,result,Kommunikations-Test fuer SR830 und OSTECH,,,
2026-09-15,10:48:33,209,KOM_Test,OSTECH,T,GT,28.3519287109375,result,Kommunikations-Test fuer SR830 und OSTECH,,,
2026-09-15,10:48:33,232,KOM_Test,OSTECH,T,GS,"{'status_word': 3085, 'interlock_ok': True, 'driver_supply_ok': True, 'driver_temperature_ok': True, 'lt_sensor_ok': True, 'ct_sensor_ok': True, 'lc_on': False, 'lc_error': False}",result,Kommunikations-Test fuer SR830 und OSTECH,,,
2026-09-15,10:48:33,246,KOM_Test,OSTECH,T,LTM,25.0,result,Kommunikations-Test fuer SR830 und OSTECH,,,
2026-09-15,10:48:33,259,KOM_Test,SR830,T,"SNAP 1,2,3,4,10,11","0,0,0,90,0,0",result,Kommunikations-Test fuer SR830 und OSTECH,,,
2026-09-15,10:48:33,273,KOM_Test,OSTECH,T,LCA,0.0,result,Kommunikations-Test fuer SR830 und OSTECH,,,
2026-09-15,10:48:33,275,KOM_Test,OSTECH,T,LVA,0.0,result,Kommunikations-Test fuer SR830 und OSTECH,,,
2026-09-15,10:48:33,296,KOM_Test,OSTECH,T,XTA,21.000503540039062,result,Kommunikations-Test fuer SR830 und OSTECH,,,
2026-09-15,10:48:33,310,KOM_Test,OSTECH,T,GT,28.3519287109375,result,Kommunikations-Test fuer SR830 und OSTECH,,,
2026-09-15,10:48:33,333,KOM_Test,OSTECH,T,GS,"{'status_word': 3085, 'interlock_ok': True, 'driver_supply_ok': True, 'driver_temperature_ok': True, 'lt_sensor_ok': True, 'ct_sensor_ok': True, 'lc_on': False, 'lc_error': False}",result,Kommunikations-Test fuer SR830 und OSTECH,,,
2026-09-15,10:48:33,346,KOM_Test,OSTECH,T,LTM,25.0,result,Kommunikations-Test fuer SR830 und OSTECH,,,
2026-09-15,10:48:33,374,KOM_Test,OSTECH,T,LCA,0.0,result,Kommunikations-Test fuer SR830 und OSTECH,,,
2026-09-15,10:48:33,392,KOM_Test,SR830,T,"SNAP 5,6,7,8,9","-0.000666667,0.005,-0.000333333,-0.001,1000",result,Kommunikations-Test fuer SR830 und OSTECH,,,
2026-09-15,10:48:33,411,KOM_Test,OSTECH,T,LVA,0.0,result,Kommunikations-Test fuer SR830 und OSTECH,,,
2026-09-15,10:48:33,412,KOM_Test,SR830,T,PHAS,0,result,Kommunikations-Test fuer SR830 und OSTECH,,,
2026-09-15,10:48:33,413,KOM_Test,OSTECH,T,XTA,21.000503540039062,result,Kommunikations-Test fuer SR830 und OSTECH,,,
2026-09-15,10:48:33,416,KOM_Test,OSTECH,T,GT,28.3519287109375,result,Kommunikations-Test fuer SR830 und OSTECH,,,
2026-09-15,10:48:33,425,KOM_Test,SR830,T,FREQ,1000,result,Kommunikations-Test fuer SR830 und OSTECH,,,
2026-09-15,10:48:33,431,KOM_Test,OSTECH,T,GS,"{'status_word': 3085, 'interlock_ok': True, 'driver_supply_ok': True, 'driver_temperature_ok': True, 'lt_sensor_ok': True, 'ct_sensor_ok': True, 'lc_on': False, 'lc_error': False}",result,Kommunikations-Test fuer SR830 und OSTECH,,,
2026-09-15,10:48:33,458,KOM_Test,OSTECH,T,LTM,25.0,result,Kommunikations-Test fuer SR830 und OSTECH,,,
2026-09-15,10:48:33,475,KOM_Test,OSTECH,T,LCA,0.0,result,Kommunikations-Test fuer SR830 und OSTECH,,,
2026-09-15,10:48:33,491,KOM_Test,OSTECH,T,LVA,0.0,result,Kommunikations-Test fuer SR830 und OSTECH,,,
2026-09-15,10:48:33,514,KOM_Test,OSTECH,T,XTA,21.003402709960938,result,Kommunikations-Test fuer SR830 und OSTECH,,,
2026-09-15,10:48:33,526,KOM_Test,OSTECH,T,GT,28.3519287109375,result,Kommunikations-Test fuer SR830 und OSTECH,,,
2026-09-15,10:48:33,541,KOM_Test,SR830,T,"SNAP 1,2,3,4,10,11","-6.10356e-005,0,0,135,-6.10356e-005,0",result,Kommunikations-Test fuer SR830 und OSTECH,,,
2026-09-15,10:48:33,541,KOM_Test,OSTECH,T,GS,"{'status_word': 3085, 'interlock_ok': True, 'driver_supply_ok': True, 'driver_temperature_ok': True, 'lt_sensor_ok': True, 'ct_sensor_ok': True, 'lc_on': False, 'lc_error': False}",result,Kommunikations-Test fuer SR830 und OSTECH,,,
2026-09-15,10:48:33,562,KOM_Test,OSTECH,T,LTM,25.0,result,Kommunikations-Test fuer SR830 und OSTECH,,,
2026-09-15,10:48:33,576,KOM_Test,OSTECH,T,LCA,0.0,result,Kommunikations-Test fuer SR830 und OSTECH,,,
2026-09-15,10:48:33,594,KOM_Test,OSTECH,T,LVA,0.0,result,Kommunikations-Test fuer SR830 und OSTECH,,,
2026-09-15,10:48:33,612,KOM_Test,OSTECH,T,XTA,21.003402709960938,result,Kommunikations-Test fuer SR830 und OSTECH,,,
2026-09-15,10:48:33,634,KOM_Test,OSTECH,T,GT,28.3519287109375,result,Kommunikations-Test fuer SR830 und OSTECH,,,
2026-09-15,10:48:33,642,KOM_Test,OSTECH,T,GS,"{'status_word': 3085, 'interlock_ok': True, 'driver_supply_ok': True, 'driver_temperature_ok': True, 'lt_sensor_ok': True, 'ct_sensor_ok': True, 'lc_on': False, 'lc_error': False}",result,Kommunikations-Test fuer SR830 und OSTECH,,,
2026-09-15,10:48:33,663,KOM_Test,SR830,T,"SNAP 5,6,7,8,9","-0.002,0.008,-0.000333333,0.000666667,1000",result,Kommunikations-Test fuer SR830 und OSTECH,,,
2026-09-15,10:48:33,670,KOM_Test,OSTECH,T,LTM,25.0,result,Kommunikations-Test fuer SR830 und OSTECH,,,
2026-09-15,10:48:33,682,KOM_Test,OSTECH,T,LCA,0.0,result,Kommunikations-Test fuer SR830 und OSTECH,,,
2026-09-15,10:48:33,682,KOM_Test,SR830,T,PHAS,0,result,Kommunikations-Test fuer SR830 und OSTECH,,,
2026-09-15,10:48:33,691,KOM_Test,OSTECH,T,LVA,0.0,result,Kommunikations-Test fuer SR830 und OSTECH,,,
2026-09-15,10:48:33,709,KOM_Test,SR830,T,FREQ,1000,result,Kommunikations-Test fuer SR830 und OSTECH,,,
2026-09-15,10:48:33,713,KOM_Test,OSTECH,T,XTA,21.003402709960938,result,Kommunikations-Test fuer SR830 und OSTECH,,,
2026-09-15,10:48:33,736,KOM_Test,OSTECH,T,GT,28.3519287109375,result,Kommunikations-Test fuer SR830 und OSTECH,,,
2026-09-15,10:48:33,741,KOM_Test,OSTECH,T,GS,"{'status_word': 3085, 'interlock_ok': True, 'driver_supply_ok': True, 'driver_temperature_ok': True, 'lt_sensor_ok': True, 'ct_sensor_ok': True, 'lc_on': False, 'lc_error': False}",result,Kommunikations-Test fuer SR830 und OSTECH,,,
2026-09-15,10:48:33,763,KOM_Test,OSTECH,T,LTM,25.0,result,Kommunikations-Test fuer SR830 und OSTECH,,,
2026-09-15,10:48:33,776,KOM_Test,OSTECH,T,LCA,0.0,result,Kommunikations-Test fuer SR830 und OSTECH,,,
2026-09-15,10:48:33,793,KOM_Test,OSTECH,T,LVA,0.0,result,Kommunikations-Test fuer SR830 und OSTECH,,,
2026-09-15,10:48:33,825,KOM_Test,OSTECH,T,XTA,21.003402709960938,result,Kommunikations-Test fuer SR830 und OSTECH,,,
2026-09-15,10:48:33,847,KOM_Test,OSTECH,T,GT,28.3519287109375,result,Kommunikations-Test fuer SR830 und OSTECH,,,
2026-09-15,10:48:33,858,KOM_Test,SR830,T,"SNAP 1,2,3,4,10,11","-0.000122071,0,6.10356e-005,153.438,-0.000122071,0",result,Kommunikations-Test fuer SR830 und OSTECH,,,
2026-09-15,10:48:33,864,KOM_Test,OSTECH,T,GS,"{'status_word': 3085, 'interlock_ok': True, 'driver_supply_ok': True, 'driver_temperature_ok': True, 'lt_sensor_ok': True, 'ct_sensor_ok': True, 'lc_on': False, 'lc_error': False}",result,Kommunikations-Test fuer SR830 und OSTECH,,,
2026-09-15,10:48:33,875,KOM_Test,OSTECH,T,LTM,25.0,result,Kommunikations-Test fuer SR830 und OSTECH,,,
2026-09-15,10:48:33,894,KOM_Test,OSTECH,T,LCA,0.0,result,Kommunikations-Test fuer SR830 und OSTECH,,,
2026-09-15,10:48:33,914,KOM_Test,OSTECH,T,LVA,0.0,result,Kommunikations-Test fuer SR830 und OSTECH,,,
2026-09-15,10:48:33,926,KOM_Test,OSTECH,T,XTA,21.003402709960938,result,Kommunikations-Test fuer SR830 und OSTECH,,,
2026-09-15,10:48:33,947,KOM_Test,OSTECH,T,GT,28.3519287109375,result,Kommunikations-Test fuer SR830 und OSTECH,,,
2026-09-15,10:48:33,964,KOM_Test,OSTECH,T,GS,"{'status_word': 3085, 'interlock_ok': True, 'driver_supply_ok': True, 'driver_temperature_ok': True, 'lt_sensor_ok': True, 'ct_sensor_ok': True, 'lc_on': False, 'lc_error': False}",result,Kommunikations-Test fuer SR830 und OSTECH,,,
2026-09-15,10:48:33,975,KOM_Test,OSTECH,T,LTM,25.0,result,Kommunikations-Test fuer SR830 und OSTECH,,,
2026-09-15,10:48:33,988,KOM_Test,SR830,T,"SNAP 5,6,7,8,9","0.00266667,0.005,0.00266667,-0.000666667,1000",result,Kommunikations-Test fuer SR830 und OSTECH,,,
2026-09-15,10:48:33,993,KOM_Test,SR830,T,PHAS,0,result,Kommunikations-Test fuer SR830 und OSTECH,,,
2026-09-15,10:48:34,011,KOM_Test,OSTECH,T,LCA,0.0,result,Kommunikations-Test fuer SR830 und OSTECH,,,
2026-09-15,10:48:34,025,KOM_Test,SR830,T,FREQ,1000,result,Kommunikations-Test fuer SR830 und OSTECH,,,
2026-09-15,10:48:34,025,KOM_Test,OSTECH,T,LVA,0.0,result,Kommunikations-Test fuer SR830 und OSTECH,,,
2026-09-15,10:48:34,043,KOM_Test,OSTECH,T,XTA,20.99566650390625,result,Kommunikations-Test fuer SR830 und OSTECH,,,
2026-09-15,10:48:34,065,KOM_Test,OSTECH,T,GT,28.3519287109375,result,Kommunikations-Test fuer SR830 und OSTECH,,,
2026-09-15,10:48:34,077,KOM_Test,OSTECH,T,GS,"{'status_word': 3085, 'interlock_ok': True, 'driver_supply_ok': True, 'driver_temperature_ok': True, 'lt_sensor_ok': True, 'ct_sensor_ok': True, 'lc_on': False, 'lc_error': False}",result,Kommunikations-Test fuer SR830 und OSTECH,,,
2026-09-15,10:48:34,091,KOM_Test,OSTECH,T,LTM,25.0,result,Kommunikations-Test fuer SR830 und OSTECH,,,
2026-09-15,10:48:34,115,KOM_Test,OSTECH,T,LCA,0.0,result,Kommunikations-Test fuer SR830 und OSTECH,,,
2026-09-15,10:48:34,132,KOM_Test,OSTECH,T,LVA,0.0,result,Kommunikations-Test fuer SR830 und OSTECH,,,
2026-09-15,10:48:34,142,KOM_Test,OSTECH,T,XTA,20.99566650390625,result,Kommunikations-Test fuer SR830 und OSTECH,,,
2026-09-15,10:48:34,165,KOM_Test,OSTECH,T,GT,28.3519287109375,result,Kommunikations-Test fuer SR830 und OSTECH,,,
2026-09-15,10:48:34,181,KOM_Test,OSTECH,T,GS,"{'status_word': 3085, 'interlock_ok': True, 'driver_supply_ok': True, 'driver_temperature_ok': True, 'lt_sensor_ok': True, 'ct_sensor_ok': True, 'lc_on': False, 'lc_error': False}",result,Kommunikations-Test fuer SR830 und OSTECH,,,
2026-09-15,10:48:34,181,KOM_Test,SR830,T,"SNAP 1,2,3,4,10,11","-6.10356e-005,-6.10356e-005,0,-135,-6.10356e-005,-6.10356e-005",result,Kommunikations-Test fuer SR830 und OSTECH,,,
2026-09-15,10:48:34,192,KOM_Test,OSTECH,T,LTM,25.0,result,Kommunikations-Test fuer SR830 und OSTECH,,,
2026-09-15,10:48:34,216,KOM_Test,OSTECH,T,LCA,0.0,result,Kommunikations-Test fuer SR830 und OSTECH,,,
2026-09-15,10:48:34,226,KOM_Test,OSTECH,T,LVA,0.0,result,Kommunikations-Test fuer SR830 und OSTECH,,,
2026-09-15,10:48:34,242,KOM_Test,OSTECH,T,XTA,20.99566650390625,result,Kommunikations-Test fuer SR830 und OSTECH,,,
2026-09-15,10:48:34,266,KOM_Test,OSTECH,T,GT,28.3519287109375,result,Kommunikations-Test fuer SR830 und OSTECH,,,
2026-09-15,10:48:34,275,KOM_Test,OSTECH,T,GS,"{'status_word': 3085, 'interlock_ok': True, 'driver_supply_ok': True, 'driver_temperature_ok': True, 'lt_sensor_ok': True, 'ct_sensor_ok': True, 'lc_on': False, 'lc_error': False}",result,Kommunikations-Test fuer SR830 und OSTECH,,,
2026-09-15,10:48:34,292,KOM_Test,SR830,T,"SNAP 5,6,7,8,9","-0.000666667,0.00633333,0.001,-0.001,1000",result,Kommunikations-Test fuer SR830 und OSTECH,,,
2026-09-15,10:48:34,304,KOM_Test,OSTECH,T,LTM,25.0,result,Kommunikations-Test fuer SR830 und OSTECH,,,
2026-09-15,10:48:34,317,KOM_Test,OSTECH,T,LCA,0.0,result,Kommunikations-Test fuer SR830 und OSTECH,,,
2026-09-15,10:48:34,317,KOM_Test,SR830,T,PHAS,0,result,Kommunikations-Test fuer SR830 und OSTECH,,,
2026-09-15,10:48:34,333,KOM_Test,OSTECH,T,LVA,0.0,result,Kommunikations-Test fuer SR830 und OSTECH,,,
2026-09-15,10:48:34,341,KOM_Test,SR830,T,FREQ,1000,result,Kommunikations-Test fuer SR830 und OSTECH,,,
2026-09-15,10:48:34,347,KOM_Test,OSTECH,T,XTA,20.99566650390625,result,Kommunikations-Test fuer SR830 und OSTECH,,,
2026-09-15,10:48:34,373,KOM_Test,OSTECH,T,GT,28.3519287109375,result,Kommunikations-Test fuer SR830 und OSTECH,,,
2026-09-15,10:48:34,382,KOM_Test,OSTECH,T,GS,"{'status_word': 3085, 'interlock_ok': True, 'driver_supply_ok': True, 'driver_temperature_ok': True, 'lt_sensor_ok': True, 'ct_sensor_ok': True, 'lc_on': False, 'lc_error': False}",result,Kommunikations-Test fuer SR830 und OSTECH,,,
2026-09-15,10:48:34,392,KOM_Test,OSTECH,T,LTM,25.0,result,Kommunikations-Test fuer SR830 und OSTECH,,,
2026-09-15,10:48:34,418,KOM_Test,OSTECH,T,LCA,0.0,result,Kommunikations-Test fuer SR830 und OSTECH,,,
2026-09-15,10:48:34,426,KOM_Test,OSTECH,T,LVA,0.0,result,Kommunikations-Test fuer SR830 und OSTECH,,,
2026-09-15,10:48:34,444,KOM_Test,OSTECH,T,XTA,20.99566650390625,result,Kommunikations-Test fuer SR830 und OSTECH,,,
2026-09-15,10:48:34,468,KOM_Test,OSTECH,T,GT,28.3519287109375,result,Kommunikations-Test fuer SR830 und OSTECH,,,
2026-09-15,10:48:34,468,KOM_Test,SR830,T,"SNAP 1,2,3,4,10,11","-6.10356e-005,0,0,135,-6.10356e-005,0",result,Kommunikations-Test fuer SR830 und OSTECH,,,
2026-09-15,10:48:34,484,KOM_Test,OSTECH,T,GS,"{'status_word': 3085, 'interlock_ok': True, 'driver_supply_ok': True, 'driver_temperature_ok': True, 'lt_sensor_ok': True, 'ct_sensor_ok': True, 'lc_on': False, 'lc_error': False}",result,Kommunikations-Test fuer SR830 und OSTECH,,,
2026-09-15,10:48:34,498,KOM_Test,OSTECH,T,LTM,25.0,result,Kommunikations-Test fuer SR830 und OSTECH,,,
2026-09-15,10:48:34,518,KOM_Test,OSTECH,T,LCA,0.0,result,Kommunikations-Test fuer SR830 und OSTECH,,,
2026-09-15,10:48:34,527,KOM_Test,OSTECH,T,LVA,0.0,result,Kommunikations-Test fuer SR830 und OSTECH,,,
2026-09-15,10:48:34,564,KOM_Test,OSTECH,T,XTA,20.998023986816406,result,Kommunikations-Test fuer SR830 und OSTECH,,,
2026-09-15,10:48:34,575,KOM_Test,OSTECH,T,GT,28.3519287109375,result,Kommunikations-Test fuer SR830 und OSTECH,,,
2026-09-15,10:48:34,592,KOM_Test,SR830,T,"SNAP 5,6,7,8,9","-0.000666667,0.00666667,0.00233333,0.000666667,1000",result,Kommunikations-Test fuer SR830 und OSTECH,,,
2026-09-15,10:48:34,599,KOM_Test,OSTECH,T,GS,"{'status_word': 3085, 'interlock_ok': True, 'driver_supply_ok': True, 'driver_temperature_ok': True, 'lt_sensor_ok': True, 'ct_sensor_ok': True, 'lc_on': False, 'lc_error': False}",result,Kommunikations-Test fuer SR830 und OSTECH,,,
2026-09-15,10:48:34,619,KOM_Test,SR830,T,PHAS,0,result,Kommunikations-Test fuer SR830 und OSTECH,,,
2026-09-15,10:48:34,619,KOM_Test,OSTECH,T,LTM,25.0,result,Kommunikations-Test fuer SR830 und OSTECH,,,
2026-09-15,10:48:34,628,KOM_Test,OSTECH,T,LCA,0.0,result,Kommunikations-Test fuer SR830 und OSTECH,,,
2026-09-15,10:48:34,642,KOM_Test,SR830,T,FREQ,1000,result,Kommunikations-Test fuer SR830 und OSTECH,,,
2026-09-15,10:48:34,643,KOM_Test,OSTECH,T,LVA,0.0,result,Kommunikations-Test fuer SR830 und OSTECH,,,
2026-09-15,10:48:34,670,KOM_Test,OSTECH,T,XTA,20.998023986816406,result,Kommunikations-Test fuer SR830 und OSTECH,,,
2026-09-15,10:48:34,678,KOM_Test,OSTECH,T,GT,28.3519287109375,result,Kommunikations-Test fuer SR830 und OSTECH,,,
2026-09-15,10:48:34,692,KOM_Test,OSTECH,T,GS,"{'status_word': 3085, 'interlock_ok': True, 'driver_supply_ok': True, 'driver_temperature_ok': True, 'lt_sensor_ok': True, 'ct_sensor_ok': True, 'lc_on': False, 'lc_error': False}",result,Kommunikations-Test fuer SR830 und OSTECH,,,
2026-09-15,10:48:34,720,KOM_Test,OSTECH,T,LTM,25.0,result,Kommunikations-Test fuer SR830 und OSTECH,,,
2026-09-15,10:48:34,740,KOM_Test,OSTECH,T,LCA,0.0,result,Kommunikations-Test fuer SR830 und OSTECH,,,
2026-09-15,10:48:34,748,KOM_Test,OSTECH,T,LVA,0.0,result,Kommunikations-Test fuer SR830 und OSTECH,,,
2026-09-15,10:48:34,770,KOM_Test,OSTECH,T,XTA,20.998023986816406,result,Kommunikations-Test fuer SR830 und OSTECH,,,
2026-09-15,10:48:34,778,KOM_Test,SR830,T,"SNAP 1,2,3,4,10,11","-0.000122071,0,6.10356e-005,180,-0.000122071,0",result,Kommunikations-Test fuer SR830 und OSTECH,,,
2026-09-15,10:48:34,785,KOM_Test,OSTECH,T,GT,28.3519287109375,result,Kommunikations-Test fuer SR830 und OSTECH,,,
2026-09-15,10:48:34,798,KOM_Test,OSTECH,T,GS,"{'status_word': 3085, 'interlock_ok': True, 'driver_supply_ok': True, 'driver_temperature_ok': True, 'lt_sensor_ok': True, 'ct_sensor_ok': True, 'lc_on': False, 'lc_error': False}",result,Kommunikations-Test fuer SR830 und OSTECH,,,
2026-09-15,10:48:34,821,KOM_Test,OSTECH,T,LTM,25.0,result,Kommunikations-Test fuer SR830 und OSTECH,,,
2026-09-15,10:48:34,827,KOM_Test,OSTECH,T,LCA,0.0,result,Kommunikations-Test fuer SR830 und OSTECH,,,
2026-09-15,10:48:34,843,KOM_Test,OSTECH,T,LVA,0.0,result,Kommunikations-Test fuer SR830 und OSTECH,,,
2026-09-15,10:48:34,871,KOM_Test,OSTECH,T,XTA,20.998023986816406,result,Kommunikations-Test fuer SR830 und OSTECH,,,
2026-09-15,10:48:34,879,KOM_Test,OSTECH,T,GT,28.3519287109375,result,Kommunikations-Test fuer SR830 und OSTECH,,,
2026-09-15,10:48:34,892,KOM_Test,OSTECH,T,GS,"{'status_word': 3085, 'interlock_ok': True, 'driver_supply_ok': True, 'driver_temperature_ok': True, 'lt_sensor_ok': True, 'ct_sensor_ok': True, 'lc_on': False, 'lc_error': False}",result,Kommunikations-Test fuer SR830 und OSTECH,,,
2026-09-15,10:48:34,901,KOM_Test,SR830,T,"SNAP 5,6,7,8,9","-0.00333333,0.003,-0.000333333,-0.001,1000",result,Kommunikations-Test fuer SR830 und OSTECH,,,
2026-09-15,10:48:34,914,KOM_Test,SR830,T,PHAS,0,result,Kommunikations-Test fuer SR830 und OSTECH,,,
2026-09-15,10:48:34,922,KOM_Test,OSTECH,T,LTM,25.0,result,Kommunikations-Test fuer SR830 und OSTECH,,,
2026-09-15,10:48:34,931,KOM_Test,OSTECH,T,LCA,0.0,result,Kommunikations-Test fuer SR830 und OSTECH,,,
2026-09-15,10:48:34,942,KOM_Test,SR830,T,FREQ,1000,result,Kommunikations-Test fuer SR830 und OSTECH,,,
2026-09-15,10:48:34,943,KOM_Test,OSTECH,T,LVA,0.0,result,Kommunikations-Test fuer SR830 und OSTECH,,,
2026-09-15,10:48:34,960,KOM_Test,OSTECH,T,XTA,20.998023986816406,result,Kommunikations-Test fuer SR830 und OSTECH,,,
2026-09-15,10:48:34,977,KOM_Test,OSTECH,T,GT,28.3519287109375,result,Kommunikations-Test fuer SR830 und OSTECH,,,
2026-09-15,10:48:35,001,KOM_Test,OSTECH,T,GS,"{'status_word': 3085, 'interlock_ok': True, 'driver_supply_ok': True, 'driver_temperature_ok': True, 'lt_sensor_ok': True, 'ct_sensor_ok': True, 'lc_on': False, 'lc_error': False}",result,Kommunikations-Test fuer SR830 und OSTECH,,,
2026-09-15,10:48:35,020,KOM_Test,OSTECH,T,LTM,25.0,result,Kommunikations-Test fuer SR830 und OSTECH,,,
2026-09-15,10:48:35,027,KOM_Test,OSTECH,T,LCA,0.0,result,Kommunikations-Test fuer SR830 und OSTECH,,,
2026-09-15,10:48:35,048,KOM_Test,OSTECH,T,LVA,0.0,result,Kommunikations-Test fuer SR830 und OSTECH,,,
2026-09-15,10:48:35,065,KOM_Test,OSTECH,T,XTA,20.998023986816406,result,Kommunikations-Test fuer SR830 und OSTECH,,,
2026-09-15,10:48:35,077,KOM_Test,OSTECH,T,GT,28.3519287109375,result,Kommunikations-Test fuer SR830 und OSTECH,,,
2026-09-15,10:48:35,098,KOM_Test,OSTECH,T,GS,"{'status_word': 3085, 'interlock_ok': True, 'driver_supply_ok': True, 'driver_temperature_ok': True, 'lt_sensor_ok': True, 'ct_sensor_ok': True, 'lc_on': False, 'lc_error': False}",result,Kommunikations-Test fuer SR830 und OSTECH,,,
2026-09-15,10:48:35,098,KOM_Test,SR830,T,"SNAP 1,2,3,4,10,11","-6.10356e-005,-6.10356e-005,0,-135,-6.10356e-005,-6.10356e-005",result,Kommunikations-Test fuer SR830 und OSTECH,,,
2026-09-15,10:48:35,110,KOM_Test,OSTECH,T,LTM,25.0,result,Kommunikations-Test fuer SR830 und OSTECH,,,
2026-09-15,10:48:35,128,KOM_Test,OSTECH,T,LCA,0.0,result,Kommunikations-Test fuer SR830 und OSTECH,,,
2026-09-15,10:48:35,142,KOM_Test,OSTECH,T,LVA,0.0,result,Kommunikations-Test fuer SR830 und OSTECH,,,
2026-09-15,10:48:35,161,KOM_Test,OSTECH,T,XTA,20.998023986816406,result,Kommunikations-Test fuer SR830 und OSTECH,,,
2026-09-15,10:48:35,177,KOM_Test,OSTECH,T,GT,28.3519287109375,result,Kommunikations-Test fuer SR830 und OSTECH,,,
2026-09-15,10:48:35,208,KOM_Test,OSTECH,T,GS,"{'status_word': 3085, 'interlock_ok': True, 'driver_supply_ok': True, 'driver_temperature_ok': True, 'lt_sensor_ok': True, 'ct_sensor_ok': True, 'lc_on': False, 'lc_error': False}",result,Kommunikations-Test fuer SR830 und OSTECH,,,
2026-09-15,10:48:35,242,KOM_Test,OSTECH,T,LTM,25.0,result,Kommunikations-Test fuer SR830 und OSTECH,,,
2026-09-15,10:48:35,253,KOM_Test,SR830,T,"SNAP 5,6,7,8,9","-0.000666667,0.00466667,0.00233333,-0.001,1000",result,Kommunikations-Test fuer SR830 und OSTECH,,,
2026-09-15,10:48:35,253,KOM_Test,OSTECH,T,LCA,0.0,result,Kommunikations-Test fuer SR830 und OSTECH,,,
2026-09-15,10:48:35,257,KOM_Test,SR830,T,PHAS,0,result,Kommunikations-Test fuer SR830 und OSTECH,,,
2026-09-15,10:48:35,258,KOM_Test,OSTECH,T,LVA,0.0,result,Kommunikations-Test fuer SR830 und OSTECH,,,
2026-09-15,10:48:35,259,KOM_Test,SR830,T,FREQ,1000,result,Kommunikations-Test fuer SR830 und OSTECH,,,
2026-09-15,10:48:35,275,KOM_Test,OSTECH,T,XTA,20.998023986816406,result,Kommunikations-Test fuer SR830 und OSTECH,,,
2026-09-15,10:48:35,292,KOM_Test,OSTECH,T,GT,28.3519287109375,result,Kommunikations-Test fuer SR830 und OSTECH,,,
2026-09-15,10:48:35,309,KOM_Test,OSTECH,T,GS,"{'status_word': 3085, 'interlock_ok': True, 'driver_supply_ok': True, 'driver_temperature_ok': True, 'lt_sensor_ok': True, 'ct_sensor_ok': True, 'lc_on': False, 'lc_error': False}",result,Kommunikations-Test fuer SR830 und OSTECH,,,
2026-09-15,10:48:35,326,KOM_Test,OSTECH,T,LTM,25.0,result,Kommunikations-Test fuer SR830 und OSTECH,,,
2026-09-15,10:48:35,345,KOM_Test,OSTECH,T,LCA,0.0,result,Kommunikations-Test fuer SR830 und OSTECH,,,
2026-09-15,10:48:35,360,KOM_Test,OSTECH,T,LVA,0.0,result,Kommunikations-Test fuer SR830 und OSTECH,,,
2026-09-15,10:48:35,381,KOM_Test,OSTECH,T,XTA,21.000595092773438,result,Kommunikations-Test fuer SR830 und OSTECH,,,
2026-09-15,10:48:35,396,KOM_Test,OSTECH,T,GT,28.3519287109375,result,Kommunikations-Test fuer SR830 und OSTECH,,,
2026-09-15,10:48:35,410,KOM_Test,OSTECH,T,GS,"{'status_word': 3085, 'interlock_ok': True, 'driver_supply_ok': True, 'driver_temperature_ok': True, 'lt_sensor_ok': True, 'ct_sensor_ok': True, 'lc_on': False, 'lc_error': False}",result,Kommunikations-Test fuer SR830 und OSTECH,,,
2026-09-15,10:48:35,426,KOM_Test,SR830,T,"SNAP 1,2,3,4,10,11","-6.10356e-005,6.10356e-005,6.10356e-005,116.562,-6.10356e-005,6.10356e-005",result,Kommunikations-Test fuer SR830 und OSTECH,,,
2026-09-15,10:48:35,438,KOM_Test,OSTECH,T,LTM,25.0,result,Kommunikations-Test fuer SR830 und OSTECH,,,
2026-09-15,10:48:35,443,KOM_Test,OSTECH,T,LCA,0.0,result,Kommunikations-Test fuer SR830 und OSTECH,,,
2026-09-15,10:48:35,460,KOM_Test,OSTECH,T,LVA,0.0,result,Kommunikations-Test fuer SR830 und OSTECH,,,
2026-09-15,10:48:35,489,KOM_Test,OSTECH,T,XTA,21.000595092773438,result,Kommunikations-Test fuer SR830 und OSTECH,,,
2026-09-15,10:48:35,495,KOM_Test,OSTECH,T,GT,28.3519287109375,result,Kommunikations-Test fuer SR830 und OSTECH,,,
2026-09-15,10:48:35,514,KOM_Test,OSTECH,T,GS,"{'status_word': 3085, 'interlock_ok': True, 'driver_supply_ok': True, 'driver_temperature_ok': True, 'lt_sensor_ok': True, 'ct_sensor_ok': True, 'lc_on': False, 'lc_error': False}",result,Kommunikations-Test fuer SR830 und OSTECH,,,
2026-09-15,10:48:35,527,KOM_Test,OSTECH,T,LTM,25.0,result,Kommunikations-Test fuer SR830 und OSTECH,,,
2026-09-15,10:48:35,542,KOM_Test,OSTECH,T,LCA,0.0,result,Kommunikations-Test fuer SR830 und OSTECH,,,
2026-09-15,10:48:35,558,KOM_Test,SR830,T,"SNAP 5,6,7,8,9","-0.000666667,0.00633333,0.000666667,-0.001,1000",result,Kommunikations-Test fuer SR830 und OSTECH,,,
2026-09-15,10:48:35,560,KOM_Test,OSTECH,T,LVA,0.0,result,Kommunikations-Test fuer SR830 und OSTECH,,,
2026-09-15,10:48:35,572,KOM_Test,SR830,T,PHAS,0,result,Kommunikations-Test fuer SR830 und OSTECH,,,
2026-09-15,10:48:35,578,KOM_Test,OSTECH,T,XTA,21.000595092773438,result,Kommunikations-Test fuer SR830 und OSTECH,,,
2026-09-15,10:48:35,592,KOM_Test,SR830,T,FREQ,1000,result,Kommunikations-Test fuer SR830 und OSTECH,,,
2026-09-15,10:48:35,594,KOM_Test,OSTECH,T,GT,28.3519287109375,result,Kommunikations-Test fuer SR830 und OSTECH,,,
2026-09-15,10:48:35,610,KOM_Test,OSTECH,T,GS,"{'status_word': 3085, 'interlock_ok': True, 'driver_supply_ok': True, 'driver_temperature_ok': True, 'lt_sensor_ok': True, 'ct_sensor_ok': True, 'lc_on': False, 'lc_error': False}",result,Kommunikations-Test fuer SR830 und OSTECH,,,
2026-09-15,10:48:35,628,KOM_Test,OSTECH,T,LTM,25.0,result,Kommunikations-Test fuer SR830 und OSTECH,,,
2026-09-15,10:48:35,665,KOM_Test,OSTECH,T,LCA,0.0,result,Kommunikations-Test fuer SR830 und OSTECH,,,
2026-09-15,10:48:35,679,KOM_Test,SR830,T,"SNAP 1,2,3,4,10,11","0,0,0,45,0,0",result,Kommunikations-Test fuer SR830 und OSTECH,,,
2026-09-15,10:48:35,679,KOM_Test,OSTECH,T,LVA,0.0,result,Kommunikations-Test fuer SR830 und OSTECH,,,
2026-09-15,10:48:35,695,KOM_Test,OSTECH,T,XTA,20.996681213378906,result,Kommunikations-Test fuer SR830 und OSTECH,,,
2026-09-15,10:48:35,712,KOM_Test,OSTECH,T,GT,28.3519287109375,result,Kommunikations-Test fuer SR830 und OSTECH,,,
2026-09-15,10:48:35,729,KOM_Test,OSTECH,T,GS,"{'status_word': 3085, 'interlock_ok': True, 'driver_supply_ok': True, 'driver_temperature_ok': True, 'lt_sensor_ok': True, 'ct_sensor_ok': True, 'lc_on': False, 'lc_error': False}",result,Kommunikations-Test fuer SR830 und OSTECH,,,
2026-09-15,10:48:35,749,KOM_Test,OSTECH,T,LTM,25.0,result,Kommunikations-Test fuer SR830 und OSTECH,,,
2026-09-15,10:48:35,762,KOM_Test,OSTECH,T,LCA,0.0,result,Kommunikations-Test fuer SR830 und OSTECH,,,
2026-09-15,10:48:35,780,KOM_Test,OSTECH,T,LVA,0.0,result,Kommunikations-Test fuer SR830 und OSTECH,,,
2026-09-15,10:48:35,802,KOM_Test,OSTECH,T,XTA,20.996681213378906,result,Kommunikations-Test fuer SR830 und OSTECH,,,
2026-09-15,10:48:35,815,KOM_Test,OSTECH,T,GT,28.3519287109375,result,Kommunikations-Test fuer SR830 und OSTECH,,,
2026-09-15,10:48:35,817,KOM_Test,SR830,T,"SNAP 5,6,7,8,9","-0.000666667,0.00633333,0.00233333,0.000666667,1000",result,Kommunikations-Test fuer SR830 und OSTECH,,,
2026-09-15,10:48:35,833,KOM_Test,SR830,T,PHAS,0,result,Kommunikations-Test fuer SR830 und OSTECH,,,
2026-09-15,10:48:35,836,KOM_Test,OSTECH,T,GS,"{'status_word': 3085, 'interlock_ok': True, 'driver_supply_ok': True, 'driver_temperature_ok': True, 'lt_sensor_ok': True, 'ct_sensor_ok': True, 'lc_on': False, 'lc_error': False}",result,Kommunikations-Test fuer SR830 und OSTECH,,,
2026-09-15,10:48:35,854,KOM_Test,SR830,T,FREQ,1000,result,Kommunikations-Test fuer SR830 und OSTECH,,,
2026-09-15,10:48:35,864,KOM_Test,OSTECH,T,LTM,25.0,result,Kommunikations-Test fuer SR830 und OSTECH,,,
2026-09-15,10:48:35,880,KOM_Test,OSTECH,T,LCA,0.0,result,Kommunikations-Test fuer SR830 und OSTECH,,,
2026-09-15,10:48:35,898,KOM_Test,OSTECH,T,LVA,0.0,result,Kommunikations-Test fuer SR830 und OSTECH,,,
2026-09-15,10:48:35,910,KOM_Test,OSTECH,T,XTA,20.996681213378906,result,Kommunikations-Test fuer SR830 und OSTECH,,,
2026-09-15,10:48:35,931,KOM_Test,OSTECH,T,GT,28.3519287109375,result,Kommunikations-Test fuer SR830 und OSTECH,,,
2026-09-15,10:48:35,942,KOM_Test,OSTECH,T,GS,"{'status_word': 3085, 'interlock_ok': True, 'driver_supply_ok': True, 'driver_temperature_ok': True, 'lt_sensor_ok': True, 'ct_sensor_ok': True, 'lc_on': False, 'lc_error': False}",result,Kommunikations-Test fuer SR830 und OSTECH,,,
2026-09-15,10:48:35,959,KOM_Test,OSTECH,T,LTM,25.0,result,Kommunikations-Test fuer SR830 und OSTECH,,,
2026-09-15,10:48:35,981,KOM_Test,OSTECH,T,LCA,0.0,result,Kommunikations-Test fuer SR830 und OSTECH,,,
2026-09-15,10:48:35,992,KOM_Test,OSTECH,T,LVA,0.0,result,Kommunikations-Test fuer SR830 und OSTECH,,,
2026-09-15,10:48:36,024,KOM_Test,SR830,T,"SNAP 1,2,3,4,10,11","-0.000122071,6.10356e-005,6.10356e-005,135,-0.000122071,6.10356e-005",result,Kommunikations-Test fuer SR830 und OSTECH,,,
2026-09-15,10:48:36,026,KOM_Test,OSTECH,T,XTA,20.996681213378906,result,Kommunikations-Test fuer SR830 und OSTECH,,,
2026-09-15,10:48:36,048,KOM_Test,OSTECH,T,GT,28.3519287109375,result,Kommunikations-Test fuer SR830 und OSTECH,,,
2026-09-15,10:48:36,059,KOM_Test,OSTECH,T,GS,"{'status_word': 3085, 'interlock_ok': True, 'driver_supply_ok': True, 'driver_temperature_ok': True, 'lt_sensor_ok': True, 'ct_sensor_ok': True, 'lc_on': False, 'lc_error': False}",result,Kommunikations-Test fuer SR830 und OSTECH,,,
2026-09-15,10:48:36,082,KOM_Test,OSTECH,T,LTM,25.0,result,Kommunikations-Test fuer SR830 und OSTECH,,,
2026-09-15,10:48:36,094,KOM_Test,OSTECH,T,LCA,0.0,result,Kommunikations-Test fuer SR830 und OSTECH,,,
2026-09-15,10:48:36,112,KOM_Test,OSTECH,T,LVA,0.0,result,Kommunikations-Test fuer SR830 und OSTECH,,,
2026-09-15,10:48:36,132,KOM_Test,OSTECH,T,XTA,20.996681213378906,result,Kommunikations-Test fuer SR830 und OSTECH,,,
2026-09-15,10:48:36,145,KOM_Test,OSTECH,T,GT,28.3519287109375,result,Kommunikations-Test fuer SR830 und OSTECH,,,
2026-09-15,10:48:36,160,KOM_Test,SR830,T,"SNAP 5,6,7,8,9","0.00133333,0.00633333,-0.000666667,0.000666667,1000",result,Kommunikations-Test fuer SR830 und OSTECH,,,
2026-09-15,10:48:36,160,KOM_Test,OSTECH,T,GS,"{'status_word': 3085, 'interlock_ok': True, 'driver_supply_ok': True, 'driver_temperature_ok': True, 'lt_sensor_ok': True, 'ct_sensor_ok': True, 'lc_on': False, 'lc_error': False}",result,Kommunikations-Test fuer SR830 und OSTECH,,,
2026-09-15,10:48:36,182,KOM_Test,SR830,T,PHAS,0,result,Kommunikations-Test fuer SR830 und OSTECH,,,
2026-09-15,10:48:36,182,KOM_Test,OSTECH,T,LTM,25.0,result,Kommunikations-Test fuer SR830 und OSTECH,,,
2026-09-15,10:48:36,210,KOM_Test,SR830,T,FREQ,1000,result,Kommunikations-Test fuer SR830 und OSTECH,,,
2026-09-15,10:48:36,213,KOM_Test,OSTECH,T,LCA,0.0,result,Kommunikations-Test fuer SR830 und OSTECH,,,
2026-09-15,10:48:36,225,KOM_Test,OSTECH,T,LVA,0.0,result,Kommunikations-Test fuer SR830 und OSTECH,,,
2026-09-15,10:48:36,248,KOM_Test,OSTECH,T,XTA,21.00127410888672,result,Kommunikations-Test fuer SR830 und OSTECH,,,
2026-09-15,10:48:36,261,KOM_Test,OSTECH,T,GT,28.3519287109375,result,Kommunikations-Test fuer SR830 und OSTECH,,,
2026-09-15,10:48:36,283,KOM_Test,OSTECH,T,GS,"{'status_word': 3085, 'interlock_ok': True, 'driver_supply_ok': True, 'driver_temperature_ok': True, 'lt_sensor_ok': True, 'ct_sensor_ok': True, 'lc_on': False, 'lc_error': False}",result,Kommunikations-Test fuer SR830 und OSTECH,,,
2026-09-15,10:48:36,293,KOM_Test,SR830,T,"SNAP 1,2,3,4,10,11","0,0,0,90,0,0",result,Kommunikations-Test fuer SR830 und OSTECH,,,
2026-09-15,10:48:36,293,KOM_Test,OSTECH,T,LTM,25.0,result,Kommunikations-Test fuer SR830 und OSTECH,,,
2026-09-15,10:48:36,311,KOM_Test,OSTECH,T,LCA,0.0,result,Kommunikations-Test fuer SR830 und OSTECH,,,
2026-09-15,10:48:36,334,KOM_Test,OSTECH,T,LVA,0.0,result,Kommunikations-Test fuer SR830 und OSTECH,,,
2026-09-15,10:48:36,343,KOM_Test,OSTECH,T,XTA,21.00127410888672,result,Kommunikations-Test fuer SR830 und OSTECH,,,
2026-09-15,10:48:36,359,KOM_Test,OSTECH,T,GT,28.3519287109375,result,Kommunikations-Test fuer SR830 und OSTECH,,,
2026-09-15,10:48:36,384,KOM_Test,OSTECH,T,GS,"{'status_word': 3085, 'interlock_ok': True, 'driver_supply_ok': True, 'driver_temperature_ok': True, 'lt_sensor_ok': True, 'ct_sensor_ok': True, 'lc_on': False, 'lc_error': False}",result,Kommunikations-Test fuer SR830 und OSTECH,,,
2026-09-15,10:48:36,399,KOM_Test,OSTECH,T,LTM,25.0,result,Kommunikations-Test fuer SR830 und OSTECH,,,
2026-09-15,10:48:36,410,KOM_Test,SR830,T,"SNAP 5,6,7,8,9","-0.00666667,0.005,0.001,0.000666667,1000",result,Kommunikations-Test fuer SR830 und OSTECH,,,
2026-09-15,10:48:36,410,KOM_Test,OSTECH,T,LCA,0.0,result,Kommunikations-Test fuer SR830 und OSTECH,,,
2026-09-15,10:48:36,434,KOM_Test,SR830,T,PHAS,0,result,Kommunikations-Test fuer SR830 und OSTECH,,,
2026-09-15,10:48:36,434,KOM_Test,OSTECH,T,LVA,0.0,result,Kommunikations-Test fuer SR830 und OSTECH,,,
2026-09-15,10:48:36,454,KOM_Test,OSTECH,T,XTA,21.00127410888672,result,Kommunikations-Test fuer SR830 und OSTECH,,,
2026-09-15,10:48:36,459,KOM_Test,SR830,T,FREQ,1000,result,Kommunikations-Test fuer SR830 und OSTECH,,,
2026-09-15,10:48:36,462,KOM_Test,OSTECH,T,GT,28.3519287109375,result,Kommunikations-Test fuer SR830 und OSTECH,,,
2026-09-15,10:48:36,484,KOM_Test,OSTECH,T,GS,"{'status_word': 3085, 'interlock_ok': True, 'driver_supply_ok': True, 'driver_temperature_ok': True, 'lt_sensor_ok': True, 'ct_sensor_ok': True, 'lc_on': False, 'lc_error': False}",result,Kommunikations-Test fuer SR830 und OSTECH,,,
2026-09-15,10:48:36,494,KOM_Test,OSTECH,T,LTM,25.0,result,Kommunikations-Test fuer SR830 und OSTECH,,,
2026-09-15,10:48:36,515,KOM_Test,OSTECH,T,LCA,0.0,result,Kommunikations-Test fuer SR830 und OSTECH,,,
2026-09-15,10:48:36,535,KOM_Test,OSTECH,T,LVA,0.0,result,Kommunikations-Test fuer SR830 und OSTECH,,,
2026-09-15,10:48:36,544,KOM_Test,OSTECH,T,XTA,21.00127410888672,result,Kommunikations-Test fuer SR830 und OSTECH,,,
2026-09-15,10:48:36,574,KOM_Test,OSTECH,T,GT,28.3519287109375,result,Kommunikations-Test fuer SR830 und OSTECH,,,
2026-09-15,10:48:36,581,KOM_Test,SR830,T,"SNAP 1,2,3,4,10,11","0,-6.10356e-005,0,-90,0,-6.10356e-005",result,Kommunikations-Test fuer SR830 und OSTECH,,,
2026-09-15,10:48:36,592,KOM_Test,OSTECH,T,GS,"{'status_word': 3085, 'interlock_ok': True, 'driver_supply_ok': True, 'driver_temperature_ok': True, 'lt_sensor_ok': True, 'ct_sensor_ok': True, 'lc_on': False, 'lc_error': False}",result,Kommunikations-Test fuer SR830 und OSTECH,,,
2026-09-15,10:48:36,609,KOM_Test,OSTECH,T,LTM,25.0,result,Kommunikations-Test fuer SR830 und OSTECH,,,
2026-09-15,10:48:36,636,KOM_Test,OSTECH,T,LCA,0.0,result,Kommunikations-Test fuer SR830 und OSTECH,,,
2026-09-15,10:48:36,643,KOM_Test,OSTECH,T,LVA,0.0,result,Kommunikations-Test fuer SR830 und OSTECH,,,
2026-09-15,10:48:36,662,KOM_Test,OSTECH,T,XTA,21.00127410888672,result,Kommunikations-Test fuer SR830 und OSTECH,,,
2026-09-15,10:48:36,686,KOM_Test,OSTECH,T,GT,28.3519287109375,result,Kommunikations-Test fuer SR830 und OSTECH,,,
2026-09-15,10:48:36,694,KOM_Test,OSTECH,T,GS,"{'status_word': 3085, 'interlock_ok': True, 'driver_supply_ok': True, 'driver_temperature_ok': True, 'lt_sensor_ok': True, 'ct_sensor_ok': True, 'lc_on': False, 'lc_error': False}",result,Kommunikations-Test fuer SR830 und OSTECH,,,
2026-09-15,10:48:36,706,KOM_Test,SR830,T,"SNAP 5,6,7,8,9","-0.00333333,0.003,-0.000666667,0.002,1000",result,Kommunikations-Test fuer SR830 und OSTECH,,,
2026-09-15,10:48:36,709,KOM_Test,OSTECH,T,LTM,25.0,result,Kommunikations-Test fuer SR830 und OSTECH,,,
2026-09-15,10:48:36,709,KOM_Test,SR830,T,PHAS,0,result,Kommunikations-Test fuer SR830 und OSTECH,,,
2026-09-15,10:48:36,737,KOM_Test,OSTECH,T,LCA,0.0,result,Kommunikations-Test fuer SR830 und OSTECH,,,
2026-09-15,10:48:36,743,KOM_Test,SR830,T,FREQ,1000,result,Kommunikations-Test fuer SR830 und OSTECH,,,
2026-09-15,10:48:36,763,KOM_Test,OSTECH,T,LVA,0.0,result,Kommunikations-Test fuer SR830 und OSTECH,,,
2026-09-15,10:48:36,776,KOM_Test,OSTECH,T,XTA,20.996124267578125,result,Kommunikations-Test fuer SR830 und OSTECH,,,
2026-09-15,10:48:36,799,KOM_Test,OSTECH,T,GT,28.3519287109375,result,Kommunikations-Test fuer SR830 und OSTECH,,,
2026-09-15,10:48:36,809,KOM_Test,OSTECH,T,GS,"{'status_word': 3085, 'interlock_ok': True, 'driver_supply_ok': True, 'driver_temperature_ok': True, 'lt_sensor_ok': True, 'ct_sensor_ok': True, 'lc_on': False, 'lc_error': False}",result,Kommunikations-Test fuer SR830 und OSTECH,,,
2026-09-15,10:48:36,838,KOM_Test,OSTECH,T,LTM,25.0,result,Kommunikations-Test fuer SR830 und OSTECH,,,
2026-09-15,10:48:36,838,KOM_Test,SR830,T,"SNAP 1,2,3,4,10,11","0,0,0,45,0,0",result,Kommunikations-Test fuer SR830 und OSTECH,,,
2026-09-15,10:48:36,845,KOM_Test,OSTECH,T,LCA,0.0,result,Kommunikations-Test fuer SR830 und OSTECH,,,
2026-09-15,10:48:36,861,KOM_Test,OSTECH,T,LVA,0.0,result,Kommunikations-Test fuer SR830 und OSTECH,,,
2026-09-15,10:48:36,888,KOM_Test,OSTECH,T,XTA,20.996124267578125,result,Kommunikations-Test fuer SR830 und OSTECH,,,
2026-09-15,10:48:36,897,KOM_Test,OSTECH,T,GT,28.3519287109375,result,Kommunikations-Test fuer SR830 und OSTECH,,,
2026-09-15,10:48:36,912,KOM_Test,OSTECH,T,GS,"{'status_word': 3085, 'interlock_ok': True, 'driver_supply_ok': True, 'driver_temperature_ok': True, 'lt_sensor_ok': True, 'ct_sensor_ok': True, 'lc_on': False, 'lc_error': False}",result,Kommunikations-Test fuer SR830 und OSTECH,,,
2026-09-15,10:48:36,938,KOM_Test,OSTECH,T,LTM,25.0,result,Kommunikations-Test fuer SR830 und OSTECH,,,
2026-09-15,10:48:36,947,KOM_Test,OSTECH,T,LCA,0.0,result,Kommunikations-Test fuer SR830 und OSTECH,,,
2026-09-15,10:48:36,956,KOM_Test,SR830,T,"SNAP 5,6,7,8,9","-0.00466667,0.00466667,0.001,-0.000666667,1000",result,Kommunikations-Test fuer SR830 und OSTECH,,,
2026-09-15,10:48:36,960,KOM_Test,OSTECH,T,LVA,0.0,result,Kommunikations-Test fuer SR830 und OSTECH,,,
2026-09-15,10:48:36,960,KOM_Test,SR830,T,PHAS,0,result,Kommunikations-Test fuer SR830 und OSTECH,,,
2026-09-15,10:48:36,979,KOM_Test,OSTECH,T,XTA,20.996124267578125,result,Kommunikations-Test fuer SR830 und OSTECH,,,
2026-09-15,10:48:36,991,KOM_Test,SR830,T,FREQ,1000,result,Kommunikations-Test fuer SR830 und OSTECH,,,
2026-09-15,10:48:36,993,KOM_Test,OSTECH,T,GT,28.3519287109375,result,Kommunikations-Test fuer SR830 und OSTECH,,,
2026-09-15,10:48:37,010,KOM_Test,OSTECH,T,GS,"{'status_word': 3085, 'interlock_ok': True, 'driver_supply_ok': True, 'driver_temperature_ok': True, 'lt_sensor_ok': True, 'ct_sensor_ok': True, 'lc_on': False, 'lc_error': False}",result,Kommunikations-Test fuer SR830 und OSTECH,,,
2026-09-15,10:48:37,026,KOM_Test,OSTECH,T,LTM,25.0,result,Kommunikations-Test fuer SR830 und OSTECH,,,
2026-09-15,10:48:37,044,KOM_Test,OSTECH,T,LCA,0.0,result,Kommunikations-Test fuer SR830 und OSTECH,,,
2026-09-15,10:48:37,062,KOM_Test,SR830,T,"SNAP 1,2,3,4,10,11","0,0,0,0,0,0",result,Kommunikations-Test fuer SR830 und OSTECH,,,
2026-09-15,10:48:37,070,KOM_Test,OSTECH,T,LVA,0.0,result,Kommunikations-Test fuer SR830 und OSTECH,,,
2026-09-15,10:48:37,089,KOM_Test,OSTECH,T,XTA,20.996124267578125,result,Kommunikations-Test fuer SR830 und OSTECH,,,
2026-09-15,10:48:37,095,KOM_Test,OSTECH,T,GT,28.3519287109375,result,Kommunikations-Test fuer SR830 und OSTECH,,,
2026-09-15,10:48:37,109,KOM_Test,OSTECH,T,GS,"{'status_word': 3085, 'interlock_ok': True, 'driver_supply_ok': True, 'driver_temperature_ok': True, 'lt_sensor_ok': True, 'ct_sensor_ok': True, 'lc_on': False, 'lc_error': False}",result,Kommunikations-Test fuer SR830 und OSTECH,,,
2026-09-15,10:48:37,126,KOM_Test,OSTECH,T,LTM,25.0,result,Kommunikations-Test fuer SR830 und OSTECH,,,
2026-09-15,10:48:37,143,KOM_Test,OSTECH,T,LCA,0.0,result,Kommunikations-Test fuer SR830 und OSTECH,,,
2026-09-15,10:48:37,172,KOM_Test,OSTECH,T,LVA,0.0,result,Kommunikations-Test fuer SR830 und OSTECH,,,
2026-09-15,10:48:37,198,KOM_Test,SR830,T,"SNAP 5,6,7,8,9","-0.002,0.005,-0.000333333,0.000666667,1000",result,Kommunikations-Test fuer SR830 und OSTECH,,,
2026-09-15,10:48:37,203,KOM_Test,OSTECH,T,XTA,20.996124267578125,result,Kommunikations-Test fuer SR830 und OSTECH,,,
2026-09-15,10:48:37,216,KOM_Test,SR830,T,PHAS,0,result,Kommunikations-Test fuer SR830 und OSTECH,,,
2026-09-15,10:48:37,224,KOM_Test,OSTECH,T,GT,28.3519287109375,result,Kommunikations-Test fuer SR830 und OSTECH,,,
2026-09-15,10:48:37,225,KOM_Test,OSTECH,T,GS,"{'status_word': 3085, 'interlock_ok': True, 'driver_supply_ok': True, 'driver_temperature_ok': True, 'lt_sensor_ok': True, 'ct_sensor_ok': True, 'lc_on': False, 'lc_error': False}",result,Kommunikations-Test fuer SR830 und OSTECH,,,
2026-09-15,10:48:37,229,KOM_Test,SR830,T,FREQ,1000,result,Kommunikations-Test fuer SR830 und OSTECH,,,
2026-09-15,10:48:37,238,KOM_Test,OSTECH,T,LTM,25.0,result,Kommunikations-Test fuer SR830 und OSTECH,,,
2026-09-15,10:48:37,253,KOM_Test,OSTECH,T,LCA,0.0,result,Kommunikations-Test fuer SR830 und OSTECH,,,
2026-09-15,10:48:37,272,KOM_Test,OSTECH,T,LVA,0.0,result,Kommunikations-Test fuer SR830 und OSTECH,,,
2026-09-15,10:48:37,287,KOM_Test,OSTECH,T,XTA,20.996124267578125,result,Kommunikations-Test fuer SR830 und OSTECH,,,
2026-09-15,10:48:37,312,KOM_Test,OSTECH,T,GT,28.3519287109375,result,Kommunikations-Test fuer SR830 und OSTECH,,,
2026-09-15,10:48:37,313,KOM_Test,OSTECH,T,GS,"{'status_word': 3085, 'interlock_ok': True, 'driver_supply_ok': True, 'driver_temperature_ok': True, 'lt_sensor_ok': True, 'ct_sensor_ok': True, 'lc_on': False, 'lc_error': False}",result,Kommunikations-Test fuer SR830 und OSTECH,,,
2026-09-15,10:48:37,334,KOM_Test,OSTECH,T,LTM,25.0,result,Kommunikations-Test fuer SR830 und OSTECH,,,
2026-09-15,10:48:37,352,KOM_Test,OSTECH,T,LCA,0.0,result,Kommunikations-Test fuer SR830 und OSTECH,,,
2026-09-15,10:48:37,363,KOM_Test,OSTECH,T,LVA,0.0,result,Kommunikations-Test fuer SR830 und OSTECH,,,
2026-09-15,10:48:37,383,KOM_Test,OSTECH,T,XTA,20.996353149414062,result,Kommunikations-Test fuer SR830 und OSTECH,,,
2026-09-15,10:48:37,402,KOM_Test,OSTECH,T,GT,28.3519287109375,result,Kommunikations-Test fuer SR830 und OSTECH,,,
2026-09-15,10:48:37,408,KOM_Test,SR830,T,"SNAP 1,2,3,4,10,11","-0.000122071,-6.10356e-005,6.10356e-005,-153.438,-0.000122071,-6.10356e-005",result,Kommunikations-Test fuer SR830 und OSTECH,,,
2026-09-15,10:48:37,412,KOM_Test,OSTECH,T,GS,"{'status_word': 3085, 'interlock_ok': True, 'driver_supply_ok': True, 'driver_temperature_ok': True, 'lt_sensor_ok': True, 'ct_sensor_ok': True, 'lc_on': False, 'lc_error': False}",result,Kommunikations-Test fuer SR830 und OSTECH,,,
2026-09-15,10:48:37,427,KOM_Test,OSTECH,T,LTM,25.0,result,Kommunikations-Test fuer SR830 und OSTECH,,,
2026-09-15,10:48:37,453,KOM_Test,OSTECH,T,LCA,0.0,result,Kommunikations-Test fuer SR830 und OSTECH,,,
2026-09-15,10:48:37,462,KOM_Test,OSTECH,T,LVA,0.0,result,Kommunikations-Test fuer SR830 und OSTECH,,,
2026-09-15,10:48:37,501,KOM_Test,OSTECH,T,XTA,20.996353149414062,result,Kommunikations-Test fuer SR830 und OSTECH,,,
2026-09-15,10:48:37,516,KOM_Test,OSTECH,T,GT,28.352054595947266,result,Kommunikations-Test fuer SR830 und OSTECH,,,
2026-09-15,10:48:37,522,KOM_Test,SR830,T,"SNAP 5,6,7,8,9","-0.002,0.00466667,0.001,0.000666667,1000",result,Kommunikations-Test fuer SR830 und OSTECH,,,
2026-09-15,10:48:37,533,KOM_Test,OSTECH,T,GS,"{'status_word': 3085, 'interlock_ok': True, 'driver_supply_ok': True, 'driver_temperature_ok': True, 'lt_sensor_ok': True, 'ct_sensor_ok': True, 'lc_on': False, 'lc_error': False}",result,Kommunikations-Test fuer SR830 und OSTECH,,,
2026-09-15,10:48:37,533,KOM_Test,SR830,T,PHAS,0,result,Kommunikations-Test fuer SR830 und OSTECH,,,
2026-09-15,10:48:37,553,KOM_Test,OSTECH,T,LTM,25.0,result,Kommunikations-Test fuer SR830 und OSTECH,,,
2026-09-15,10:48:37,560,KOM_Test,SR830,T,FREQ,1000,result,Kommunikations-Test fuer SR830 und OSTECH,,,
2026-09-15,10:48:37,563,KOM_Test,OSTECH,T,LCA,0.0,result,Kommunikations-Test fuer SR830 und OSTECH,,,
2026-09-15,10:48:37,580,KOM_Test,OSTECH,T,LVA,0.0,result,Kommunikations-Test fuer SR830 und OSTECH,,,
2026-09-15,10:48:37,604,KOM_Test,OSTECH,T,XTA,20.996353149414062,result,Kommunikations-Test fuer SR830 und OSTECH,,,
2026-09-15,10:48:37,613,KOM_Test,OSTECH,T,GT,28.352054595947266,result,Kommunikations-Test fuer SR830 und OSTECH,,,
2026-09-15,10:48:37,627,KOM_Test,OSTECH,T,GS,"{'status_word': 3085, 'interlock_ok': True, 'driver_supply_ok': True, 'driver_temperature_ok': True, 'lt_sensor_ok': True, 'ct_sensor_ok': True, 'lc_on': False, 'lc_error': False}",result,Kommunikations-Test fuer SR830 und OSTECH,,,
2026-09-15,10:48:37,654,KOM_Test,OSTECH,T,LTM,25.0,result,Kommunikations-Test fuer SR830 und OSTECH,,,
2026-09-15,10:48:37,676,KOM_Test,OSTECH,T,LCA,0.0,result,Kommunikations-Test fuer SR830 und OSTECH,,,
2026-09-15,10:48:37,682,KOM_Test,SR830,T,"SNAP 1,2,3,4,10,11","0,-6.10356e-005,0,-45,0,-6.10356e-005",result,Kommunikations-Test fuer SR830 und OSTECH,,,
2026-09-15,10:48:37,705,KOM_Test,OSTECH,T,LVA,0.0,result,Kommunikations-Test fuer SR830 und OSTECH,,,
2026-09-15,10:48:37,712,KOM_Test,OSTECH,T,XTA,20.996353149414062,result,Kommunikations-Test fuer SR830 und OSTECH,,,
2026-09-15,10:48:37,737,KOM_Test,OSTECH,T,GT,28.352054595947266,result,Kommunikations-Test fuer SR830 und OSTECH,,,
2026-09-15,10:48:37,745,KOM_Test,OSTECH,T,GS,"{'status_word': 3085, 'interlock_ok': True, 'driver_supply_ok': True, 'driver_temperature_ok': True, 'lt_sensor_ok': True, 'ct_sensor_ok': True, 'lc_on': False, 'lc_error': False}",result,Kommunikations-Test fuer SR830 und OSTECH,,,
2026-09-15,10:48:37,760,KOM_Test,OSTECH,T,LTM,25.0,result,Kommunikations-Test fuer SR830 und OSTECH,,,
2026-09-15,10:48:37,780,KOM_Test,OSTECH,T,LCA,0.0,result,Kommunikations-Test fuer SR830 und OSTECH,,,
2026-09-15,10:48:37,796,KOM_Test,OSTECH,T,LVA,0.0,result,Kommunikations-Test fuer SR830 und OSTECH,,,
2026-09-15,10:48:37,810,KOM_Test,SR830,T,"SNAP 5,6,7,8,9","-0.000666667,0.00466667,0.001,-0.000666667,1000",result,Kommunikations-Test fuer SR830 und OSTECH,,,
2026-09-15,10:48:37,820,KOM_Test,OSTECH,T,XTA,20.996353149414062,result,Kommunikations-Test fuer SR830 und OSTECH,,,
2026-09-15,10:48:37,833,KOM_Test,OSTECH,T,GT,28.352054595947266,result,Kommunikations-Test fuer SR830 und OSTECH,,,
2026-09-15,10:48:37,833,KOM_Test,SR830,T,PHAS,0,result,Kommunikations-Test fuer SR830 und OSTECH,,,
2026-09-15,10:48:37,860,KOM_Test,OSTECH,T,GS,"{'status_word': 3085, 'interlock_ok': True, 'driver_supply_ok': True, 'driver_temperature_ok': True, 'lt_sensor_ok': True, 'ct_sensor_ok': True, 'lc_on': False, 'lc_error': False}",result,Kommunikations-Test fuer SR830 und OSTECH,,,
2026-09-15,10:48:37,861,KOM_Test,SR830,T,FREQ,1000,result,Kommunikations-Test fuer SR830 und OSTECH,,,
2026-09-15,10:48:37,884,KOM_Test,OSTECH,T,LTM,25.0,result,Kommunikations-Test fuer SR830 und OSTECH,,,
2026-09-15,10:48:37,906,KOM_Test,OSTECH,T,LCA,0.0,result,Kommunikations-Test fuer SR830 und OSTECH,,,
2026-09-15,10:48:37,916,KOM_Test,OSTECH,T,LVA,0.0,result,Kommunikations-Test fuer SR830 und OSTECH,,,
2026-09-15,10:48:37,928,KOM_Test,OSTECH,T,XTA,20.997459411621094,result,Kommunikations-Test fuer SR830 und OSTECH,,,
2026-09-15,10:48:37,945,KOM_Test,SR830,T,"SNAP 1,2,3,4,10,11","0,0,0,0,0,0",result,Kommunikations-Test fuer SR830 und OSTECH,,,
2026-09-15,10:48:37,954,KOM_Test,OSTECH,T,GT,28.352054595947266,result,Kommunikations-Test fuer SR830 und OSTECH,,,
2026-09-15,10:48:37,966,KOM_Test,OSTECH,T,GS,"{'status_word': 3085, 'interlock_ok': True, 'driver_supply_ok': True, 'driver_temperature_ok': True, 'lt_sensor_ok': True, 'ct_sensor_ok': True, 'lc_on': False, 'lc_error': False}",result,Kommunikations-Test fuer SR830 und OSTECH,,,
2026-09-15,10:48:37,977,KOM_Test,OSTECH,T,LTM,25.0,result,Kommunikations-Test fuer SR830 und OSTECH,,,
2026-09-15,10:48:38,000,KOM_Test,OSTECH,T,LCA,0.0,result,Kommunikations-Test fuer SR830 und OSTECH,,,
2026-09-15,10:48:38,012,KOM_Test,OSTECH,T,LVA,0.0,result,Kommunikations-Test fuer SR830 und OSTECH,,,
2026-09-15,10:48:38,041,KOM_Test,OSTECH,T,XTA,20.997459411621094,result,Kommunikations-Test fuer SR830 und OSTECH,,,
2026-09-15,10:48:38,049,KOM_Test,OSTECH,T,GT,28.352054595947266,result,Kommunikations-Test fuer SR830 und OSTECH,,,
2026-09-15,10:48:38,061,KOM_Test,OSTECH,T,GS,"{'status_word': 3085, 'interlock_ok': True, 'driver_supply_ok': True, 'driver_temperature_ok': True, 'lt_sensor_ok': True, 'ct_sensor_ok': True, 'lc_on': False, 'lc_error': False}",result,Kommunikations-Test fuer SR830 und OSTECH,,,
2026-09-15,10:48:38,076,KOM_Test,SR830,T,"SNAP 5,6,7,8,9","-0.00166667,0.005,0.00233333,-0.000666667,1000",result,Kommunikations-Test fuer SR830 und OSTECH,,,
2026-09-15,10:48:38,077,KOM_Test,SR830,T,PHAS,0,result,Kommunikations-Test fuer SR830 und OSTECH,,,
2026-09-15,10:48:38,077,KOM_Test,OSTECH,T,LTM,25.0,result,Kommunikations-Test fuer SR830 und OSTECH,,,
2026-09-15,10:48:38,096,KOM_Test,OSTECH,T,LCA,0.0,result,Kommunikations-Test fuer SR830 und OSTECH,,,
2026-09-15,10:48:38,111,KOM_Test,SR830,T,FREQ,1000,result,Kommunikations-Test fuer SR830 und OSTECH,,,
2026-09-15,10:48:38,112,KOM_Test,OSTECH,T,LVA,0.0,result,Kommunikations-Test fuer SR830 und OSTECH,,,
2026-09-15,10:48:38,129,KOM_Test,OSTECH,T,XTA,20.997459411621094,result,Kommunikations-Test fuer SR830 und OSTECH,,,
2026-09-15,10:48:38,147,KOM_Test,OSTECH,T,GT,28.352054595947266,result,Kommunikations-Test fuer SR830 und OSTECH,,,
2026-09-15,10:48:38,160,KOM_Test,OSTECH,T,GS,"{'status_word': 3085, 'interlock_ok': True, 'driver_supply_ok': True, 'driver_temperature_ok': True, 'lt_sensor_ok': True, 'ct_sensor_ok': True, 'lc_on': False, 'lc_error': False}",result,Kommunikations-Test fuer SR830 und OSTECH,,,
2026-09-15,10:48:38,178,KOM_Test,OSTECH,T,LTM,25.0,result,Kommunikations-Test fuer SR830 und OSTECH,,,
2026-09-15,10:48:38,197,KOM_Test,OSTECH,T,LCA,0.0,result,Kommunikations-Test fuer SR830 und OSTECH,,,
2026-09-15,10:48:38,226,KOM_Test,OSTECH,T,LVA,0.0,result,Kommunikations-Test fuer SR830 und OSTECH,,,
2026-09-15,10:48:38,249,KOM_Test,OSTECH,T,XTA,20.997459411621094,result,Kommunikations-Test fuer SR830 und OSTECH,,,
2026-09-15,10:48:38,262,KOM_Test,OSTECH,T,GT,28.352054595947266,result,Kommunikations-Test fuer SR830 und OSTECH,,,
2026-09-15,10:48:38,277,KOM_Test,OSTECH,T,GS,"{'status_word': 3085, 'interlock_ok': True, 'driver_supply_ok': True, 'driver_temperature_ok': True, 'lt_sensor_ok': True, 'ct_sensor_ok': True, 'lc_on': False, 'lc_error': False}",result,Kommunikations-Test fuer SR830 und OSTECH,,,
2026-09-15,10:48:38,294,KOM_Test,SR830,T,"SNAP 1,2,3,4,10,11","-6.10356e-005,-0.000122071,6.10356e-005,-116.562,-6.10356e-005,-0.000122071",result,Kommunikations-Test fuer SR830 und OSTECH,,,
2026-09-15,10:48:38,294,KOM_Test,OSTECH,T,LTM,25.0,result,Kommunikations-Test fuer SR830 und OSTECH,,,
2026-09-15,10:48:38,313,KOM_Test,OSTECH,T,LCA,0.0,result,Kommunikations-Test fuer SR830 und OSTECH,,,
2026-09-15,10:48:38,329,KOM_Test,OSTECH,T,LVA,0.0,result,Kommunikations-Test fuer SR830 und OSTECH,,,
2026-09-15,10:48:38,346,KOM_Test,OSTECH,T,XTA,20.997459411621094,result,Kommunikations-Test fuer SR830 und OSTECH,,,
2026-09-15,10:48:38,362,KOM_Test,OSTECH,T,GT,28.352054595947266,result,Kommunikations-Test fuer SR830 und OSTECH,,,
2026-09-15,10:48:38,378,KOM_Test,OSTECH,T,GS,"{'status_word': 3085, 'interlock_ok': True, 'driver_supply_ok': True, 'driver_temperature_ok': True, 'lt_sensor_ok': True, 'ct_sensor_ok': True, 'lc_on': False, 'lc_error': False}",result,Kommunikations-Test fuer SR830 und OSTECH,,,
2026-09-15,10:48:38,413,KOM_Test,OSTECH,T,LTM,25.0,result,Kommunikations-Test fuer SR830 und OSTECH,,,
2026-09-15,10:48:38,427,KOM_Test,SR830,T,"SNAP 5,6,7,8,9","-0.002,0.00633333,0.00233333,0.000666667,1000",result,Kommunikations-Test fuer SR830 und OSTECH,,,
2026-09-15,10:48:38,435,KOM_Test,OSTECH,T,LCA,0.0,result,Kommunikations-Test fuer SR830 und OSTECH,,,
2026-09-15,10:48:38,444,KOM_Test,OSTECH,T,LVA,0.0,result,Kommunikations-Test fuer SR830 und OSTECH,,,
2026-09-15,10:48:38,444,KOM_Test,SR830,T,PHAS,0,result,Kommunikations-Test fuer SR830 und OSTECH,,,
2026-09-15,10:48:38,463,KOM_Test,OSTECH,T,XTA,20.99700927734375,result,Kommunikations-Test fuer SR830 und OSTECH,,,
2026-09-15,10:48:38,479,KOM_Test,SR830,T,FREQ,1000,result,Kommunikations-Test fuer SR830 und OSTECH,,,
2026-09-15,10:48:38,485,KOM_Test,OSTECH,T,GT,28.352054595947266,result,Kommunikations-Test fuer SR830 und OSTECH,,,
2026-09-15,10:48:38,499,KOM_Test,OSTECH,T,GS,"{'status_word': 3085, 'interlock_ok': True, 'driver_supply_ok': True, 'driver_temperature_ok': True, 'lt_sensor_ok': True, 'ct_sensor_ok': True, 'lc_on': False, 'lc_error': False}",result,Kommunikations-Test fuer SR830 und OSTECH,,,
2026-09-15,10:48:38,517,KOM_Test,OSTECH,T,LTM,25.0,result,Kommunikations-Test fuer SR830 und OSTECH,,,
2026-09-15,10:48:38,533,KOM_Test,OSTECH,T,LCA,0.0,result,Kommunikations-Test fuer SR830 und OSTECH,,,
2026-09-15,10:48:38,545,KOM_Test,OSTECH,T,LVA,0.0,result,Kommunikations-Test fuer SR830 und OSTECH,,,
2026-09-15,10:48:38,563,KOM_Test,OSTECH,T,XTA,20.99700927734375,result,Kommunikations-Test fuer SR830 und OSTECH,,,
2026-09-15,10:48:38,596,KOM_Test,OSTECH,T,GT,28.352054595947266,result,Kommunikations-Test fuer SR830 und OSTECH,,,
2026-09-15,10:48:38,616,KOM_Test,OSTECH,T,GS,"{'status_word': 3085, 'interlock_ok': True, 'driver_supply_ok': True, 'driver_temperature_ok': True, 'lt_sensor_ok': True, 'ct_sensor_ok': True, 'lc_on': False, 'lc_error': False}",result,Kommunikations-Test fuer SR830 und OSTECH,,,
2026-09-15,10:48:38,628,KOM_Test,OSTECH,T,LTM,25.0,result,Kommunikations-Test fuer SR830 und OSTECH,,,
2026-09-15,10:48:38,646,KOM_Test,SR830,T,"SNAP 1,2,3,4,10,11","-0.000122071,-6.10356e-005,6.10356e-005,-161.568,-0.000122071,-6.10356e-005",result,Kommunikations-Test fuer SR830 und OSTECH,,,
2026-09-15,10:48:38,656,KOM_Test,OSTECH,T,LCA,0.0,result,Kommunikations-Test fuer SR830 und OSTECH,,,
2026-09-15,10:48:38,669,KOM_Test,OSTECH,T,LVA,0.0,result,Kommunikations-Test fuer SR830 und OSTECH,,,
2026-09-15,10:48:38,677,KOM_Test,OSTECH,T,XTA,20.99700927734375,result,Kommunikations-Test fuer SR830 und OSTECH,,,
2026-09-15,10:48:38,695,KOM_Test,OSTECH,T,GT,28.352054595947266,result,Kommunikations-Test fuer SR830 und OSTECH,,,
2026-09-15,10:48:38,713,KOM_Test,OSTECH,T,GS,"{'status_word': 3085, 'interlock_ok': True, 'driver_supply_ok': True, 'driver_temperature_ok': True, 'lt_sensor_ok': True, 'ct_sensor_ok': True, 'lc_on': False, 'lc_error': False}",result,Kommunikations-Test fuer SR830 und OSTECH,,,
2026-09-15,10:48:38,737,KOM_Test,OSTECH,T,LTM,25.0,result,Kommunikations-Test fuer SR830 und OSTECH,,,
2026-09-15,10:48:38,748,KOM_Test,OSTECH,T,LCA,0.0,result,Kommunikations-Test fuer SR830 und OSTECH,,,
2026-09-15,10:48:38,763,KOM_Test,SR830,T,"SNAP 5,6,7,8,9","-0.002,0.00633333,-0.002,-0.000666667,1000",result,Kommunikations-Test fuer SR830 und OSTECH,,,
2026-09-15,10:48:38,776,KOM_Test,OSTECH,T,LVA,0.0,result,Kommunikations-Test fuer SR830 und OSTECH,,,
2026-09-15,10:48:38,778,KOM_Test,SR830,T,PHAS,0,result,Kommunikations-Test fuer SR830 und OSTECH,,,
2026-09-15,10:48:38,778,KOM_Test,OSTECH,T,XTA,20.99700927734375,result,Kommunikations-Test fuer SR830 und OSTECH,,,
2026-09-15,10:48:38,797,KOM_Test,OSTECH,T,GT,28.352054595947266,result,Kommunikations-Test fuer SR830 und OSTECH,,,
2026-09-15,10:48:38,811,KOM_Test,SR830,T,FREQ,1000,result,Kommunikations-Test fuer SR830 und OSTECH,,,
2026-09-15,10:48:38,814,KOM_Test,OSTECH,T,GS,"{'status_word': 3085, 'interlock_ok': True, 'driver_supply_ok': True, 'driver_temperature_ok': True, 'lt_sensor_ok': True, 'ct_sensor_ok': True, 'lc_on': False, 'lc_error': False}",result,Kommunikations-Test fuer SR830 und OSTECH,,,
2026-09-15,10:48:38,828,KOM_Test,OSTECH,T,LTM,25.0,result,Kommunikations-Test fuer SR830 und OSTECH,,,
2026-09-15,10:48:38,844,KOM_Test,OSTECH,T,LCA,0.0,result,Kommunikations-Test fuer SR830 und OSTECH,,,
2026-09-15,10:48:38,864,KOM_Test,OSTECH,T,LVA,0.0,result,Kommunikations-Test fuer SR830 und OSTECH,,,
2026-09-15,10:48:38,879,KOM_Test,OSTECH,T,XTA,20.99700927734375,result,Kommunikations-Test fuer SR830 und OSTECH,,,
2026-09-15,10:48:38,897,KOM_Test,OSTECH,T,GT,28.352054595947266,result,Kommunikations-Test fuer SR830 und OSTECH,,,
2026-09-15,10:48:38,914,KOM_Test,OSTECH,T,GS,"{'status_word': 3085, 'interlock_ok': True, 'driver_supply_ok': True, 'driver_temperature_ok': True, 'lt_sensor_ok': True, 'ct_sensor_ok': True, 'lc_on': False, 'lc_error': False}",result,Kommunikations-Test fuer SR830 und OSTECH,,,
2026-09-15,10:48:38,928,KOM_Test,OSTECH,T,LTM,25.0,result,Kommunikations-Test fuer SR830 und OSTECH,,,
2026-09-15,10:48:38,963,KOM_Test,OSTECH,T,LCA,0.0,result,Kommunikations-Test fuer SR830 und OSTECH,,,
2026-09-15,10:48:38,985,KOM_Test,OSTECH,T,LVA,0.0,result,Kommunikations-Test fuer SR830 und OSTECH,,,
2026-09-15,10:48:38,991,KOM_Test,SR830,T,"SNAP 1,2,3,4,10,11","-6.10356e-005,6.10356e-005,6.10356e-005,116.562,-6.10356e-005,6.10356e-005",result,Kommunikations-Test fuer SR830 und OSTECH,,,
2026-09-15,10:48:38,996,KOM_Test,OSTECH,T,XTA,20.997459411621094,result,Kommunikations-Test fuer SR830 und OSTECH,,,
2026-09-15,10:48:39,021,KOM_Test,OSTECH,T,GT,28.352054595947266,result,Kommunikations-Test fuer SR830 und OSTECH,,,
2026-09-15,10:48:39,034,KOM_Test,OSTECH,T,GS,"{'status_word': 3085, 'interlock_ok': True, 'driver_supply_ok': True, 'driver_temperature_ok': True, 'lt_sensor_ok': True, 'ct_sensor_ok': True, 'lc_on': False, 'lc_error': False}",result,Kommunikations-Test fuer SR830 und OSTECH,,,
2026-09-15,10:48:39,044,KOM_Test,OSTECH,T,LTM,25.0,result,Kommunikations-Test fuer SR830 und OSTECH,,,
2026-09-15,10:48:39,065,KOM_Test,OSTECH,T,LCA,0.0,result,Kommunikations-Test fuer SR830 und OSTECH,,,
2026-09-15,10:48:39,091,KOM_Test,OSTECH,T,LVA,0.0,result,Kommunikations-Test fuer SR830 und OSTECH,,,
2026-09-15,10:48:39,110,KOM_Test,OSTECH,T,XTA,20.997459411621094,result,Kommunikations-Test fuer SR830 und OSTECH,,,
2026-09-15,10:48:39,119,KOM_Test,SR830,T,"SNAP 5,6,7,8,9","-0.000333333,0.005,0.001,0.000666667,1000",result,Kommunikations-Test fuer SR830 und OSTECH,,,
2026-09-15,10:48:39,138,KOM_Test,OSTECH,T,GT,28.352054595947266,result,Kommunikations-Test fuer SR830 und OSTECH,,,
2026-09-15,10:48:39,140,KOM_Test,SR830,T,PHAS,0,result,Kommunikations-Test fuer SR830 und OSTECH,,,
2026-09-15,10:48:39,140,KOM_Test,OSTECH,T,GS,"{'status_word': 3085, 'interlock_ok': True, 'driver_supply_ok': True, 'driver_temperature_ok': True, 'lt_sensor_ok': True, 'ct_sensor_ok': True, 'lc_on': False, 'lc_error': False}",result,Kommunikations-Test fuer SR830 und OSTECH,,,
2026-09-15,10:48:39,145,KOM_Test,SR830,T,FREQ,1000,result,Kommunikations-Test fuer SR830 und OSTECH,,,
2026-09-15,10:48:39,157,KOM_Test,OSTECH,T,LTM,25.0,result,Kommunikations-Test fuer SR830 und OSTECH,,,
2026-09-15,10:48:39,170,KOM_Test,OSTECH,T,LCA,0.0,result,Kommunikations-Test fuer SR830 und OSTECH,,,
2026-09-15,10:48:39,177,KOM_Test,OSTECH,T,LVA,0.0,result,Kommunikations-Test fuer SR830 und OSTECH,,,
2026-09-15,10:48:39,197,KOM_Test,OSTECH,T,XTA,20.997459411621094,result,Kommunikations-Test fuer SR830 und OSTECH,,,
2026-09-15,10:48:39,218,KOM_Test,OSTECH,T,GT,28.352054595947266,result,Kommunikations-Test fuer SR830 und OSTECH,,,
2026-09-15,10:48:39,227,KOM_Test,SR830,T,"SNAP 1,2,3,4,10,11","0,0,0,0,0,0",result,Kommunikations-Test fuer SR830 und OSTECH,,,
2026-09-15,10:48:39,227,KOM_Test,OSTECH,T,GS,"{'status_word': 3085, 'interlock_ok': True, 'driver_supply_ok': True, 'driver_temperature_ok': True, 'lt_sensor_ok': True, 'ct_sensor_ok': True, 'lc_on': False, 'lc_error': False}",result,Kommunikations-Test fuer SR830 und OSTECH,,,
2026-09-15,10:48:39,243,KOM_Test,OSTECH,T,LTM,25.0,result,Kommunikations-Test fuer SR830 und OSTECH,,,
2026-09-15,10:48:39,268,KOM_Test,OSTECH,T,LCA,0.0,result,Kommunikations-Test fuer SR830 und OSTECH,,,
2026-09-15,10:48:39,278,KOM_Test,OSTECH,T,LVA,0.0,result,Kommunikations-Test fuer SR830 und OSTECH,,,
2026-09-15,10:48:39,293,KOM_Test,OSTECH,T,XTA,20.997459411621094,result,Kommunikations-Test fuer SR830 und OSTECH,,,
2026-09-15,10:48:39,325,KOM_Test,OSTECH,T,GT,28.352054595947266,result,Kommunikations-Test fuer SR830 und OSTECH,,,
2026-09-15,10:48:39,332,KOM_Test,OSTECH,T,GS,"{'status_word': 3085, 'interlock_ok': True, 'driver_supply_ok': True, 'driver_temperature_ok': True, 'lt_sensor_ok': True, 'ct_sensor_ok': True, 'lc_on': False, 'lc_error': False}",result,Kommunikations-Test fuer SR830 und OSTECH,,,
2026-09-15,10:48:39,344,KOM_Test,SR830,T,"SNAP 5,6,7,8,9","-0.000333333,0.00466667,0.001,0.001,1000",result,Kommunikations-Test fuer SR830 und OSTECH,,,
2026-09-15,10:48:39,355,KOM_Test,OSTECH,T,LTM,25.0,result,Kommunikations-Test fuer SR830 und OSTECH,,,
2026-09-15,10:48:39,369,KOM_Test,OSTECH,T,LCA,0.0,result,Kommunikations-Test fuer SR830 und OSTECH,,,
2026-09-15,10:48:39,369,KOM_Test,SR830,T,PHAS,0,result,Kommunikations-Test fuer SR830 und OSTECH,,,
2026-09-15,10:48:39,377,KOM_Test,OSTECH,T,LVA,0.0,result,Kommunikations-Test fuer SR830 und OSTECH,,,
2026-09-15,10:48:39,395,KOM_Test,SR830,T,FREQ,1000,result,Kommunikations-Test fuer SR830 und OSTECH,,,
2026-09-15,10:48:39,402,KOM_Test,OSTECH,T,XTA,20.997459411621094,result,Kommunikations-Test fuer SR830 und OSTECH,,,
2026-09-15,10:48:39,419,KOM_Test,OSTECH,T,GT,28.352054595947266,result,Kommunikations-Test fuer SR830 und OSTECH,,,
2026-09-15,10:48:39,432,KOM_Test,OSTECH,T,GS,"{'status_word': 3085, 'interlock_ok': True, 'driver_supply_ok': True, 'driver_temperature_ok': True, 'lt_sensor_ok': True, 'ct_sensor_ok': True, 'lc_on': False, 'lc_error': False}",result,Kommunikations-Test fuer SR830 und OSTECH,,,
2026-09-15,10:48:39,443,KOM_Test,OSTECH,T,LTM,25.0,result,Kommunikations-Test fuer SR830 und OSTECH,,,
2026-09-15,10:48:39,461,KOM_Test,OSTECH,T,LCA,0.0,result,Kommunikations-Test fuer SR830 und OSTECH,,,
2026-09-15,10:48:39,489,KOM_Test,OSTECH,T,LVA,0.0,result,Kommunikations-Test fuer SR830 und OSTECH,,,
2026-09-15,10:48:39,510,KOM_Test,OSTECH,T,XTA,20.997459411621094,result,Kommunikations-Test fuer SR830 und OSTECH,,,
2026-09-15,10:48:39,528,KOM_Test,SR830,T,"SNAP 1,2,3,4,10,11","0,6.10356e-005,6.10356e-005,90,0,6.10356e-005",result,Kommunikations-Test fuer SR830 und OSTECH,,,
2026-09-15,10:48:39,533,KOM_Test,OSTECH,T,GT,28.352054595947266,result,Kommunikations-Test fuer SR830 und OSTECH,,,
2026-09-15,10:48:39,544,KOM_Test,OSTECH,T,GS,"{'status_word': 3085, 'interlock_ok': True, 'driver_supply_ok': True, 'driver_temperature_ok': True, 'lt_sensor_ok': True, 'ct_sensor_ok': True, 'lc_on': False, 'lc_error': False}",result,Kommunikations-Test fuer SR830 und OSTECH,,,
2026-09-15,10:48:39,560,KOM_Test,OSTECH,T,LTM,25.0,result,Kommunikations-Test fuer SR830 und OSTECH,,,
2026-09-15,10:48:39,578,KOM_Test,OSTECH,T,LCA,0.0,result,Kommunikations-Test fuer SR830 und OSTECH,,,
2026-09-15,10:48:39,595,KOM_Test,OSTECH,T,LVA,0.0,result,Kommunikations-Test fuer SR830 und OSTECH,,,
2026-09-15,10:48:39,613,KOM_Test,OSTECH,T,XTA,20.997459411621094,result,Kommunikations-Test fuer SR830 und OSTECH,,,
2026-09-15,10:48:39,627,KOM_Test,OSTECH,T,GT,28.352054595947266,result,Kommunikations-Test fuer SR830 und OSTECH,,,
2026-09-15,10:48:39,644,KOM_Test,OSTECH,T,GS,"{'status_word': 3085, 'interlock_ok': True, 'driver_supply_ok': True, 'driver_temperature_ok': True, 'lt_sensor_ok': True, 'ct_sensor_ok': True, 'lc_on': False, 'lc_error': False}",result,Kommunikations-Test fuer SR830 und OSTECH,,,
2026-09-15,10:48:39,655,KOM_Test,SR830,T,"SNAP 5,6,7,8,9","-0.002,0.00766667,0.000666667,-0.001,1000",result,Kommunikations-Test fuer SR830 und OSTECH,,,
2026-09-15,10:48:39,668,KOM_Test,SR830,T,PHAS,0,result,Kommunikations-Test fuer SR830 und OSTECH,,,
2026-09-15,10:48:39,668,KOM_Test,OSTECH,T,LTM,25.0,result,Kommunikations-Test fuer SR830 und OSTECH,,,
2026-09-15,10:48:39,695,KOM_Test,SR830,T,FREQ,1000,result,Kommunikations-Test fuer SR830 und OSTECH,,,
2026-09-15,10:48:39,699,KOM_Test,OSTECH,T,LCA,0.0,result,Kommunikations-Test fuer SR830 und OSTECH,,,
2026-09-15,10:48:39,710,KOM_Test,OSTECH,T,LVA,0.0,result,Kommunikations-Test fuer SR830 und OSTECH,,,
2026-09-15,10:48:39,737,KOM_Test,OSTECH,T,XTA,20.99915313720703,result,Kommunikations-Test fuer SR830 und OSTECH,,,
2026-09-15,10:48:39,745,KOM_Test,OSTECH,T,GT,28.352054595947266,result,Kommunikations-Test fuer SR830 und OSTECH,,,
2026-09-15,10:48:39,761,KOM_Test,OSTECH,T,GS,"{'status_word': 3085, 'interlock_ok': True, 'driver_supply_ok': True, 'driver_temperature_ok': True, 'lt_sensor_ok': True, 'ct_sensor_ok': True, 'lc_on': False, 'lc_error': False}",result,Kommunikations-Test fuer SR830 und OSTECH,,,
2026-09-15,10:48:39,777,KOM_Test,OSTECH,T,LTM,25.0,result,Kommunikations-Test fuer SR830 und OSTECH,,,
2026-09-15,10:48:39,796,KOM_Test,OSTECH,T,LCA,0.0,result,Kommunikations-Test fuer SR830 und OSTECH,,,
2026-09-15,10:48:39,812,KOM_Test,OSTECH,T,LVA,0.0,result,Kommunikations-Test fuer SR830 und OSTECH,,,
2026-09-15,10:48:39,829,KOM_Test,OSTECH,T,XTA,20.99915313720703,result,Kommunikations-Test fuer SR830 und OSTECH,,,
2026-09-15,10:48:39,845,KOM_Test,OSTECH,T,GT,28.352054595947266,result,Kommunikations-Test fuer SR830 und OSTECH,,,
2026-09-15,10:48:39,856,KOM_Test,SR830,T,"SNAP 1,2,3,4,10,11","-6.10356e-005,-6.10356e-005,0,-135,-6.10356e-005,-6.10356e-005",result,Kommunikations-Test fuer SR830 und OSTECH,,,
2026-09-15,10:48:39,860,KOM_Test,OSTECH,T,GS,"{'status_word': 3085, 'interlock_ok': True, 'driver_supply_ok': True, 'driver_temperature_ok': True, 'lt_sensor_ok': True, 'ct_sensor_ok': True, 'lc_on': False, 'lc_error': False}",result,Kommunikations-Test fuer SR830 und OSTECH,,,
2026-09-15,10:48:39,878,KOM_Test,OSTECH,T,LTM,25.0,result,Kommunikations-Test fuer SR830 und OSTECH,,,
2026-09-15,10:48:39,896,KOM_Test,OSTECH,T,LCA,0.0,result,Kommunikations-Test fuer SR830 und OSTECH,,,
2026-09-15,10:48:39,913,KOM_Test,OSTECH,T,LVA,0.0,result,Kommunikations-Test fuer SR830 und OSTECH,,,
2026-09-15,10:48:39,930,KOM_Test,OSTECH,T,XTA,20.99915313720703,result,Kommunikations-Test fuer SR830 und OSTECH,,,
2026-09-15,10:48:39,946,KOM_Test,OSTECH,T,GT,28.352054595947266,result,Kommunikations-Test fuer SR830 und OSTECH,,,
2026-09-15,10:48:39,961,KOM_Test,OSTECH,T,GS,"{'status_word': 3085, 'interlock_ok': True, 'driver_supply_ok': True, 'driver_temperature_ok': True, 'lt_sensor_ok': True, 'ct_sensor_ok': True, 'lc_on': False, 'lc_error': False}",result,Kommunikations-Test fuer SR830 und OSTECH,,,
2026-09-15,10:48:39,977,KOM_Test,SR830,T,"SNAP 5,6,7,8,9","-0.00166667,0.00666667,0.000666667,0.000666667,1000",result,Kommunikations-Test fuer SR830 und OSTECH,,,
2026-09-15,10:48:39,977,KOM_Test,OSTECH,T,LTM,25.0,result,Kommunikations-Test fuer SR830 und OSTECH,,,
2026-09-15,10:48:40,002,KOM_Test,SR830,T,PHAS,0,result,Kommunikations-Test fuer SR830 und OSTECH,,,
2026-09-15,10:48:40,002,KOM_Test,OSTECH,T,LCA,0.0,result,Kommunikations-Test fuer SR830 und OSTECH,,,
2026-09-15,10:48:40,016,KOM_Test,OSTECH,T,LVA,0.0,result,Kommunikations-Test fuer SR830 und OSTECH,,,
2026-09-15,10:48:40,029,KOM_Test,SR830,T,FREQ,1000,result,Kommunikations-Test fuer SR830 und OSTECH,,,
2026-09-15,10:48:40,030,KOM_Test,OSTECH,T,XTA,20.99915313720703,result,Kommunikations-Test fuer SR830 und OSTECH,,,
2026-09-15,10:48:40,064,KOM_Test,OSTECH,T,GT,28.352054595947266,result,Kommunikations-Test fuer SR830 und OSTECH,,,
2026-09-15,10:48:40,071,KOM_Test,OSTECH,T,GS,"{'status_word': 3085, 'interlock_ok': True, 'driver_supply_ok': True, 'driver_temperature_ok': True, 'lt_sensor_ok': True, 'ct_sensor_ok': True, 'lc_on': False, 'lc_error': False}",result,Kommunikations-Test fuer SR830 und OSTECH,,,
2026-09-15,10:48:40,100,KOM_Test,OSTECH,T,LTM,25.0,result,Kommunikations-Test fuer SR830 und OSTECH,,,
2026-09-15,10:48:40,112,KOM_Test,OSTECH,T,LCA,0.0,result,Kommunikations-Test fuer SR830 und OSTECH,,,
2026-09-15,10:48:40,129,KOM_Test,OSTECH,T,LVA,0.0,result,Kommunikations-Test fuer SR830 und OSTECH,,,
2026-09-15,10:48:40,147,KOM_Test,OSTECH,T,XTA,20.99993133544922,result,Kommunikations-Test fuer SR830 und OSTECH,,,
2026-09-15,10:48:40,162,KOM_Test,OSTECH,T,GT,28.352054595947266,result,Kommunikations-Test fuer SR830 und OSTECH,,,
2026-09-15,10:48:40,175,KOM_Test,SR830,T,"SNAP 1,2,3,4,10,11","0,-0.000122071,6.10356e-005,-63.438,0,-0.000122071",result,Kommunikations-Test fuer SR830 und OSTECH,,,
2026-09-15,10:48:40,178,KOM_Test,OSTECH,T,GS,"{'status_word': 3085, 'interlock_ok': True, 'driver_supply_ok': True, 'driver_temperature_ok': True, 'lt_sensor_ok': True, 'ct_sensor_ok': True, 'lc_on': False, 'lc_error': False}",result,Kommunikations-Test fuer SR830 und OSTECH,,,
2026-09-15,10:48:40,194,KOM_Test,OSTECH,T,LTM,25.0,result,Kommunikations-Test fuer SR830 und OSTECH,,,
2026-09-15,10:48:40,212,KOM_Test,OSTECH,T,LCA,0.0,result,Kommunikations-Test fuer SR830 und OSTECH,,,
2026-09-15,10:48:40,242,KOM_Test,OSTECH,T,LVA,0.0,result,Kommunikations-Test fuer SR830 und OSTECH,,,
2026-09-15,10:48:40,250,KOM_Test,OSTECH,T,XTA,20.99993133544922,result,Kommunikations-Test fuer SR830 und OSTECH,,,
2026-09-15,10:48:40,264,KOM_Test,OSTECH,T,GT,28.352054595947266,result,Kommunikations-Test fuer SR830 und OSTECH,,,
2026-09-15,10:48:40,278,KOM_Test,OSTECH,T,GS,"{'status_word': 3085, 'interlock_ok': True, 'driver_supply_ok': True, 'driver_temperature_ok': True, 'lt_sensor_ok': True, 'ct_sensor_ok': True, 'lc_on': False, 'lc_error': False}",result,Kommunikations-Test fuer SR830 und OSTECH,,,
2026-09-15,10:48:40,291,KOM_Test,SR830,T,"SNAP 5,6,7,8,9","-0.002,0.00633333,0.001,0.000666667,1000",result,Kommunikations-Test fuer SR830 und OSTECH,,,
2026-09-15,10:48:40,294,KOM_Test,SR830,T,PHAS,0,result,Kommunikations-Test fuer SR830 und OSTECH,,,
2026-09-15,10:48:40,294,KOM_Test,OSTECH,T,LTM,25.0,result,Kommunikations-Test fuer SR830 und OSTECH,,,
2026-09-15,10:48:40,318,KOM_Test,OSTECH,T,LCA,0.0,result,Kommunikations-Test fuer SR830 und OSTECH,,,
2026-09-15,10:48:40,318,KOM_Test,SR830,T,FREQ,1000,result,Kommunikations-Test fuer SR830 und OSTECH,,,
2026-09-15,10:48:40,333,KOM_Test,OSTECH,T,LVA,0.0,result,Kommunikations-Test fuer SR830 und OSTECH,,,
2026-09-15,10:48:40,346,KOM_Test,OSTECH,T,XTA,20.99993133544922,result,Kommunikations-Test fuer SR830 und OSTECH,,,
2026-09-15,10:48:40,363,KOM_Test,OSTECH,T,GT,28.352054595947266,result,Kommunikations-Test fuer SR830 und OSTECH,,,
2026-09-15,10:48:40,379,KOM_Test,OSTECH,T,GS,"{'status_word': 3085, 'interlock_ok': True, 'driver_supply_ok': True, 'driver_temperature_ok': True, 'lt_sensor_ok': True, 'ct_sensor_ok': True, 'lc_on': False, 'lc_error': False}",result,Kommunikations-Test fuer SR830 und OSTECH,,,
2026-09-15,10:48:40,394,KOM_Test,SR830,T,"SNAP 1,2,3,4,10,11","0,0,0,0,0,0",result,Kommunikations-Test fuer SR830 und OSTECH,,,
2026-09-15,10:48:40,405,KOM_Test,OSTECH,T,LTM,25.0,result,Kommunikations-Test fuer SR830 und OSTECH,,,
2026-09-15,10:48:40,417,KOM_Test,OSTECH,T,LCA,0.0,result,Kommunikations-Test fuer SR830 und OSTECH,,,
2026-09-15,10:48:40,429,KOM_Test,OSTECH,T,LVA,0.0,result,Kommunikations-Test fuer SR830 und OSTECH,,,
2026-09-15,10:48:40,447,KOM_Test,OSTECH,T,XTA,20.99993133544922,result,Kommunikations-Test fuer SR830 und OSTECH,,,
2026-09-15,10:48:40,466,KOM_Test,OSTECH,T,GT,28.352054595947266,result,Kommunikations-Test fuer SR830 und OSTECH,,,
2026-09-15,10:48:40,484,KOM_Test,OSTECH,T,GS,"{'status_word': 3085, 'interlock_ok': True, 'driver_supply_ok': True, 'driver_temperature_ok': True, 'lt_sensor_ok': True, 'ct_sensor_ok': True, 'lc_on': False, 'lc_error': False}",result,Kommunikations-Test fuer SR830 und OSTECH,,,
2026-09-15,10:48:40,497,KOM_Test,OSTECH,T,LTM,25.0,result,Kommunikations-Test fuer SR830 und OSTECH,,,
2026-09-15,10:48:40,516,KOM_Test,OSTECH,T,LCA,0.0,result,Kommunikations-Test fuer SR830 und OSTECH,,,
2026-09-15,10:48:40,533,KOM_Test,OSTECH,T,LVA,0.0,result,Kommunikations-Test fuer SR830 und OSTECH,,,
2026-09-15,10:48:40,542,KOM_Test,SR830,T,"SNAP 5,6,7,8,9","-0.000666667,0.00766667,-0.000666667,-0.000666667,1000",result,Kommunikations-Test fuer SR830 und OSTECH,,,
2026-09-15,10:48:40,546,KOM_Test,OSTECH,T,XTA,20.99993133544922,result,Kommunikations-Test fuer SR830 und OSTECH,,,
2026-09-15,10:48:40,546,KOM_Test,SR830,T,PHAS,0,result,Kommunikations-Test fuer SR830 und OSTECH,,,
2026-09-15,10:48:40,563,KOM_Test,OSTECH,T,GT,28.352054595947266,result,Kommunikations-Test fuer SR830 und OSTECH,,,
2026-09-15,10:48:40,579,KOM_Test,SR830,T,FREQ,1000,result,Kommunikations-Test fuer SR830 und OSTECH,,,
2026-09-15,10:48:40,580,KOM_Test,OSTECH,T,GS,"{'status_word': 3085, 'interlock_ok': True, 'driver_supply_ok': True, 'driver_temperature_ok': True, 'lt_sensor_ok': True, 'ct_sensor_ok': True, 'lc_on': False, 'lc_error': False}",result,Kommunikations-Test fuer SR830 und OSTECH,,,
2026-09-15,10:48:40,612,KOM_Test,OSTECH,T,LTM,25.0,result,Kommunikations-Test fuer SR830 und OSTECH,,,
2026-09-15,10:48:40,634,KOM_Test,OSTECH,T,LCA,0.0,result,Kommunikations-Test fuer SR830 und OSTECH,,,
2026-09-15,10:48:40,646,KOM_Test,OSTECH,T,LVA,0.0,result,Kommunikations-Test fuer SR830 und OSTECH,,,
2026-09-15,10:48:40,671,KOM_Test,OSTECH,T,XTA,21.001495361328125,result,Kommunikations-Test fuer SR830 und OSTECH,,,
2026-09-15,10:48:40,681,KOM_Test,OSTECH,T,GT,28.352054595947266,result,Kommunikations-Test fuer SR830 und OSTECH,,,
2026-09-15,10:48:40,695,KOM_Test,OSTECH,T,GS,"{'status_word': 3085, 'interlock_ok': True, 'driver_supply_ok': True, 'driver_temperature_ok': True, 'lt_sensor_ok': True, 'ct_sensor_ok': True, 'lc_on': False, 'lc_error': False}",result,Kommunikations-Test fuer SR830 und OSTECH,,,
2026-09-15,10:48:40,695,KOM_Test,SR830,T,"SNAP 1,2,3,4,10,11","-6.10356e-005,0,0,180,-6.10356e-005,0",result,Kommunikations-Test fuer SR830 und OSTECH,,,
2026-09-15,10:48:40,717,KOM_Test,OSTECH,T,LTM,25.0,result,Kommunikations-Test fuer SR830 und OSTECH,,,
2026-09-15,10:48:40,731,KOM_Test,OSTECH,T,LCA,0.0,result,Kommunikations-Test fuer SR830 und OSTECH,,,
2026-09-15,10:48:40,744,KOM_Test,OSTECH,T,LVA,0.0,result,Kommunikations-Test fuer SR830 und OSTECH,,,
2026-09-15,10:48:40,762,KOM_Test,OSTECH,T,XTA,21.001495361328125,result,Kommunikations-Test fuer SR830 und OSTECH,,,
2026-09-15,10:48:40,795,KOM_Test,OSTECH,T,GT,28.352054595947266,result,Kommunikations-Test fuer SR830 und OSTECH,,,
2026-09-15,10:48:40,817,KOM_Test,OSTECH,T,GS,"{'status_word': 3085, 'interlock_ok': True, 'driver_supply_ok': True, 'driver_temperature_ok': True, 'lt_sensor_ok': True, 'ct_sensor_ok': True, 'lc_on': False, 'lc_error': False}",result,Kommunikations-Test fuer SR830 und OSTECH,,,
2026-09-15,10:48:40,823,KOM_Test,SR830,T,"SNAP 5,6,7,8,9","-0.000333333,0.005,0.001,0.000666667,1000",result,Kommunikations-Test fuer SR830 und OSTECH,,,
2026-09-15,10:48:40,832,KOM_Test,SR830,T,PHAS,0,result,Kommunikations-Test fuer SR830 und OSTECH,,,
2026-09-15,10:48:40,832,KOM_Test,OSTECH,T,LTM,25.0,result,Kommunikations-Test fuer SR830 und OSTECH,,,
2026-09-15,10:48:40,846,KOM_Test,OSTECH,T,LCA,0.0,result,Kommunikations-Test fuer SR830 und OSTECH,,,
2026-09-15,10:48:40,861,KOM_Test,SR830,T,FREQ,1000,result,Kommunikations-Test fuer SR830 und OSTECH,,,
2026-09-15,10:48:40,862,KOM_Test,OSTECH,T,LVA,0.0,result,Kommunikations-Test fuer SR830 und OSTECH,,,
2026-09-15,10:48:40,882,KOM_Test,OSTECH,T,XTA,21.001495361328125,result,Kommunikations-Test fuer SR830 und OSTECH,,,
2026-09-15,10:48:40,896,KOM_Test,OSTECH,T,GT,28.352054595947266,result,Kommunikations-Test fuer SR830 und OSTECH,,,
2026-09-15,10:48:40,912,KOM_Test,OSTECH,T,GS,"{'status_word': 3085, 'interlock_ok': True, 'driver_supply_ok': True, 'driver_temperature_ok': True, 'lt_sensor_ok': True, 'ct_sensor_ok': True, 'lc_on': False, 'lc_error': False}",result,Kommunikations-Test fuer SR830 und OSTECH,,,
2026-09-15,10:48:40,932,KOM_Test,OSTECH,T,LTM,25.0,result,Kommunikations-Test fuer SR830 und OSTECH,,,
2026-09-15,10:48:40,960,KOM_Test,OSTECH,T,LCA,0.0,result,Kommunikations-Test fuer SR830 und OSTECH,,,
2026-09-15,10:48:40,976,KOM_Test,OSTECH,T,LVA,0.0,result,Kommunikations-Test fuer SR830 und OSTECH,,,
2026-09-15,10:48:40,995,KOM_Test,OSTECH,T,XTA,21.001495361328125,result,Kommunikations-Test fuer SR830 und OSTECH,,,
2026-09-15,10:48:40,995,KOM_Test,SR830,T,"SNAP 1,2,3,4,10,11","0,-0.000122071,6.10356e-005,-90,0,-0.000122071",result,Kommunikations-Test fuer SR830 und OSTECH,,,
2026-09-15,10:48:40,995,KOM_Test,OSTECH,T,GT,28.352054595947266,result,Kommunikations-Test fuer SR830 und OSTECH,,,
2026-09-15,10:48:41,018,KOM_Test,OSTECH,T,GS,"{'status_word': 3085, 'interlock_ok': True, 'driver_supply_ok': True, 'driver_temperature_ok': True, 'lt_sensor_ok': True, 'ct_sensor_ok': True, 'lc_on': False, 'lc_error': False}",result,Kommunikations-Test fuer SR830 und OSTECH,,,
2026-09-15,10:48:41,034,KOM_Test,OSTECH,T,LTM,25.0,result,Kommunikations-Test fuer SR830 und OSTECH,,,
2026-09-15,10:48:41,047,KOM_Test,OSTECH,T,LCA,0.0,result,Kommunikations-Test fuer SR830 und OSTECH,,,
2026-09-15,10:48:41,062,KOM_Test,OSTECH,T,LVA,0.0,result,Kommunikations-Test fuer SR830 und OSTECH,,,
2026-09-15,10:48:41,081,KOM_Test,OSTECH,T,XTA,21.001495361328125,result,Kommunikations-Test fuer SR830 und OSTECH,,,
2026-09-15,10:48:41,100,KOM_Test,OSTECH,T,GT,28.352054595947266,result,Kommunikations-Test fuer SR830 und OSTECH,,,
2026-09-15,10:48:41,113,KOM_Test,OSTECH,T,GS,"{'status_word': 3085, 'interlock_ok': True, 'driver_supply_ok': True, 'driver_temperature_ok': True, 'lt_sensor_ok': True, 'ct_sensor_ok': True, 'lc_on': False, 'lc_error': False}",result,Kommunikations-Test fuer SR830 und OSTECH,,,
2026-09-15,10:48:41,127,KOM_Test,SR830,T,"SNAP 5,6,7,8,9","-0.000666667,0.005,0.000666667,-0.000666667,1000",result,Kommunikations-Test fuer SR830 und OSTECH,,,
2026-09-15,10:48:41,128,KOM_Test,OSTECH,T,LTM,25.0,result,Kommunikations-Test fuer SR830 und OSTECH,,,
2026-09-15,10:48:41,149,KOM_Test,SR830,T,PHAS,0,result,Kommunikations-Test fuer SR830 und OSTECH,,,
2026-09-15,10:48:41,161,KOM_Test,OSTECH,T,LCA,0.0,result,Kommunikations-Test fuer SR830 und OSTECH,,,
2026-09-15,10:48:41,179,KOM_Test,SR830,T,FREQ,1000,result,Kommunikations-Test fuer SR830 und OSTECH,,,
2026-09-15,10:48:41,179,KOM_Test,OSTECH,T,LVA,0.0,result,Kommunikations-Test fuer SR830 und OSTECH,,,
2026-09-15,10:48:41,198,KOM_Test,OSTECH,T,XTA,21.001617431640625,result,Kommunikations-Test fuer SR830 und OSTECH,,,
2026-09-15,10:48:41,214,KOM_Test,OSTECH,T,GT,28.352054595947266,result,Kommunikations-Test fuer SR830 und OSTECH,,,
2026-09-15,10:48:41,229,KOM_Test,OSTECH,T,GS,"{'status_word': 3085, 'interlock_ok': True, 'driver_supply_ok': True, 'driver_temperature_ok': True, 'lt_sensor_ok': True, 'ct_sensor_ok': True, 'lc_on': False, 'lc_error': False}",result,Kommunikations-Test fuer SR830 und OSTECH,,,
2026-09-15,10:48:41,248,KOM_Test,OSTECH,T,LTM,25.0,result,Kommunikations-Test fuer SR830 und OSTECH,,,
2026-09-15,10:48:41,263,KOM_Test,SR830,T,"SNAP 1,2,3,4,10,11","0,0,0,0,0,0",result,Kommunikations-Test fuer SR830 und OSTECH,,,
2026-09-15,10:48:41,272,KOM_Test,OSTECH,T,LCA,0.0,result,Kommunikations-Test fuer SR830 und OSTECH,,,
2026-09-15,10:48:41,285,KOM_Test,OSTECH,T,LVA,0.0,result,Kommunikations-Test fuer SR830 und OSTECH,,,
2026-09-15,10:48:41,299,KOM_Test,OSTECH,T,XTA,21.001617431640625,result,Kommunikations-Test fuer SR830 und OSTECH,,,
2026-09-15,10:48:41,313,KOM_Test,OSTECH,T,GT,28.352054595947266,result,Kommunikations-Test fuer SR830 und OSTECH,,,
2026-09-15,10:48:41,328,KOM_Test,OSTECH,T,GS,"{'status_word': 3085, 'interlock_ok': True, 'driver_supply_ok': True, 'driver_temperature_ok': True, 'lt_sensor_ok': True, 'ct_sensor_ok': True, 'lc_on': False, 'lc_error': False}",result,Kommunikations-Test fuer SR830 und OSTECH,,,
2026-09-15,10:48:41,349,KOM_Test,OSTECH,T,LTM,25.0,result,Kommunikations-Test fuer SR830 und OSTECH,,,
2026-09-15,10:48:41,364,KOM_Test,OSTECH,T,LCA,0.0,result,Kommunikations-Test fuer SR830 und OSTECH,,,
2026-09-15,10:48:41,379,KOM_Test,OSTECH,T,LVA,0.0,result,Kommunikations-Test fuer SR830 und OSTECH,,,
2026-09-15,10:48:41,399,KOM_Test,OSTECH,T,XTA,21.001617431640625,result,Kommunikations-Test fuer SR830 und OSTECH,,,
2026-09-15,10:48:41,399,KOM_Test,SR830,T,"SNAP 5,6,7,8,9","-0.00166667,0.00666667,-0.000666667,0.000666667,1000",result,Kommunikations-Test fuer SR830 und OSTECH,,,
2026-09-15,10:48:41,418,KOM_Test,OSTECH,T,GT,28.352054595947266,result,Kommunikations-Test fuer SR830 und OSTECH,,,
2026-09-15,10:48:41,419,KOM_Test,SR830,T,PHAS,0,result,Kommunikations-Test fuer SR830 und OSTECH,,,
2026-09-15,10:48:41,435,KOM_Test,OSTECH,T,GS,"{'status_word': 3085, 'interlock_ok': True, 'driver_supply_ok': True, 'driver_temperature_ok': True, 'lt_sensor_ok': True, 'ct_sensor_ok': True, 'lc_on': False, 'lc_error': False}",result,Kommunikations-Test fuer SR830 und OSTECH,,,
2026-09-15,10:48:41,444,KOM_Test,SR830,T,FREQ,1000,result,Kommunikations-Test fuer SR830 und OSTECH,,,
2026-09-15,10:48:41,450,KOM_Test,OSTECH,T,LTM,25.0,result,Kommunikations-Test fuer SR830 und OSTECH,,,
2026-09-15,10:48:41,464,KOM_Test,OSTECH,T,LCA,0.0,result,Kommunikations-Test fuer SR830 und OSTECH,,,
2026-09-15,10:48:41,478,KOM_Test,OSTECH,T,LVA,0.0,result,Kommunikations-Test fuer SR830 und OSTECH,,,
2026-09-15,10:48:41,502,KOM_Test,OSTECH,T,XTA,21.001617431640625,result,Kommunikations-Test fuer SR830 und OSTECH,,,
2026-09-15,10:48:41,513,KOM_Test,OSTECH,T,GT,28.352054595947266,result,Kommunikations-Test fuer SR830 und OSTECH,,,
2026-09-15,10:48:41,532,KOM_Test,SR830,T,"SNAP 1,2,3,4,10,11","0,0,0,0,0,0",result,Kommunikations-Test fuer SR830 und OSTECH,,,
2026-09-15,10:48:41,535,KOM_Test,OSTECH,T,GS,"{'status_word': 3085, 'interlock_ok': True, 'driver_supply_ok': True, 'driver_temperature_ok': True, 'lt_sensor_ok': True, 'ct_sensor_ok': True, 'lc_on': False, 'lc_error': False}",result,Kommunikations-Test fuer SR830 und OSTECH,,,
2026-09-15,10:48:41,550,KOM_Test,OSTECH,T,LTM,25.0,result,Kommunikations-Test fuer SR830 und OSTECH,,,
2026-09-15,10:48:41,564,KOM_Test,OSTECH,T,LCA,0.0,result,Kommunikations-Test fuer SR830 und OSTECH,,,
2026-09-15,10:48:41,579,KOM_Test,OSTECH,T,LVA,0.0,result,Kommunikations-Test fuer SR830 und OSTECH,,,
2026-09-15,10:48:41,601,KOM_Test,OSTECH,T,XTA,21.001617431640625,result,Kommunikations-Test fuer SR830 und OSTECH,,,
2026-09-15,10:48:41,612,KOM_Test,OSTECH,T,GT,28.352054595947266,result,Kommunikations-Test fuer SR830 und OSTECH,,,
2026-09-15,10:48:41,627,KOM_Test,OSTECH,T,GS,"{'status_word': 3085, 'interlock_ok': True, 'driver_supply_ok': True, 'driver_temperature_ok': True, 'lt_sensor_ok': True, 'ct_sensor_ok': True, 'lc_on': False, 'lc_error': False}",result,Kommunikations-Test fuer SR830 und OSTECH,,,
2026-09-15,10:48:41,651,KOM_Test,OSTECH,T,LTM,25.0,result,Kommunikations-Test fuer SR830 und OSTECH,,,
2026-09-15,10:48:41,658,KOM_Test,SR830,T,"SNAP 5,6,7,8,9","-0.000666667,0.003,0.00233333,0.000666667,1000",result,Kommunikations-Test fuer SR830 und OSTECH,,,
2026-09-15,10:48:41,673,KOM_Test,OSTECH,T,LCA,0.0,result,Kommunikations-Test fuer SR830 und OSTECH,,,
2026-09-15,10:48:41,675,KOM_Test,SR830,T,PHAS,0,result,Kommunikations-Test fuer SR830 und OSTECH,,,
2026-09-15,10:48:41,688,KOM_Test,OSTECH,T,LVA,0.0,result,Kommunikations-Test fuer SR830 und OSTECH,,,
2026-09-15,10:48:41,694,KOM_Test,SR830,T,FREQ,1000,result,Kommunikations-Test fuer SR830 und OSTECH,,,
2026-09-15,10:48:41,715,KOM_Test,OSTECH,T,XTA,20.999595642089844,result,Kommunikations-Test fuer SR830 und OSTECH,,,
2026-09-15,10:48:41,737,KOM_Test,OSTECH,T,GT,28.352054595947266,result,Kommunikations-Test fuer SR830 und OSTECH,,,
2026-09-15,10:48:41,752,KOM_Test,OSTECH,T,GS,"{'status_word': 3085, 'interlock_ok': True, 'driver_supply_ok': True, 'driver_temperature_ok': True, 'lt_sensor_ok': True, 'ct_sensor_ok': True, 'lc_on': False, 'lc_error': False}",result,Kommunikations-Test fuer SR830 und OSTECH,,,
2026-09-15,10:48:41,761,KOM_Test,OSTECH,T,LTM,25.0,result,Kommunikations-Test fuer SR830 und OSTECH,,,
2026-09-15,10:48:41,779,KOM_Test,OSTECH,T,LCA,0.0,result,Kommunikations-Test fuer SR830 und OSTECH,,,
2026-09-15,10:48:41,802,KOM_Test,OSTECH,T,LVA,0.0,result,Kommunikations-Test fuer SR830 und OSTECH,,,
2026-09-15,10:48:41,815,KOM_Test,OSTECH,T,XTA,20.999595642089844,result,Kommunikations-Test fuer SR830 und OSTECH,,,
2026-09-15,10:48:41,825,KOM_Test,SR830,T,"SNAP 1,2,3,4,10,11","-6.10356e-005,0,0,135,-6.10356e-005,0",result,Kommunikations-Test fuer SR830 und OSTECH,,,
2026-09-15,10:48:41,830,KOM_Test,OSTECH,T,GT,28.352054595947266,result,Kommunikations-Test fuer SR830 und OSTECH,,,
2026-09-15,10:48:41,846,KOM_Test,OSTECH,T,GS,"{'status_word': 3085, 'interlock_ok': True, 'driver_supply_ok': True, 'driver_temperature_ok': True, 'lt_sensor_ok': True, 'ct_sensor_ok': True, 'lc_on': False, 'lc_error': False}",result,Kommunikations-Test fuer SR830 und OSTECH,,,
2026-09-15,10:48:41,861,KOM_Test,OSTECH,T,LTM,25.0,result,Kommunikations-Test fuer SR830 und OSTECH,,,
2026-09-15,10:48:41,901,KOM_Test,OSTECH,T,LCA,0.0,result,Kommunikations-Test fuer SR830 und OSTECH,,,
2026-09-15,10:48:41,911,KOM_Test,OSTECH,T,LVA,0.0,result,Kommunikations-Test fuer SR830 und OSTECH,,,
2026-09-15,10:48:41,929,KOM_Test,OSTECH,T,XTA,20.999595642089844,result,Kommunikations-Test fuer SR830 und OSTECH,,,
2026-09-15,10:48:41,945,KOM_Test,SR830,T,"SNAP 5,6,7,8,9","-0.000333333,0.008,0.00233333,-0.000666667,1000",result,Kommunikations-Test fuer SR830 und OSTECH,,,
2026-09-15,10:48:41,955,KOM_Test,OSTECH,T,GT,28.351036071777344,result,Kommunikations-Test fuer SR830 und OSTECH,,,
2026-09-15,10:48:41,967,KOM_Test,OSTECH,T,GS,"{'status_word': 3085, 'interlock_ok': True, 'driver_supply_ok': True, 'driver_temperature_ok': True, 'lt_sensor_ok': True, 'ct_sensor_ok': True, 'lc_on': False, 'lc_error': False}",result,Kommunikations-Test fuer SR830 und OSTECH,,,
2026-09-15,10:48:41,967,KOM_Test,SR830,T,PHAS,0,result,Kommunikations-Test fuer SR830 und OSTECH,,,
2026-09-15,10:48:41,984,KOM_Test,OSTECH,T,LTM,25.0,result,Kommunikations-Test fuer SR830 und OSTECH,,,
2026-09-15,10:48:41,997,KOM_Test,SR830,T,FREQ,1000,result,Kommunikations-Test fuer SR830 und OSTECH,,,
2026-09-15,10:48:42,004,KOM_Test,OSTECH,T,LCA,0.0,result,Kommunikations-Test fuer SR830 und OSTECH,,,
2026-09-15,10:48:42,011,KOM_Test,OSTECH,T,LVA,0.0,result,Kommunikations-Test fuer SR830 und OSTECH,,,
2026-09-15,10:48:42,031,KOM_Test,OSTECH,T,XTA,20.999595642089844,result,Kommunikations-Test fuer SR830 und OSTECH,,,
2026-09-15,10:48:42,054,KOM_Test,OSTECH,T,GT,28.351036071777344,result,Kommunikations-Test fuer SR830 und OSTECH,,,
2026-09-15,10:48:42,063,KOM_Test,OSTECH,T,GS,"{'status_word': 3085, 'interlock_ok': True, 'driver_supply_ok': True, 'driver_temperature_ok': True, 'lt_sensor_ok': True, 'ct_sensor_ok': True, 'lc_on': False, 'lc_error': False}",result,Kommunikations-Test fuer SR830 und OSTECH,,,
2026-09-15,10:48:42,079,KOM_Test,OSTECH,T,LTM,25.0,result,Kommunikations-Test fuer SR830 und OSTECH,,,
2026-09-15,10:48:42,105,KOM_Test,OSTECH,T,LCA,0.0,result,Kommunikations-Test fuer SR830 und OSTECH,,,
2026-09-15,10:48:42,115,KOM_Test,OSTECH,T,LVA,0.0,result,Kommunikations-Test fuer SR830 und OSTECH,,,
2026-09-15,10:48:42,129,KOM_Test,OSTECH,T,XTA,20.999595642089844,result,Kommunikations-Test fuer SR830 und OSTECH,,,
2026-09-15,10:48:42,145,KOM_Test,SR830,T,"SNAP 1,2,3,4,10,11","-0.000122071,0,6.10356e-005,153.438,-0.000122071,0",result,Kommunikations-Test fuer SR830 und OSTECH,,,
2026-09-15,10:48:42,155,KOM_Test,OSTECH,T,GT,28.351036071777344,result,Kommunikations-Test fuer SR830 und OSTECH,,,
2026-09-15,10:48:42,161,KOM_Test,OSTECH,T,GS,"{'status_word': 3085, 'interlock_ok': True, 'driver_supply_ok': True, 'driver_temperature_ok': True, 'lt_sensor_ok': True, 'ct_sensor_ok': True, 'lc_on': False, 'lc_error': False}",result,Kommunikations-Test fuer SR830 und OSTECH,,,
2026-09-15,10:48:42,178,KOM_Test,OSTECH,T,LTM,25.0,result,Kommunikations-Test fuer SR830 und OSTECH,,,
2026-09-15,10:48:42,205,KOM_Test,OSTECH,T,LCA,0.0,result,Kommunikations-Test fuer SR830 und OSTECH,,,
2026-09-15,10:48:42,213,KOM_Test,OSTECH,T,LVA,0.0,result,Kommunikations-Test fuer SR830 und OSTECH,,,
2026-09-15,10:48:42,228,KOM_Test,OSTECH,T,XTA,20.999595642089844,result,Kommunikations-Test fuer SR830 und OSTECH,,,
2026-09-15,10:48:42,262,KOM_Test,OSTECH,T,GT,28.351036071777344,result,Kommunikations-Test fuer SR830 und OSTECH,,,
2026-09-15,10:48:42,284,KOM_Test,OSTECH,T,GS,"{'status_word': 3085, 'interlock_ok': True, 'driver_supply_ok': True, 'driver_temperature_ok': True, 'lt_sensor_ok': True, 'ct_sensor_ok': True, 'lc_on': False, 'lc_error': False}",result,Kommunikations-Test fuer SR830 und OSTECH,,,
2026-09-15,10:48:42,284,KOM_Test,SR830,T,"SNAP 5,6,7,8,9","-0.000666667,0.00633333,-0.00233333,-0.000666667,1000",result,Kommunikations-Test fuer SR830 und OSTECH,,,
2026-09-15,10:48:42,301,KOM_Test,SR830,T,PHAS,0,result,Kommunikations-Test fuer SR830 und OSTECH,,,
2026-09-15,10:48:42,306,KOM_Test,OSTECH,T,LTM,25.0,result,Kommunikations-Test fuer SR830 und OSTECH,,,
2026-09-15,10:48:42,313,KOM_Test,OSTECH,T,LCA,0.0,result,Kommunikations-Test fuer SR830 und OSTECH,,,
2026-09-15,10:48:42,327,KOM_Test,SR830,T,FREQ,1000,result,Kommunikations-Test fuer SR830 und OSTECH,,,
2026-09-15,10:48:42,328,KOM_Test,OSTECH,T,LVA,0.0,result,Kommunikations-Test fuer SR830 und OSTECH,,,
2026-09-15,10:48:42,356,KOM_Test,OSTECH,T,XTA,21.00218963623047,result,Kommunikations-Test fuer SR830 und OSTECH,,,
2026-09-15,10:48:42,363,KOM_Test,OSTECH,T,GT,28.351036071777344,result,Kommunikations-Test fuer SR830 und OSTECH,,,
2026-09-15,10:48:42,379,KOM_Test,OSTECH,T,GS,"{'status_word': 3085, 'interlock_ok': True, 'driver_supply_ok': True, 'driver_temperature_ok': True, 'lt_sensor_ok': True, 'ct_sensor_ok': True, 'lc_on': False, 'lc_error': False}",result,Kommunikations-Test fuer SR830 und OSTECH,,,
2026-09-15,10:48:42,407,KOM_Test,OSTECH,T,LTM,25.0,result,Kommunikations-Test fuer SR830 und OSTECH,,,
2026-09-15,10:48:42,416,KOM_Test,OSTECH,T,LCA,0.0,result,Kommunikations-Test fuer SR830 und OSTECH,,,
2026-09-15,10:48:42,428,KOM_Test,OSTECH,T,LVA,0.0,result,Kommunikations-Test fuer SR830 und OSTECH,,,
2026-09-15,10:48:42,443,KOM_Test,SR830,T,"SNAP 1,2,3,4,10,11","-6.10356e-005,0,0,135,-6.10356e-005,0",result,Kommunikations-Test fuer SR830 und OSTECH,,,
2026-09-15,10:48:42,450,KOM_Test,OSTECH,T,XTA,21.00218963623047,result,Kommunikations-Test fuer SR830 und OSTECH,,,
2026-09-15,10:48:42,463,KOM_Test,OSTECH,T,GT,28.351036071777344,result,Kommunikations-Test fuer SR830 und OSTECH,,,
2026-09-15,10:48:42,478,KOM_Test,OSTECH,T,GS,"{'status_word': 3085, 'interlock_ok': True, 'driver_supply_ok': True, 'driver_temperature_ok': True, 'lt_sensor_ok': True, 'ct_sensor_ok': True, 'lc_on': False, 'lc_error': False}",result,Kommunikations-Test fuer SR830 und OSTECH,,,
2026-09-15,10:48:42,504,KOM_Test,OSTECH,T,LTM,25.0,result,Kommunikations-Test fuer SR830 und OSTECH,,,
2026-09-15,10:48:42,514,KOM_Test,OSTECH,T,LCA,0.0,result,Kommunikations-Test fuer SR830 und OSTECH,,,
2026-09-15,10:48:42,531,KOM_Test,OSTECH,T,LVA,0.0,result,Kommunikations-Test fuer SR830 und OSTECH,,,
2026-09-15,10:48:42,558,KOM_Test,OSTECH,T,XTA,21.00218963623047,result,Kommunikations-Test fuer SR830 und OSTECH,,,
2026-09-15,10:48:42,563,KOM_Test,SR830,T,"SNAP 5,6,7,8,9","-0.00333333,0.005,0.00233333,-0.00233333,1000",result,Kommunikations-Test fuer SR830 und OSTECH,,,
2026-09-15,10:48:42,566,KOM_Test,OSTECH,T,GT,28.351036071777344,result,Kommunikations-Test fuer SR830 und OSTECH,,,
2026-09-15,10:48:42,578,KOM_Test,OSTECH,T,GS,"{'status_word': 3085, 'interlock_ok': True, 'driver_supply_ok': True, 'driver_temperature_ok': True, 'lt_sensor_ok': True, 'ct_sensor_ok': True, 'lc_on': False, 'lc_error': False}",result,Kommunikations-Test fuer SR830 und OSTECH,,,
2026-09-15,10:48:42,591,KOM_Test,SR830,T,PHAS,0,result,Kommunikations-Test fuer SR830 und OSTECH,,,
2026-09-15,10:48:42,595,KOM_Test,OSTECH,T,LTM,25.0,result,Kommunikations-Test fuer SR830 und OSTECH,,,
2026-09-15,10:48:42,612,KOM_Test,SR830,T,FREQ,1000,result,Kommunikations-Test fuer SR830 und OSTECH,,,
2026-09-15,10:48:42,626,KOM_Test,OSTECH,T,LCA,0.0,result,Kommunikations-Test fuer SR830 und OSTECH,,,
2026-09-15,10:48:42,651,KOM_Test,OSTECH,T,LVA,0.0,result,Kommunikations-Test fuer SR830 und OSTECH,,,
2026-09-15,10:48:42,663,KOM_Test,OSTECH,T,XTA,21.00218963623047,result,Kommunikations-Test fuer SR830 und OSTECH,,,
2026-09-15,10:48:42,683,KOM_Test,OSTECH,T,GT,28.351036071777344,result,Kommunikations-Test fuer SR830 und OSTECH,,,
2026-09-15,10:48:42,711,KOM_Test,OSTECH,T,GS,"{'status_word': 3085, 'interlock_ok': True, 'driver_supply_ok': True, 'driver_temperature_ok': True, 'lt_sensor_ok': True, 'ct_sensor_ok': True, 'lc_on': False, 'lc_error': False}",result,Kommunikations-Test fuer SR830 und OSTECH,,,
2026-09-15,10:48:42,737,KOM_Test,OSTECH,T,LTM,25.0,result,Kommunikations-Test fuer SR830 und OSTECH,,,
2026-09-15,10:48:42,747,KOM_Test,SR830,T,"SNAP 1,2,3,4,10,11","-0.000122071,0,6.10356e-005,180,-0.000122071,0",result,Kommunikations-Test fuer SR830 und OSTECH,,,
2026-09-15,10:48:42,757,KOM_Test,OSTECH,T,LCA,0.0,result,Kommunikations-Test fuer SR830 und OSTECH,,,
2026-09-15,10:48:42,762,KOM_Test,OSTECH,T,LVA,0.0,result,Kommunikations-Test fuer SR830 und OSTECH,,,
2026-09-15,10:48:42,780,KOM_Test,OSTECH,T,XTA,21.00218963623047,result,Kommunikations-Test fuer SR830 und OSTECH,,,
2026-09-15,10:48:42,827,KOM_Test,OSTECH,T,GT,28.351036071777344,result,Kommunikations-Test fuer SR830 und OSTECH,,,
2026-09-15,10:48:42,833,KOM_Test,OSTECH,T,GS,"{'status_word': 3085, 'interlock_ok': True, 'driver_supply_ok': True, 'driver_temperature_ok': True, 'lt_sensor_ok': True, 'ct_sensor_ok': True, 'lc_on': False, 'lc_error': False}",result,Kommunikations-Test fuer SR830 und OSTECH,,,
2026-09-15,10:48:42,854,KOM_Test,OSTECH,T,LTM,25.0,result,Kommunikations-Test fuer SR830 und OSTECH,,,
2026-09-15,10:48:42,863,KOM_Test,SR830,T,"SNAP 5,6,7,8,9","-0.002,0.008,0.000666667,-0.002,1000",result,Kommunikations-Test fuer SR830 und OSTECH,,,
2026-09-15,10:48:42,872,KOM_Test,OSTECH,T,LCA,0.0,result,Kommunikations-Test fuer SR830 und OSTECH,,,
2026-09-15,10:48:42,880,KOM_Test,SR830,T,PHAS,0,result,Kommunikations-Test fuer SR830 und OSTECH,,,
2026-09-15,10:48:42,881,KOM_Test,OSTECH,T,LVA,0.0,result,Kommunikations-Test fuer SR830 und OSTECH,,,
2026-09-15,10:48:42,898,KOM_Test,OSTECH,T,XTA,20.99859619140625,result,Kommunikations-Test fuer SR830 und OSTECH,,,
2026-09-15,10:48:42,913,KOM_Test,SR830,T,FREQ,1000,result,Kommunikations-Test fuer SR830 und OSTECH,,,
2026-09-15,10:48:42,915,KOM_Test,OSTECH,T,GT,28.351036071777344,result,Kommunikations-Test fuer SR830 und OSTECH,,,
2026-09-15,10:48:42,931,KOM_Test,OSTECH,T,GS,"{'status_word': 3085, 'interlock_ok': True, 'driver_supply_ok': True, 'driver_temperature_ok': True, 'lt_sensor_ok': True, 'ct_sensor_ok': True, 'lc_on': False, 'lc_error': False}",result,Kommunikations-Test fuer SR830 und OSTECH,,,
2026-09-15,10:48:42,947,KOM_Test,OSTECH,T,LTM,25.0,result,Kommunikations-Test fuer SR830 und OSTECH,,,
2026-09-15,10:48:42,964,KOM_Test,OSTECH,T,LCA,0.0,result,Kommunikations-Test fuer SR830 und OSTECH,,,
2026-09-15,10:48:43,000,KOM_Test,OSTECH,T,LVA,0.0,result,Kommunikations-Test fuer SR830 und OSTECH,,,
2026-09-15,10:48:43,020,KOM_Test,OSTECH,T,XTA,20.99859619140625,result,Kommunikations-Test fuer SR830 und OSTECH,,,
2026-09-15,10:48:43,036,KOM_Test,OSTECH,T,GT,28.351036071777344,result,Kommunikations-Test fuer SR830 und OSTECH,,,
2026-09-15,10:48:43,046,KOM_Test,OSTECH,T,GS,"{'status_word': 3085, 'interlock_ok': True, 'driver_supply_ok': True, 'driver_temperature_ok': True, 'lt_sensor_ok': True, 'ct_sensor_ok': True, 'lc_on': False, 'lc_error': False}",result,Kommunikations-Test fuer SR830 und OSTECH,,,
2026-09-15,10:48:43,062,KOM_Test,OSTECH,T,LTM,25.0,result,Kommunikations-Test fuer SR830 und OSTECH,,,
2026-09-15,10:48:43,082,KOM_Test,OSTECH,T,LCA,0.0,result,Kommunikations-Test fuer SR830 und OSTECH,,,
2026-09-15,10:48:43,095,KOM_Test,SR830,T,"SNAP 1,2,3,4,10,11","-0.000122071,-6.10356e-005,6.10356e-005,-153.438,-0.000122071,-6.10356e-005",result,Kommunikations-Test fuer SR830 und OSTECH,,,
2026-09-15,10:48:43,096,KOM_Test,OSTECH,T,LVA,0.0,result,Kommunikations-Test fuer SR830 und OSTECH,,,
2026-09-15,10:48:43,114,KOM_Test,OSTECH,T,XTA,20.99859619140625,result,Kommunikations-Test fuer SR830 und OSTECH,,,
2026-09-15,10:48:43,139,KOM_Test,OSTECH,T,GT,28.351036071777344,result,Kommunikations-Test fuer SR830 und OSTECH,,,
2026-09-15,10:48:43,146,KOM_Test,OSTECH,T,GS,"{'status_word': 3085, 'interlock_ok': True, 'driver_supply_ok': True, 'driver_temperature_ok': True, 'lt_sensor_ok': True, 'ct_sensor_ok': True, 'lc_on': False, 'lc_error': False}",result,Kommunikations-Test fuer SR830 und OSTECH,,,
2026-09-15,10:48:43,178,KOM_Test,OSTECH,T,LTM,25.0,result,Kommunikations-Test fuer SR830 und OSTECH,,,
2026-09-15,10:48:43,201,KOM_Test,OSTECH,T,LCA,0.0,result,Kommunikations-Test fuer SR830 und OSTECH,,,
2026-09-15,10:48:43,222,KOM_Test,OSTECH,T,LVA,0.0,result,Kommunikations-Test fuer SR830 und OSTECH,,,
2026-09-15,10:48:43,233,KOM_Test,SR830,T,"SNAP 5,6,7,8,9","-0.000666667,0.003,-0.000666667,-0.000666667,1000",result,Kommunikations-Test fuer SR830 und OSTECH,,,
2026-09-15,10:48:43,240,KOM_Test,OSTECH,T,XTA,20.99859619140625,result,Kommunikations-Test fuer SR830 und OSTECH,,,
2026-09-15,10:48:43,245,KOM_Test,OSTECH,T,GT,28.351036071777344,result,Kommunikations-Test fuer SR830 und OSTECH,,,
2026-09-15,10:48:43,258,KOM_Test,SR830,T,PHAS,0,result,Kommunikations-Test fuer SR830 und OSTECH,,,
2026-09-15,10:48:43,266,KOM_Test,OSTECH,T,GS,"{'status_word': 3085, 'interlock_ok': True, 'driver_supply_ok': True, 'driver_temperature_ok': True, 'lt_sensor_ok': True, 'ct_sensor_ok': True, 'lc_on': False, 'lc_error': False}",result,Kommunikations-Test fuer SR830 und OSTECH,,,
2026-09-15,10:48:43,285,KOM_Test,OSTECH,T,LTM,25.0,result,Kommunikations-Test fuer SR830 und OSTECH,,,
2026-09-15,10:48:43,285,KOM_Test,SR830,T,FREQ,1000,result,Kommunikations-Test fuer SR830 und OSTECH,,,
2026-09-15,10:48:43,306,KOM_Test,OSTECH,T,LCA,0.0,result,Kommunikations-Test fuer SR830 und OSTECH,,,
2026-09-15,10:48:43,315,KOM_Test,OSTECH,T,LVA,0.0,result,Kommunikations-Test fuer SR830 und OSTECH,,,
2026-09-15,10:48:43,334,KOM_Test,OSTECH,T,XTA,20.99859619140625,result,Kommunikations-Test fuer SR830 und OSTECH,,,
2026-09-15,10:48:43,364,KOM_Test,OSTECH,T,GT,28.351036071777344,result,Kommunikations-Test fuer SR830 und OSTECH,,,
2026-09-15,10:48:43,367,KOM_Test,OSTECH,T,GS,"{'status_word': 3085, 'interlock_ok': True, 'driver_supply_ok': True, 'driver_temperature_ok': True, 'lt_sensor_ok': True, 'ct_sensor_ok': True, 'lc_on': False, 'lc_error': False}",result,Kommunikations-Test fuer SR830 und OSTECH,,,
2026-09-15,10:48:43,384,KOM_Test,OSTECH,T,LTM,25.0,result,Kommunikations-Test fuer SR830 und OSTECH,,,
2026-09-15,10:48:43,399,KOM_Test,OSTECH,T,LCA,0.0,result,Kommunikations-Test fuer SR830 und OSTECH,,,
2026-09-15,10:48:43,414,KOM_Test,OSTECH,T,LVA,0.0,result,Kommunikations-Test fuer SR830 und OSTECH,,,
2026-09-15,10:48:43,435,KOM_Test,OSTECH,T,XTA,21.001846313476562,result,Kommunikations-Test fuer SR830 und OSTECH,,,
2026-09-15,10:48:43,448,KOM_Test,OSTECH,T,GT,28.351036071777344,result,Kommunikations-Test fuer SR830 und OSTECH,,,
2026-09-15,10:48:43,462,KOM_Test,SR830,T,"SNAP 1,2,3,4,10,11","-0.000122071,-6.10356e-005,6.10356e-005,-153.438,-0.000122071,-6.10356e-005",result,Kommunikations-Test fuer SR830 und OSTECH,,,
2026-09-15,10:48:43,462,KOM_Test,OSTECH,T,GS,"{'status_word': 3085, 'interlock_ok': True, 'driver_supply_ok': True, 'driver_temperature_ok': True, 'lt_sensor_ok': True, 'ct_sensor_ok': True, 'lc_on': False, 'lc_error': False}",result,Kommunikations-Test fuer SR830 und OSTECH,,,
2026-09-15,10:48:43,485,KOM_Test,OSTECH,T,LTM,25.0,result,Kommunikations-Test fuer SR830 und OSTECH,,,
2026-09-15,10:48:43,504,KOM_Test,OSTECH,T,LCA,0.0,result,Kommunikations-Test fuer SR830 und OSTECH,,,
2026-09-15,10:48:43,513,KOM_Test,OSTECH,T,LVA,0.0,result,Kommunikations-Test fuer SR830 und OSTECH,,,
2026-09-15,10:48:43,546,KOM_Test,OSTECH,T,XTA,21.001846313476562,result,Kommunikations-Test fuer SR830 und OSTECH,,,
2026-09-15,10:48:43,564,KOM_Test,OSTECH,T,GT,28.351036071777344,result,Kommunikations-Test fuer SR830 und OSTECH,,,
2026-09-15,10:48:43,586,KOM_Test,OSTECH,T,GS,"{'status_word': 3085, 'interlock_ok': True, 'driver_supply_ok': True, 'driver_temperature_ok': True, 'lt_sensor_ok': True, 'ct_sensor_ok': True, 'lc_on': False, 'lc_error': False}",result,Kommunikations-Test fuer SR830 und OSTECH,,,
2026-09-15,10:48:43,590,KOM_Test,SR830,T,"SNAP 5,6,7,8,9","-0.00166667,0.00633333,0.000666667,-0.001,1000",result,Kommunikations-Test fuer SR830 und OSTECH,,,
2026-09-15,10:48:43,595,KOM_Test,SR830,T,PHAS,0,result,Kommunikations-Test fuer SR830 und OSTECH,,,
2026-09-15,10:48:43,595,KOM_Test,OSTECH,T,LTM,25.0,result,Kommunikations-Test fuer SR830 und OSTECH,,,
2026-09-15,10:48:43,613,KOM_Test,OSTECH,T,LCA,0.0,result,Kommunikations-Test fuer SR830 und OSTECH,,,
2026-09-15,10:48:43,629,KOM_Test,SR830,T,FREQ,1000,result,Kommunikations-Test fuer SR830 und OSTECH,,,
2026-09-15,10:48:43,636,KOM_Test,OSTECH,T,LVA,0.0,result,Kommunikations-Test fuer SR830 und OSTECH,,,
2026-09-15,10:48:43,647,KOM_Test,OSTECH,T,XTA,21.001846313476562,result,Kommunikations-Test fuer SR830 und OSTECH,,,
2026-09-15,10:48:43,665,KOM_Test,OSTECH,T,GT,28.351036071777344,result,Kommunikations-Test fuer SR830 und OSTECH,,,
2026-09-15,10:48:43,695,KOM_Test,OSTECH,T,GS,"{'status_word': 3085, 'interlock_ok': True, 'driver_supply_ok': True, 'driver_temperature_ok': True, 'lt_sensor_ok': True, 'ct_sensor_ok': True, 'lc_on': False, 'lc_error': False}",result,Kommunikations-Test fuer SR830 und OSTECH,,,
2026-09-15,10:48:43,718,KOM_Test,SR830,T,"SNAP 1,2,3,4,10,11","0,0,0,90,0,0",result,Kommunikations-Test fuer SR830 und OSTECH,,,
2026-09-15,10:48:43,727,KOM_Test,OSTECH,T,LTM,25.0,result,Kommunikations-Test fuer SR830 und OSTECH,,,
2026-09-15,10:48:43,750,KOM_Test,OSTECH,T,LCA,0.0,result,Kommunikations-Test fuer SR830 und OSTECH,,,
2026-09-15,10:48:43,762,KOM_Test,OSTECH,T,LVA,0.0,result,Kommunikations-Test fuer SR830 und OSTECH,,,
2026-09-15,10:48:43,787,KOM_Test,OSTECH,T,XTA,21.001846313476562,result,Kommunikations-Test fuer SR830 und OSTECH,,,
2026-09-15,10:48:43,797,KOM_Test,OSTECH,T,GT,28.351036071777344,result,Kommunikations-Test fuer SR830 und OSTECH,,,
2026-09-15,10:48:43,812,KOM_Test,OSTECH,T,GS,"{'status_word': 3085, 'interlock_ok': True, 'driver_supply_ok': True, 'driver_temperature_ok': True, 'lt_sensor_ok': True, 'ct_sensor_ok': True, 'lc_on': False, 'lc_error': False}",result,Kommunikations-Test fuer SR830 und OSTECH,,,
2026-09-15,10:48:43,837,KOM_Test,OSTECH,T,LTM,25.0,result,Kommunikations-Test fuer SR830 und OSTECH,,,
2026-09-15,10:48:43,840,KOM_Test,SR830,T,"SNAP 5,6,7,8,9","-0.00666667,0.002,-0.000666667,-0.001,1000",result,Kommunikations-Test fuer SR830 und OSTECH,,,
2026-09-15,10:48:43,855,KOM_Test,OSTECH,T,LCA,0.0,result,Kommunikations-Test fuer SR830 und OSTECH,,,
2026-09-15,10:48:43,855,KOM_Test,SR830,T,PHAS,0,result,Kommunikations-Test fuer SR830 und OSTECH,,,
2026-09-15,10:48:43,875,KOM_Test,OSTECH,T,LVA,0.0,result,Kommunikations-Test fuer SR830 und OSTECH,,,
2026-09-15,10:48:43,879,KOM_Test,SR830,T,FREQ,1000,result,Kommunikations-Test fuer SR830 und OSTECH,,,
2026-09-15,10:48:43,890,KOM_Test,OSTECH,T,XTA,21.001846313476562,result,Kommunikations-Test fuer SR830 und OSTECH,,,
2026-09-15,10:48:43,901,KOM_Test,OSTECH,T,GT,28.351036071777344,result,Kommunikations-Test fuer SR830 und OSTECH,,,
2026-09-15,10:48:43,915,KOM_Test,OSTECH,T,GS,"{'status_word': 3085, 'interlock_ok': True, 'driver_supply_ok': True, 'driver_temperature_ok': True, 'lt_sensor_ok': True, 'ct_sensor_ok': True, 'lc_on': False, 'lc_error': False}",result,Kommunikations-Test fuer SR830 und OSTECH,,,
2026-09-15,10:48:43,928,KOM_Test,OSTECH,T,LTM,25.0,result,Kommunikations-Test fuer SR830 und OSTECH,,,
2026-09-15,10:48:43,949,KOM_Test,OSTECH,T,LCA,0.0,result,Kommunikations-Test fuer SR830 und OSTECH,,,
2026-09-15,10:48:43,962,KOM_Test,SR830,T,"SNAP 1,2,3,4,10,11","0,0,0,0,0,0",result,Kommunikations-Test fuer SR830 und OSTECH,,,
2026-09-15,10:48:43,972,KOM_Test,OSTECH,T,LVA,0.0,result,Kommunikations-Test fuer SR830 und OSTECH,,,
2026-09-15,10:48:43,988,KOM_Test,OSTECH,T,XTA,21.001846313476562,result,Kommunikations-Test fuer SR830 und OSTECH,,,
2026-09-15,10:48:44,004,KOM_Test,OSTECH,T,GT,28.351036071777344,result,Kommunikations-Test fuer SR830 und OSTECH,,,
2026-09-15,10:48:44,012,KOM_Test,OSTECH,T,GS,"{'status_word': 3085, 'interlock_ok': True, 'driver_supply_ok': True, 'driver_temperature_ok': True, 'lt_sensor_ok': True, 'ct_sensor_ok': True, 'lc_on': False, 'lc_error': False}",result,Kommunikations-Test fuer SR830 und OSTECH,,,
2026-09-15,10:48:44,039,KOM_Test,OSTECH,T,LTM,25.0,result,Kommunikations-Test fuer SR830 und OSTECH,,,
2026-09-15,10:48:44,047,KOM_Test,OSTECH,T,LCA,0.0,result,Kommunikations-Test fuer SR830 und OSTECH,,,
2026-09-15,10:48:44,064,KOM_Test,OSTECH,T,LVA,0.0,result,Kommunikations-Test fuer SR830 und OSTECH,,,
2026-09-15,10:48:44,089,KOM_Test,SR830,T,"SNAP 5,6,7,8,9","-0.00466667,0.00633333,-0.000666667,-0.004,1000",result,Kommunikations-Test fuer SR830 und OSTECH,,,
2026-09-15,10:48:44,099,KOM_Test,OSTECH,T,XTA,21.00286102294922,result,Kommunikations-Test fuer SR830 und OSTECH,,,
2026-09-15,10:48:44,106,KOM_Test,SR830,T,PHAS,0,result,Kommunikations-Test fuer SR830 und OSTECH,,,
2026-09-15,10:48:44,112,KOM_Test,OSTECH,T,GT,28.351036071777344,result,Kommunikations-Test fuer SR830 und OSTECH,,,
2026-09-15,10:48:44,128,KOM_Test,SR830,T,FREQ,1000,result,Kommunikations-Test fuer SR830 und OSTECH,,,
2026-09-15,10:48:44,129,KOM_Test,OSTECH,T,GS,"{'status_word': 3085, 'interlock_ok': True, 'driver_supply_ok': True, 'driver_temperature_ok': True, 'lt_sensor_ok': True, 'ct_sensor_ok': True, 'lc_on': False, 'lc_error': False}",result,Kommunikations-Test fuer SR830 und OSTECH,,,
2026-09-15,10:48:44,145,KOM_Test,OSTECH,T,LTM,25.0,result,Kommunikations-Test fuer SR830 und OSTECH,,,
2026-09-15,10:48:44,165,KOM_Test,OSTECH,T,LCA,0.0,result,Kommunikations-Test fuer SR830 und OSTECH,,,
2026-09-15,10:48:44,190,KOM_Test,OSTECH,T,LVA,0.0,result,Kommunikations-Test fuer SR830 und OSTECH,,,
2026-09-15,10:48:44,198,KOM_Test,OSTECH,T,XTA,21.00286102294922,result,Kommunikations-Test fuer SR830 und OSTECH,,,
2026-09-15,10:48:44,214,KOM_Test,SR830,T,"SNAP 1,2,3,4,10,11","0,0,0,0,0,0",result,Kommunikations-Test fuer SR830 und OSTECH,,,
2026-09-15,10:48:44,223,KOM_Test,OSTECH,T,GT,28.351036071777344,result,Kommunikations-Test fuer SR830 und OSTECH,,,
2026-09-15,10:48:44,234,KOM_Test,OSTECH,T,GS,"{'status_word': 3085, 'interlock_ok': True, 'driver_supply_ok': True, 'driver_temperature_ok': True, 'lt_sensor_ok': True, 'ct_sensor_ok': True, 'lc_on': False, 'lc_error': False}",result,Kommunikations-Test fuer SR830 und OSTECH,,,
2026-09-15,10:48:44,252,KOM_Test,OSTECH,T,LTM,25.0,result,Kommunikations-Test fuer SR830 und OSTECH,,,
2026-09-15,10:48:44,278,KOM_Test,OSTECH,T,LCA,0.0,result,Kommunikations-Test fuer SR830 und OSTECH,,,
2026-09-15,10:48:44,303,KOM_Test,OSTECH,T,LVA,0.0,result,Kommunikations-Test fuer SR830 und OSTECH,,,
2026-09-15,10:48:44,314,KOM_Test,OSTECH,T,XTA,21.00286102294922,result,Kommunikations-Test fuer SR830 und OSTECH,,,
2026-09-15,10:48:44,333,KOM_Test,OSTECH,T,GT,28.351036071777344,result,Kommunikations-Test fuer SR830 und OSTECH,,,
2026-09-15,10:48:44,343,KOM_Test,SR830,T,"SNAP 5,6,7,8,9","-0.00166667,0.003,-0.000666667,-0.000666667,1000",result,Kommunikations-Test fuer SR830 und OSTECH,,,
2026-09-15,10:48:44,346,KOM_Test,OSTECH,T,GS,"{'status_word': 3085, 'interlock_ok': True, 'driver_supply_ok': True, 'driver_temperature_ok': True, 'lt_sensor_ok': True, 'ct_sensor_ok': True, 'lc_on': False, 'lc_error': False}",result,Kommunikations-Test fuer SR830 und OSTECH,,,
2026-09-15,10:48:44,358,KOM_Test,SR830,T,PHAS,0,result,Kommunikations-Test fuer SR830 und OSTECH,,,
2026-09-15,10:48:44,362,KOM_Test,OSTECH,T,LTM,25.0,result,Kommunikations-Test fuer SR830 und OSTECH,,,
2026-09-15,10:48:44,379,KOM_Test,SR830,T,FREQ,1000,result,Kommunikations-Test fuer SR830 und OSTECH,,,
2026-09-15,10:48:44,381,KOM_Test,OSTECH,T,LCA,0.0,result,Kommunikations-Test fuer SR830 und OSTECH,,,
2026-09-15,10:48:44,395,KOM_Test,OSTECH,T,LVA,0.0,result,Kommunikations-Test fuer SR830 und OSTECH,,,
2026-09-15,10:48:44,415,KOM_Test,OSTECH,T,XTA,21.00286102294922,result,Kommunikations-Test fuer SR830 und OSTECH,,,
2026-09-15,10:48:44,430,KOM_Test,OSTECH,T,GT,28.351036071777344,result,Kommunikations-Test fuer SR830 und OSTECH,,,
2026-09-15,10:48:44,463,KOM_Test,OSTECH,T,GS,"{'status_word': 3085, 'interlock_ok': True, 'driver_supply_ok': True, 'driver_temperature_ok': True, 'lt_sensor_ok': True, 'ct_sensor_ok': True, 'lc_on': False, 'lc_error': False}",result,Kommunikations-Test fuer SR830 und OSTECH,,,
2026-09-15,10:48:44,468,KOM_Test,SR830,T,"SNAP 1,2,3,4,10,11","0,0,0,0,0,0",result,Kommunikations-Test fuer SR830 und OSTECH,,,
2026-09-15,10:48:44,492,KOM_Test,OSTECH,T,LTM,25.0,result,Kommunikations-Test fuer SR830 und OSTECH,,,
2026-09-15,10:48:44,505,KOM_Test,OSTECH,T,LCA,0.0,result,Kommunikations-Test fuer SR830 und OSTECH,,,
2026-09-15,10:48:44,522,KOM_Test,OSTECH,T,LVA,0.0,result,Kommunikations-Test fuer SR830 und OSTECH,,,
2026-09-15,10:48:44,542,KOM_Test,OSTECH,T,XTA,20.998817443847656,result,Kommunikations-Test fuer SR830 und OSTECH,,,
2026-09-15,10:48:44,549,KOM_Test,OSTECH,T,GT,28.351036071777344,result,Kommunikations-Test fuer SR830 und OSTECH,,,
2026-09-15,10:48:44,562,KOM_Test,OSTECH,T,GS,"{'status_word': 3085, 'interlock_ok': True, 'driver_supply_ok': True, 'driver_temperature_ok': True, 'lt_sensor_ok': True, 'ct_sensor_ok': True, 'lc_on': False, 'lc_error': False}",result,Kommunikations-Test fuer SR830 und OSTECH,,,
2026-09-15,10:48:44,579,KOM_Test,OSTECH,T,LTM,25.0,result,Kommunikations-Test fuer SR830 und OSTECH,,,
2026-09-15,10:48:44,597,KOM_Test,SR830,T,"SNAP 5,6,7,8,9","-0.00333333,0.00366667,0.00233333,-0.00233333,1000",result,Kommunikations-Test fuer SR830 und OSTECH,,,
2026-09-15,10:48:44,597,KOM_Test,OSTECH,T,LCA,0.0,result,Kommunikations-Test fuer SR830 und OSTECH,,,
2026-09-15,10:48:44,614,KOM_Test,OSTECH,T,LVA,0.0,result,Kommunikations-Test fuer SR830 und OSTECH,,,
2026-09-15,10:48:44,614,KOM_Test,SR830,T,PHAS,0,result,Kommunikations-Test fuer SR830 und OSTECH,,,
2026-09-15,10:48:44,647,KOM_Test,OSTECH,T,XTA,20.998817443847656,result,Kommunikations-Test fuer SR830 und OSTECH,,,
2026-09-15,10:48:44,671,KOM_Test,SR830,T,FREQ,1000,result,Kommunikations-Test fuer SR830 und OSTECH,,,
2026-09-15,10:48:44,695,KOM_Test,OSTECH,T,GT,28.351036071777344,result,Kommunikations-Test fuer SR830 und OSTECH,,,
2026-09-15,10:48:44,695,KOM_Test,OSTECH,T,GS,"{'status_word': 3085, 'interlock_ok': True, 'driver_supply_ok': True, 'driver_temperature_ok': True, 'lt_sensor_ok': True, 'ct_sensor_ok': True, 'lc_on': False, 'lc_error': False}",result,Kommunikations-Test fuer SR830 und OSTECH,,,
2026-09-15,10:48:44,695,KOM_Test,OSTECH,T,LTM,25.0,result,Kommunikations-Test fuer SR830 und OSTECH,,,
2026-09-15,10:48:44,707,KOM_Test,OSTECH,T,LCA,0.0,result,Kommunikations-Test fuer SR830 und OSTECH,,,
2026-09-15,10:48:44,716,KOM_Test,OSTECH,T,LVA,0.0,result,Kommunikations-Test fuer SR830 und OSTECH,,,
2026-09-15,10:48:44,730,KOM_Test,SR830,T,"SNAP 1,2,3,4,10,11","0,0,0,0,0,0",result,Kommunikations-Test fuer SR830 und OSTECH,,,
2026-09-15,10:48:44,742,KOM_Test,OSTECH,T,XTA,20.998817443847656,result,Kommunikations-Test fuer SR830 und OSTECH,,,
2026-09-15,10:48:44,749,KOM_Test,OSTECH,T,GT,28.351036071777344,result,Kommunikations-Test fuer SR830 und OSTECH,,,
2026-09-15,10:48:44,766,KOM_Test,OSTECH,T,GS,"{'status_word': 3085, 'interlock_ok': True, 'driver_supply_ok': True, 'driver_temperature_ok': True, 'lt_sensor_ok': True, 'ct_sensor_ok': True, 'lc_on': False, 'lc_error': False}",result,Kommunikations-Test fuer SR830 und OSTECH,,,
2026-09-15,10:48:44,788,KOM_Test,OSTECH,T,LTM,25.0,result,Kommunikations-Test fuer SR830 und OSTECH,,,
2026-09-15,10:48:44,802,KOM_Test,OSTECH,T,LCA,0.0,result,Kommunikations-Test fuer SR830 und OSTECH,,,
2026-09-15,10:48:44,828,KOM_Test,OSTECH,T,LVA,0.0,result,Kommunikations-Test fuer SR830 und OSTECH,,,
2026-09-15,10:48:44,853,KOM_Test,OSTECH,T,XTA,20.998817443847656,result,Kommunikations-Test fuer SR830 und OSTECH,,,
2026-09-15,10:48:44,860,KOM_Test,SR830,T,"SNAP 5,6,7,8,9","-0.002,0.00466667,0.00233333,0.000666667,1000",result,Kommunikations-Test fuer SR830 und OSTECH,,,
2026-09-15,10:48:44,867,KOM_Test,OSTECH,T,GT,28.351036071777344,result,Kommunikations-Test fuer SR830 und OSTECH,,,
2026-09-15,10:48:44,876,KOM_Test,SR830,T,PHAS,0,result,Kommunikations-Test fuer SR830 und OSTECH,,,
2026-09-15,10:48:44,882,KOM_Test,OSTECH,T,GS,"{'status_word': 3085, 'interlock_ok': True, 'driver_supply_ok': True, 'driver_temperature_ok': True, 'lt_sensor_ok': True, 'ct_sensor_ok': True, 'lc_on': False, 'lc_error': False}",result,Kommunikations-Test fuer SR830 und OSTECH,,,
2026-09-15,10:48:44,896,KOM_Test,SR830,T,FREQ,1000,result,Kommunikations-Test fuer SR830 und OSTECH,,,
2026-09-15,10:48:44,896,KOM_Test,OSTECH,T,LTM,25.0,result,Kommunikations-Test fuer SR830 und OSTECH,,,
2026-09-15,10:48:44,918,KOM_Test,OSTECH,T,LCA,0.0,result,Kommunikations-Test fuer SR830 und OSTECH,,,
2026-09-15,10:48:44,931,KOM_Test,OSTECH,T,LVA,0.0,result,Kommunikations-Test fuer SR830 und OSTECH,,,
2026-09-15,10:48:44,950,KOM_Test,OSTECH,T,XTA,20.998817443847656,result,Kommunikations-Test fuer SR830 und OSTECH,,,
2026-09-15,10:48:44,968,KOM_Test,OSTECH,T,GT,28.351036071777344,result,Kommunikations-Test fuer SR830 und OSTECH,,,
2026-09-15,10:48:44,981,KOM_Test,OSTECH,T,GS,"{'status_word': 3085, 'interlock_ok': True, 'driver_supply_ok': True, 'driver_temperature_ok': True, 'lt_sensor_ok': True, 'ct_sensor_ok': True, 'lc_on': False, 'lc_error': False}",result,Kommunikations-Test fuer SR830 und OSTECH,,,
2026-09-15,10:48:45,016,KOM_Test,OSTECH,T,LTM,25.0,result,Kommunikations-Test fuer SR830 und OSTECH,,,
2026-09-15,10:48:45,019,KOM_Test,SR830,T,"SNAP 1,2,3,4,10,11","0,-6.10356e-005,0,-45,0,-6.10356e-005",result,Kommunikations-Test fuer SR830 und OSTECH,,,
2026-09-15,10:48:45,029,KOM_Test,OSTECH,T,LCA,0.0,result,Kommunikations-Test fuer SR830 und OSTECH,,,
2026-09-15,10:48:45,048,KOM_Test,OSTECH,T,LVA,0.0,result,Kommunikations-Test fuer SR830 und OSTECH,,,
2026-09-15,10:48:45,069,KOM_Test,OSTECH,T,XTA,21.000038146972656,result,Kommunikations-Test fuer SR830 und OSTECH,,,
2026-09-15,10:48:45,079,KOM_Test,OSTECH,T,GT,28.351036071777344,result,Kommunikations-Test fuer SR830 und OSTECH,,,
2026-09-15,10:48:45,097,KOM_Test,OSTECH,T,GS,"{'status_word': 3085, 'interlock_ok': True, 'driver_supply_ok': True, 'driver_temperature_ok': True, 'lt_sensor_ok': True, 'ct_sensor_ok': True, 'lc_on': False, 'lc_error': False}",result,Kommunikations-Test fuer SR830 und OSTECH,,,
2026-09-15,10:48:45,119,KOM_Test,OSTECH,T,LTM,25.0,result,Kommunikations-Test fuer SR830 und OSTECH,,,
2026-09-15,10:48:45,133,KOM_Test,OSTECH,T,LCA,0.0,result,Kommunikations-Test fuer SR830 und OSTECH,,,
2026-09-15,10:48:45,143,KOM_Test,SR830,T,"SNAP 5,6,7,8,9","-0.002,0.00633333,0.00233333,-0.000666667,1000",result,Kommunikations-Test fuer SR830 und OSTECH,,,
2026-09-15,10:48:45,147,KOM_Test,OSTECH,T,LVA,0.0,result,Kommunikations-Test fuer SR830 und OSTECH,,,
2026-09-15,10:48:45,147,KOM_Test,SR830,T,PHAS,0,result,Kommunikations-Test fuer SR830 und OSTECH,,,
2026-09-15,10:48:45,170,KOM_Test,OSTECH,T,XTA,21.000038146972656,result,Kommunikations-Test fuer SR830 und OSTECH,,,
2026-09-15,10:48:45,178,KOM_Test,SR830,T,FREQ,1000,result,Kommunikations-Test fuer SR830 und OSTECH,,,
2026-09-15,10:48:45,197,KOM_Test,OSTECH,T,GT,28.351036071777344,result,Kommunikations-Test fuer SR830 und OSTECH,,,
2026-09-15,10:48:45,219,KOM_Test,OSTECH,T,GS,"{'status_word': 3085, 'interlock_ok': True, 'driver_supply_ok': True, 'driver_temperature_ok': True, 'lt_sensor_ok': True, 'ct_sensor_ok': True, 'lc_on': False, 'lc_error': False}",result,Kommunikations-Test fuer SR830 und OSTECH,,,
2026-09-15,10:48:45,229,KOM_Test,OSTECH,T,LTM,25.0,result,Kommunikations-Test fuer SR830 und OSTECH,,,
2026-09-15,10:48:45,250,KOM_Test,OSTECH,T,LCA,0.0,result,Kommunikations-Test fuer SR830 und OSTECH,,,
2026-09-15,10:48:45,271,KOM_Test,OSTECH,T,LVA,0.0,result,Kommunikations-Test fuer SR830 und OSTECH,,,
2026-09-15,10:48:45,282,KOM_Test,OSTECH,T,XTA,21.000038146972656,result,Kommunikations-Test fuer SR830 und OSTECH,,,
2026-09-15,10:48:45,298,KOM_Test,OSTECH,T,GT,28.351036071777344,result,Kommunikations-Test fuer SR830 und OSTECH,,,
2026-09-15,10:48:45,312,KOM_Test,SR830,T,"SNAP 1,2,3,4,10,11","0,-0.000122071,6.10356e-005,-90,0,-0.000122071",result,Kommunikations-Test fuer SR830 und OSTECH,,,
2026-09-15,10:48:45,320,KOM_Test,OSTECH,T,GS,"{'status_word': 3085, 'interlock_ok': True, 'driver_supply_ok': True, 'driver_temperature_ok': True, 'lt_sensor_ok': True, 'ct_sensor_ok': True, 'lc_on': False, 'lc_error': False}",result,Kommunikations-Test fuer SR830 und OSTECH,,,
2026-09-15,10:48:45,335,KOM_Test,OSTECH,T,LTM,25.0,result,Kommunikations-Test fuer SR830 und OSTECH,,,
2026-09-15,10:48:45,348,KOM_Test,OSTECH,T,LCA,0.0,result,Kommunikations-Test fuer SR830 und OSTECH,,,
2026-09-15,10:48:45,378,KOM_Test,OSTECH,T,LVA,0.0,result,Kommunikations-Test fuer SR830 und OSTECH,,,
2026-09-15,10:48:45,385,KOM_Test,OSTECH,T,XTA,21.000038146972656,result,Kommunikations-Test fuer SR830 und OSTECH,,,
2026-09-15,10:48:45,400,KOM_Test,OSTECH,T,GT,28.351036071777344,result,Kommunikations-Test fuer SR830 und OSTECH,,,
2026-09-15,10:48:45,413,KOM_Test,OSTECH,T,GS,"{'status_word': 3085, 'interlock_ok': True, 'driver_supply_ok': True, 'driver_temperature_ok': True, 'lt_sensor_ok': True, 'ct_sensor_ok': True, 'lc_on': False, 'lc_error': False}",result,Kommunikations-Test fuer SR830 und OSTECH,,,
2026-09-15,10:48:45,429,KOM_Test,OSTECH,T,LTM,25.0,result,Kommunikations-Test fuer SR830 und OSTECH,,,
2026-09-15,10:48:45,443,KOM_Test,SR830,T,"SNAP 5,6,7,8,9","-0.000666667,0.00766667,0.001,-0.002,1000",result,Kommunikations-Test fuer SR830 und OSTECH,,,
2026-09-15,10:48:45,448,KOM_Test,OSTECH,T,LCA,0.0,result,Kommunikations-Test fuer SR830 und OSTECH,,,
2026-09-15,10:48:45,459,KOM_Test,SR830,T,PHAS,0,result,Kommunikations-Test fuer SR830 und OSTECH,,,
2026-09-15,10:48:45,472,KOM_Test,OSTECH,T,LVA,0.0,result,Kommunikations-Test fuer SR830 und OSTECH,,,
2026-09-15,10:48:45,480,KOM_Test,SR830,T,FREQ,1000,result,Kommunikations-Test fuer SR830 und OSTECH,,,
2026-09-15,10:48:45,481,KOM_Test,OSTECH,T,XTA,21.000038146972656,result,Kommunikations-Test fuer SR830 und OSTECH,,,
2026-09-15,10:48:45,504,KOM_Test,OSTECH,T,GT,28.351036071777344,result,Kommunikations-Test fuer SR830 und OSTECH,,,
2026-09-15,10:48:45,513,KOM_Test,OSTECH,T,GS,"{'status_word': 3085, 'interlock_ok': True, 'driver_supply_ok': True, 'driver_temperature_ok': True, 'lt_sensor_ok': True, 'ct_sensor_ok': True, 'lc_on': False, 'lc_error': False}",result,Kommunikations-Test fuer SR830 und OSTECH,,,
2026-09-15,10:48:45,535,KOM_Test,OSTECH,T,LTM,25.0,result,Kommunikations-Test fuer SR830 und OSTECH,,,
2026-09-15,10:48:45,567,KOM_Test,OSTECH,T,LCA,0.0,result,Kommunikations-Test fuer SR830 und OSTECH,,,
2026-09-15,10:48:45,579,KOM_Test,OSTECH,T,LVA,0.0,result,Kommunikations-Test fuer SR830 und OSTECH,,,
2026-09-15,10:48:45,602,KOM_Test,OSTECH,T,XTA,21.00464630126953,result,Kommunikations-Test fuer SR830 und OSTECH,,,
2026-09-15,10:48:45,616,KOM_Test,OSTECH,T,GT,28.351036071777344,result,Kommunikations-Test fuer SR830 und OSTECH,,,
2026-09-15,10:48:45,629,KOM_Test,OSTECH,T,GS,"{'status_word': 3085, 'interlock_ok': True, 'driver_supply_ok': True, 'driver_temperature_ok': True, 'lt_sensor_ok': True, 'ct_sensor_ok': True, 'lc_on': False, 'lc_error': False}",result,Kommunikations-Test fuer SR830 und OSTECH,,,
2026-09-15,10:48:45,629,KOM_Test,SR830,T,"SNAP 1,2,3,4,10,11","-6.10356e-005,-6.10356e-005,0,-135,-6.10356e-005,-6.10356e-005",result,Kommunikations-Test fuer SR830 und OSTECH,,,
2026-09-15,10:48:45,651,KOM_Test,OSTECH,T,LTM,25.0,result,Kommunikations-Test fuer SR830 und OSTECH,,,
2026-09-15,10:48:45,674,KOM_Test,OSTECH,T,LCA,0.0,result,Kommunikations-Test fuer SR830 und OSTECH,,,
2026-09-15,10:48:45,682,KOM_Test,OSTECH,T,LVA,0.0,result,Kommunikations-Test fuer SR830 und OSTECH,,,
2026-09-15,10:48:45,697,KOM_Test,OSTECH,T,XTA,21.00464630126953,result,Kommunikations-Test fuer SR830 und OSTECH,,,
2026-09-15,10:48:45,716,KOM_Test,OSTECH,T,GT,28.351036071777344,result,Kommunikations-Test fuer SR830 und OSTECH,,,
2026-09-15,10:48:45,737,KOM_Test,OSTECH,T,GS,"{'status_word': 3085, 'interlock_ok': True, 'driver_supply_ok': True, 'driver_temperature_ok': True, 'lt_sensor_ok': True, 'ct_sensor_ok': True, 'lc_on': False, 'lc_error': False}",result,Kommunikations-Test fuer SR830 und OSTECH,,,
2026-09-15,10:48:45,746,KOM_Test,OSTECH,T,LTM,25.0,result,Kommunikations-Test fuer SR830 und OSTECH,,,
2026-09-15,10:48:45,763,KOM_Test,SR830,T,"SNAP 5,6,7,8,9","-0.00166667,0.00633333,0.000666667,0.00266667,1000",result,Kommunikations-Test fuer SR830 und OSTECH,,,
2026-09-15,10:48:45,764,KOM_Test,OSTECH,T,LCA,0.0,result,Kommunikations-Test fuer SR830 und OSTECH,,,
2026-09-15,10:48:45,779,KOM_Test,OSTECH,T,LVA,0.0,result,Kommunikations-Test fuer SR830 und OSTECH,,,
2026-09-15,10:48:45,779,KOM_Test,SR830,T,PHAS,0,result,Kommunikations-Test fuer SR830 und OSTECH,,,
2026-09-15,10:48:45,797,KOM_Test,OSTECH,T,XTA,21.00464630126953,result,Kommunikations-Test fuer SR830 und OSTECH,,,
2026-09-15,10:48:45,811,KOM_Test,SR830,T,FREQ,1000,result,Kommunikations-Test fuer SR830 und OSTECH,,,
2026-09-15,10:48:45,818,KOM_Test,OSTECH,T,GT,28.351036071777344,result,Kommunikations-Test fuer SR830 und OSTECH,,,
2026-09-15,10:48:45,831,KOM_Test,OSTECH,T,GS,"{'status_word': 3085, 'interlock_ok': True, 'driver_supply_ok': True, 'driver_temperature_ok': True, 'lt_sensor_ok': True, 'ct_sensor_ok': True, 'lc_on': False, 'lc_error': False}",result,Kommunikations-Test fuer SR830 und OSTECH,,,
2026-09-15,10:48:45,846,KOM_Test,OSTECH,T,LTM,25.0,result,Kommunikations-Test fuer SR830 und OSTECH,,,
2026-09-15,10:48:45,864,KOM_Test,OSTECH,T,LCA,0.0,result,Kommunikations-Test fuer SR830 und OSTECH,,,
2026-09-15,10:48:45,881,KOM_Test,SR830,T,"SNAP 1,2,3,4,10,11","0,0,0,45,0,0",result,Kommunikations-Test fuer SR830 und OSTECH,,,
2026-09-15,10:48:45,881,KOM_Test,OSTECH,T,LVA,0.0,result,Kommunikations-Test fuer SR830 und OSTECH,,,
2026-09-15,10:48:45,898,KOM_Test,OSTECH,T,XTA,21.00464630126953,result,Kommunikations-Test fuer SR830 und OSTECH,,,
2026-09-15,10:48:45,929,KOM_Test,OSTECH,T,GT,28.351036071777344,result,Kommunikations-Test fuer SR830 und OSTECH,,,
2026-09-15,10:48:45,936,KOM_Test,OSTECH,T,GS,"{'status_word': 3085, 'interlock_ok': True, 'driver_supply_ok': True, 'driver_temperature_ok': True, 'lt_sensor_ok': True, 'ct_sensor_ok': True, 'lc_on': False, 'lc_error': False}",result,Kommunikations-Test fuer SR830 und OSTECH,,,
2026-09-15,10:48:45,946,KOM_Test,OSTECH,T,LTM,25.0,result,Kommunikations-Test fuer SR830 und OSTECH,,,
2026-09-15,10:48:45,967,KOM_Test,OSTECH,T,LCA,0.0,result,Kommunikations-Test fuer SR830 und OSTECH,,,
2026-09-15,10:48:45,981,KOM_Test,OSTECH,T,LVA,0.0,result,Kommunikations-Test fuer SR830 und OSTECH,,,
2026-09-15,10:48:45,999,KOM_Test,OSTECH,T,XTA,21.00464630126953,result,Kommunikations-Test fuer SR830 und OSTECH,,,
2026-09-15,10:48:46,009,KOM_Test,SR830,T,"SNAP 5,6,7,8,9","-0.002,0.00666667,-0.000333333,0.002,1000",result,Kommunikations-Test fuer SR830 und OSTECH,,,
2026-09-15,10:48:46,014,KOM_Test,OSTECH,T,GT,28.351036071777344,result,Kommunikations-Test fuer SR830 und OSTECH,,,
2026-09-15,10:48:46,022,KOM_Test,SR830,T,PHAS,0,result,Kommunikations-Test fuer SR830 und OSTECH,,,
2026-09-15,10:48:46,035,KOM_Test,OSTECH,T,GS,"{'status_word': 3085, 'interlock_ok': True, 'driver_supply_ok': True, 'driver_temperature_ok': True, 'lt_sensor_ok': True, 'ct_sensor_ok': True, 'lc_on': False, 'lc_error': False}",result,Kommunikations-Test fuer SR830 und OSTECH,,,
2026-09-15,10:48:46,046,KOM_Test,SR830,T,FREQ,1000,result,Kommunikations-Test fuer SR830 und OSTECH,,,
2026-09-15,10:48:46,053,KOM_Test,OSTECH,T,LTM,25.0,result,Kommunikations-Test fuer SR830 und OSTECH,,,
2026-09-15,10:48:46,074,KOM_Test,OSTECH,T,LCA,0.0,result,Kommunikations-Test fuer SR830 und OSTECH,,,
2026-09-15,10:48:46,089,KOM_Test,OSTECH,T,LVA,0.0,result,Kommunikations-Test fuer SR830 und OSTECH,,,
2026-09-15,10:48:46,118,KOM_Test,OSTECH,T,XTA,21.000274658203125,result,Kommunikations-Test fuer SR830 und OSTECH,,,
2026-09-15,10:48:46,129,KOM_Test,OSTECH,T,GT,28.351036071777344,result,Kommunikations-Test fuer SR830 und OSTECH,,,
2026-09-15,10:48:46,152,KOM_Test,OSTECH,T,GS,"{'status_word': 3085, 'interlock_ok': True, 'driver_supply_ok': True, 'driver_temperature_ok': True, 'lt_sensor_ok': True, 'ct_sensor_ok': True, 'lc_on': False, 'lc_error': False}",result,Kommunikations-Test fuer SR830 und OSTECH,,,
2026-09-15,10:48:46,163,KOM_Test,SR830,T,"SNAP 1,2,3,4,10,11","-6.10356e-005,0,0,135,-6.10356e-005,0",result,Kommunikations-Test fuer SR830 und OSTECH,,,
2026-09-15,10:48:46,163,KOM_Test,OSTECH,T,LTM,25.0,result,Kommunikations-Test fuer SR830 und OSTECH,,,
2026-09-15,10:48:46,186,KOM_Test,OSTECH,T,LCA,0.0,result,Kommunikations-Test fuer SR830 und OSTECH,,,
2026-09-15,10:48:46,202,KOM_Test,OSTECH,T,LVA,0.0,result,Kommunikations-Test fuer SR830 und OSTECH,,,
2026-09-15,10:48:46,214,KOM_Test,OSTECH,T,XTA,21.000274658203125,result,Kommunikations-Test fuer SR830 und OSTECH,,,
2026-09-15,10:48:46,232,KOM_Test,OSTECH,T,GT,28.351036071777344,result,Kommunikations-Test fuer SR830 und OSTECH,,,
2026-09-15,10:48:46,248,KOM_Test,OSTECH,T,GS,"{'status_word': 3085, 'interlock_ok': True, 'driver_supply_ok': True, 'driver_temperature_ok': True, 'lt_sensor_ok': True, 'ct_sensor_ok': True, 'lc_on': False, 'lc_error': False}",result,Kommunikations-Test fuer SR830 und OSTECH,,,
2026-09-15,10:48:46,263,KOM_Test,OSTECH,T,LTM,25.0,result,Kommunikations-Test fuer SR830 und OSTECH,,,
2026-09-15,10:48:46,300,KOM_Test,SR830,T,"SNAP 5,6,7,8,9","-0.00166667,0.00666667,-0.000666667,0.000666667,1000",result,Kommunikations-Test fuer SR830 und OSTECH,,,
2026-09-15,10:48:46,303,KOM_Test,OSTECH,T,LCA,0.0,result,Kommunikations-Test fuer SR830 und OSTECH,,,
2026-09-15,10:48:46,315,KOM_Test,SR830,T,PHAS,0,result,Kommunikations-Test fuer SR830 und OSTECH,,,
2026-09-15,10:48:46,321,KOM_Test,OSTECH,T,LVA,0.0,result,Kommunikations-Test fuer SR830 und OSTECH,,,
2026-09-15,10:48:46,332,KOM_Test,OSTECH,T,XTA,21.000274658203125,result,Kommunikations-Test fuer SR830 und OSTECH,,,
2026-09-15,10:48:46,346,KOM_Test,SR830,T,FREQ,1000,result,Kommunikations-Test fuer SR830 und OSTECH,,,
2026-09-15,10:48:46,349,KOM_Test,OSTECH,T,GT,28.35004234313965,result,Kommunikations-Test fuer SR830 und OSTECH,,,
2026-09-15,10:48:46,364,KOM_Test,OSTECH,T,GS,"{'status_word': 3085, 'interlock_ok': True, 'driver_supply_ok': True, 'driver_temperature_ok': True, 'lt_sensor_ok': True, 'ct_sensor_ok': True, 'lc_on': False, 'lc_error': False}",result,Kommunikations-Test fuer SR830 und OSTECH,,,
2026-09-15,10:48:46,380,KOM_Test,OSTECH,T,LTM,25.0,result,Kommunikations-Test fuer SR830 und OSTECH,,,
2026-09-15,10:48:46,400,KOM_Test,OSTECH,T,LCA,0.0,result,Kommunikations-Test fuer SR830 und OSTECH,,,
2026-09-15,10:48:46,414,KOM_Test,OSTECH,T,LVA,0.0,result,Kommunikations-Test fuer SR830 und OSTECH,,,
2026-09-15,10:48:46,430,KOM_Test,OSTECH,T,XTA,21.000274658203125,result,Kommunikations-Test fuer SR830 und OSTECH,,,
2026-09-15,10:48:46,449,KOM_Test,OSTECH,T,GT,28.35004234313965,result,Kommunikations-Test fuer SR830 und OSTECH,,,
2026-09-15,10:48:46,463,KOM_Test,SR830,T,"SNAP 1,2,3,4,10,11","0,-6.10356e-005,0,-90,0,-6.10356e-005",result,Kommunikations-Test fuer SR830 und OSTECH,,,
2026-09-15,10:48:46,463,KOM_Test,OSTECH,T,GS,"{'status_word': 3085, 'interlock_ok': True, 'driver_supply_ok': True, 'driver_temperature_ok': True, 'lt_sensor_ok': True, 'ct_sensor_ok': True, 'lc_on': False, 'lc_error': False}",result,Kommunikations-Test fuer SR830 und OSTECH,,,
2026-09-15,10:48:46,486,KOM_Test,OSTECH,T,LTM,25.0,result,Kommunikations-Test fuer SR830 und OSTECH,,,
2026-09-15,10:48:46,505,KOM_Test,OSTECH,T,LCA,0.0,result,Kommunikations-Test fuer SR830 und OSTECH,,,
2026-09-15,10:48:46,514,KOM_Test,OSTECH,T,LVA,0.0,result,Kommunikations-Test fuer SR830 und OSTECH,,,
2026-09-15,10:48:46,536,KOM_Test,OSTECH,T,XTA,21.000274658203125,result,Kommunikations-Test fuer SR830 und OSTECH,,,
2026-09-15,10:48:46,549,KOM_Test,OSTECH,T,GT,28.35004234313965,result,Kommunikations-Test fuer SR830 und OSTECH,,,
2026-09-15,10:48:46,563,KOM_Test,OSTECH,T,GS,"{'status_word': 3085, 'interlock_ok': True, 'driver_supply_ok': True, 'driver_temperature_ok': True, 'lt_sensor_ok': True, 'ct_sensor_ok': True, 'lc_on': False, 'lc_error': False}",result,Kommunikations-Test fuer SR830 und OSTECH,,,
2026-09-15,10:48:46,581,KOM_Test,OSTECH,T,LTM,25.0,result,Kommunikations-Test fuer SR830 und OSTECH,,,
2026-09-15,10:48:46,598,KOM_Test,SR830,T,"SNAP 5,6,7,8,9","-0.00166667,0.003,0.000666667,0.000666667,1000",result,Kommunikations-Test fuer SR830 und OSTECH,,,
2026-09-15,10:48:46,606,KOM_Test,OSTECH,T,LCA,0.0,result,Kommunikations-Test fuer SR830 und OSTECH,,,
2026-09-15,10:48:46,613,KOM_Test,OSTECH,T,LVA,0.0,result,Kommunikations-Test fuer SR830 und OSTECH,,,
2026-09-15,10:48:46,613,KOM_Test,SR830,T,PHAS,0,result,Kommunikations-Test fuer SR830 und OSTECH,,,
2026-09-15,10:48:46,638,KOM_Test,OSTECH,T,XTA,21.000274658203125,result,Kommunikations-Test fuer SR830 und OSTECH,,,
2026-09-15,10:48:46,648,KOM_Test,SR830,T,FREQ,1000,result,Kommunikations-Test fuer SR830 und OSTECH,,,
2026-09-15,10:48:46,666,KOM_Test,OSTECH,T,GT,28.35004234313965,result,Kommunikations-Test fuer SR830 und OSTECH,,,
2026-09-15,10:48:46,688,KOM_Test,OSTECH,T,GS,"{'status_word': 3085, 'interlock_ok': True, 'driver_supply_ok': True, 'driver_temperature_ok': True, 'lt_sensor_ok': True, 'ct_sensor_ok': True, 'lc_on': False, 'lc_error': False}",result,Kommunikations-Test fuer SR830 und OSTECH,,,
2026-09-15,10:48:46,696,KOM_Test,OSTECH,T,LTM,25.0,result,Kommunikations-Test fuer SR830 und OSTECH,,,
2026-09-15,10:48:46,717,KOM_Test,OSTECH,T,LCA,0.0,result,Kommunikations-Test fuer SR830 und OSTECH,,,
2026-09-15,10:48:46,737,KOM_Test,OSTECH,T,LVA,0.0,result,Kommunikations-Test fuer SR830 und OSTECH,,,
2026-09-15,10:48:46,749,KOM_Test,OSTECH,T,XTA,20.997581481933594,result,Kommunikations-Test fuer SR830 und OSTECH,,,
2026-09-15,10:48:46,765,KOM_Test,OSTECH,T,GT,28.35004234313965,result,Kommunikations-Test fuer SR830 und OSTECH,,,
2026-09-15,10:48:46,765,KOM_Test,SR830,T,"SNAP 1,2,3,4,10,11","0,-6.10356e-005,0,-45,0,-6.10356e-005",result,Kommunikations-Test fuer SR830 und OSTECH,,,
2026-09-15,10:48:46,786,KOM_Test,OSTECH,T,GS,"{'status_word': 3085, 'interlock_ok': True, 'driver_supply_ok': True, 'driver_temperature_ok': True, 'lt_sensor_ok': True, 'ct_sensor_ok': True, 'lc_on': False, 'lc_error': False}",result,Kommunikations-Test fuer SR830 und OSTECH,,,
2026-09-15,10:48:46,802,KOM_Test,OSTECH,T,LTM,25.0,result,Kommunikations-Test fuer SR830 und OSTECH,,,
2026-09-15,10:48:46,815,KOM_Test,OSTECH,T,LCA,0.0,result,Kommunikations-Test fuer SR830 und OSTECH,,,
2026-09-15,10:48:46,846,KOM_Test,OSTECH,T,LVA,0.0,result,Kommunikations-Test fuer SR830 und OSTECH,,,
2026-09-15,10:48:46,870,KOM_Test,OSTECH,T,XTA,20.997581481933594,result,Kommunikations-Test fuer SR830 und OSTECH,,,
2026-09-15,10:48:46,884,KOM_Test,OSTECH,T,GT,28.35004234313965,result,Kommunikations-Test fuer SR830 und OSTECH,,,
2026-09-15,10:48:46,892,KOM_Test,SR830,T,"SNAP 5,6,7,8,9","0.001,0.00466667,0.00233333,0.000666667,1000",result,Kommunikations-Test fuer SR830 und OSTECH,,,
2026-09-15,10:48:46,903,KOM_Test,OSTECH,T,GS,"{'status_word': 3085, 'interlock_ok': True, 'driver_supply_ok': True, 'driver_temperature_ok': True, 'lt_sensor_ok': True, 'ct_sensor_ok': True, 'lc_on': False, 'lc_error': False}",result,Kommunikations-Test fuer SR830 und OSTECH,,,
2026-09-15,10:48:46,903,KOM_Test,SR830,T,PHAS,0,result,Kommunikations-Test fuer SR830 und OSTECH,,,
2026-09-15,10:48:46,919,KOM_Test,OSTECH,T,LTM,25.0,result,Kommunikations-Test fuer SR830 und OSTECH,,,
2026-09-15,10:48:46,930,KOM_Test,SR830,T,FREQ,1000,result,Kommunikations-Test fuer SR830 und OSTECH,,,
2026-09-15,10:48:46,934,KOM_Test,OSTECH,T,LCA,0.0,result,Kommunikations-Test fuer SR830 und OSTECH,,,
2026-09-15,10:48:46,948,KOM_Test,OSTECH,T,LVA,0.0,result,Kommunikations-Test fuer SR830 und OSTECH,,,
2026-09-15,10:48:46,964,KOM_Test,OSTECH,T,XTA,20.997581481933594,result,Kommunikations-Test fuer SR830 und OSTECH,,,
2026-09-15,10:48:46,985,KOM_Test,OSTECH,T,GT,28.35004234313965,result,Kommunikations-Test fuer SR830 und OSTECH,,,
2026-09-15,10:48:46,997,KOM_Test,OSTECH,T,GS,"{'status_word': 3085, 'interlock_ok': True, 'driver_supply_ok': True, 'driver_temperature_ok': True, 'lt_sensor_ok': True, 'ct_sensor_ok': True, 'lc_on': False, 'lc_error': False}",result,Kommunikations-Test fuer SR830 und OSTECH,,,
2026-09-15,10:48:47,013,KOM_Test,OSTECH,T,LTM,25.0,result,Kommunikations-Test fuer SR830 und OSTECH,,,
2026-09-15,10:48:47,035,KOM_Test,OSTECH,T,LCA,0.0,result,Kommunikations-Test fuer SR830 und OSTECH,,,
2026-09-15,10:48:47,061,KOM_Test,OSTECH,T,LVA,0.0,result,Kommunikations-Test fuer SR830 und OSTECH,,,
2026-09-15,10:48:47,077,KOM_Test,OSTECH,T,XTA,20.997581481933594,result,Kommunikations-Test fuer SR830 und OSTECH,,,
2026-09-15,10:48:47,087,KOM_Test,OSTECH,T,GT,28.35004234313965,result,Kommunikations-Test fuer SR830 und OSTECH,,,
2026-09-15,10:48:47,092,KOM_Test,SR830,T,"SNAP 1,2,3,4,10,11","-6.10356e-005,-6.10356e-005,0,-135,-6.10356e-005,-6.10356e-005",result,Kommunikations-Test fuer SR830 und OSTECH,,,
2026-09-15,10:48:47,107,KOM_Test,OSTECH,T,GS,"{'status_word': 3085, 'interlock_ok': True, 'driver_supply_ok': True, 'driver_temperature_ok': True, 'lt_sensor_ok': True, 'ct_sensor_ok': True, 'lc_on': False, 'lc_error': False}",result,Kommunikations-Test fuer SR830 und OSTECH,,,
2026-09-15,10:48:47,125,KOM_Test,OSTECH,T,LTM,25.0,result,Kommunikations-Test fuer SR830 und OSTECH,,,
2026-09-15,10:48:47,146,KOM_Test,OSTECH,T,LCA,0.0,result,Kommunikations-Test fuer SR830 und OSTECH,,,
2026-09-15,10:48:47,168,KOM_Test,OSTECH,T,LVA,0.0,result,Kommunikations-Test fuer SR830 und OSTECH,,,
2026-09-15,10:48:47,186,KOM_Test,OSTECH,T,XTA,20.997581481933594,result,Kommunikations-Test fuer SR830 und OSTECH,,,
2026-09-15,10:48:47,214,KOM_Test,SR830,T,"SNAP 5,6,7,8,9","-0.00333333,0.00466667,0.000666667,-0.001,1000",result,Kommunikations-Test fuer SR830 und OSTECH,,,
2026-09-15,10:48:47,216,KOM_Test,OSTECH,T,GT,28.35004234313965,result,Kommunikations-Test fuer SR830 und OSTECH,,,
2026-09-15,10:48:47,224,KOM_Test,OSTECH,T,GS,"{'status_word': 3085, 'interlock_ok': True, 'driver_supply_ok': True, 'driver_temperature_ok': True, 'lt_sensor_ok': True, 'ct_sensor_ok': True, 'lc_on': False, 'lc_error': False}",result,Kommunikations-Test fuer SR830 und OSTECH,,,
2026-09-15,10:48:47,230,KOM_Test,SR830,T,PHAS,0,result,Kommunikations-Test fuer SR830 und OSTECH,,,
2026-09-15,10:48:47,238,KOM_Test,OSTECH,T,LTM,25.0,result,Kommunikations-Test fuer SR830 und OSTECH,,,
2026-09-15,10:48:47,247,KOM_Test,OSTECH,T,LCA,0.0,result,Kommunikations-Test fuer SR830 und OSTECH,,,
2026-09-15,10:48:47,264,KOM_Test,SR830,T,FREQ,1000,result,Kommunikations-Test fuer SR830 und OSTECH,,,
2026-09-15,10:48:47,265,KOM_Test,OSTECH,T,LVA,0.0,result,Kommunikations-Test fuer SR830 und OSTECH,,,
2026-09-15,10:48:47,286,KOM_Test,OSTECH,T,XTA,21.002952575683594,result,Kommunikations-Test fuer SR830 und OSTECH,,,
2026-09-15,10:48:47,297,KOM_Test,OSTECH,T,GT,28.35004234313965,result,Kommunikations-Test fuer SR830 und OSTECH,,,
2026-09-15,10:48:47,313,KOM_Test,OSTECH,T,GS,"{'status_word': 3085, 'interlock_ok': True, 'driver_supply_ok': True, 'driver_temperature_ok': True, 'lt_sensor_ok': True, 'ct_sensor_ok': True, 'lc_on': False, 'lc_error': False}",result,Kommunikations-Test fuer SR830 und OSTECH,,,
2026-09-15,10:48:47,330,KOM_Test,OSTECH,T,LTM,25.0,result,Kommunikations-Test fuer SR830 und OSTECH,,,
2026-09-15,10:48:47,347,KOM_Test,OSTECH,T,LCA,0.0,result,Kommunikations-Test fuer SR830 und OSTECH,,,
2026-09-15,10:48:47,365,KOM_Test,OSTECH,T,LVA,0.0,result,Kommunikations-Test fuer SR830 und OSTECH,,,
2026-09-15,10:48:47,382,KOM_Test,SR830,T,"SNAP 1,2,3,4,10,11","-6.10356e-005,0,0,180,-6.10356e-005,0",result,Kommunikations-Test fuer SR830 und OSTECH,,,
2026-09-15,10:48:47,397,KOM_Test,OSTECH,T,XTA,21.002952575683594,result,Kommunikations-Test fuer SR830 und OSTECH,,,
2026-09-15,10:48:47,413,KOM_Test,OSTECH,T,GT,28.35004234313965,result,Kommunikations-Test fuer SR830 und OSTECH,,,
2026-09-15,10:48:47,437,KOM_Test,OSTECH,T,GS,"{'status_word': 3085, 'interlock_ok': True, 'driver_supply_ok': True, 'driver_temperature_ok': True, 'lt_sensor_ok': True, 'ct_sensor_ok': True, 'lc_on': False, 'lc_error': False}",result,Kommunikations-Test fuer SR830 und OSTECH,,,
2026-09-15,10:48:47,447,KOM_Test,OSTECH,T,LTM,25.0,result,Kommunikations-Test fuer SR830 und OSTECH,,,
2026-09-15,10:48:47,464,KOM_Test,OSTECH,T,LCA,0.0,result,Kommunikations-Test fuer SR830 und OSTECH,,,
2026-09-15,10:48:47,488,KOM_Test,OSTECH,T,LVA,0.0,result,Kommunikations-Test fuer SR830 und OSTECH,,,
2026-09-15,10:48:47,504,KOM_Test,OSTECH,T,XTA,21.002952575683594,result,Kommunikations-Test fuer SR830 und OSTECH,,,
2026-09-15,10:48:47,511,KOM_Test,SR830,T,"SNAP 5,6,7,8,9","0.00266667,0.00966667,0.001,0.00266667,1000",result,Kommunikations-Test fuer SR830 und OSTECH,,,
2026-09-15,10:48:47,516,KOM_Test,OSTECH,T,GT,28.35004234313965,result,Kommunikations-Test fuer SR830 und OSTECH,,,
2026-09-15,10:48:47,526,KOM_Test,SR830,T,PHAS,0,result,Kommunikations-Test fuer SR830 und OSTECH,,,
2026-09-15,10:48:47,530,KOM_Test,OSTECH,T,GS,"{'status_word': 3085, 'interlock_ok': True, 'driver_supply_ok': True, 'driver_temperature_ok': True, 'lt_sensor_ok': True, 'ct_sensor_ok': True, 'lc_on': False, 'lc_error': False}",result,Kommunikations-Test fuer SR830 und OSTECH,,,
2026-09-15,10:48:47,546,KOM_Test,OSTECH,T,LTM,25.0,result,Kommunikations-Test fuer SR830 und OSTECH,,,
2026-09-15,10:48:47,546,KOM_Test,SR830,T,FREQ,1000,result,Kommunikations-Test fuer SR830 und OSTECH,,,
2026-09-15,10:48:47,563,KOM_Test,OSTECH,T,LCA,0.0,result,Kommunikations-Test fuer SR830 und OSTECH,,,
2026-09-15,10:48:47,589,KOM_Test,OSTECH,T,LVA,0.0,result,Kommunikations-Test fuer SR830 und OSTECH,,,
2026-09-15,10:48:47,599,KOM_Test,OSTECH,T,XTA,21.002952575683594,result,Kommunikations-Test fuer SR830 und OSTECH,,,
2026-09-15,10:48:47,616,KOM_Test,OSTECH,T,GT,28.35004234313965,result,Kommunikations-Test fuer SR830 und OSTECH,,,
2026-09-15,10:48:47,632,KOM_Test,SR830,T,"SNAP 1,2,3,4,10,11","0,0,0,0,0,0",result,Kommunikations-Test fuer SR830 und OSTECH,,,
2026-09-15,10:48:47,638,KOM_Test,OSTECH,T,GS,"{'status_word': 3085, 'interlock_ok': True, 'driver_supply_ok': True, 'driver_temperature_ok': True, 'lt_sensor_ok': True, 'ct_sensor_ok': True, 'lc_on': False, 'lc_error': False}",result,Kommunikations-Test fuer SR830 und OSTECH,,,
2026-09-15,10:48:47,654,KOM_Test,OSTECH,T,LTM,25.0,result,Kommunikations-Test fuer SR830 und OSTECH,,,
2026-09-15,10:48:47,666,KOM_Test,OSTECH,T,LCA,0.0,result,Kommunikations-Test fuer SR830 und OSTECH,,,
2026-09-15,10:48:47,689,KOM_Test,OSTECH,T,LVA,0.0,result,Kommunikations-Test fuer SR830 und OSTECH,,,
2026-09-15,10:48:47,699,KOM_Test,OSTECH,T,XTA,21.002952575683594,result,Kommunikations-Test fuer SR830 und OSTECH,,,
2026-09-15,10:48:47,717,KOM_Test,OSTECH,T,GT,28.35004234313965,result,Kommunikations-Test fuer SR830 und OSTECH,,,
2026-09-15,10:48:47,737,KOM_Test,OSTECH,T,GS,"{'status_word': 3085, 'interlock_ok': True, 'driver_supply_ok': True, 'driver_temperature_ok': True, 'lt_sensor_ok': True, 'ct_sensor_ok': True, 'lc_on': False, 'lc_error': False}",result,Kommunikations-Test fuer SR830 und OSTECH,,,
2026-09-15,10:48:47,765,KOM_Test,OSTECH,T,LTM,25.0,result,Kommunikations-Test fuer SR830 und OSTECH,,,
2026-09-15,10:48:47,767,KOM_Test,SR830,T,"SNAP 5,6,7,8,9","-0.00333333,0.00666667,0.00233333,0.00266667,1000",result,Kommunikations-Test fuer SR830 und OSTECH,,,
2026-09-15,10:48:47,779,KOM_Test,OSTECH,T,LCA,0.0,result,Kommunikations-Test fuer SR830 und OSTECH,,,
2026-09-15,10:48:47,790,KOM_Test,SR830,T,PHAS,0,result,Kommunikations-Test fuer SR830 und OSTECH,,,
2026-09-15,10:48:47,802,KOM_Test,OSTECH,T,LVA,0.0,result,Kommunikations-Test fuer SR830 und OSTECH,,,
2026-09-15,10:48:47,814,KOM_Test,SR830,T,FREQ,1000,result,Kommunikations-Test fuer SR830 und OSTECH,,,
2026-09-15,10:48:47,816,KOM_Test,OSTECH,T,XTA,21.000038146972656,result,Kommunikations-Test fuer SR830 und OSTECH,,,
2026-09-15,10:48:47,840,KOM_Test,OSTECH,T,GT,28.35004234313965,result,Kommunikations-Test fuer SR830 und OSTECH,,,
2026-09-15,10:48:47,848,KOM_Test,OSTECH,T,GS,"{'status_word': 3085, 'interlock_ok': True, 'driver_supply_ok': True, 'driver_temperature_ok': True, 'lt_sensor_ok': True, 'ct_sensor_ok': True, 'lc_on': False, 'lc_error': False}",result,Kommunikations-Test fuer SR830 und OSTECH,,,
2026-09-15,10:48:47,864,KOM_Test,OSTECH,T,LTM,25.0,result,Kommunikations-Test fuer SR830 und OSTECH,,,
2026-09-15,10:48:47,890,KOM_Test,OSTECH,T,LCA,0.0,result,Kommunikations-Test fuer SR830 und OSTECH,,,
2026-09-15,10:48:47,900,KOM_Test,OSTECH,T,LVA,0.0,result,Kommunikations-Test fuer SR830 und OSTECH,,,
2026-09-15,10:48:47,916,KOM_Test,OSTECH,T,XTA,21.000038146972656,result,Kommunikations-Test fuer SR830 und OSTECH,,,
2026-09-15,10:48:47,945,KOM_Test,OSTECH,T,GT,28.35004234313965,result,Kommunikations-Test fuer SR830 und OSTECH,,,
2026-09-15,10:48:47,953,KOM_Test,OSTECH,T,GS,"{'status_word': 3085, 'interlock_ok': True, 'driver_supply_ok': True, 'driver_temperature_ok': True, 'lt_sensor_ok': True, 'ct_sensor_ok': True, 'lc_on': False, 'lc_error': False}",result,Kommunikations-Test fuer SR830 und OSTECH,,,
2026-09-15,10:48:47,963,KOM_Test,OSTECH,T,LTM,25.0,result,Kommunikations-Test fuer SR830 und OSTECH,,,
2026-09-15,10:48:47,991,KOM_Test,OSTECH,T,LCA,0.0,result,Kommunikations-Test fuer SR830 und OSTECH,,,
2026-09-15,10:48:47,993,KOM_Test,SR830,T,"SNAP 1,2,3,4,10,11","6.10356e-005,-6.10356e-005,6.10356e-005,-26.562,6.10356e-005,-6.10356e-005",result,Kommunikations-Test fuer SR830 und OSTECH,,,
2026-09-15,10:48:47,998,KOM_Test,OSTECH,T,LVA,0.0,result,Kommunikations-Test fuer SR830 und OSTECH,,,
2026-09-15,10:48:48,016,KOM_Test,OSTECH,T,XTA,21.000038146972656,result,Kommunikations-Test fuer SR830 und OSTECH,,,
2026-09-15,10:48:48,031,KOM_Test,OSTECH,T,GT,28.35004234313965,result,Kommunikations-Test fuer SR830 und OSTECH,,,
2026-09-15,10:48:48,047,KOM_Test,OSTECH,T,GS,"{'status_word': 3085, 'interlock_ok': True, 'driver_supply_ok': True, 'driver_temperature_ok': True, 'lt_sensor_ok': True, 'ct_sensor_ok': True, 'lc_on': False, 'lc_error': False}",result,Kommunikations-Test fuer SR830 und OSTECH,,,
2026-09-15,10:48:48,063,KOM_Test,OSTECH,T,LTM,25.0,result,Kommunikations-Test fuer SR830 und OSTECH,,,
2026-09-15,10:48:48,092,KOM_Test,OSTECH,T,LCA,0.0,result,Kommunikations-Test fuer SR830 und OSTECH,,,
2026-09-15,10:48:48,098,KOM_Test,OSTECH,T,LVA,0.0,result,Kommunikations-Test fuer SR830 und OSTECH,,,
2026-09-15,10:48:48,116,KOM_Test,SR830,T,"SNAP 5,6,7,8,9","-0.00333333,0.00666667,-0.000333333,-0.000666667,1000",result,Kommunikations-Test fuer SR830 und OSTECH,,,
2026-09-15,10:48:48,130,KOM_Test,OSTECH,T,XTA,21.000038146972656,result,Kommunikations-Test fuer SR830 und OSTECH,,,
2026-09-15,10:48:48,142,KOM_Test,SR830,T,PHAS,0,result,Kommunikations-Test fuer SR830 und OSTECH,,,
2026-09-15,10:48:48,148,KOM_Test,OSTECH,T,GT,28.35004234313965,result,Kommunikations-Test fuer SR830 und OSTECH,,,
2026-09-15,10:48:48,164,KOM_Test,SR830,T,FREQ,1000,result,Kommunikations-Test fuer SR830 und OSTECH,,,
2026-09-15,10:48:48,164,KOM_Test,OSTECH,T,GS,"{'status_word': 3085, 'interlock_ok': True, 'driver_supply_ok': True, 'driver_temperature_ok': True, 'lt_sensor_ok': True, 'ct_sensor_ok': True, 'lc_on': False, 'lc_error': False}",result,Kommunikations-Test fuer SR830 und OSTECH,,,
2026-09-15,10:48:48,193,KOM_Test,OSTECH,T,LTM,25.0,result,Kommunikations-Test fuer SR830 und OSTECH,,,
2026-09-15,10:48:48,199,KOM_Test,OSTECH,T,LCA,0.0,result,Kommunikations-Test fuer SR830 und OSTECH,,,
2026-09-15,10:48:48,216,KOM_Test,OSTECH,T,LVA,0.0,result,Kommunikations-Test fuer SR830 und OSTECH,,,
2026-09-15,10:48:48,232,KOM_Test,OSTECH,T,XTA,21.000038146972656,result,Kommunikations-Test fuer SR830 und OSTECH,,,
2026-09-15,10:48:48,246,KOM_Test,OSTECH,T,GT,28.35004234313965,result,Kommunikations-Test fuer SR830 und OSTECH,,,
2026-09-15,10:48:48,264,KOM_Test,OSTECH,T,GS,"{'status_word': 3085, 'interlock_ok': True, 'driver_supply_ok': True, 'driver_temperature_ok': True, 'lt_sensor_ok': True, 'ct_sensor_ok': True, 'lc_on': False, 'lc_error': False}",result,Kommunikations-Test fuer SR830 und OSTECH,,,
2026-09-15,10:48:48,290,KOM_Test,OSTECH,T,LTM,25.0,result,Kommunikations-Test fuer SR830 und OSTECH,,,
2026-09-15,10:48:48,301,KOM_Test,OSTECH,T,LCA,0.0,result,Kommunikations-Test fuer SR830 und OSTECH,,,
2026-09-15,10:48:48,319,KOM_Test,OSTECH,T,LVA,0.0,result,Kommunikations-Test fuer SR830 und OSTECH,,,
2026-09-15,10:48:48,319,KOM_Test,SR830,T,"SNAP 1,2,3,4,10,11","-6.10356e-005,-6.10356e-005,0,-135,-6.10356e-005,-6.10356e-005",result,Kommunikations-Test fuer SR830 und OSTECH,,,
2026-09-15,10:48:48,331,KOM_Test,OSTECH,T,XTA,21.000038146972656,result,Kommunikations-Test fuer SR830 und OSTECH,,,
2026-09-15,10:48:48,350,KOM_Test,OSTECH,T,GT,28.35004234313965,result,Kommunikations-Test fuer SR830 und OSTECH,,,
2026-09-15,10:48:48,364,KOM_Test,OSTECH,T,GS,"{'status_word': 3085, 'interlock_ok': True, 'driver_supply_ok': True, 'driver_temperature_ok': True, 'lt_sensor_ok': True, 'ct_sensor_ok': True, 'lc_on': False, 'lc_error': False}",result,Kommunikations-Test fuer SR830 und OSTECH,,,
2026-09-15,10:48:48,380,KOM_Test,OSTECH,T,LTM,25.0,result,Kommunikations-Test fuer SR830 und OSTECH,,,
2026-09-15,10:48:48,401,KOM_Test,OSTECH,T,LCA,0.0,result,Kommunikations-Test fuer SR830 und OSTECH,,,
2026-09-15,10:48:48,416,KOM_Test,OSTECH,T,LVA,0.0,result,Kommunikations-Test fuer SR830 und OSTECH,,,
2026-09-15,10:48:48,432,KOM_Test,SR830,T,"SNAP 5,6,7,8,9","-0.002,0.00666667,-0.002,-0.001,1000",result,Kommunikations-Test fuer SR830 und OSTECH,,,
2026-09-15,10:48:48,432,KOM_Test,OSTECH,T,XTA,21.000038146972656,result,Kommunikations-Test fuer SR830 und OSTECH,,,
2026-09-15,10:48:48,451,KOM_Test,OSTECH,T,GT,28.35004234313965,result,Kommunikations-Test fuer SR830 und OSTECH,,,
2026-09-15,10:48:48,451,KOM_Test,SR830,T,PHAS,0,result,Kommunikations-Test fuer SR830 und OSTECH,,,
2026-09-15,10:48:48,465,KOM_Test,OSTECH,T,GS,"{'status_word': 3085, 'interlock_ok': True, 'driver_supply_ok': True, 'driver_temperature_ok': True, 'lt_sensor_ok': True, 'ct_sensor_ok': True, 'lc_on': False, 'lc_error': False}",result,Kommunikations-Test fuer SR830 und OSTECH,,,
2026-09-15,10:48:48,474,KOM_Test,SR830,T,FREQ,1000,result,Kommunikations-Test fuer SR830 und OSTECH,,,
2026-09-15,10:48:48,497,KOM_Test,OSTECH,T,LTM,25.0,result,Kommunikations-Test fuer SR830 und OSTECH,,,
2026-09-15,10:48:48,524,KOM_Test,OSTECH,T,LCA,0.0,result,Kommunikations-Test fuer SR830 und OSTECH,,,
2026-09-15,10:48:48,533,KOM_Test,OSTECH,T,LVA,0.0,result,Kommunikations-Test fuer SR830 und OSTECH,,,
2026-09-15,10:48:48,550,KOM_Test,OSTECH,T,XTA,20.997459411621094,result,Kommunikations-Test fuer SR830 und OSTECH,,,
2026-09-15,10:48:48,562,KOM_Test,SR830,T,"SNAP 1,2,3,4,10,11","0,0,0,45,0,0",result,Kommunikations-Test fuer SR830 und OSTECH,,,
2026-09-15,10:48:48,567,KOM_Test,OSTECH,T,GT,28.35004234313965,result,Kommunikations-Test fuer SR830 und OSTECH,,,
2026-09-15,10:48:48,580,KOM_Test,OSTECH,T,GS,"{'status_word': 3085, 'interlock_ok': True, 'driver_supply_ok': True, 'driver_temperature_ok': True, 'lt_sensor_ok': True, 'ct_sensor_ok': True, 'lc_on': False, 'lc_error': False}",result,Kommunikations-Test fuer SR830 und OSTECH,,,
2026-09-15,10:48:48,597,KOM_Test,OSTECH,T,LTM,25.0,result,Kommunikations-Test fuer SR830 und OSTECH,,,
2026-09-15,10:48:48,617,KOM_Test,OSTECH,T,LCA,0.0,result,Kommunikations-Test fuer SR830 und OSTECH,,,
2026-09-15,10:48:48,633,KOM_Test,OSTECH,T,LVA,0.0,result,Kommunikations-Test fuer SR830 und OSTECH,,,
2026-09-15,10:48:48,650,KOM_Test,OSTECH,T,XTA,20.997459411621094,result,Kommunikations-Test fuer SR830 und OSTECH,,,
2026-09-15,10:48:48,667,KOM_Test,OSTECH,T,GT,28.35004234313965,result,Kommunikations-Test fuer SR830 und OSTECH,,,
2026-09-15,10:48:48,685,KOM_Test,SR830,T,"SNAP 5,6,7,8,9","-0.00533333,0.00633333,-0.000333333,0.000666667,1000",result,Kommunikations-Test fuer SR830 und OSTECH,,,
2026-09-15,10:48:48,688,KOM_Test,OSTECH,T,GS,"{'status_word': 3085, 'interlock_ok': True, 'driver_supply_ok': True, 'driver_temperature_ok': True, 'lt_sensor_ok': True, 'ct_sensor_ok': True, 'lc_on': False, 'lc_error': False}",result,Kommunikations-Test fuer SR830 und OSTECH,,,
2026-09-15,10:48:48,697,KOM_Test,SR830,T,PHAS,0,result,Kommunikations-Test fuer SR830 und OSTECH,,,
2026-09-15,10:48:48,716,KOM_Test,OSTECH,T,LTM,25.0,result,Kommunikations-Test fuer SR830 und OSTECH,,,
2026-09-15,10:48:48,721,KOM_Test,SR830,T,FREQ,1000,result,Kommunikations-Test fuer SR830 und OSTECH,,,
2026-09-15,10:48:48,737,KOM_Test,OSTECH,T,LCA,0.0,result,Kommunikations-Test fuer SR830 und OSTECH,,,
2026-09-15,10:48:48,749,KOM_Test,OSTECH,T,LVA,0.0,result,Kommunikations-Test fuer SR830 und OSTECH,,,
2026-09-15,10:48:48,766,KOM_Test,OSTECH,T,XTA,20.997459411621094,result,Kommunikations-Test fuer SR830 und OSTECH,,,
2026-09-15,10:48:48,781,KOM_Test,OSTECH,T,GT,28.35004234313965,result,Kommunikations-Test fuer SR830 und OSTECH,,,
2026-09-15,10:48:48,797,KOM_Test,OSTECH,T,GS,"{'status_word': 3085, 'interlock_ok': True, 'driver_supply_ok': True, 'driver_temperature_ok': True, 'lt_sensor_ok': True, 'ct_sensor_ok': True, 'lc_on': False, 'lc_error': False}",result,Kommunikations-Test fuer SR830 und OSTECH,,,
2026-09-15,10:48:48,814,KOM_Test,OSTECH,T,LTM,25.0,result,Kommunikations-Test fuer SR830 und OSTECH,,,
2026-09-15,10:48:48,833,KOM_Test,SR830,T,"SNAP 1,2,3,4,10,11","0,-6.10356e-005,0,-90,0,-6.10356e-005",result,Kommunikations-Test fuer SR830 und OSTECH,,,
2026-09-15,10:48:48,842,KOM_Test,OSTECH,T,LCA,0.0,result,Kommunikations-Test fuer SR830 und OSTECH,,,
2026-09-15,10:48:48,869,KOM_Test,OSTECH,T,LVA,0.0,result,Kommunikations-Test fuer SR830 und OSTECH,,,
2026-09-15,10:48:48,881,KOM_Test,OSTECH,T,XTA,20.996124267578125,result,Kommunikations-Test fuer SR830 und OSTECH,,,
2026-09-15,10:48:48,899,KOM_Test,OSTECH,T,GT,28.35004234313965,result,Kommunikations-Test fuer SR830 und OSTECH,,,
2026-09-15,10:48:48,915,KOM_Test,OSTECH,T,GS,"{'status_word': 3085, 'interlock_ok': True, 'driver_supply_ok': True, 'driver_temperature_ok': True, 'lt_sensor_ok': True, 'ct_sensor_ok': True, 'lc_on': False, 'lc_error': False}",result,Kommunikations-Test fuer SR830 und OSTECH,,,
2026-09-15,10:48:48,931,KOM_Test,OSTECH,T,LTM,25.0,result,Kommunikations-Test fuer SR830 und OSTECH,,,
2026-09-15,10:48:48,963,KOM_Test,OSTECH,T,LCA,0.0,result,Kommunikations-Test fuer SR830 und OSTECH,,,
2026-09-15,10:48:48,966,KOM_Test,SR830,T,"SNAP 5,6,7,8,9","-0.000666667,0.00366667,0.00233333,-0.001,1000",result,Kommunikations-Test fuer SR830 und OSTECH,,,
2026-09-15,10:48:48,979,KOM_Test,OSTECH,T,LVA,0.0,result,Kommunikations-Test fuer SR830 und OSTECH,,,
2026-09-15,10:48:48,991,KOM_Test,OSTECH,T,XTA,20.996124267578125,result,Kommunikations-Test fuer SR830 und OSTECH,,,
2026-09-15,10:48:49,007,KOM_Test,SR830,T,PHAS,0,result,Kommunikations-Test fuer SR830 und OSTECH,,,
2026-09-15,10:48:49,009,KOM_Test,OSTECH,T,GT,28.35004234313965,result,Kommunikations-Test fuer SR830 und OSTECH,,,
2026-09-15,10:48:49,016,KOM_Test,SR830,T,FREQ,1000,result,Kommunikations-Test fuer SR830 und OSTECH,,,
2026-09-15,10:48:49,022,KOM_Test,OSTECH,T,GS,"{'status_word': 3085, 'interlock_ok': True, 'driver_supply_ok': True, 'driver_temperature_ok': True, 'lt_sensor_ok': True, 'ct_sensor_ok': True, 'lc_on': False, 'lc_error': False}",result,Kommunikations-Test fuer SR830 und OSTECH,,,
2026-09-15,10:48:49,031,KOM_Test,OSTECH,T,LTM,25.0,result,Kommunikations-Test fuer SR830 und OSTECH,,,
2026-09-15,10:48:49,058,KOM_Test,OSTECH,T,LCA,0.0,result,Kommunikations-Test fuer SR830 und OSTECH,,,
2026-09-15,10:48:49,066,KOM_Test,OSTECH,T,LVA,0.0,result,Kommunikations-Test fuer SR830 und OSTECH,,,
2026-09-15,10:48:49,082,KOM_Test,OSTECH,T,XTA,20.996124267578125,result,Kommunikations-Test fuer SR830 und OSTECH,,,
2026-09-15,10:48:49,108,KOM_Test,OSTECH,T,GT,28.35004234313965,result,Kommunikations-Test fuer SR830 und OSTECH,,,
2026-09-15,10:48:49,119,KOM_Test,OSTECH,T,GS,"{'status_word': 3085, 'interlock_ok': True, 'driver_supply_ok': True, 'driver_temperature_ok': True, 'lt_sensor_ok': True, 'ct_sensor_ok': True, 'lc_on': False, 'lc_error': False}",result,Kommunikations-Test fuer SR830 und OSTECH,,,
2026-09-15,10:48:49,132,KOM_Test,SR830,T,"SNAP 1,2,3,4,10,11","-6.10356e-005,0,0,135,-6.10356e-005,0",result,Kommunikations-Test fuer SR830 und OSTECH,,,
2026-09-15,10:48:49,144,KOM_Test,OSTECH,T,LTM,25.0,result,Kommunikations-Test fuer SR830 und OSTECH,,,
2026-09-15,10:48:49,159,KOM_Test,OSTECH,T,LCA,0.0,result,Kommunikations-Test fuer SR830 und OSTECH,,,
2026-09-15,10:48:49,169,KOM_Test,OSTECH,T,LVA,0.0,result,Kommunikations-Test fuer SR830 und OSTECH,,,
2026-09-15,10:48:49,187,KOM_Test,OSTECH,T,XTA,20.996124267578125,result,Kommunikations-Test fuer SR830 und OSTECH,,,
2026-09-15,10:48:49,209,KOM_Test,OSTECH,T,GT,28.35004234313965,result,Kommunikations-Test fuer SR830 und OSTECH,,,
2026-09-15,10:48:49,217,KOM_Test,OSTECH,T,GS,"{'status_word': 3085, 'interlock_ok': True, 'driver_supply_ok': True, 'driver_temperature_ok': True, 'lt_sensor_ok': True, 'ct_sensor_ok': True, 'lc_on': False, 'lc_error': False}",result,Kommunikations-Test fuer SR830 und OSTECH,,,
2026-09-15,10:48:49,235,KOM_Test,OSTECH,T,LTM,25.0,result,Kommunikations-Test fuer SR830 und OSTECH,,,
2026-09-15,10:48:49,250,KOM_Test,SR830,T,"SNAP 5,6,7,8,9","-0.002,0.00466667,-0.000333333,0.000666667,1000",result,Kommunikations-Test fuer SR830 und OSTECH,,,
2026-09-15,10:48:49,259,KOM_Test,OSTECH,T,LCA,0.0,result,Kommunikations-Test fuer SR830 und OSTECH,,,
2026-09-15,10:48:49,264,KOM_Test,OSTECH,T,LVA,0.0,result,Kommunikations-Test fuer SR830 und OSTECH,,,
2026-09-15,10:48:49,264,KOM_Test,SR830,T,PHAS,0,result,Kommunikations-Test fuer SR830 und OSTECH,,,
2026-09-15,10:48:49,283,KOM_Test,OSTECH,T,XTA,20.996124267578125,result,Kommunikations-Test fuer SR830 und OSTECH,,,
2026-09-15,10:48:49,298,KOM_Test,SR830,T,FREQ,1000,result,Kommunikations-Test fuer SR830 und OSTECH,,,
2026-09-15,10:48:49,299,KOM_Test,OSTECH,T,GT,28.35004234313965,result,Kommunikations-Test fuer SR830 und OSTECH,,,
2026-09-15,10:48:49,315,KOM_Test,OSTECH,T,GS,"{'status_word': 3085, 'interlock_ok': True, 'driver_supply_ok': True, 'driver_temperature_ok': True, 'lt_sensor_ok': True, 'ct_sensor_ok': True, 'lc_on': False, 'lc_error': False}",result,Kommunikations-Test fuer SR830 und OSTECH,,,
2026-09-15,10:48:49,331,KOM_Test,OSTECH,T,LTM,25.0,result,Kommunikations-Test fuer SR830 und OSTECH,,,
2026-09-15,10:48:49,349,KOM_Test,OSTECH,T,LCA,0.0,result,Kommunikations-Test fuer SR830 und OSTECH,,,
2026-09-15,10:48:49,364,KOM_Test,OSTECH,T,LVA,0.0,result,Kommunikations-Test fuer SR830 und OSTECH,,,
2026-09-15,10:48:49,383,KOM_Test,SR830,T,"SNAP 1,2,3,4,10,11","0,0,0,0,0,0",result,Kommunikations-Test fuer SR830 und OSTECH,,,
2026-09-15,10:48:49,392,KOM_Test,OSTECH,T,XTA,20.996124267578125,result,Kommunikations-Test fuer SR830 und OSTECH,,,
2026-09-15,10:48:49,418,KOM_Test,OSTECH,T,GT,28.35004234313965,result,Kommunikations-Test fuer SR830 und OSTECH,,,
2026-09-15,10:48:49,426,KOM_Test,OSTECH,T,GS,"{'status_word': 3085, 'interlock_ok': True, 'driver_supply_ok': True, 'driver_temperature_ok': True, 'lt_sensor_ok': True, 'ct_sensor_ok': True, 'lc_on': False, 'lc_error': False}",result,Kommunikations-Test fuer SR830 und OSTECH,,,
2026-09-15,10:48:49,431,KOM_Test,OSTECH,T,LTM,25.0,result,Kommunikations-Test fuer SR830 und OSTECH,,,
2026-09-15,10:48:49,450,KOM_Test,OSTECH,T,LCA,0.0,result,Kommunikations-Test fuer SR830 und OSTECH,,,
2026-09-15,10:48:49,466,KOM_Test,OSTECH,T,LVA,0.0,result,Kommunikations-Test fuer SR830 und OSTECH,,,
2026-09-15,10:48:49,483,KOM_Test,OSTECH,T,XTA,21.001724243164062,result,Kommunikations-Test fuer SR830 und OSTECH,,,
2026-09-15,10:48:49,499,KOM_Test,OSTECH,T,GT,28.35004234313965,result,Kommunikations-Test fuer SR830 und OSTECH,,,
2026-09-15,10:48:49,499,KOM_Test,SR830,T,"SNAP 5,6,7,8,9","-0.002,0.00466667,0.00233333,0.000666667,1000",result,Kommunikations-Test fuer SR830 und OSTECH,,,
2026-09-15,10:48:49,522,KOM_Test,OSTECH,T,GS,"{'status_word': 3085, 'interlock_ok': True, 'driver_supply_ok': True, 'driver_temperature_ok': True, 'lt_sensor_ok': True, 'ct_sensor_ok': True, 'lc_on': False, 'lc_error': False}",result,Kommunikations-Test fuer SR830 und OSTECH,,,
2026-09-15,10:48:49,522,KOM_Test,SR830,T,PHAS,0,result,Kommunikations-Test fuer SR830 und OSTECH,,,
2026-09-15,10:48:49,532,KOM_Test,OSTECH,T,LTM,25.0,result,Kommunikations-Test fuer SR830 und OSTECH,,,
2026-09-15,10:48:49,545,KOM_Test,SR830,T,FREQ,1000,result,Kommunikations-Test fuer SR830 und OSTECH,,,
2026-09-15,10:48:49,547,KOM_Test,OSTECH,T,LCA,0.0,result,Kommunikations-Test fuer SR830 und OSTECH,,,
2026-09-15,10:48:49,569,KOM_Test,OSTECH,T,LVA,0.0,result,Kommunikations-Test fuer SR830 und OSTECH,,,
2026-09-15,10:48:49,599,KOM_Test,OSTECH,T,XTA,21.001724243164062,result,Kommunikations-Test fuer SR830 und OSTECH,,,
2026-09-15,10:48:49,622,KOM_Test,SR830,T,"SNAP 1,2,3,4,10,11","0,0,0,0,0,0",result,Kommunikations-Test fuer SR830 und OSTECH,,,
2026-09-15,10:48:49,625,KOM_Test,OSTECH,T,GT,28.35004234313965,result,Kommunikations-Test fuer SR830 und OSTECH,,,
2026-09-15,10:48:49,638,KOM_Test,OSTECH,T,GS,"{'status_word': 3085, 'interlock_ok': True, 'driver_supply_ok': True, 'driver_temperature_ok': True, 'lt_sensor_ok': True, 'ct_sensor_ok': True, 'lc_on': False, 'lc_error': False}",result,Kommunikations-Test fuer SR830 und OSTECH,,,
2026-09-15,10:48:49,647,KOM_Test,OSTECH,T,LTM,25.0,result,Kommunikations-Test fuer SR830 und OSTECH,,,
2026-09-15,10:48:49,667,KOM_Test,OSTECH,T,LCA,0.0,result,Kommunikations-Test fuer SR830 und OSTECH,,,
2026-09-15,10:48:49,682,KOM_Test,OSTECH,T,LVA,0.0,result,Kommunikations-Test fuer SR830 und OSTECH,,,
2026-09-15,10:48:49,701,KOM_Test,OSTECH,T,XTA,21.001724243164062,result,Kommunikations-Test fuer SR830 und OSTECH,,,
2026-09-15,10:48:49,717,KOM_Test,OSTECH,T,GT,28.35004234313965,result,Kommunikations-Test fuer SR830 und OSTECH,,,
2026-09-15,10:48:49,737,KOM_Test,OSTECH,T,GS,"{'status_word': 3085, 'interlock_ok': True, 'driver_supply_ok': True, 'driver_temperature_ok': True, 'lt_sensor_ok': True, 'ct_sensor_ok': True, 'lc_on': False, 'lc_error': False}",result,Kommunikations-Test fuer SR830 und OSTECH,,,
2026-09-15,10:48:49,745,KOM_Test,SR830,T,"SNAP 5,6,7,8,9","-0.00166667,0.003,0.000666667,-0.001,1000",result,Kommunikations-Test fuer SR830 und OSTECH,,,
2026-09-15,10:48:49,747,KOM_Test,OSTECH,T,LTM,25.0,result,Kommunikations-Test fuer SR830 und OSTECH,,,
2026-09-15,10:48:49,766,KOM_Test,SR830,T,PHAS,0,result,Kommunikations-Test fuer SR830 und OSTECH,,,
2026-09-15,10:48:49,779,KOM_Test,OSTECH,T,LCA,0.0,result,Kommunikations-Test fuer SR830 und OSTECH,,,
2026-09-15,10:48:49,787,KOM_Test,OSTECH,T,LVA,0.0,result,Kommunikations-Test fuer SR830 und OSTECH,,,
2026-09-15,10:48:49,800,KOM_Test,SR830,T,FREQ,1000,result,Kommunikations-Test fuer SR830 und OSTECH,,,
2026-09-15,10:48:49,800,KOM_Test,OSTECH,T,XTA,21.001724243164062,result,Kommunikations-Test fuer SR830 und OSTECH,,,
2026-09-15,10:48:49,816,KOM_Test,OSTECH,T,GT,28.35004234313965,result,Kommunikations-Test fuer SR830 und OSTECH,,,
2026-09-15,10:48:49,831,KOM_Test,OSTECH,T,GS,"{'status_word': 3085, 'interlock_ok': True, 'driver_supply_ok': True, 'driver_temperature_ok': True, 'lt_sensor_ok': True, 'ct_sensor_ok': True, 'lc_on': False, 'lc_error': False}",result,Kommunikations-Test fuer SR830 und OSTECH,,,
2026-09-15,10:48:49,848,KOM_Test,OSTECH,T,LTM,25.0,result,Kommunikations-Test fuer SR830 und OSTECH,,,
2026-09-15,10:48:49,866,KOM_Test,OSTECH,T,LCA,0.0,result,Kommunikations-Test fuer SR830 und OSTECH,,,
2026-09-15,10:48:49,883,KOM_Test,SR830,T,"SNAP 1,2,3,4,10,11","0,0,0,0,0,0",result,Kommunikations-Test fuer SR830 und OSTECH,,,
2026-09-15,10:48:49,893,KOM_Test,OSTECH,T,LVA,0.0,result,Kommunikations-Test fuer SR830 und OSTECH,,,
2026-09-15,10:48:49,911,KOM_Test,OSTECH,T,XTA,21.001724243164062,result,Kommunikations-Test fuer SR830 und OSTECH,,,
2026-09-15,10:48:49,915,KOM_Test,OSTECH,T,GT,28.35004234313965,result,Kommunikations-Test fuer SR830 und OSTECH,,,
2026-09-15,10:48:49,933,KOM_Test,OSTECH,T,GS,"{'status_word': 3085, 'interlock_ok': True, 'driver_supply_ok': True, 'driver_temperature_ok': True, 'lt_sensor_ok': True, 'ct_sensor_ok': True, 'lc_on': False, 'lc_error': False}",result,Kommunikations-Test fuer SR830 und OSTECH,,,
2026-09-15,10:48:49,967,KOM_Test,OSTECH,T,LTM,25.0,result,Kommunikations-Test fuer SR830 und OSTECH,,,
2026-09-15,10:48:49,988,KOM_Test,OSTECH,T,LCA,0.0,result,Kommunikations-Test fuer SR830 und OSTECH,,,
2026-09-15,10:48:49,999,KOM_Test,SR830,T,"SNAP 5,6,7,8,9","-0.00166667,0.008,0.001,0.002,1000",result,Kommunikations-Test fuer SR830 und OSTECH,,,
2026-09-15,10:48:49,999,KOM_Test,OSTECH,T,LVA,0.0,result,Kommunikations-Test fuer SR830 und OSTECH,,,
2026-09-15,10:48:50,016,KOM_Test,SR830,T,PHAS,0,result,Kommunikations-Test fuer SR830 und OSTECH,,,
2026-09-15,10:48:50,016,KOM_Test,OSTECH,T,XTA,21.000503540039062,result,Kommunikations-Test fuer SR830 und OSTECH,,,
2026-09-15,10:48:50,031,KOM_Test,OSTECH,T,GT,28.35004234313965,result,Kommunikations-Test fuer SR830 und OSTECH,,,
2026-09-15,10:48:50,048,KOM_Test,SR830,T,FREQ,1000,result,Kommunikations-Test fuer SR830 und OSTECH,,,
2026-09-15,10:48:50,049,KOM_Test,OSTECH,T,GS,"{'status_word': 3085, 'interlock_ok': True, 'driver_supply_ok': True, 'driver_temperature_ok': True, 'lt_sensor_ok': True, 'ct_sensor_ok': True, 'lc_on': False, 'lc_error': False}",result,Kommunikations-Test fuer SR830 und OSTECH,,,
2026-09-15,10:48:50,066,KOM_Test,OSTECH,T,LTM,25.0,result,Kommunikations-Test fuer SR830 und OSTECH,,,
2026-09-15,10:48:50,084,KOM_Test,OSTECH,T,LCA,0.0,result,Kommunikations-Test fuer SR830 und OSTECH,,,
2026-09-15,10:48:50,099,KOM_Test,OSTECH,T,LVA,0.0,result,Kommunikations-Test fuer SR830 und OSTECH,,,
2026-09-15,10:48:50,117,KOM_Test,OSTECH,T,XTA,21.000503540039062,result,Kommunikations-Test fuer SR830 und OSTECH,,,
2026-09-15,10:48:50,132,KOM_Test,SR830,T,"SNAP 1,2,3,4,10,11","0,0,0,90,0,0",result,Kommunikations-Test fuer SR830 und OSTECH,,,
2026-09-15,10:48:50,146,KOM_Test,OSTECH,T,GT,28.35004234313965,result,Kommunikations-Test fuer SR830 und OSTECH,,,
2026-09-15,10:48:50,148,KOM_Test,OSTECH,T,GS,"{'status_word': 3085, 'interlock_ok': True, 'driver_supply_ok': True, 'driver_temperature_ok': True, 'lt_sensor_ok': True, 'ct_sensor_ok': True, 'lc_on': False, 'lc_error': False}",result,Kommunikations-Test fuer SR830 und OSTECH,,,
2026-09-15,10:48:50,167,KOM_Test,OSTECH,T,LTM,25.0,result,Kommunikations-Test fuer SR830 und OSTECH,,,
2026-09-15,10:48:50,183,KOM_Test,OSTECH,T,LCA,0.0,result,Kommunikations-Test fuer SR830 und OSTECH,,,
2026-09-15,10:48:50,200,KOM_Test,OSTECH,T,LVA,0.0,result,Kommunikations-Test fuer SR830 und OSTECH,,,
2026-09-15,10:48:50,217,KOM_Test,OSTECH,T,XTA,21.000503540039062,result,Kommunikations-Test fuer SR830 und OSTECH,,,
2026-09-15,10:48:50,233,KOM_Test,OSTECH,T,GT,28.35004234313965,result,Kommunikations-Test fuer SR830 und OSTECH,,,
2026-09-15,10:48:50,248,KOM_Test,OSTECH,T,GS,"{'status_word': 3085, 'interlock_ok': True, 'driver_supply_ok': True, 'driver_temperature_ok': True, 'lt_sensor_ok': True, 'ct_sensor_ok': True, 'lc_on': False, 'lc_error': False}",result,Kommunikations-Test fuer SR830 und OSTECH,,,
2026-09-15,10:48:50,264,KOM_Test,SR830,T,"SNAP 5,6,7,8,9","-0.00333333,0.00633333,-0.000333333,-0.001,1000",result,Kommunikations-Test fuer SR830 und OSTECH,,,
2026-09-15,10:48:50,267,KOM_Test,OSTECH,T,LTM,25.0,result,Kommunikations-Test fuer SR830 und OSTECH,,,
2026-09-15,10:48:50,282,KOM_Test,OSTECH,T,LCA,0.0,result,Kommunikations-Test fuer SR830 und OSTECH,,,
2026-09-15,10:48:50,282,KOM_Test,SR830,T,PHAS,0,result,Kommunikations-Test fuer SR830 und OSTECH,,,
2026-09-15,10:48:50,300,KOM_Test,OSTECH,T,LVA,0.0,result,Kommunikations-Test fuer SR830 und OSTECH,,,
2026-09-15,10:48:50,318,KOM_Test,SR830,T,FREQ,1000,result,Kommunikations-Test fuer SR830 und OSTECH,,,
2026-09-15,10:48:50,329,KOM_Test,OSTECH,T,XTA,21.000503540039062,result,Kommunikations-Test fuer SR830 und OSTECH,,,
2026-09-15,10:48:50,331,KOM_Test,OSTECH,T,GT,28.35004234313965,result,Kommunikations-Test fuer SR830 und OSTECH,,,
2026-09-15,10:48:50,349,KOM_Test,OSTECH,T,GS,"{'status_word': 3085, 'interlock_ok': True, 'driver_supply_ok': True, 'driver_temperature_ok': True, 'lt_sensor_ok': True, 'ct_sensor_ok': True, 'lc_on': False, 'lc_error': False}",result,Kommunikations-Test fuer SR830 und OSTECH,,,
2026-09-15,10:48:50,369,KOM_Test,OSTECH,T,LTM,25.0,result,Kommunikations-Test fuer SR830 und OSTECH,,,
2026-09-15,10:48:50,384,KOM_Test,OSTECH,T,LCA,0.0,result,Kommunikations-Test fuer SR830 und OSTECH,,,
2026-09-15,10:48:50,400,KOM_Test,SR830,T,"SNAP 1,2,3,4,10,11","0,0,0,0,0,0",result,Kommunikations-Test fuer SR830 und OSTECH,,,
2026-09-15,10:48:50,409,KOM_Test,OSTECH,T,LVA,0.0,result,Kommunikations-Test fuer SR830 und OSTECH,,,
2026-09-15,10:48:50,419,KOM_Test,OSTECH,T,XTA,21.000503540039062,result,Kommunikations-Test fuer SR830 und OSTECH,,,
2026-09-15,10:48:50,434,KOM_Test,OSTECH,T,GT,28.35004234313965,result,Kommunikations-Test fuer SR830 und OSTECH,,,
2026-09-15,10:48:50,453,KOM_Test,OSTECH,T,GS,"{'status_word': 3085, 'interlock_ok': True, 'driver_supply_ok': True, 'driver_temperature_ok': True, 'lt_sensor_ok': True, 'ct_sensor_ok': True, 'lc_on': False, 'lc_error': False}",result,Kommunikations-Test fuer SR830 und OSTECH,,,
2026-09-15,10:48:50,475,KOM_Test,OSTECH,T,LTM,25.0,result,Kommunikations-Test fuer SR830 und OSTECH,,,
2026-09-15,10:48:50,492,KOM_Test,OSTECH,T,LCA,0.0,result,Kommunikations-Test fuer SR830 und OSTECH,,,
2026-09-15,10:48:50,519,KOM_Test,OSTECH,T,LVA,0.0,result,Kommunikations-Test fuer SR830 und OSTECH,,,
2026-09-15,10:48:50,529,KOM_Test,SR830,T,"SNAP 5,6,7,8,9","-0.002,0.00633333,0.000666667,0.000666667,1000",result,Kommunikations-Test fuer SR830 und OSTECH,,,
2026-09-15,10:48:50,534,KOM_Test,OSTECH,T,XTA,20.99859619140625,result,Kommunikations-Test fuer SR830 und OSTECH,,,
2026-09-15,10:48:50,542,KOM_Test,SR830,T,PHAS,0,result,Kommunikations-Test fuer SR830 und OSTECH,,,
2026-09-15,10:48:50,548,KOM_Test,OSTECH,T,GT,28.35004234313965,result,Kommunikations-Test fuer SR830 und OSTECH,,,
2026-09-15,10:48:50,565,KOM_Test,SR830,T,FREQ,1000,result,Kommunikations-Test fuer SR830 und OSTECH,,,
2026-09-15,10:48:50,572,KOM_Test,OSTECH,T,GS,"{'status_word': 3085, 'interlock_ok': True, 'driver_supply_ok': True, 'driver_temperature_ok': True, 'lt_sensor_ok': True, 'ct_sensor_ok': True, 'lc_on': False, 'lc_error': False}",result,Kommunikations-Test fuer SR830 und OSTECH,,,
2026-09-15,10:48:50,587,KOM_Test,OSTECH,T,LTM,25.0,result,Kommunikations-Test fuer SR830 und OSTECH,,,
2026-09-15,10:48:50,600,KOM_Test,OSTECH,T,LCA,0.0,result,Kommunikations-Test fuer SR830 und OSTECH,,,
2026-09-15,10:48:50,620,KOM_Test,OSTECH,T,LVA,0.0,result,Kommunikations-Test fuer SR830 und OSTECH,,,
2026-09-15,10:48:50,634,KOM_Test,OSTECH,T,XTA,20.99859619140625,result,Kommunikations-Test fuer SR830 und OSTECH,,,
2026-09-15,10:48:50,649,KOM_Test,OSTECH,T,GT,28.35004234313965,result,Kommunikations-Test fuer SR830 und OSTECH,,,
2026-09-15,10:48:50,660,KOM_Test,SR830,T,"SNAP 1,2,3,4,10,11","0,0,0,45,0,0",result,Kommunikations-Test fuer SR830 und OSTECH,,,
2026-09-15,10:48:50,669,KOM_Test,OSTECH,T,GS,"{'status_word': 3085, 'interlock_ok': True, 'driver_supply_ok': True, 'driver_temperature_ok': True, 'lt_sensor_ok': True, 'ct_sensor_ok': True, 'lc_on': False, 'lc_error': False}",result,Kommunikations-Test fuer SR830 und OSTECH,,,
2026-09-15,10:48:50,701,KOM_Test,OSTECH,T,LTM,25.0,result,Kommunikations-Test fuer SR830 und OSTECH,,,
2026-09-15,10:48:50,715,KOM_Test,OSTECH,T,LCA,0.0,result,Kommunikations-Test fuer SR830 und OSTECH,,,
2026-09-15,10:48:50,738,KOM_Test,OSTECH,T,LVA,0.0,result,Kommunikations-Test fuer SR830 und OSTECH,,,
2026-09-15,10:48:50,750,KOM_Test,OSTECH,T,XTA,20.99859619140625,result,Kommunikations-Test fuer SR830 und OSTECH,,,
2026-09-15,10:48:50,771,KOM_Test,OSTECH,T,GT,28.348873138427734,result,Kommunikations-Test fuer SR830 und OSTECH,,,
2026-09-15,10:48:50,796,KOM_Test,SR830,T,"SNAP 5,6,7,8,9","-0.00166667,0.00633333,-0.000666667,-0.000666667,1000",result,Kommunikations-Test fuer SR830 und OSTECH,,,
2026-09-15,10:48:50,806,KOM_Test,OSTECH,T,GS,"{'status_word': 3085, 'interlock_ok': True, 'driver_supply_ok': True, 'driver_temperature_ok': True, 'lt_sensor_ok': True, 'ct_sensor_ok': True, 'lc_on': False, 'lc_error': False}",result,Kommunikations-Test fuer SR830 und OSTECH,,,
2026-09-15,10:48:50,818,KOM_Test,SR830,T,PHAS,0,result,Kommunikations-Test fuer SR830 und OSTECH,,,
2026-09-15,10:48:50,821,KOM_Test,OSTECH,T,LTM,25.0,result,Kommunikations-Test fuer SR830 und OSTECH,,,
2026-09-15,10:48:50,839,KOM_Test,OSTECH,T,LCA,0.0,result,Kommunikations-Test fuer SR830 und OSTECH,,,
2026-09-15,10:48:50,839,KOM_Test,SR830,T,FREQ,1000,result,Kommunikations-Test fuer SR830 und OSTECH,,,
2026-09-15,10:48:50,839,KOM_Test,OSTECH,T,LVA,0.0,result,Kommunikations-Test fuer SR830 und OSTECH,,,
2026-09-15,10:48:50,858,KOM_Test,OSTECH,T,XTA,20.99859619140625,result,Kommunikations-Test fuer SR830 und OSTECH,,,
2026-09-15,10:48:50,864,KOM_Test,OSTECH,T,GT,28.348873138427734,result,Kommunikations-Test fuer SR830 und OSTECH,,,
2026-09-15,10:48:50,889,KOM_Test,OSTECH,T,GS,"{'status_word': 3085, 'interlock_ok': True, 'driver_supply_ok': True, 'driver_temperature_ok': True, 'lt_sensor_ok': True, 'ct_sensor_ok': True, 'lc_on': False, 'lc_error': False}",result,Kommunikations-Test fuer SR830 und OSTECH,,,
2026-09-15,10:48:50,911,KOM_Test,OSTECH,T,LTM,25.0,result,Kommunikations-Test fuer SR830 und OSTECH,,,
2026-09-15,10:48:50,922,KOM_Test,SR830,T,"SNAP 1,2,3,4,10,11","0,0,0,0,0,0",result,Kommunikations-Test fuer SR830 und OSTECH,,,
2026-09-15,10:48:50,930,KOM_Test,OSTECH,T,LCA,0.0,result,Kommunikations-Test fuer SR830 und OSTECH,,,
2026-09-15,10:48:50,946,KOM_Test,OSTECH,T,LVA,0.0,result,Kommunikations-Test fuer SR830 und OSTECH,,,
2026-09-15,10:48:50,955,KOM_Test,OSTECH,T,XTA,20.99859619140625,result,Kommunikations-Test fuer SR830 und OSTECH,,,
2026-09-15,10:48:50,972,KOM_Test,OSTECH,T,GT,28.348873138427734,result,Kommunikations-Test fuer SR830 und OSTECH,,,
2026-09-15,10:48:50,989,KOM_Test,OSTECH,T,GS,"{'status_word': 3085, 'interlock_ok': True, 'driver_supply_ok': True, 'driver_temperature_ok': True, 'lt_sensor_ok': True, 'ct_sensor_ok': True, 'lc_on': False, 'lc_error': False}",result,Kommunikations-Test fuer SR830 und OSTECH,,,
2026-09-15,10:48:51,000,KOM_Test,OSTECH,T,LTM,25.0,result,Kommunikations-Test fuer SR830 und OSTECH,,,
2026-09-15,10:48:51,020,KOM_Test,OSTECH,T,LCA,0.0,result,Kommunikations-Test fuer SR830 und OSTECH,,,
2026-09-15,10:48:51,039,KOM_Test,OSTECH,T,LVA,0.0,result,Kommunikations-Test fuer SR830 und OSTECH,,,
2026-09-15,10:48:51,049,KOM_Test,SR830,T,"SNAP 5,6,7,8,9","-0.000333333,0.00466667,0.001,-0.000666667,1000",result,Kommunikations-Test fuer SR830 und OSTECH,,,
2026-09-15,10:48:51,070,KOM_Test,OSTECH,T,XTA,20.99700927734375,result,Kommunikations-Test fuer SR830 und OSTECH,,,
2026-09-15,10:48:51,077,KOM_Test,SR830,T,PHAS,0,result,Kommunikations-Test fuer SR830 und OSTECH,,,
2026-09-15,10:48:51,090,KOM_Test,OSTECH,T,GT,28.348873138427734,result,Kommunikations-Test fuer SR830 und OSTECH,,,
2026-09-15,10:48:51,099,KOM_Test,SR830,T,FREQ,1000,result,Kommunikations-Test fuer SR830 und OSTECH,,,
2026-09-15,10:48:51,099,KOM_Test,OSTECH,T,GS,"{'status_word': 3085, 'interlock_ok': True, 'driver_supply_ok': True, 'driver_temperature_ok': True, 'lt_sensor_ok': True, 'ct_sensor_ok': True, 'lc_on': False, 'lc_error': False}",result,Kommunikations-Test fuer SR830 und OSTECH,,,
2026-09-15,10:48:51,115,KOM_Test,OSTECH,T,LTM,25.0,result,Kommunikations-Test fuer SR830 und OSTECH,,,
2026-09-15,10:48:51,140,KOM_Test,OSTECH,T,LCA,0.0,result,Kommunikations-Test fuer SR830 und OSTECH,,,
2026-09-15,10:48:51,150,KOM_Test,OSTECH,T,LVA,0.0,result,Kommunikations-Test fuer SR830 und OSTECH,,,
2026-09-15,10:48:51,166,KOM_Test,OSTECH,T,XTA,20.99700927734375,result,Kommunikations-Test fuer SR830 und OSTECH,,,
2026-09-15,10:48:51,184,KOM_Test,SR830,T,"SNAP 1,2,3,4,10,11","0,0,0,0,0,0",result,Kommunikations-Test fuer SR830 und OSTECH,,,
2026-09-15,10:48:51,191,KOM_Test,OSTECH,T,GT,28.348873138427734,result,Kommunikations-Test fuer SR830 und OSTECH,,,
2026-09-15,10:48:51,198,KOM_Test,OSTECH,T,GS,"{'status_word': 3085, 'interlock_ok': True, 'driver_supply_ok': True, 'driver_temperature_ok': True, 'lt_sensor_ok': True, 'ct_sensor_ok': True, 'lc_on': False, 'lc_error': False}",result,Kommunikations-Test fuer SR830 und OSTECH,,,
2026-09-15,10:48:51,215,KOM_Test,OSTECH,T,LTM,25.0,result,Kommunikations-Test fuer SR830 und OSTECH,,,
2026-09-15,10:48:51,246,KOM_Test,OSTECH,T,LCA,0.0,result,Kommunikations-Test fuer SR830 und OSTECH,,,
2026-09-15,10:48:51,254,KOM_Test,OSTECH,T,LVA,0.0,result,Kommunikations-Test fuer SR830 und OSTECH,,,
2026-09-15,10:48:51,268,KOM_Test,OSTECH,T,XTA,20.99700927734375,result,Kommunikations-Test fuer SR830 und OSTECH,,,
2026-09-15,10:48:51,291,KOM_Test,OSTECH,T,GT,28.348873138427734,result,Kommunikations-Test fuer SR830 und OSTECH,,,
2026-09-15,10:48:51,298,KOM_Test,OSTECH,T,GS,"{'status_word': 3085, 'interlock_ok': True, 'driver_supply_ok': True, 'driver_temperature_ok': True, 'lt_sensor_ok': True, 'ct_sensor_ok': True, 'lc_on': False, 'lc_error': False}",result,Kommunikations-Test fuer SR830 und OSTECH,,,
2026-09-15,10:48:51,308,KOM_Test,SR830,T,"SNAP 5,6,7,8,9","-0.002,0.00666667,-0.000666667,0.001,1000",result,Kommunikations-Test fuer SR830 und OSTECH,,,
2026-09-15,10:48:51,321,KOM_Test,OSTECH,T,LTM,25.0,result,Kommunikations-Test fuer SR830 und OSTECH,,,
2026-09-15,10:48:51,321,KOM_Test,SR830,T,PHAS,0,result,Kommunikations-Test fuer SR830 und OSTECH,,,
2026-09-15,10:48:51,341,KOM_Test,OSTECH,T,LCA,0.0,result,Kommunikations-Test fuer SR830 und OSTECH,,,
2026-09-15,10:48:51,348,KOM_Test,SR830,T,FREQ,1000,result,Kommunikations-Test fuer SR830 und OSTECH,,,
2026-09-15,10:48:51,354,KOM_Test,OSTECH,T,LVA,0.0,result,Kommunikations-Test fuer SR830 und OSTECH,,,
2026-09-15,10:48:51,368,KOM_Test,OSTECH,T,XTA,20.99700927734375,result,Kommunikations-Test fuer SR830 und OSTECH,,,
2026-09-15,10:48:51,392,KOM_Test,OSTECH,T,GT,28.348873138427734,result,Kommunikations-Test fuer SR830 und OSTECH,,,
2026-09-15,10:48:51,398,KOM_Test,OSTECH,T,GS,"{'status_word': 3085, 'interlock_ok': True, 'driver_supply_ok': True, 'driver_temperature_ok': True, 'lt_sensor_ok': True, 'ct_sensor_ok': True, 'lc_on': False, 'lc_error': False}",result,Kommunikations-Test fuer SR830 und OSTECH,,,
2026-09-15,10:48:51,415,KOM_Test,OSTECH,T,LTM,25.0,result,Kommunikations-Test fuer SR830 und OSTECH,,,
2026-09-15,10:48:51,435,KOM_Test,SR830,T,"SNAP 1,2,3,4,10,11","0,0,0,0,0,0",result,Kommunikations-Test fuer SR830 und OSTECH,,,
2026-09-15,10:48:51,443,KOM_Test,OSTECH,T,LCA,0.0,result,Kommunikations-Test fuer SR830 und OSTECH,,,
2026-09-15,10:48:51,454,KOM_Test,OSTECH,T,LVA,0.0,result,Kommunikations-Test fuer SR830 und OSTECH,,,
2026-09-15,10:48:51,465,KOM_Test,OSTECH,T,XTA,20.99700927734375,result,Kommunikations-Test fuer SR830 und OSTECH,,,
2026-09-15,10:48:51,492,KOM_Test,OSTECH,T,GT,28.348873138427734,result,Kommunikations-Test fuer SR830 und OSTECH,,,
2026-09-15,10:48:51,498,KOM_Test,OSTECH,T,GS,"{'status_word': 3085, 'interlock_ok': True, 'driver_supply_ok': True, 'driver_temperature_ok': True, 'lt_sensor_ok': True, 'ct_sensor_ok': True, 'lc_on': False, 'lc_error': False}",result,Kommunikations-Test fuer SR830 und OSTECH,,,
2026-09-15,10:48:51,526,KOM_Test,OSTECH,T,LTM,25.0,result,Kommunikations-Test fuer SR830 und OSTECH,,,
2026-09-15,10:48:51,544,KOM_Test,OSTECH,T,LCA,0.0,result,Kommunikations-Test fuer SR830 und OSTECH,,,
2026-09-15,10:48:51,548,KOM_Test,OSTECH,T,LVA,0.0,result,Kommunikations-Test fuer SR830 und OSTECH,,,
2026-09-15,10:48:51,565,KOM_Test,SR830,T,"SNAP 5,6,7,8,9","-0.000666667,0.00633333,0.001,-0.000666667,1000",result,Kommunikations-Test fuer SR830 und OSTECH,,,
2026-09-15,10:48:51,568,KOM_Test,OSTECH,T,XTA,20.99700927734375,result,Kommunikations-Test fuer SR830 und OSTECH,,,
2026-09-15,10:48:51,583,KOM_Test,OSTECH,T,GT,28.348873138427734,result,Kommunikations-Test fuer SR830 und OSTECH,,,
2026-09-15,10:48:51,593,KOM_Test,SR830,T,PHAS,0,result,Kommunikations-Test fuer SR830 und OSTECH,,,
2026-09-15,10:48:51,616,KOM_Test,OSTECH,T,GS,"{'status_word': 3085, 'interlock_ok': True, 'driver_supply_ok': True, 'driver_temperature_ok': True, 'lt_sensor_ok': True, 'ct_sensor_ok': True, 'lc_on': False, 'lc_error': False}",result,Kommunikations-Test fuer SR830 und OSTECH,,,
2026-09-15,10:48:51,616,KOM_Test,SR830,T,FREQ,1000,result,Kommunikations-Test fuer SR830 und OSTECH,,,
2026-09-15,10:48:51,640,KOM_Test,OSTECH,T,LTM,25.0,result,Kommunikations-Test fuer SR830 und OSTECH,,,
2026-09-15,10:48:51,650,KOM_Test,OSTECH,T,LCA,0.0,result,Kommunikations-Test fuer SR830 und OSTECH,,,
2026-09-15,10:48:51,669,KOM_Test,OSTECH,T,LVA,0.0,result,Kommunikations-Test fuer SR830 und OSTECH,,,
2026-09-15,10:48:51,684,KOM_Test,OSTECH,T,XTA,20.99779510498047,result,Kommunikations-Test fuer SR830 und OSTECH,,,
2026-09-15,10:48:51,700,KOM_Test,OSTECH,T,GT,28.348873138427734,result,Kommunikations-Test fuer SR830 und OSTECH,,,
2026-09-15,10:48:51,716,KOM_Test,OSTECH,T,GS,"{'status_word': 3085, 'interlock_ok': True, 'driver_supply_ok': True, 'driver_temperature_ok': True, 'lt_sensor_ok': True, 'ct_sensor_ok': True, 'lc_on': False, 'lc_error': False}",result,Kommunikations-Test fuer SR830 und OSTECH,,,
2026-09-15,10:48:51,737,KOM_Test,SR830,T,"SNAP 1,2,3,4,10,11","-6.10356e-005,0,0,180,-6.10356e-005,0",result,Kommunikations-Test fuer SR830 und OSTECH,,,
2026-09-15,10:48:51,744,KOM_Test,OSTECH,T,LTM,25.0,result,Kommunikations-Test fuer SR830 und OSTECH,,,
2026-09-15,10:48:51,748,KOM_Test,OSTECH,T,LCA,0.0,result,Kommunikations-Test fuer SR830 und OSTECH,,,
2026-09-15,10:48:51,766,KOM_Test,OSTECH,T,LVA,0.0,result,Kommunikations-Test fuer SR830 und OSTECH,,,
2026-09-15,10:48:51,799,KOM_Test,OSTECH,T,XTA,20.99779510498047,result,Kommunikations-Test fuer SR830 und OSTECH,,,
2026-09-15,10:48:51,821,KOM_Test,OSTECH,T,GT,28.348873138427734,result,Kommunikations-Test fuer SR830 und OSTECH,,,
2026-09-15,10:48:51,833,KOM_Test,OSTECH,T,GS,"{'status_word': 3085, 'interlock_ok': True, 'driver_supply_ok': True, 'driver_temperature_ok': True, 'lt_sensor_ok': True, 'ct_sensor_ok': True, 'lc_on': False, 'lc_error': False}",result,Kommunikations-Test fuer SR830 und OSTECH,,,
2026-09-15,10:48:51,848,KOM_Test,OSTECH,T,LTM,25.0,result,Kommunikations-Test fuer SR830 und OSTECH,,,
2026-09-15,10:48:51,861,KOM_Test,SR830,T,"SNAP 5,6,7,8,9","-0.00166667,0.003,0.00233333,-0.000666667,1000",result,Kommunikations-Test fuer SR830 und OSTECH,,,
2026-09-15,10:48:51,867,KOM_Test,OSTECH,T,LCA,0.0,result,Kommunikations-Test fuer SR830 und OSTECH,,,
2026-09-15,10:48:51,867,KOM_Test,SR830,T,PHAS,0,result,Kommunikations-Test fuer SR830 und OSTECH,,,
2026-09-15,10:48:51,884,KOM_Test,OSTECH,T,LVA,0.0,result,Kommunikations-Test fuer SR830 und OSTECH,,,
2026-09-15,10:48:51,899,KOM_Test,SR830,T,FREQ,1000,result,Kommunikations-Test fuer SR830 und OSTECH,,,
2026-09-15,10:48:51,901,KOM_Test,OSTECH,T,XTA,20.99779510498047,result,Kommunikations-Test fuer SR830 und OSTECH,,,
2026-09-15,10:48:51,916,KOM_Test,OSTECH,T,GT,28.348873138427734,result,Kommunikations-Test fuer SR830 und OSTECH,,,
2026-09-15,10:48:51,932,KOM_Test,OSTECH,T,GS,"{'status_word': 3085, 'interlock_ok': True, 'driver_supply_ok': True, 'driver_temperature_ok': True, 'lt_sensor_ok': True, 'ct_sensor_ok': True, 'lc_on': False, 'lc_error': False}",result,Kommunikations-Test fuer SR830 und OSTECH,,,
2026-09-15,10:48:51,948,KOM_Test,OSTECH,T,LTM,25.0,result,Kommunikations-Test fuer SR830 und OSTECH,,,
2026-09-15,10:48:51,980,KOM_Test,OSTECH,T,LCA,0.0,result,Kommunikations-Test fuer SR830 und OSTECH,,,
2026-09-15,10:48:51,987,KOM_Test,OSTECH,T,LVA,0.0,result,Kommunikations-Test fuer SR830 und OSTECH,,,
2026-09-15,10:48:51,987,KOM_Test,SR830,T,"SNAP 1,2,3,4,10,11","0,0,0,45,0,0",result,Kommunikations-Test fuer SR830 und OSTECH,,,
2026-09-15,10:48:52,001,KOM_Test,OSTECH,T,XTA,20.99779510498047,result,Kommunikations-Test fuer SR830 und OSTECH,,,
2026-09-15,10:48:52,016,KOM_Test,OSTECH,T,GT,28.348873138427734,result,Kommunikations-Test fuer SR830 und OSTECH,,,
2026-09-15,10:48:52,032,KOM_Test,OSTECH,T,GS,"{'status_word': 3085, 'interlock_ok': True, 'driver_supply_ok': True, 'driver_temperature_ok': True, 'lt_sensor_ok': True, 'ct_sensor_ok': True, 'lc_on': False, 'lc_error': False}",result,Kommunikations-Test fuer SR830 und OSTECH,,,
2026-09-15,10:48:52,049,KOM_Test,OSTECH,T,LTM,25.0,result,Kommunikations-Test fuer SR830 und OSTECH,,,
2026-09-15,10:48:52,065,KOM_Test,OSTECH,T,LCA,0.0,result,Kommunikations-Test fuer SR830 und OSTECH,,,
2026-09-15,10:48:52,084,KOM_Test,OSTECH,T,LVA,0.0,result,Kommunikations-Test fuer SR830 und OSTECH,,,
2026-09-15,10:48:52,104,KOM_Test,OSTECH,T,XTA,20.99779510498047,result,Kommunikations-Test fuer SR830 und OSTECH,,,
2026-09-15,10:48:52,112,KOM_Test,SR830,T,"SNAP 5,6,7,8,9","-0.002,0.005,0.000666667,0.000666667,1000",result,Kommunikations-Test fuer SR830 und OSTECH,,,
2026-09-15,10:48:52,117,KOM_Test,OSTECH,T,GT,28.348873138427734,result,Kommunikations-Test fuer SR830 und OSTECH,,,
2026-09-15,10:48:52,128,KOM_Test,SR830,T,PHAS,0,result,Kommunikations-Test fuer SR830 und OSTECH,,,
2026-09-15,10:48:52,132,KOM_Test,OSTECH,T,GS,"{'status_word': 3085, 'interlock_ok': True, 'driver_supply_ok': True, 'driver_temperature_ok': True, 'lt_sensor_ok': True, 'ct_sensor_ok': True, 'lc_on': False, 'lc_error': False}",result,Kommunikations-Test fuer SR830 und OSTECH,,,
2026-09-15,10:48:52,148,KOM_Test,SR830,T,FREQ,1000,result,Kommunikations-Test fuer SR830 und OSTECH,,,
2026-09-15,10:48:52,168,KOM_Test,OSTECH,T,LTM,25.0,result,Kommunikations-Test fuer SR830 und OSTECH,,,
2026-09-15,10:48:52,191,KOM_Test,OSTECH,T,LCA,0.0,result,Kommunikations-Test fuer SR830 und OSTECH,,,
2026-09-15,10:48:52,200,KOM_Test,OSTECH,T,LVA,0.0,result,Kommunikations-Test fuer SR830 und OSTECH,,,
2026-09-15,10:48:52,218,KOM_Test,OSTECH,T,XTA,21.00139617919922,result,Kommunikations-Test fuer SR830 und OSTECH,,,
2026-09-15,10:48:52,233,KOM_Test,OSTECH,T,GT,28.348873138427734,result,Kommunikations-Test fuer SR830 und OSTECH,,,
2026-09-15,10:48:52,249,KOM_Test,OSTECH,T,GS,"{'status_word': 3085, 'interlock_ok': True, 'driver_supply_ok': True, 'driver_temperature_ok': True, 'lt_sensor_ok': True, 'ct_sensor_ok': True, 'lc_on': False, 'lc_error': False}",result,Kommunikations-Test fuer SR830 und OSTECH,,,
2026-09-15,10:48:52,265,KOM_Test,OSTECH,T,LTM,25.0,result,Kommunikations-Test fuer SR830 und OSTECH,,,
2026-09-15,10:48:52,282,KOM_Test,OSTECH,T,LCA,0.0,result,Kommunikations-Test fuer SR830 und OSTECH,,,
2026-09-15,10:48:52,282,KOM_Test,SR830,T,"SNAP 1,2,3,4,10,11","6.10356e-005,0,6.10356e-005,26.562,6.10356e-005,0",result,Kommunikations-Test fuer SR830 und OSTECH,,,
2026-09-15,10:48:52,301,KOM_Test,OSTECH,T,LVA,0.0,result,Kommunikations-Test fuer SR830 und OSTECH,,,
2026-09-15,10:48:52,315,KOM_Test,OSTECH,T,XTA,21.00139617919922,result,Kommunikations-Test fuer SR830 und OSTECH,,,
2026-09-15,10:48:52,332,KOM_Test,OSTECH,T,GT,28.348873138427734,result,Kommunikations-Test fuer SR830 und OSTECH,,,
2026-09-15,10:48:52,351,KOM_Test,OSTECH,T,GS,"{'status_word': 3085, 'interlock_ok': True, 'driver_supply_ok': True, 'driver_temperature_ok': True, 'lt_sensor_ok': True, 'ct_sensor_ok': True, 'lc_on': False, 'lc_error': False}",result,Kommunikations-Test fuer SR830 und OSTECH,,,
2026-09-15,10:48:52,365,KOM_Test,OSTECH,T,LTM,25.0,result,Kommunikations-Test fuer SR830 und OSTECH,,,
2026-09-15,10:48:52,382,KOM_Test,OSTECH,T,LCA,0.0,result,Kommunikations-Test fuer SR830 und OSTECH,,,
2026-09-15,10:48:52,400,KOM_Test,OSTECH,T,LVA,0.0,result,Kommunikations-Test fuer SR830 und OSTECH,,,
2026-09-15,10:48:52,417,KOM_Test,SR830,T,"SNAP 5,6,7,8,9","-0.00666667,0.00366667,-0.000333333,-0.000666667,1000",result,Kommunikations-Test fuer SR830 und OSTECH,,,
2026-09-15,10:48:52,426,KOM_Test,OSTECH,T,XTA,21.00139617919922,result,Kommunikations-Test fuer SR830 und OSTECH,,,
2026-09-15,10:48:52,438,KOM_Test,OSTECH,T,GT,28.348873138427734,result,Kommunikations-Test fuer SR830 und OSTECH,,,
2026-09-15,10:48:52,438,KOM_Test,SR830,T,PHAS,0,result,Kommunikations-Test fuer SR830 und OSTECH,,,
2026-09-15,10:48:52,455,KOM_Test,OSTECH,T,GS,"{'status_word': 3085, 'interlock_ok': True, 'driver_supply_ok': True, 'driver_temperature_ok': True, 'lt_sensor_ok': True, 'ct_sensor_ok': True, 'lc_on': False, 'lc_error': False}",result,Kommunikations-Test fuer SR830 und OSTECH,,,
2026-09-15,10:48:52,465,KOM_Test,SR830,T,FREQ,1000,result,Kommunikations-Test fuer SR830 und OSTECH,,,
2026-09-15,10:48:52,465,KOM_Test,OSTECH,T,LTM,25.0,result,Kommunikations-Test fuer SR830 und OSTECH,,,
2026-09-15,10:48:52,482,KOM_Test,OSTECH,T,LCA,0.0,result,Kommunikations-Test fuer SR830 und OSTECH,,,
2026-09-15,10:48:52,501,KOM_Test,OSTECH,T,LVA,0.0,result,Kommunikations-Test fuer SR830 und OSTECH,,,
2026-09-15,10:48:52,530,KOM_Test,OSTECH,T,XTA,21.00139617919922,result,Kommunikations-Test fuer SR830 und OSTECH,,,
2026-09-15,10:48:52,534,KOM_Test,OSTECH,T,GT,28.348873138427734,result,Kommunikations-Test fuer SR830 und OSTECH,,,
2026-09-15,10:48:52,553,KOM_Test,OSTECH,T,GS,"{'status_word': 3085, 'interlock_ok': True, 'driver_supply_ok': True, 'driver_temperature_ok': True, 'lt_sensor_ok': True, 'ct_sensor_ok': True, 'lc_on': False, 'lc_error': False}",result,Kommunikations-Test fuer SR830 und OSTECH,,,
2026-09-15,10:48:52,565,KOM_Test,OSTECH,T,LTM,25.0,result,Kommunikations-Test fuer SR830 und OSTECH,,,
2026-09-15,10:48:52,583,KOM_Test,SR830,T,"SNAP 1,2,3,4,10,11","-6.10356e-005,0,0,180,-6.10356e-005,0",result,Kommunikations-Test fuer SR830 und OSTECH,,,
2026-09-15,10:48:52,594,KOM_Test,OSTECH,T,LCA,0.0,result,Kommunikations-Test fuer SR830 und OSTECH,,,
2026-09-15,10:48:52,600,KOM_Test,OSTECH,T,LVA,0.0,result,Kommunikations-Test fuer SR830 und OSTECH,,,
2026-09-15,10:48:52,617,KOM_Test,OSTECH,T,XTA,21.00139617919922,result,Kommunikations-Test fuer SR830 und OSTECH,,,
2026-09-15,10:48:52,634,KOM_Test,OSTECH,T,GT,28.348873138427734,result,Kommunikations-Test fuer SR830 und OSTECH,,,
2026-09-15,10:48:52,651,KOM_Test,OSTECH,T,GS,"{'status_word': 3085, 'interlock_ok': True, 'driver_supply_ok': True, 'driver_temperature_ok': True, 'lt_sensor_ok': True, 'ct_sensor_ok': True, 'lc_on': False, 'lc_error': False}",result,Kommunikations-Test fuer SR830 und OSTECH,,,
2026-09-15,10:48:52,678,KOM_Test,OSTECH,T,LTM,25.0,result,Kommunikations-Test fuer SR830 und OSTECH,,,
2026-09-15,10:48:52,693,KOM_Test,OSTECH,T,LCA,0.0,result,Kommunikations-Test fuer SR830 und OSTECH,,,
2026-09-15,10:48:52,707,KOM_Test,SR830,T,"SNAP 5,6,7,8,9","-0.000666667,0.00466667,0.001,-0.001,1000",result,Kommunikations-Test fuer SR830 und OSTECH,,,
2026-09-15,10:48:52,719,KOM_Test,OSTECH,T,LVA,0.0,result,Kommunikations-Test fuer SR830 und OSTECH,,,
2026-09-15,10:48:52,728,KOM_Test,SR830,T,PHAS,0,result,Kommunikations-Test fuer SR830 und OSTECH,,,
2026-09-15,10:48:52,743,KOM_Test,OSTECH,T,XTA,21.00139617919922,result,Kommunikations-Test fuer SR830 und OSTECH,,,
2026-09-15,10:48:52,750,KOM_Test,SR830,T,FREQ,1000,result,Kommunikations-Test fuer SR830 und OSTECH,,,
2026-09-15,10:48:52,756,KOM_Test,OSTECH,T,GT,28.348873138427734,result,Kommunikations-Test fuer SR830 und OSTECH,,,
2026-09-15,10:48:52,770,KOM_Test,OSTECH,T,GS,"{'status_word': 3085, 'interlock_ok': True, 'driver_supply_ok': True, 'driver_temperature_ok': True, 'lt_sensor_ok': True, 'ct_sensor_ok': True, 'lc_on': False, 'lc_error': False}",result,Kommunikations-Test fuer SR830 und OSTECH,,,
2026-09-15,10:48:52,788,KOM_Test,OSTECH,T,LTM,25.0,result,Kommunikations-Test fuer SR830 und OSTECH,,,
2026-09-15,10:48:52,808,KOM_Test,OSTECH,T,LCA,0.0,result,Kommunikations-Test fuer SR830 und OSTECH,,,
2026-09-15,10:48:52,820,KOM_Test,OSTECH,T,LVA,0.0,result,Kommunikations-Test fuer SR830 und OSTECH,,,
2026-09-15,10:48:52,836,KOM_Test,OSTECH,T,XTA,21.00139617919922,result,Kommunikations-Test fuer SR830 und OSTECH,,,
2026-09-15,10:48:52,859,KOM_Test,OSTECH,T,GT,28.348873138427734,result,Kommunikations-Test fuer SR830 und OSTECH,,,
2026-09-15,10:48:52,870,KOM_Test,OSTECH,T,GS,"{'status_word': 3085, 'interlock_ok': True, 'driver_supply_ok': True, 'driver_temperature_ok': True, 'lt_sensor_ok': True, 'ct_sensor_ok': True, 'lc_on': False, 'lc_error': False}",result,Kommunikations-Test fuer SR830 und OSTECH,,,
2026-09-15,10:48:52,902,KOM_Test,OSTECH,T,LTM,25.0,result,Kommunikations-Test fuer SR830 und OSTECH,,,
2026-09-15,10:48:52,917,KOM_Test,SR830,T,"SNAP 1,2,3,4,10,11","6.10356e-005,-0.000122071,6.10356e-005,-45,6.10356e-005,-0.000122071",result,Kommunikations-Test fuer SR830 und OSTECH,,,
2026-09-15,10:48:52,922,KOM_Test,OSTECH,T,LCA,0.0,result,Kommunikations-Test fuer SR830 und OSTECH,,,
2026-09-15,10:48:52,935,KOM_Test,OSTECH,T,LVA,0.0,result,Kommunikations-Test fuer SR830 und OSTECH,,,
2026-09-15,10:48:52,954,KOM_Test,OSTECH,T,XTA,21.002731323242188,result,Kommunikations-Test fuer SR830 und OSTECH,,,
2026-09-15,10:48:52,972,KOM_Test,OSTECH,T,GT,28.348873138427734,result,Kommunikations-Test fuer SR830 und OSTECH,,,
2026-09-15,10:48:52,983,KOM_Test,OSTECH,T,GS,"{'status_word': 3085, 'interlock_ok': True, 'driver_supply_ok': True, 'driver_temperature_ok': True, 'lt_sensor_ok': True, 'ct_sensor_ok': True, 'lc_on': False, 'lc_error': False}",result,Kommunikations-Test fuer SR830 und OSTECH,,,
2026-09-15,10:48:53,000,KOM_Test,OSTECH,T,LTM,25.0,result,Kommunikations-Test fuer SR830 und OSTECH,,,
2026-09-15,10:48:53,021,KOM_Test,OSTECH,T,LCA,0.0,result,Kommunikations-Test fuer SR830 und OSTECH,,,
2026-09-15,10:48:53,034,KOM_Test,OSTECH,T,LVA,0.0,result,Kommunikations-Test fuer SR830 und OSTECH,,,
2026-09-15,10:48:53,051,KOM_Test,OSTECH,T,XTA,21.002731323242188,result,Kommunikations-Test fuer SR830 und OSTECH,,,
2026-09-15,10:48:53,065,KOM_Test,SR830,T,"SNAP 5,6,7,8,9","-0.000333333,0.00366667,-0.000666667,-0.000666667,1000",result,Kommunikations-Test fuer SR830 und OSTECH,,,
2026-09-15,10:48:53,072,KOM_Test,OSTECH,T,GT,28.348873138427734,result,Kommunikations-Test fuer SR830 und OSTECH,,,
2026-09-15,10:48:53,086,KOM_Test,OSTECH,T,GS,"{'status_word': 3085, 'interlock_ok': True, 'driver_supply_ok': True, 'driver_temperature_ok': True, 'lt_sensor_ok': True, 'ct_sensor_ok': True, 'lc_on': False, 'lc_error': False}",result,Kommunikations-Test fuer SR830 und OSTECH,,,
2026-09-15,10:48:53,094,KOM_Test,SR830,T,PHAS,0,result,Kommunikations-Test fuer SR830 und OSTECH,,,
2026-09-15,10:48:53,099,KOM_Test,OSTECH,T,LTM,25.0,result,Kommunikations-Test fuer SR830 und OSTECH,,,
2026-09-15,10:48:53,118,KOM_Test,SR830,T,FREQ,1000,result,Kommunikations-Test fuer SR830 und OSTECH,,,
2026-09-15,10:48:53,126,KOM_Test,OSTECH,T,LCA,0.0,result,Kommunikations-Test fuer SR830 und OSTECH,,,
2026-09-15,10:48:53,139,KOM_Test,OSTECH,T,LVA,0.0,result,Kommunikations-Test fuer SR830 und OSTECH,,,
2026-09-15,10:48:53,149,KOM_Test,OSTECH,T,XTA,21.002731323242188,result,Kommunikations-Test fuer SR830 und OSTECH,,,
2026-09-15,10:48:53,172,KOM_Test,OSTECH,T,GT,28.348873138427734,result,Kommunikations-Test fuer SR830 und OSTECH,,,
2026-09-15,10:48:53,183,KOM_Test,OSTECH,T,GS,"{'status_word': 3085, 'interlock_ok': True, 'driver_supply_ok': True, 'driver_temperature_ok': True, 'lt_sensor_ok': True, 'ct_sensor_ok': True, 'lc_on': False, 'lc_error': False}",result,Kommunikations-Test fuer SR830 und OSTECH,,,
2026-09-15,10:48:53,199,KOM_Test,OSTECH,T,LTM,25.0,result,Kommunikations-Test fuer SR830 und OSTECH,,,
2026-09-15,10:48:53,223,KOM_Test,OSTECH,T,LCA,0.0,result,Kommunikations-Test fuer SR830 und OSTECH,,,
2026-09-15,10:48:53,233,KOM_Test,SR830,T,"SNAP 1,2,3,4,10,11","0,-6.10356e-005,0,-45,0,-6.10356e-005",result,Kommunikations-Test fuer SR830 und OSTECH,,,
2026-09-15,10:48:53,242,KOM_Test,OSTECH,T,LVA,0.0,result,Kommunikations-Test fuer SR830 und OSTECH,,,
2026-09-15,10:48:53,271,KOM_Test,OSTECH,T,XTA,21.00420379638672,result,Kommunikations-Test fuer SR830 und OSTECH,,,
2026-09-15,10:48:53,282,KOM_Test,OSTECH,T,GT,28.348873138427734,result,Kommunikations-Test fuer SR830 und OSTECH,,,
2026-09-15,10:48:53,299,KOM_Test,OSTECH,T,GS,"{'status_word': 3085, 'interlock_ok': True, 'driver_supply_ok': True, 'driver_temperature_ok': True, 'lt_sensor_ok': True, 'ct_sensor_ok': True, 'lc_on': False, 'lc_error': False}",result,Kommunikations-Test fuer SR830 und OSTECH,,,
2026-09-15,10:48:53,324,KOM_Test,OSTECH,T,LTM,25.0,result,Kommunikations-Test fuer SR830 und OSTECH,,,
2026-09-15,10:48:53,332,KOM_Test,OSTECH,T,LCA,0.0,result,Kommunikations-Test fuer SR830 und OSTECH,,,
2026-09-15,10:48:53,350,KOM_Test,SR830,T,"SNAP 5,6,7,8,9","-0.00166667,0.003,0.001,-0.001,1000",result,Kommunikations-Test fuer SR830 und OSTECH,,,
2026-09-15,10:48:53,350,KOM_Test,OSTECH,T,LVA,0.0,result,Kommunikations-Test fuer SR830 und OSTECH,,,
2026-09-15,10:48:53,374,KOM_Test,SR830,T,PHAS,0,result,Kommunikations-Test fuer SR830 und OSTECH,,,
2026-09-15,10:48:53,374,KOM_Test,OSTECH,T,XTA,21.00420379638672,result,Kommunikations-Test fuer SR830 und OSTECH,,,
2026-09-15,10:48:53,382,KOM_Test,OSTECH,T,GT,28.348873138427734,result,Kommunikations-Test fuer SR830 und OSTECH,,,
2026-09-15,10:48:53,399,KOM_Test,SR830,T,FREQ,1000,result,Kommunikations-Test fuer SR830 und OSTECH,,,
2026-09-15,10:48:53,399,KOM_Test,OSTECH,T,GS,"{'status_word': 3085, 'interlock_ok': True, 'driver_supply_ok': True, 'driver_temperature_ok': True, 'lt_sensor_ok': True, 'ct_sensor_ok': True, 'lc_on': False, 'lc_error': False}",result,Kommunikations-Test fuer SR830 und OSTECH,,,
2026-09-15,10:48:53,425,KOM_Test,OSTECH,T,LTM,25.0,result,Kommunikations-Test fuer SR830 und OSTECH,,,
2026-09-15,10:48:53,449,KOM_Test,OSTECH,T,LCA,0.0,result,Kommunikations-Test fuer SR830 und OSTECH,,,
2026-09-15,10:48:53,476,KOM_Test,OSTECH,T,LVA,0.0,result,Kommunikations-Test fuer SR830 und OSTECH,,,
2026-09-15,10:48:53,484,KOM_Test,OSTECH,T,XTA,21.00420379638672,result,Kommunikations-Test fuer SR830 und OSTECH,,,
2026-09-15,10:48:53,504,KOM_Test,OSTECH,T,GT,28.348873138427734,result,Kommunikations-Test fuer SR830 und OSTECH,,,
2026-09-15,10:48:53,522,KOM_Test,OSTECH,T,GS,"{'status_word': 3085, 'interlock_ok': True, 'driver_supply_ok': True, 'driver_temperature_ok': True, 'lt_sensor_ok': True, 'ct_sensor_ok': True, 'lc_on': False, 'lc_error': False}",result,Kommunikations-Test fuer SR830 und OSTECH,,,
2026-09-15,10:48:53,526,KOM_Test,SR830,T,"SNAP 1,2,3,4,10,11","0,-6.10356e-005,0,-45,0,-6.10356e-005",result,Kommunikations-Test fuer SR830 und OSTECH,,,
2026-09-15,10:48:53,535,KOM_Test,OSTECH,T,LTM,25.0,result,Kommunikations-Test fuer SR830 und OSTECH,,,
2026-09-15,10:48:53,562,KOM_Test,OSTECH,T,LCA,0.0,result,Kommunikations-Test fuer SR830 und OSTECH,,,
2026-09-15,10:48:53,577,KOM_Test,OSTECH,T,LVA,0.0,result,Kommunikations-Test fuer SR830 und OSTECH,,,
2026-09-15,10:48:53,584,KOM_Test,OSTECH,T,XTA,21.00420379638672,result,Kommunikations-Test fuer SR830 und OSTECH,,,
2026-09-15,10:48:53,599,KOM_Test,OSTECH,T,GT,28.348873138427734,result,Kommunikations-Test fuer SR830 und OSTECH,,,
2026-09-15,10:48:53,616,KOM_Test,OSTECH,T,GS,"{'status_word': 3085, 'interlock_ok': True, 'driver_supply_ok': True, 'driver_temperature_ok': True, 'lt_sensor_ok': True, 'ct_sensor_ok': True, 'lc_on': False, 'lc_error': False}",result,Kommunikations-Test fuer SR830 und OSTECH,,,
2026-09-15,10:48:53,632,KOM_Test,OSTECH,T,LTM,25.0,result,Kommunikations-Test fuer SR830 und OSTECH,,,
2026-09-15,10:48:53,649,KOM_Test,SR830,T,"SNAP 5,6,7,8,9","-0.000666667,0.00466667,0.000666667,-0.00366667,1000",result,Kommunikations-Test fuer SR830 und OSTECH,,,
2026-09-15,10:48:53,649,KOM_Test,OSTECH,T,LCA,0.0,result,Kommunikations-Test fuer SR830 und OSTECH,,,
2026-09-15,10:48:53,668,KOM_Test,SR830,T,PHAS,0,result,Kommunikations-Test fuer SR830 und OSTECH,,,
2026-09-15,10:48:53,677,KOM_Test,OSTECH,T,LVA,0.0,result,Kommunikations-Test fuer SR830 und OSTECH,,,
2026-09-15,10:48:53,690,KOM_Test,OSTECH,T,XTA,21.00420379638672,result,Kommunikations-Test fuer SR830 und OSTECH,,,
2026-09-15,10:48:53,700,KOM_Test,SR830,T,FREQ,1000,result,Kommunikations-Test fuer SR830 und OSTECH,,,
2026-09-15,10:48:53,702,KOM_Test,OSTECH,T,GT,28.348873138427734,result,Kommunikations-Test fuer SR830 und OSTECH,,,
2026-09-15,10:48:53,717,KOM_Test,OSTECH,T,GS,"{'status_word': 3085, 'interlock_ok': True, 'driver_supply_ok': True, 'driver_temperature_ok': True, 'lt_sensor_ok': True, 'ct_sensor_ok': True, 'lc_on': False, 'lc_error': False}",result,Kommunikations-Test fuer SR830 und OSTECH,,,
2026-09-15,10:48:53,737,KOM_Test,OSTECH,T,LTM,25.0,result,Kommunikations-Test fuer SR830 und OSTECH,,,
2026-09-15,10:48:53,752,KOM_Test,OSTECH,T,LCA,0.0,result,Kommunikations-Test fuer SR830 und OSTECH,,,
2026-09-15,10:48:53,769,KOM_Test,OSTECH,T,LVA,0.0,result,Kommunikations-Test fuer SR830 und OSTECH,,,
2026-09-15,10:48:53,784,KOM_Test,SR830,T,"SNAP 1,2,3,4,10,11","0,0,0,90,0,0",result,Kommunikations-Test fuer SR830 und OSTECH,,,
2026-09-15,10:48:53,795,KOM_Test,OSTECH,T,XTA,21.00420379638672,result,Kommunikations-Test fuer SR830 und OSTECH,,,
2026-09-15,10:48:53,820,KOM_Test,OSTECH,T,GT,28.348873138427734,result,Kommunikations-Test fuer SR830 und OSTECH,,,
2026-09-15,10:48:53,832,KOM_Test,OSTECH,T,GS,"{'status_word': 3085, 'interlock_ok': True, 'driver_supply_ok': True, 'driver_temperature_ok': True, 'lt_sensor_ok': True, 'ct_sensor_ok': True, 'lc_on': False, 'lc_error': False}",result,Kommunikations-Test fuer SR830 und OSTECH,,,
2026-09-15,10:48:53,849,KOM_Test,OSTECH,T,LTM,25.0,result,Kommunikations-Test fuer SR830 und OSTECH,,,
2026-09-15,10:48:53,866,KOM_Test,OSTECH,T,LCA,0.0,result,Kommunikations-Test fuer SR830 und OSTECH,,,
2026-09-15,10:48:53,884,KOM_Test,OSTECH,T,LVA,0.0,result,Kommunikations-Test fuer SR830 und OSTECH,,,
2026-09-15,10:48:53,911,KOM_Test,OSTECH,T,XTA,20.995773315429688,result,Kommunikations-Test fuer SR830 und OSTECH,,,
2026-09-15,10:48:53,915,KOM_Test,SR830,T,"SNAP 5,6,7,8,9","-0.00166667,0.00666667,0.000666667,-0.001,1000",result,Kommunikations-Test fuer SR830 und OSTECH,,,
2026-09-15,10:48:53,918,KOM_Test,OSTECH,T,GT,28.348873138427734,result,Kommunikations-Test fuer SR830 und OSTECH,,,
2026-09-15,10:48:53,933,KOM_Test,OSTECH,T,GS,"{'status_word': 3085, 'interlock_ok': True, 'driver_supply_ok': True, 'driver_temperature_ok': True, 'lt_sensor_ok': True, 'ct_sensor_ok': True, 'lc_on': False, 'lc_error': False}",result,Kommunikations-Test fuer SR830 und OSTECH,,,
2026-09-15,10:48:53,945,KOM_Test,SR830,T,PHAS,0,result,Kommunikations-Test fuer SR830 und OSTECH,,,
2026-09-15,10:48:53,949,KOM_Test,OSTECH,T,LTM,25.0,result,Kommunikations-Test fuer SR830 und OSTECH,,,
2026-09-15,10:48:53,966,KOM_Test,SR830,T,FREQ,1000,result,Kommunikations-Test fuer SR830 und OSTECH,,,
2026-09-15,10:48:53,966,KOM_Test,OSTECH,T,LCA,0.0,result,Kommunikations-Test fuer SR830 und OSTECH,,,
2026-09-15,10:48:54,001,KOM_Test,OSTECH,T,LVA,0.0,result,Kommunikations-Test fuer SR830 und OSTECH,,,
2026-09-15,10:48:54,023,KOM_Test,OSTECH,T,XTA,20.995773315429688,result,Kommunikations-Test fuer SR830 und OSTECH,,,
2026-09-15,10:48:54,035,KOM_Test,OSTECH,T,GT,28.348873138427734,result,Kommunikations-Test fuer SR830 und OSTECH,,,
2026-09-15,10:48:54,050,KOM_Test,OSTECH,T,GS,"{'status_word': 3085, 'interlock_ok': True, 'driver_supply_ok': True, 'driver_temperature_ok': True, 'lt_sensor_ok': True, 'ct_sensor_ok': True, 'lc_on': False, 'lc_error': False}",result,Kommunikations-Test fuer SR830 und OSTECH,,,
2026-09-15,10:48:54,062,KOM_Test,SR830,T,"SNAP 1,2,3,4,10,11","0,0,0,90,0,0",result,Kommunikations-Test fuer SR830 und OSTECH,,,
2026-09-15,10:48:54,066,KOM_Test,OSTECH,T,LTM,25.0,result,Kommunikations-Test fuer SR830 und OSTECH,,,
2026-09-15,10:48:54,086,KOM_Test,OSTECH,T,LCA,0.0,result,Kommunikations-Test fuer SR830 und OSTECH,,,
2026-09-15,10:48:54,101,KOM_Test,OSTECH,T,LVA,0.0,result,Kommunikations-Test fuer SR830 und OSTECH,,,
2026-09-15,10:48:54,119,KOM_Test,OSTECH,T,XTA,20.995773315429688,result,Kommunikations-Test fuer SR830 und OSTECH,,,
2026-09-15,10:48:54,135,KOM_Test,OSTECH,T,GT,28.348873138427734,result,Kommunikations-Test fuer SR830 und OSTECH,,,
2026-09-15,10:48:54,151,KOM_Test,OSTECH,T,GS,"{'status_word': 3085, 'interlock_ok': True, 'driver_supply_ok': True, 'driver_temperature_ok': True, 'lt_sensor_ok': True, 'ct_sensor_ok': True, 'lc_on': False, 'lc_error': False}",result,Kommunikations-Test fuer SR830 und OSTECH,,,
2026-09-15,10:48:54,166,KOM_Test,OSTECH,T,LTM,25.0,result,Kommunikations-Test fuer SR830 und OSTECH,,,
2026-09-15,10:48:54,180,KOM_Test,SR830,T,"SNAP 5,6,7,8,9","-0.00166667,0.00633333,0.001,-0.001,1000",result,Kommunikations-Test fuer SR830 und OSTECH,,,
2026-09-15,10:48:54,192,KOM_Test,OSTECH,T,LCA,0.0,result,Kommunikations-Test fuer SR830 und OSTECH,,,
2026-09-15,10:48:54,192,KOM_Test,SR830,T,PHAS,0,result,Kommunikations-Test fuer SR830 und OSTECH,,,
2026-09-15,10:48:54,205,KOM_Test,OSTECH,T,LVA,0.0,result,Kommunikations-Test fuer SR830 und OSTECH,,,
2026-09-15,10:48:54,218,KOM_Test,SR830,T,FREQ,1000,result,Kommunikations-Test fuer SR830 und OSTECH,,,
2026-09-15,10:48:54,228,KOM_Test,OSTECH,T,XTA,20.995773315429688,result,Kommunikations-Test fuer SR830 und OSTECH,,,
2026-09-15,10:48:54,233,KOM_Test,OSTECH,T,GT,28.348873138427734,result,Kommunikations-Test fuer SR830 und OSTECH,,,
2026-09-15,10:48:54,250,KOM_Test,OSTECH,T,GS,"{'status_word': 3085, 'interlock_ok': True, 'driver_supply_ok': True, 'driver_temperature_ok': True, 'lt_sensor_ok': True, 'ct_sensor_ok': True, 'lc_on': False, 'lc_error': False}",result,Kommunikations-Test fuer SR830 und OSTECH,,,
2026-09-15,10:48:54,266,KOM_Test,OSTECH,T,LTM,25.0,result,Kommunikations-Test fuer SR830 und OSTECH,,,
2026-09-15,10:48:54,286,KOM_Test,OSTECH,T,LCA,0.0,result,Kommunikations-Test fuer SR830 und OSTECH,,,
2026-09-15,10:48:54,302,KOM_Test,OSTECH,T,LVA,0.0,result,Kommunikations-Test fuer SR830 und OSTECH,,,
2026-09-15,10:48:54,317,KOM_Test,OSTECH,T,XTA,20.995773315429688,result,Kommunikations-Test fuer SR830 und OSTECH,,,
2026-09-15,10:48:54,335,KOM_Test,OSTECH,T,GT,28.348873138427734,result,Kommunikations-Test fuer SR830 und OSTECH,,,
2026-09-15,10:48:54,364,KOM_Test,OSTECH,T,GS,"{'status_word': 3085, 'interlock_ok': True, 'driver_supply_ok': True, 'driver_temperature_ok': True, 'lt_sensor_ok': True, 'ct_sensor_ok': True, 'lc_on': False, 'lc_error': False}",result,Kommunikations-Test fuer SR830 und OSTECH,,,
2026-09-15,10:48:54,372,KOM_Test,SR830,T,"SNAP 1,2,3,4,10,11","-6.10356e-005,-6.10356e-005,0,-135,-6.10356e-005,-6.10356e-005",result,Kommunikations-Test fuer SR830 und OSTECH,,,
2026-09-15,10:48:54,379,KOM_Test,OSTECH,T,LTM,25.0,result,Kommunikations-Test fuer SR830 und OSTECH,,,
2026-09-15,10:48:54,384,KOM_Test,OSTECH,T,LCA,0.0,result,Kommunikations-Test fuer SR830 und OSTECH,,,
2026-09-15,10:48:54,401,KOM_Test,OSTECH,T,LVA,0.0,result,Kommunikations-Test fuer SR830 und OSTECH,,,
2026-09-15,10:48:54,418,KOM_Test,OSTECH,T,XTA,21.001953125,result,Kommunikations-Test fuer SR830 und OSTECH,,,
2026-09-15,10:48:54,435,KOM_Test,OSTECH,T,GT,28.348873138427734,result,Kommunikations-Test fuer SR830 und OSTECH,,,
2026-09-15,10:48:54,449,KOM_Test,OSTECH,T,GS,"{'status_word': 3085, 'interlock_ok': True, 'driver_supply_ok': True, 'driver_temperature_ok': True, 'lt_sensor_ok': True, 'ct_sensor_ok': True, 'lc_on': False, 'lc_error': False}",result,Kommunikations-Test fuer SR830 und OSTECH,,,
2026-09-15,10:48:54,466,KOM_Test,OSTECH,T,LTM,25.0,result,Kommunikations-Test fuer SR830 und OSTECH,,,
2026-09-15,10:48:54,486,KOM_Test,OSTECH,T,LCA,0.0,result,Kommunikations-Test fuer SR830 und OSTECH,,,
2026-09-15,10:48:54,499,KOM_Test,SR830,T,"SNAP 5,6,7,8,9","-0.00333333,0.00766667,-0.000666667,-0.000666667,1000",result,Kommunikations-Test fuer SR830 und OSTECH,,,
2026-09-15,10:48:54,511,KOM_Test,OSTECH,T,LVA,0.0,result,Kommunikations-Test fuer SR830 und OSTECH,,,
2026-09-15,10:48:54,524,KOM_Test,SR830,T,PHAS,0,result,Kommunikations-Test fuer SR830 und OSTECH,,,
2026-09-15,10:48:54,529,KOM_Test,OSTECH,T,XTA,21.001953125,result,Kommunikations-Test fuer SR830 und OSTECH,,,
2026-09-15,10:48:54,548,KOM_Test,OSTECH,T,GT,28.348873138427734,result,Kommunikations-Test fuer SR830 und OSTECH,,,
2026-09-15,10:48:54,549,KOM_Test,SR830,T,FREQ,1000,result,Kommunikations-Test fuer SR830 und OSTECH,,,
2026-09-15,10:48:54,549,KOM_Test,OSTECH,T,GS,"{'status_word': 3085, 'interlock_ok': True, 'driver_supply_ok': True, 'driver_temperature_ok': True, 'lt_sensor_ok': True, 'ct_sensor_ok': True, 'lc_on': False, 'lc_error': False}",result,Kommunikations-Test fuer SR830 und OSTECH,,,
2026-09-15,10:48:54,566,KOM_Test,OSTECH,T,LTM,25.0,result,Kommunikations-Test fuer SR830 und OSTECH,,,
2026-09-15,10:48:54,585,KOM_Test,OSTECH,T,LCA,0.0,result,Kommunikations-Test fuer SR830 und OSTECH,,,
2026-09-15,10:48:54,601,KOM_Test,OSTECH,T,LVA,0.0,result,Kommunikations-Test fuer SR830 und OSTECH,,,
2026-09-15,10:48:54,619,KOM_Test,OSTECH,T,XTA,21.001953125,result,Kommunikations-Test fuer SR830 und OSTECH,,,
2026-09-15,10:48:54,636,KOM_Test,OSTECH,T,GT,28.348873138427734,result,Kommunikations-Test fuer SR830 und OSTECH,,,
2026-09-15,10:48:54,649,KOM_Test,OSTECH,T,GS,"{'status_word': 3085, 'interlock_ok': True, 'driver_supply_ok': True, 'driver_temperature_ok': True, 'lt_sensor_ok': True, 'ct_sensor_ok': True, 'lc_on': False, 'lc_error': False}",result,Kommunikations-Test fuer SR830 und OSTECH,,,
2026-09-15,10:48:54,667,KOM_Test,OSTECH,T,LTM,25.0,result,Kommunikations-Test fuer SR830 und OSTECH,,,
2026-09-15,10:48:54,686,KOM_Test,SR830,T,"SNAP 1,2,3,4,10,11","0,-0.000122071,6.10356e-005,-90,0,-0.000122071",result,Kommunikations-Test fuer SR830 und OSTECH,,,
2026-09-15,10:48:54,686,KOM_Test,OSTECH,T,LCA,0.0,result,Kommunikations-Test fuer SR830 und OSTECH,,,
2026-09-15,10:48:54,702,KOM_Test,OSTECH,T,LVA,0.0,result,Kommunikations-Test fuer SR830 und OSTECH,,,
2026-09-15,10:48:54,731,KOM_Test,OSTECH,T,XTA,21.001953125,result,Kommunikations-Test fuer SR830 und OSTECH,,,
2026-09-15,10:48:54,739,KOM_Test,OSTECH,T,GT,28.348873138427734,result,Kommunikations-Test fuer SR830 und OSTECH,,,
2026-09-15,10:48:54,751,KOM_Test,OSTECH,T,GS,"{'status_word': 3085, 'interlock_ok': True, 'driver_supply_ok': True, 'driver_temperature_ok': True, 'lt_sensor_ok': True, 'ct_sensor_ok': True, 'lc_on': False, 'lc_error': False}",result,Kommunikations-Test fuer SR830 und OSTECH,,,
2026-09-15,10:48:54,774,KOM_Test,OSTECH,T,LTM,25.0,result,Kommunikations-Test fuer SR830 und OSTECH,,,
2026-09-15,10:48:54,787,KOM_Test,OSTECH,T,LCA,0.0,result,Kommunikations-Test fuer SR830 und OSTECH,,,
2026-09-15,10:48:54,801,KOM_Test,OSTECH,T,LVA,0.0,result,Kommunikations-Test fuer SR830 und OSTECH,,,
2026-09-15,10:48:54,819,KOM_Test,SR830,T,"SNAP 5,6,7,8,9","-0.00166667,0.00666667,0.00233333,-0.000666667,1000",result,Kommunikations-Test fuer SR830 und OSTECH,,,
2026-09-15,10:48:54,826,KOM_Test,OSTECH,T,XTA,21.001953125,result,Kommunikations-Test fuer SR830 und OSTECH,,,
2026-09-15,10:48:54,839,KOM_Test,OSTECH,T,GT,28.348873138427734,result,Kommunikations-Test fuer SR830 und OSTECH,,,
2026-09-15,10:48:54,839,KOM_Test,SR830,T,PHAS,0,result,Kommunikations-Test fuer SR830 und OSTECH,,,
2026-09-15,10:48:54,856,KOM_Test,OSTECH,T,GS,"{'status_word': 3085, 'interlock_ok': True, 'driver_supply_ok': True, 'driver_temperature_ok': True, 'lt_sensor_ok': True, 'ct_sensor_ok': True, 'lc_on': False, 'lc_error': False}",result,Kommunikations-Test fuer SR830 und OSTECH,,,
2026-09-15,10:48:54,866,KOM_Test,SR830,T,FREQ,1000,result,Kommunikations-Test fuer SR830 und OSTECH,,,
2026-09-15,10:48:54,866,KOM_Test,OSTECH,T,LTM,25.0,result,Kommunikations-Test fuer SR830 und OSTECH,,,
2026-09-15,10:48:54,887,KOM_Test,OSTECH,T,LCA,0.0,result,Kommunikations-Test fuer SR830 und OSTECH,,,
2026-09-15,10:48:54,932,KOM_Test,OSTECH,T,LVA,0.0,result,Kommunikations-Test fuer SR830 und OSTECH,,,
2026-09-15,10:48:54,976,KOM_Test,OSTECH,T,XTA,21.000961303710938,result,Kommunikations-Test fuer SR830 und OSTECH,,,
2026-09-15,10:48:54,976,KOM_Test,OSTECH,T,GT,28.348873138427734,result,Kommunikations-Test fuer SR830 und OSTECH,,,
2026-09-15,10:48:54,980,KOM_Test,OSTECH,T,GS,"{'status_word': 3085, 'interlock_ok': True, 'driver_supply_ok': True, 'driver_temperature_ok': True, 'lt_sensor_ok': True, 'ct_sensor_ok': True, 'lc_on': False, 'lc_error': False}",result,Kommunikations-Test fuer SR830 und OSTECH,,,
2026-09-15,10:48:54,990,KOM_Test,SR830,T,"SNAP 1,2,3,4,10,11","0,-6.10356e-005,0,-90,0,-6.10356e-005",result,Kommunikations-Test fuer SR830 und OSTECH,,,
2026-09-15,10:48:54,994,KOM_Test,OSTECH,T,LTM,25.0,result,Kommunikations-Test fuer SR830 und OSTECH,,,
2026-09-15,10:48:55,009,KOM_Test,OSTECH,T,LCA,0.0,result,Kommunikations-Test fuer SR830 und OSTECH,,,
2026-09-15,10:48:55,024,KOM_Test,OSTECH,T,LVA,0.0,result,Kommunikations-Test fuer SR830 und OSTECH,,,
2026-09-15,10:48:55,040,KOM_Test,OSTECH,T,XTA,21.000961303710938,result,Kommunikations-Test fuer SR830 und OSTECH,,,
2026-09-15,10:48:55,056,KOM_Test,OSTECH,T,GT,28.348873138427734,result,Kommunikations-Test fuer SR830 und OSTECH,,,
2026-09-15,10:48:55,067,KOM_Test,OSTECH,T,GS,"{'status_word': 3085, 'interlock_ok': True, 'driver_supply_ok': True, 'driver_temperature_ok': True, 'lt_sensor_ok': True, 'ct_sensor_ok': True, 'lc_on': False, 'lc_error': False}",result,Kommunikations-Test fuer SR830 und OSTECH,,,
2026-09-15,10:48:55,105,KOM_Test,OSTECH,T,LTM,25.0,result,Kommunikations-Test fuer SR830 und OSTECH,,,
2026-09-15,10:48:55,116,KOM_Test,SR830,T,"SNAP 5,6,7,8,9","-0.00333333,0.00466667,0.000666667,0.000666667,1000",result,Kommunikations-Test fuer SR830 und OSTECH,,,
2026-09-15,10:48:55,116,KOM_Test,OSTECH,T,LCA,0.0,result,Kommunikations-Test fuer SR830 und OSTECH,,,
2026-09-15,10:48:55,139,KOM_Test,OSTECH,T,LVA,0.0,result,Kommunikations-Test fuer SR830 und OSTECH,,,
2026-09-15,10:48:55,139,KOM_Test,SR830,T,PHAS,0,result,Kommunikations-Test fuer SR830 und OSTECH,,,
2026-09-15,10:48:55,155,KOM_Test,OSTECH,T,XTA,21.000961303710938,result,Kommunikations-Test fuer SR830 und OSTECH,,,
2026-09-15,10:48:55,166,KOM_Test,SR830,T,FREQ,1000,result,Kommunikations-Test fuer SR830 und OSTECH,,,
2026-09-15,10:48:55,169,KOM_Test,OSTECH,T,GT,28.34754180908203,result,Kommunikations-Test fuer SR830 und OSTECH,,,
2026-09-15,10:48:55,184,KOM_Test,OSTECH,T,GS,"{'status_word': 3085, 'interlock_ok': True, 'driver_supply_ok': True, 'driver_temperature_ok': True, 'lt_sensor_ok': True, 'ct_sensor_ok': True, 'lc_on': False, 'lc_error': False}",result,Kommunikations-Test fuer SR830 und OSTECH,,,
2026-09-15,10:48:55,205,KOM_Test,OSTECH,T,LTM,25.0,result,Kommunikations-Test fuer SR830 und OSTECH,,,
2026-09-15,10:48:55,219,KOM_Test,OSTECH,T,LCA,0.0,result,Kommunikations-Test fuer SR830 und OSTECH,,,
2026-09-15,10:48:55,235,KOM_Test,OSTECH,T,LVA,0.0,result,Kommunikations-Test fuer SR830 und OSTECH,,,
2026-09-15,10:48:55,256,KOM_Test,OSTECH,T,XTA,21.000961303710938,result,Kommunikations-Test fuer SR830 und OSTECH,,,
2026-09-15,10:48:55,281,KOM_Test,OSTECH,T,GT,28.34754180908203,result,Kommunikations-Test fuer SR830 und OSTECH,,,
2026-09-15,10:48:55,289,KOM_Test,OSTECH,T,GS,"{'status_word': 3085, 'interlock_ok': True, 'driver_supply_ok': True, 'driver_temperature_ok': True, 'lt_sensor_ok': True, 'ct_sensor_ok': True, 'lc_on': False, 'lc_error': False}",result,Kommunikations-Test fuer SR830 und OSTECH,,,
2026-09-15,10:48:55,294,KOM_Test,SR830,T,"SNAP 1,2,3,4,10,11","-6.10356e-005,0,0,135,-6.10356e-005,0",result,Kommunikations-Test fuer SR830 und OSTECH,,,
2026-09-15,10:48:55,306,KOM_Test,OSTECH,T,LTM,25.0,result,Kommunikations-Test fuer SR830 und OSTECH,,,
2026-09-15,10:48:55,322,KOM_Test,OSTECH,T,LCA,0.0,result,Kommunikations-Test fuer SR830 und OSTECH,,,
2026-09-15,10:48:55,341,KOM_Test,OSTECH,T,LVA,0.0,result,Kommunikations-Test fuer SR830 und OSTECH,,,
2026-09-15,10:48:55,356,KOM_Test,OSTECH,T,XTA,21.000961303710938,result,Kommunikations-Test fuer SR830 und OSTECH,,,
2026-09-15,10:48:55,369,KOM_Test,OSTECH,T,GT,28.34754180908203,result,Kommunikations-Test fuer SR830 und OSTECH,,,
2026-09-15,10:48:55,384,KOM_Test,OSTECH,T,GS,"{'status_word': 3085, 'interlock_ok': True, 'driver_supply_ok': True, 'driver_temperature_ok': True, 'lt_sensor_ok': True, 'ct_sensor_ok': True, 'lc_on': False, 'lc_error': False}",result,Kommunikations-Test fuer SR830 und OSTECH,,,
2026-09-15,10:48:55,407,KOM_Test,OSTECH,T,LTM,25.0,result,Kommunikations-Test fuer SR830 und OSTECH,,,
2026-09-15,10:48:55,420,KOM_Test,OSTECH,T,LCA,0.0,result,Kommunikations-Test fuer SR830 und OSTECH,,,
2026-09-15,10:48:55,420,KOM_Test,SR830,T,"SNAP 5,6,7,8,9","-0.000333333,0.00633333,0.00433333,-0.000666667,1000",result,Kommunikations-Test fuer SR830 und OSTECH,,,
2026-09-15,10:48:55,436,KOM_Test,OSTECH,T,LVA,0.0,result,Kommunikations-Test fuer SR830 und OSTECH,,,
2026-09-15,10:48:55,447,KOM_Test,SR830,T,PHAS,0,result,Kommunikations-Test fuer SR830 und OSTECH,,,
2026-09-15,10:48:55,468,KOM_Test,SR830,T,FREQ,1000,result,Kommunikations-Test fuer SR830 und OSTECH,,,
2026-09-15,10:48:55,473,KOM_Test,OSTECH,T,XTA,21.001495361328125,result,Kommunikations-Test fuer SR830 und OSTECH,,,
2026-09-15,10:48:55,483,KOM_Test,OSTECH,T,GT,28.34754180908203,result,Kommunikations-Test fuer SR830 und OSTECH,,,
2026-09-15,10:48:55,508,KOM_Test,OSTECH,T,GS,"{'status_word': 3085, 'interlock_ok': True, 'driver_supply_ok': True, 'driver_temperature_ok': True, 'lt_sensor_ok': True, 'ct_sensor_ok': True, 'lc_on': False, 'lc_error': False}",result,Kommunikations-Test fuer SR830 und OSTECH,,,
2026-09-15,10:48:55,526,KOM_Test,OSTECH,T,LTM,25.0,result,Kommunikations-Test fuer SR830 und OSTECH,,,
2026-09-15,10:48:55,534,KOM_Test,OSTECH,T,LCA,0.0,result,Kommunikations-Test fuer SR830 und OSTECH,,,
2026-09-15,10:48:55,550,KOM_Test,SR830,T,"SNAP 1,2,3,4,10,11","0,0,0,45,0,0",result,Kommunikations-Test fuer SR830 und OSTECH,,,
2026-09-15,10:48:55,562,KOM_Test,OSTECH,T,LVA,0.0,result,Kommunikations-Test fuer SR830 und OSTECH,,,
2026-09-15,10:48:55,574,KOM_Test,OSTECH,T,XTA,21.001495361328125,result,Kommunikations-Test fuer SR830 und OSTECH,,,
2026-09-15,10:48:55,589,KOM_Test,OSTECH,T,GT,28.34754180908203,result,Kommunikations-Test fuer SR830 und OSTECH,,,
2026-09-15,10:48:55,607,KOM_Test,OSTECH,T,GS,"{'status_word': 3085, 'interlock_ok': True, 'driver_supply_ok': True, 'driver_temperature_ok': True, 'lt_sensor_ok': True, 'ct_sensor_ok': True, 'lc_on': False, 'lc_error': False}",result,Kommunikations-Test fuer SR830 und OSTECH,,,
2026-09-15,10:48:55,623,KOM_Test,OSTECH,T,LTM,25.0,result,Kommunikations-Test fuer SR830 und OSTECH,,,
2026-09-15,10:48:55,650,KOM_Test,OSTECH,T,LCA,0.0,result,Kommunikations-Test fuer SR830 und OSTECH,,,
2026-09-15,10:48:55,673,KOM_Test,SR830,T,"SNAP 5,6,7,8,9","-0.00166667,0.005,0.000666667,-0.002,1000",result,Kommunikations-Test fuer SR830 und OSTECH,,,
2026-09-15,10:48:55,679,KOM_Test,OSTECH,T,LVA,0.0,result,Kommunikations-Test fuer SR830 und OSTECH,,,
2026-09-15,10:48:55,684,KOM_Test,SR830,T,PHAS,0,result,Kommunikations-Test fuer SR830 und OSTECH,,,
2026-09-15,10:48:55,684,KOM_Test,OSTECH,T,XTA,21.001495361328125,result,Kommunikations-Test fuer SR830 und OSTECH,,,
2026-09-15,10:48:55,710,KOM_Test,OSTECH,T,GT,28.34754180908203,result,Kommunikations-Test fuer SR830 und OSTECH,,,
2026-09-15,10:48:55,717,KOM_Test,SR830,T,FREQ,1000,result,Kommunikations-Test fuer SR830 und OSTECH,,,
2026-09-15,10:48:55,717,KOM_Test,OSTECH,T,GS,"{'status_word': 3085, 'interlock_ok': True, 'driver_supply_ok': True, 'driver_temperature_ok': True, 'lt_sensor_ok': True, 'ct_sensor_ok': True, 'lc_on': False, 'lc_error': False}",result,Kommunikations-Test fuer SR830 und OSTECH,,,
2026-09-15,10:48:55,737,KOM_Test,OSTECH,T,LTM,25.0,result,Kommunikations-Test fuer SR830 und OSTECH,,,
2026-09-15,10:48:55,760,KOM_Test,OSTECH,T,LCA,0.0,result,Kommunikations-Test fuer SR830 und OSTECH,,,
2026-09-15,10:48:55,768,KOM_Test,OSTECH,T,LVA,0.0,result,Kommunikations-Test fuer SR830 und OSTECH,,,
2026-09-15,10:48:55,786,KOM_Test,OSTECH,T,XTA,21.001495361328125,result,Kommunikations-Test fuer SR830 und OSTECH,,,
2026-09-15,10:48:55,803,KOM_Test,SR830,T,"SNAP 1,2,3,4,10,11","0,0,0,90,0,0",result,Kommunikations-Test fuer SR830 und OSTECH,,,
2026-09-15,10:48:55,811,KOM_Test,OSTECH,T,GT,28.34754180908203,result,Kommunikations-Test fuer SR830 und OSTECH,,,
2026-09-15,10:48:55,823,KOM_Test,OSTECH,T,GS,"{'status_word': 3085, 'interlock_ok': True, 'driver_supply_ok': True, 'driver_temperature_ok': True, 'lt_sensor_ok': True, 'ct_sensor_ok': True, 'lc_on': False, 'lc_error': False}",result,Kommunikations-Test fuer SR830 und OSTECH,,,
2026-09-15,10:48:55,840,KOM_Test,OSTECH,T,LTM,25.0,result,Kommunikations-Test fuer SR830 und OSTECH,,,
2026-09-15,10:48:55,861,KOM_Test,OSTECH,T,LCA,0.0,result,Kommunikations-Test fuer SR830 und OSTECH,,,
2026-09-15,10:48:55,870,KOM_Test,OSTECH,T,LVA,0.0,result,Kommunikations-Test fuer SR830 und OSTECH,,,
2026-09-15,10:48:55,886,KOM_Test,OSTECH,T,XTA,21.001495361328125,result,Kommunikations-Test fuer SR830 und OSTECH,,,
2026-09-15,10:48:55,911,KOM_Test,OSTECH,T,GT,28.34754180908203,result,Kommunikations-Test fuer SR830 und OSTECH,,,
2026-09-15,10:48:55,918,KOM_Test,OSTECH,T,GS,"{'status_word': 3085, 'interlock_ok': True, 'driver_supply_ok': True, 'driver_temperature_ok': True, 'lt_sensor_ok': True, 'ct_sensor_ok': True, 'lc_on': False, 'lc_error': False}",result,Kommunikations-Test fuer SR830 und OSTECH,,,
2026-09-15,10:48:55,930,KOM_Test,SR830,T,"SNAP 5,6,7,8,9","-0.002,0.00666667,0.000666667,0.000666667,1000",result,Kommunikations-Test fuer SR830 und OSTECH,,,
2026-09-15,10:48:55,934,KOM_Test,SR830,T,PHAS,0,result,Kommunikations-Test fuer SR830 und OSTECH,,,
2026-09-15,10:48:55,934,KOM_Test,OSTECH,T,LTM,25.0,result,Kommunikations-Test fuer SR830 und OSTECH,,,
2026-09-15,10:48:55,952,KOM_Test,OSTECH,T,LCA,0.0,result,Kommunikations-Test fuer SR830 und OSTECH,,,
2026-09-15,10:48:55,966,KOM_Test,SR830,T,FREQ,1000,result,Kommunikations-Test fuer SR830 und OSTECH,,,
2026-09-15,10:48:55,967,KOM_Test,OSTECH,T,LVA,0.0,result,Kommunikations-Test fuer SR830 und OSTECH,,,
2026-09-15,10:48:55,987,KOM_Test,OSTECH,T,XTA,21.001495361328125,result,Kommunikations-Test fuer SR830 und OSTECH,,,
2026-09-15,10:48:56,020,KOM_Test,OSTECH,T,GT,28.34754180908203,result,Kommunikations-Test fuer SR830 und OSTECH,,,
2026-09-15,10:48:56,041,KOM_Test,OSTECH,T,GS,"{'status_word': 3085, 'interlock_ok': True, 'driver_supply_ok': True, 'driver_temperature_ok': True, 'lt_sensor_ok': True, 'ct_sensor_ok': True, 'lc_on': False, 'lc_error': False}",result,Kommunikations-Test fuer SR830 und OSTECH,,,
2026-09-15,10:48:56,050,KOM_Test,OSTECH,T,LTM,25.0,result,Kommunikations-Test fuer SR830 und OSTECH,,,
2026-09-15,10:48:56,050,KOM_Test,SR830,T,"SNAP 1,2,3,4,10,11","0,0,0,90,0,0",result,Kommunikations-Test fuer SR830 und OSTECH,,,
2026-09-15,10:48:56,074,KOM_Test,OSTECH,T,LCA,0.0,result,Kommunikations-Test fuer SR830 und OSTECH,,,
2026-09-15,10:48:56,086,KOM_Test,OSTECH,T,LVA,0.0,result,Kommunikations-Test fuer SR830 und OSTECH,,,
2026-09-15,10:48:56,113,KOM_Test,OSTECH,T,XTA,20.99980926513672,result,Kommunikations-Test fuer SR830 und OSTECH,,,
2026-09-15,10:48:56,120,KOM_Test,OSTECH,T,GT,28.34754180908203,result,Kommunikations-Test fuer SR830 und OSTECH,,,
2026-09-15,10:48:56,135,KOM_Test,OSTECH,T,GS,"{'status_word': 3085, 'interlock_ok': True, 'driver_supply_ok': True, 'driver_temperature_ok': True, 'lt_sensor_ok': True, 'ct_sensor_ok': True, 'lc_on': False, 'lc_error': False}",result,Kommunikations-Test fuer SR830 und OSTECH,,,
2026-09-15,10:48:56,150,KOM_Test,OSTECH,T,LTM,25.0,result,Kommunikations-Test fuer SR830 und OSTECH,,,
2026-09-15,10:48:56,170,KOM_Test,OSTECH,T,LCA,0.0,result,Kommunikations-Test fuer SR830 und OSTECH,,,
2026-09-15,10:48:56,184,KOM_Test,SR830,T,"SNAP 5,6,7,8,9","-0.00166667,0.00933333,-0.000666667,-0.00233333,1000",result,Kommunikations-Test fuer SR830 und OSTECH,,,
2026-09-15,10:48:56,201,KOM_Test,OSTECH,T,LVA,0.0,result,Kommunikations-Test fuer SR830 und OSTECH,,,
2026-09-15,10:48:56,201,KOM_Test,SR830,T,PHAS,0,result,Kommunikations-Test fuer SR830 und OSTECH,,,
2026-09-15,10:48:56,219,KOM_Test,OSTECH,T,XTA,20.99980926513672,result,Kommunikations-Test fuer SR830 und OSTECH,,,
2026-09-15,10:48:56,235,KOM_Test,SR830,T,FREQ,1000,result,Kommunikations-Test fuer SR830 und OSTECH,,,
2026-09-15,10:48:56,236,KOM_Test,OSTECH,T,GT,28.34754180908203,result,Kommunikations-Test fuer SR830 und OSTECH,,,
2026-09-15,10:48:56,252,KOM_Test,OSTECH,T,GS,"{'status_word': 3085, 'interlock_ok': True, 'driver_supply_ok': True, 'driver_temperature_ok': True, 'lt_sensor_ok': True, 'ct_sensor_ok': True, 'lc_on': False, 'lc_error': False}",result,Kommunikations-Test fuer SR830 und OSTECH,,,
2026-09-15,10:48:56,267,KOM_Test,OSTECH,T,LTM,25.0,result,Kommunikations-Test fuer SR830 und OSTECH,,,
2026-09-15,10:48:56,284,KOM_Test,OSTECH,T,LCA,0.0,result,Kommunikations-Test fuer SR830 und OSTECH,,,
2026-09-15,10:48:56,303,KOM_Test,OSTECH,T,LVA,0.0,result,Kommunikations-Test fuer SR830 und OSTECH,,,
2026-09-15,10:48:56,321,KOM_Test,OSTECH,T,XTA,20.99980926513672,result,Kommunikations-Test fuer SR830 und OSTECH,,,
2026-09-15,10:48:56,336,KOM_Test,OSTECH,T,GT,28.34754180908203,result,Kommunikations-Test fuer SR830 und OSTECH,,,
2026-09-15,10:48:56,351,KOM_Test,OSTECH,T,GS,"{'status_word': 3085, 'interlock_ok': True, 'driver_supply_ok': True, 'driver_temperature_ok': True, 'lt_sensor_ok': True, 'ct_sensor_ok': True, 'lc_on': False, 'lc_error': False}",result,Kommunikations-Test fuer SR830 und OSTECH,,,
2026-09-15,10:48:56,363,KOM_Test,SR830,T,"SNAP 1,2,3,4,10,11","0,-6.10356e-005,0,-45,0,-6.10356e-005",result,Kommunikations-Test fuer SR830 und OSTECH,,,
2026-09-15,10:48:56,368,KOM_Test,OSTECH,T,LTM,25.0,result,Kommunikations-Test fuer SR830 und OSTECH,,,
2026-09-15,10:48:56,388,KOM_Test,OSTECH,T,LCA,0.0,result,Kommunikations-Test fuer SR830 und OSTECH,,,
2026-09-15,10:48:56,403,KOM_Test,OSTECH,T,LVA,0.0,result,Kommunikations-Test fuer SR830 und OSTECH,,,
2026-09-15,10:48:56,419,KOM_Test,OSTECH,T,XTA,20.99980926513672,result,Kommunikations-Test fuer SR830 und OSTECH,,,
2026-09-15,10:48:56,438,KOM_Test,OSTECH,T,GT,28.34754180908203,result,Kommunikations-Test fuer SR830 und OSTECH,,,
2026-09-15,10:48:56,451,KOM_Test,OSTECH,T,GS,"{'status_word': 3085, 'interlock_ok': True, 'driver_supply_ok': True, 'driver_temperature_ok': True, 'lt_sensor_ok': True, 'ct_sensor_ok': True, 'lc_on': False, 'lc_error': False}",result,Kommunikations-Test fuer SR830 und OSTECH,,,
2026-09-15,10:48:56,467,KOM_Test,OSTECH,T,LTM,25.0,result,Kommunikations-Test fuer SR830 und OSTECH,,,
2026-09-15,10:48:56,486,KOM_Test,SR830,T,"SNAP 5,6,7,8,9","-0.002,0.00766667,0.000666667,0.000666667,1000",result,Kommunikations-Test fuer SR830 und OSTECH,,,
2026-09-15,10:48:56,486,KOM_Test,OSTECH,T,LCA,0.0,result,Kommunikations-Test fuer SR830 und OSTECH,,,
2026-09-15,10:48:56,503,KOM_Test,OSTECH,T,LVA,0.0,result,Kommunikations-Test fuer SR830 und OSTECH,,,
2026-09-15,10:48:56,503,KOM_Test,SR830,T,PHAS,0,result,Kommunikations-Test fuer SR830 und OSTECH,,,
2026-09-15,10:48:56,530,KOM_Test,OSTECH,T,XTA,20.99980926513672,result,Kommunikations-Test fuer SR830 und OSTECH,,,
2026-09-15,10:48:56,535,KOM_Test,SR830,T,FREQ,1000,result,Kommunikations-Test fuer SR830 und OSTECH,,,
2026-09-15,10:48:56,544,KOM_Test,OSTECH,T,GT,28.34754180908203,result,Kommunikations-Test fuer SR830 und OSTECH,,,
2026-09-15,10:48:56,566,KOM_Test,OSTECH,T,GS,"{'status_word': 3085, 'interlock_ok': True, 'driver_supply_ok': True, 'driver_temperature_ok': True, 'lt_sensor_ok': True, 'ct_sensor_ok': True, 'lc_on': False, 'lc_error': False}",result,Kommunikations-Test fuer SR830 und OSTECH,,,
2026-09-15,10:48:56,591,KOM_Test,OSTECH,T,LTM,25.0,result,Kommunikations-Test fuer SR830 und OSTECH,,,
2026-09-15,10:48:56,602,KOM_Test,OSTECH,T,LCA,0.0,result,Kommunikations-Test fuer SR830 und OSTECH,,,
2026-09-15,10:48:56,620,KOM_Test,OSTECH,T,LVA,0.0,result,Kommunikations-Test fuer SR830 und OSTECH,,,
2026-09-15,10:48:56,636,KOM_Test,OSTECH,T,XTA,20.996444702148438,result,Kommunikations-Test fuer SR830 und OSTECH,,,
2026-09-15,10:48:56,636,KOM_Test,SR830,T,"SNAP 1,2,3,4,10,11","-6.10356e-005,0,0,180,-6.10356e-005,0",result,Kommunikations-Test fuer SR830 und OSTECH,,,
2026-09-15,10:48:56,652,KOM_Test,OSTECH,T,GT,28.34754180908203,result,Kommunikations-Test fuer SR830 und OSTECH,,,
2026-09-15,10:48:56,668,KOM_Test,OSTECH,T,GS,"{'status_word': 3085, 'interlock_ok': True, 'driver_supply_ok': True, 'driver_temperature_ok': True, 'lt_sensor_ok': True, 'ct_sensor_ok': True, 'lc_on': False, 'lc_error': False}",result,Kommunikations-Test fuer SR830 und OSTECH,,,
2026-09-15,10:48:56,686,KOM_Test,OSTECH,T,LTM,25.0,result,Kommunikations-Test fuer SR830 und OSTECH,,,
2026-09-15,10:48:56,713,KOM_Test,OSTECH,T,LCA,0.0,result,Kommunikations-Test fuer SR830 und OSTECH,,,
2026-09-15,10:48:56,719,KOM_Test,OSTECH,T,LVA,0.0,result,Kommunikations-Test fuer SR830 und OSTECH,,,
2026-09-15,10:48:56,751,KOM_Test,OSTECH,T,XTA,20.996444702148438,result,Kommunikations-Test fuer SR830 und OSTECH,,,
2026-09-15,10:48:56,772,KOM_Test,SR830,T,"SNAP 5,6,7,8,9","-0.000333333,0.00466667,-0.000666667,-0.001,1000",result,Kommunikations-Test fuer SR830 und OSTECH,,,
2026-09-15,10:48:56,778,KOM_Test,OSTECH,T,GT,28.34754180908203,result,Kommunikations-Test fuer SR830 und OSTECH,,,
2026-09-15,10:48:56,792,KOM_Test,OSTECH,T,GS,"{'status_word': 3085, 'interlock_ok': True, 'driver_supply_ok': True, 'driver_temperature_ok': True, 'lt_sensor_ok': True, 'ct_sensor_ok': True, 'lc_on': False, 'lc_error': False}",result,Kommunikations-Test fuer SR830 und OSTECH,,,
2026-09-15,10:48:56,809,KOM_Test,SR830,T,PHAS,0,result,Kommunikations-Test fuer SR830 und OSTECH,,,
2026-09-15,10:48:56,809,KOM_Test,OSTECH,T,LTM,25.0,result,Kommunikations-Test fuer SR830 und OSTECH,,,
2026-09-15,10:48:56,818,KOM_Test,SR830,T,FREQ,1000,result,Kommunikations-Test fuer SR830 und OSTECH,,,
2026-09-15,10:48:56,830,KOM_Test,OSTECH,T,LCA,0.0,result,Kommunikations-Test fuer SR830 und OSTECH,,,
2026-09-15,10:48:56,842,KOM_Test,OSTECH,T,LVA,0.0,result,Kommunikations-Test fuer SR830 und OSTECH,,,
2026-09-15,10:48:56,851,KOM_Test,OSTECH,T,XTA,20.996444702148438,result,Kommunikations-Test fuer SR830 und OSTECH,,,
2026-09-15,10:48:56,874,KOM_Test,OSTECH,T,GT,28.34754180908203,result,Kommunikations-Test fuer SR830 und OSTECH,,,
2026-09-15,10:48:56,885,KOM_Test,OSTECH,T,GS,"{'status_word': 3085, 'interlock_ok': True, 'driver_supply_ok': True, 'driver_temperature_ok': True, 'lt_sensor_ok': True, 'ct_sensor_ok': True, 'lc_on': False, 'lc_error': False}",result,Kommunikations-Test fuer SR830 und OSTECH,,,
2026-09-15,10:48:56,910,KOM_Test,OSTECH,T,LTM,25.0,result,Kommunikations-Test fuer SR830 und OSTECH,,,
2026-09-15,10:48:56,935,KOM_Test,OSTECH,T,LCA,0.0,result,Kommunikations-Test fuer SR830 und OSTECH,,,
2026-09-15,10:48:56,951,KOM_Test,SR830,T,"SNAP 1,2,3,4,10,11","0,-0.000122071,6.10356e-005,-90,0,-0.000122071",result,Kommunikations-Test fuer SR830 und OSTECH,,,
2026-09-15,10:48:56,958,KOM_Test,OSTECH,T,LVA,0.0,result,Kommunikations-Test fuer SR830 und OSTECH,,,
2026-09-15,10:48:56,983,KOM_Test,OSTECH,T,XTA,20.996444702148438,result,Kommunikations-Test fuer SR830 und OSTECH,,,
2026-09-15,10:48:56,991,KOM_Test,OSTECH,T,GT,28.34754180908203,result,Kommunikations-Test fuer SR830 und OSTECH,,,
2026-09-15,10:48:57,004,KOM_Test,OSTECH,T,GS,"{'status_word': 3085, 'interlock_ok': True, 'driver_supply_ok': True, 'driver_temperature_ok': True, 'lt_sensor_ok': True, 'ct_sensor_ok': True, 'lc_on': False, 'lc_error': False}",result,Kommunikations-Test fuer SR830 und OSTECH,,,
2026-09-15,10:48:57,025,KOM_Test,OSTECH,T,LTM,25.0,result,Kommunikations-Test fuer SR830 und OSTECH,,,
2026-09-15,10:48:57,040,KOM_Test,OSTECH,T,LCA,0.0,result,Kommunikations-Test fuer SR830 und OSTECH,,,
2026-09-15,10:48:57,053,KOM_Test,OSTECH,T,LVA,0.0,result,Kommunikations-Test fuer SR830 und OSTECH,,,
2026-09-15,10:48:57,070,KOM_Test,SR830,T,"SNAP 5,6,7,8,9","-0.00166667,0.00666667,0.001,0.00266667,1000",result,Kommunikations-Test fuer SR830 und OSTECH,,,
2026-09-15,10:48:57,078,KOM_Test,OSTECH,T,XTA,20.996444702148438,result,Kommunikations-Test fuer SR830 und OSTECH,,,
2026-09-15,10:48:57,090,KOM_Test,OSTECH,T,GT,28.34754180908203,result,Kommunikations-Test fuer SR830 und OSTECH,,,
2026-09-15,10:48:57,097,KOM_Test,SR830,T,PHAS,0,result,Kommunikations-Test fuer SR830 und OSTECH,,,
2026-09-15,10:48:57,103,KOM_Test,OSTECH,T,GS,"{'status_word': 3085, 'interlock_ok': True, 'driver_supply_ok': True, 'driver_temperature_ok': True, 'lt_sensor_ok': True, 'ct_sensor_ok': True, 'lc_on': False, 'lc_error': False}",result,Kommunikations-Test fuer SR830 und OSTECH,,,
2026-09-15,10:48:57,119,KOM_Test,SR830,T,FREQ,1000,result,Kommunikations-Test fuer SR830 und OSTECH,,,
2026-09-15,10:48:57,126,KOM_Test,OSTECH,T,LTM,25.0,result,Kommunikations-Test fuer SR830 und OSTECH,,,
2026-09-15,10:48:57,137,KOM_Test,OSTECH,T,LCA,0.0,result,Kommunikations-Test fuer SR830 und OSTECH,,,
2026-09-15,10:48:57,153,KOM_Test,OSTECH,T,LVA,0.0,result,Kommunikations-Test fuer SR830 und OSTECH,,,
2026-09-15,10:48:57,176,KOM_Test,OSTECH,T,XTA,20.996444702148438,result,Kommunikations-Test fuer SR830 und OSTECH,,,
2026-09-15,10:48:57,185,KOM_Test,OSTECH,T,GT,28.34754180908203,result,Kommunikations-Test fuer SR830 und OSTECH,,,
2026-09-15,10:48:57,209,KOM_Test,OSTECH,T,GS,"{'status_word': 3085, 'interlock_ok': True, 'driver_supply_ok': True, 'driver_temperature_ok': True, 'lt_sensor_ok': True, 'ct_sensor_ok': True, 'lc_on': False, 'lc_error': False}",result,Kommunikations-Test fuer SR830 und OSTECH,,,
2026-09-15,10:48:57,230,KOM_Test,OSTECH,T,LTM,25.0,result,Kommunikations-Test fuer SR830 und OSTECH,,,
2026-09-15,10:48:57,236,KOM_Test,OSTECH,T,LCA,0.0,result,Kommunikations-Test fuer SR830 und OSTECH,,,
2026-09-15,10:48:57,251,KOM_Test,OSTECH,T,LVA,0.0,result,Kommunikations-Test fuer SR830 und OSTECH,,,
2026-09-15,10:48:57,263,KOM_Test,SR830,T,"SNAP 1,2,3,4,10,11","0,-0.000122071,6.10356e-005,-63.438,0,-0.000122071",result,Kommunikations-Test fuer SR830 und OSTECH,,,
2026-09-15,10:48:57,277,KOM_Test,OSTECH,T,XTA,20.996444702148438,result,Kommunikations-Test fuer SR830 und OSTECH,,,
2026-09-15,10:48:57,305,KOM_Test,OSTECH,T,GT,28.34754180908203,result,Kommunikations-Test fuer SR830 und OSTECH,,,
2026-09-15,10:48:57,315,KOM_Test,OSTECH,T,GS,"{'status_word': 3085, 'interlock_ok': True, 'driver_supply_ok': True, 'driver_temperature_ok': True, 'lt_sensor_ok': True, 'ct_sensor_ok': True, 'lc_on': False, 'lc_error': False}",result,Kommunikations-Test fuer SR830 und OSTECH,,,
2026-09-15,10:48:57,327,KOM_Test,OSTECH,T,LTM,25.0,result,Kommunikations-Test fuer SR830 und OSTECH,,,
2026-09-15,10:48:57,337,KOM_Test,OSTECH,T,LCA,0.0,result,Kommunikations-Test fuer SR830 und OSTECH,,,
2026-09-15,10:48:57,353,KOM_Test,OSTECH,T,LVA,0.0,result,Kommunikations-Test fuer SR830 und OSTECH,,,
2026-09-15,10:48:57,370,KOM_Test,SR830,T,"SNAP 5,6,7,8,9","-0.00333333,0.005,-0.000666667,-0.001,1000",result,Kommunikations-Test fuer SR830 und OSTECH,,,
2026-09-15,10:48:57,379,KOM_Test,OSTECH,T,XTA,21.001495361328125,result,Kommunikations-Test fuer SR830 und OSTECH,,,
2026-09-15,10:48:57,384,KOM_Test,OSTECH,T,GT,28.34754180908203,result,Kommunikations-Test fuer SR830 und OSTECH,,,
2026-09-15,10:48:57,384,KOM_Test,SR830,T,PHAS,0,result,Kommunikations-Test fuer SR830 und OSTECH,,,
2026-09-15,10:48:57,403,KOM_Test,OSTECH,T,GS,"{'status_word': 3085, 'interlock_ok': True, 'driver_supply_ok': True, 'driver_temperature_ok': True, 'lt_sensor_ok': True, 'ct_sensor_ok': True, 'lc_on': False, 'lc_error': False}",result,Kommunikations-Test fuer SR830 und OSTECH,,,
2026-09-15,10:48:57,417,KOM_Test,SR830,T,FREQ,1000,result,Kommunikations-Test fuer SR830 und OSTECH,,,
2026-09-15,10:48:57,417,KOM_Test,OSTECH,T,LTM,25.0,result,Kommunikations-Test fuer SR830 und OSTECH,,,
2026-09-15,10:48:57,440,KOM_Test,OSTECH,T,LCA,0.0,result,Kommunikations-Test fuer SR830 und OSTECH,,,
2026-09-15,10:48:57,457,KOM_Test,OSTECH,T,LVA,0.0,result,Kommunikations-Test fuer SR830 und OSTECH,,,
2026-09-15,10:48:57,484,KOM_Test,OSTECH,T,XTA,21.001495361328125,result,Kommunikations-Test fuer SR830 und OSTECH,,,
2026-09-15,10:48:57,490,KOM_Test,OSTECH,T,GT,28.34754180908203,result,Kommunikations-Test fuer SR830 und OSTECH,,,
2026-09-15,10:48:57,504,KOM_Test,OSTECH,T,GS,"{'status_word': 3085, 'interlock_ok': True, 'driver_supply_ok': True, 'driver_temperature_ok': True, 'lt_sensor_ok': True, 'ct_sensor_ok': True, 'lc_on': False, 'lc_error': False}",result,Kommunikations-Test fuer SR830 und OSTECH,,,
2026-09-15,10:48:57,529,KOM_Test,OSTECH,T,LTM,25.0,result,Kommunikations-Test fuer SR830 und OSTECH,,,
2026-09-15,10:48:57,535,KOM_Test,SR830,T,"SNAP 1,2,3,4,10,11","0,-6.10356e-005,0,-90,0,-6.10356e-005",result,Kommunikations-Test fuer SR830 und OSTECH,,,
2026-09-15,10:48:57,545,KOM_Test,OSTECH,T,LCA,0.0,result,Kommunikations-Test fuer SR830 und OSTECH,,,
2026-09-15,10:48:57,557,KOM_Test,OSTECH,T,LVA,0.0,result,Kommunikations-Test fuer SR830 und OSTECH,,,
2026-09-15,10:48:57,579,KOM_Test,OSTECH,T,XTA,21.001495361328125,result,Kommunikations-Test fuer SR830 und OSTECH,,,
2026-09-15,10:48:57,587,KOM_Test,OSTECH,T,GT,28.34754180908203,result,Kommunikations-Test fuer SR830 und OSTECH,,,
2026-09-15,10:48:57,601,KOM_Test,OSTECH,T,GS,"{'status_word': 3085, 'interlock_ok': True, 'driver_supply_ok': True, 'driver_temperature_ok': True, 'lt_sensor_ok': True, 'ct_sensor_ok': True, 'lc_on': False, 'lc_error': False}",result,Kommunikations-Test fuer SR830 und OSTECH,,,
2026-09-15,10:48:57,629,KOM_Test,OSTECH,T,LTM,25.0,result,Kommunikations-Test fuer SR830 und OSTECH,,,
2026-09-15,10:48:57,637,KOM_Test,OSTECH,T,LCA,0.0,result,Kommunikations-Test fuer SR830 und OSTECH,,,
2026-09-15,10:48:57,651,KOM_Test,SR830,T,"SNAP 5,6,7,8,9","-0.002,0.00466667,0.00233333,-0.000666667,1000",result,Kommunikations-Test fuer SR830 und OSTECH,,,
2026-09-15,10:48:57,671,KOM_Test,OSTECH,T,LVA,0.0,result,Kommunikations-Test fuer SR830 und OSTECH,,,
2026-09-15,10:48:57,674,KOM_Test,SR830,T,PHAS,0,result,Kommunikations-Test fuer SR830 und OSTECH,,,
2026-09-15,10:48:57,685,KOM_Test,OSTECH,T,XTA,21.00116729736328,result,Kommunikations-Test fuer SR830 und OSTECH,,,
2026-09-15,10:48:57,703,KOM_Test,SR830,T,FREQ,1000,result,Kommunikations-Test fuer SR830 und OSTECH,,,
2026-09-15,10:48:57,712,KOM_Test,OSTECH,T,GT,28.34754180908203,result,Kommunikations-Test fuer SR830 und OSTECH,,,
2026-09-15,10:48:57,719,KOM_Test,OSTECH,T,GS,"{'status_word': 3085, 'interlock_ok': True, 'driver_supply_ok': True, 'driver_temperature_ok': True, 'lt_sensor_ok': True, 'ct_sensor_ok': True, 'lc_on': False, 'lc_error': False}",result,Kommunikations-Test fuer SR830 und OSTECH,,,
2026-09-15,10:48:57,737,KOM_Test,OSTECH,T,LTM,25.0,result,Kommunikations-Test fuer SR830 und OSTECH,,,
2026-09-15,10:48:57,754,KOM_Test,OSTECH,T,LCA,0.0,result,Kommunikations-Test fuer SR830 und OSTECH,,,
2026-09-15,10:48:57,781,KOM_Test,OSTECH,T,LVA,0.0,result,Kommunikations-Test fuer SR830 und OSTECH,,,
2026-09-15,10:48:57,787,KOM_Test,SR830,T,"SNAP 1,2,3,4,10,11","0,0,0,0,0,0",result,Kommunikations-Test fuer SR830 und OSTECH,,,
2026-09-15,10:48:57,796,KOM_Test,OSTECH,T,XTA,21.00116729736328,result,Kommunikations-Test fuer SR830 und OSTECH,,,
2026-09-15,10:48:57,801,KOM_Test,OSTECH,T,GT,28.34754180908203,result,Kommunikations-Test fuer SR830 und OSTECH,,,
2026-09-15,10:48:57,818,KOM_Test,OSTECH,T,GS,"{'status_word': 3085, 'interlock_ok': True, 'driver_supply_ok': True, 'driver_temperature_ok': True, 'lt_sensor_ok': True, 'ct_sensor_ok': True, 'lc_on': False, 'lc_error': False}",result,Kommunikations-Test fuer SR830 und OSTECH,,,
2026-09-15,10:48:57,835,KOM_Test,OSTECH,T,LTM,25.0,result,Kommunikations-Test fuer SR830 und OSTECH,,,
2026-09-15,10:48:57,853,KOM_Test,OSTECH,T,LCA,0.0,result,Kommunikations-Test fuer SR830 und OSTECH,,,
2026-09-15,10:48:57,868,KOM_Test,OSTECH,T,LVA,0.0,result,Kommunikations-Test fuer SR830 und OSTECH,,,
2026-09-15,10:48:57,893,KOM_Test,OSTECH,T,XTA,21.00116729736328,result,Kommunikations-Test fuer SR830 und OSTECH,,,
2026-09-15,10:48:57,910,KOM_Test,OSTECH,T,GT,28.34754180908203,result,Kommunikations-Test fuer SR830 und OSTECH,,,
2026-09-15,10:48:57,917,KOM_Test,SR830,T,"SNAP 5,6,7,8,9","-0.002,0.00466667,0.000666667,0.000666667,1000",result,Kommunikations-Test fuer SR830 und OSTECH,,,
2026-09-15,10:48:57,918,KOM_Test,OSTECH,T,GS,"{'status_word': 3085, 'interlock_ok': True, 'driver_supply_ok': True, 'driver_temperature_ok': True, 'lt_sensor_ok': True, 'ct_sensor_ok': True, 'lc_on': False, 'lc_error': False}",result,Kommunikations-Test fuer SR830 und OSTECH,,,
2026-09-15,10:48:57,935,KOM_Test,OSTECH,T,LTM,25.0,result,Kommunikations-Test fuer SR830 und OSTECH,,,
2026-09-15,10:48:57,935,KOM_Test,SR830,T,PHAS,0,result,Kommunikations-Test fuer SR830 und OSTECH,,,
2026-09-15,10:48:57,952,KOM_Test,OSTECH,T,LCA,0.0,result,Kommunikations-Test fuer SR830 und OSTECH,,,
2026-09-15,10:48:57,969,KOM_Test,SR830,T,FREQ,1000,result,Kommunikations-Test fuer SR830 und OSTECH,,,
2026-09-15,10:48:57,975,KOM_Test,OSTECH,T,LVA,0.0,result,Kommunikations-Test fuer SR830 und OSTECH,,,
2026-09-15,10:48:57,986,KOM_Test,OSTECH,T,XTA,21.00116729736328,result,Kommunikations-Test fuer SR830 und OSTECH,,,
2026-09-15,10:48:58,005,KOM_Test,OSTECH,T,GT,28.34754180908203,result,Kommunikations-Test fuer SR830 und OSTECH,,,
2026-09-15,10:48:58,018,KOM_Test,OSTECH,T,GS,"{'status_word': 3085, 'interlock_ok': True, 'driver_supply_ok': True, 'driver_temperature_ok': True, 'lt_sensor_ok': True, 'ct_sensor_ok': True, 'lc_on': False, 'lc_error': False}",result,Kommunikations-Test fuer SR830 und OSTECH,,,
2026-09-15,10:48:58,035,KOM_Test,OSTECH,T,LTM,25.0,result,Kommunikations-Test fuer SR830 und OSTECH,,,
2026-09-15,10:48:58,055,KOM_Test,SR830,T,"SNAP 1,2,3,4,10,11","0,0,0,0,0,0",result,Kommunikations-Test fuer SR830 und OSTECH,,,
2026-09-15,10:48:58,062,KOM_Test,OSTECH,T,LCA,0.0,result,Kommunikations-Test fuer SR830 und OSTECH,,,
2026-09-15,10:48:58,075,KOM_Test,OSTECH,T,LVA,0.0,result,Kommunikations-Test fuer SR830 und OSTECH,,,
2026-09-15,10:48:58,087,KOM_Test,OSTECH,T,XTA,21.00116729736328,result,Kommunikations-Test fuer SR830 und OSTECH,,,
2026-09-15,10:48:58,105,KOM_Test,OSTECH,T,GT,28.34754180908203,result,Kommunikations-Test fuer SR830 und OSTECH,,,
2026-09-15,10:48:58,120,KOM_Test,OSTECH,T,GS,"{'status_word': 3085, 'interlock_ok': True, 'driver_supply_ok': True, 'driver_temperature_ok': True, 'lt_sensor_ok': True, 'ct_sensor_ok': True, 'lc_on': False, 'lc_error': False}",result,Kommunikations-Test fuer SR830 und OSTECH,,,
2026-09-15,10:48:58,134,KOM_Test,OSTECH,T,LTM,25.0,result,Kommunikations-Test fuer SR830 und OSTECH,,,
2026-09-15,10:48:58,154,KOM_Test,OSTECH,T,LCA,0.0,result,Kommunikations-Test fuer SR830 und OSTECH,,,
2026-09-15,10:48:58,170,KOM_Test,SR830,T,"SNAP 5,6,7,8,9","-0.000333333,0.00466667,0.00233333,-0.001,1000",result,Kommunikations-Test fuer SR830 und OSTECH,,,
2026-09-15,10:48:58,180,KOM_Test,OSTECH,T,LVA,0.0,result,Kommunikations-Test fuer SR830 und OSTECH,,,
2026-09-15,10:48:58,185,KOM_Test,SR830,T,PHAS,0,result,Kommunikations-Test fuer SR830 und OSTECH,,,
2026-09-15,10:48:58,185,KOM_Test,OSTECH,T,XTA,21.00116729736328,result,Kommunikations-Test fuer SR830 und OSTECH,,,
2026-09-15,10:48:58,217,KOM_Test,SR830,T,FREQ,1000,result,Kommunikations-Test fuer SR830 und OSTECH,,,
2026-09-15,10:48:58,223,KOM_Test,OSTECH,T,GT,28.34754180908203,result,Kommunikations-Test fuer SR830 und OSTECH,,,
2026-09-15,10:48:58,235,KOM_Test,OSTECH,T,GS,"{'status_word': 3085, 'interlock_ok': True, 'driver_supply_ok': True, 'driver_temperature_ok': True, 'lt_sensor_ok': True, 'ct_sensor_ok': True, 'lc_on': False, 'lc_error': False}",result,Kommunikations-Test fuer SR830 und OSTECH,,,
2026-09-15,10:48:58,252,KOM_Test,OSTECH,T,LTM,25.0,result,Kommunikations-Test fuer SR830 und OSTECH,,,
2026-09-15,10:48:58,271,KOM_Test,OSTECH,T,LCA,0.0,result,Kommunikations-Test fuer SR830 und OSTECH,,,
2026-09-15,10:48:58,289,KOM_Test,OSTECH,T,LVA,0.0,result,Kommunikations-Test fuer SR830 und OSTECH,,,
2026-09-15,10:48:58,298,KOM_Test,SR830,T,"SNAP 1,2,3,4,10,11","0,0,0,0,0,0",result,Kommunikations-Test fuer SR830 und OSTECH,,,
2026-09-15,10:48:58,304,KOM_Test,OSTECH,T,XTA,21.000274658203125,result,Kommunikations-Test fuer SR830 und OSTECH,,,
2026-09-15,10:48:58,318,KOM_Test,OSTECH,T,GT,28.34754180908203,result,Kommunikations-Test fuer SR830 und OSTECH,,,
2026-09-15,10:48:58,336,KOM_Test,OSTECH,T,GS,"{'status_word': 3085, 'interlock_ok': True, 'driver_supply_ok': True, 'driver_temperature_ok': True, 'lt_sensor_ok': True, 'ct_sensor_ok': True, 'lc_on': False, 'lc_error': False}",result,Kommunikations-Test fuer SR830 und OSTECH,,,
2026-09-15,10:48:58,352,KOM_Test,OSTECH,T,LTM,25.0,result,Kommunikations-Test fuer SR830 und OSTECH,,,
2026-09-15,10:48:58,371,KOM_Test,OSTECH,T,LCA,0.0,result,Kommunikations-Test fuer SR830 und OSTECH,,,
2026-09-15,10:48:58,404,KOM_Test,OSTECH,T,LVA,0.0,result,Kommunikations-Test fuer SR830 und OSTECH,,,
2026-09-15,10:48:58,407,KOM_Test,SR830,T,"SNAP 5,6,7,8,9","-0.002,0.0113333,0.00233333,0.000666667,1000",result,Kommunikations-Test fuer SR830 und OSTECH,,,
2026-09-15,10:48:58,420,KOM_Test,OSTECH,T,XTA,21.000274658203125,result,Kommunikations-Test fuer SR830 und OSTECH,,,
2026-09-15,10:48:58,420,KOM_Test,SR830,T,PHAS,0,result,Kommunikations-Test fuer SR830 und OSTECH,,,
2026-09-15,10:48:58,437,KOM_Test,OSTECH,T,GT,28.34754180908203,result,Kommunikations-Test fuer SR830 und OSTECH,,,
2026-09-15,10:48:58,451,KOM_Test,SR830,T,FREQ,1000,result,Kommunikations-Test fuer SR830 und OSTECH,,,
2026-09-15,10:48:58,452,KOM_Test,OSTECH,T,GS,"{'status_word': 3085, 'interlock_ok': True, 'driver_supply_ok': True, 'driver_temperature_ok': True, 'lt_sensor_ok': True, 'ct_sensor_ok': True, 'lc_on': False, 'lc_error': False}",result,Kommunikations-Test fuer SR830 und OSTECH,,,
2026-09-15,10:48:58,468,KOM_Test,OSTECH,T,LTM,25.0,result,Kommunikations-Test fuer SR830 und OSTECH,,,
2026-09-15,10:48:58,487,KOM_Test,OSTECH,T,LCA,0.0,result,Kommunikations-Test fuer SR830 und OSTECH,,,
2026-09-15,10:48:58,505,KOM_Test,OSTECH,T,LVA,0.0,result,Kommunikations-Test fuer SR830 und OSTECH,,,
2026-09-15,10:48:58,523,KOM_Test,OSTECH,T,XTA,21.000274658203125,result,Kommunikations-Test fuer SR830 und OSTECH,,,
2026-09-15,10:48:58,538,KOM_Test,OSTECH,T,GT,28.34754180908203,result,Kommunikations-Test fuer SR830 und OSTECH,,,
2026-09-15,10:48:58,558,KOM_Test,OSTECH,T,GS,"{'status_word': 3085, 'interlock_ok': True, 'driver_supply_ok': True, 'driver_temperature_ok': True, 'lt_sensor_ok': True, 'ct_sensor_ok': True, 'lc_on': False, 'lc_error': False}",result,Kommunikations-Test fuer SR830 und OSTECH,,,
2026-09-15,10:48:58,568,KOM_Test,SR830,T,"SNAP 1,2,3,4,10,11","0,-6.10356e-005,0,-90,0,-6.10356e-005",result,Kommunikations-Test fuer SR830 und OSTECH,,,
2026-09-15,10:48:58,581,KOM_Test,OSTECH,T,LTM,25.0,result,Kommunikations-Test fuer SR830 und OSTECH,,,
2026-09-15,10:48:58,588,KOM_Test,OSTECH,T,LCA,0.0,result,Kommunikations-Test fuer SR830 und OSTECH,,,
2026-09-15,10:48:58,616,KOM_Test,OSTECH,T,LVA,0.0,result,Kommunikations-Test fuer SR830 und OSTECH,,,
2026-09-15,10:48:58,638,KOM_Test,OSTECH,T,XTA,21.000274658203125,result,Kommunikations-Test fuer SR830 und OSTECH,,,
2026-09-15,10:48:58,644,KOM_Test,OSTECH,T,GT,28.34754180908203,result,Kommunikations-Test fuer SR830 und OSTECH,,,
2026-09-15,10:48:58,660,KOM_Test,OSTECH,T,GS,"{'status_word': 3085, 'interlock_ok': True, 'driver_supply_ok': True, 'driver_temperature_ok': True, 'lt_sensor_ok': True, 'ct_sensor_ok': True, 'lc_on': False, 'lc_error': False}",result,Kommunikations-Test fuer SR830 und OSTECH,,,
2026-09-15,10:48:58,679,KOM_Test,OSTECH,T,LTM,25.0,result,Kommunikations-Test fuer SR830 und OSTECH,,,
2026-09-15,10:48:58,692,KOM_Test,OSTECH,T,LCA,0.0,result,Kommunikations-Test fuer SR830 und OSTECH,,,
2026-09-15,10:48:58,701,KOM_Test,SR830,T,"SNAP 5,6,7,8,9","-0.000666667,0.00466667,0.001,-0.000666667,1000",result,Kommunikations-Test fuer SR830 und OSTECH,,,
2026-09-15,10:48:58,702,KOM_Test,OSTECH,T,LVA,0.0,result,Kommunikations-Test fuer SR830 und OSTECH,,,
2026-09-15,10:48:58,723,KOM_Test,OSTECH,T,XTA,21.000274658203125,result,Kommunikations-Test fuer SR830 und OSTECH,,,
2026-09-15,10:48:58,723,KOM_Test,SR830,T,PHAS,0,result,Kommunikations-Test fuer SR830 und OSTECH,,,
2026-09-15,10:48:58,742,KOM_Test,OSTECH,T,GT,28.34754180908203,result,Kommunikations-Test fuer SR830 und OSTECH,,,
2026-09-15,10:48:58,755,KOM_Test,SR830,T,FREQ,1000,result,Kommunikations-Test fuer SR830 und OSTECH,,,
2026-09-15,10:48:58,770,KOM_Test,OSTECH,T,GS,"{'status_word': 3085, 'interlock_ok': True, 'driver_supply_ok': True, 'driver_temperature_ok': True, 'lt_sensor_ok': True, 'ct_sensor_ok': True, 'lc_on': False, 'lc_error': False}",result,Kommunikations-Test fuer SR830 und OSTECH,,,
2026-09-15,10:48:58,793,KOM_Test,OSTECH,T,LTM,25.0,result,Kommunikations-Test fuer SR830 und OSTECH,,,
2026-09-15,10:48:58,816,KOM_Test,OSTECH,T,LCA,0.0,result,Kommunikations-Test fuer SR830 und OSTECH,,,
2026-09-15,10:48:58,825,KOM_Test,OSTECH,T,LVA,0.0,result,Kommunikations-Test fuer SR830 und OSTECH,,,
2026-09-15,10:48:58,843,KOM_Test,SR830,T,"SNAP 1,2,3,4,10,11","0,0,0,0,0,0",result,Kommunikations-Test fuer SR830 und OSTECH,,,
2026-09-15,10:48:58,848,KOM_Test,OSTECH,T,XTA,21.000381469726562,result,Kommunikations-Test fuer SR830 und OSTECH,,,
2026-09-15,10:48:58,860,KOM_Test,OSTECH,T,GT,28.34754180908203,result,Kommunikations-Test fuer SR830 und OSTECH,,,
2026-09-15,10:48:58,868,KOM_Test,OSTECH,T,GS,"{'status_word': 3085, 'interlock_ok': True, 'driver_supply_ok': True, 'driver_temperature_ok': True, 'lt_sensor_ok': True, 'ct_sensor_ok': True, 'lc_on': False, 'lc_error': False}",result,Kommunikations-Test fuer SR830 und OSTECH,,,
2026-09-15,10:48:58,893,KOM_Test,OSTECH,T,LTM,25.0,result,Kommunikations-Test fuer SR830 und OSTECH,,,
2026-09-15,10:48:58,912,KOM_Test,OSTECH,T,LCA,0.0,result,Kommunikations-Test fuer SR830 und OSTECH,,,
2026-09-15,10:48:58,922,KOM_Test,OSTECH,T,LVA,0.0,result,Kommunikations-Test fuer SR830 und OSTECH,,,
2026-09-15,10:48:58,953,KOM_Test,OSTECH,T,XTA,21.000381469726562,result,Kommunikations-Test fuer SR830 und OSTECH,,,
2026-09-15,10:48:58,969,KOM_Test,SR830,T,"SNAP 5,6,7,8,9","-0.00533333,0.00466667,-0.000666667,-0.001,1000",result,Kommunikations-Test fuer SR830 und OSTECH,,,
2026-09-15,10:48:58,974,KOM_Test,OSTECH,T,GT,28.34754180908203,result,Kommunikations-Test fuer SR830 und OSTECH,,,
2026-09-15,10:48:58,989,KOM_Test,OSTECH,T,GS,"{'status_word': 3085, 'interlock_ok': True, 'driver_supply_ok': True, 'driver_temperature_ok': True, 'lt_sensor_ok': True, 'ct_sensor_ok': True, 'lc_on': False, 'lc_error': False}",result,Kommunikations-Test fuer SR830 und OSTECH,,,
2026-09-15,10:48:58,991,KOM_Test,SR830,T,PHAS,0,result,Kommunikations-Test fuer SR830 und OSTECH,,,
2026-09-15,10:48:59,007,KOM_Test,OSTECH,T,LTM,25.0,result,Kommunikations-Test fuer SR830 und OSTECH,,,
2026-09-15,10:48:59,019,KOM_Test,SR830,T,FREQ,1000,result,Kommunikations-Test fuer SR830 und OSTECH,,,
2026-09-15,10:48:59,021,KOM_Test,OSTECH,T,LCA,0.0,result,Kommunikations-Test fuer SR830 und OSTECH,,,
2026-09-15,10:48:59,044,KOM_Test,OSTECH,T,LVA,0.0,result,Kommunikations-Test fuer SR830 und OSTECH,,,
2026-09-15,10:48:59,053,KOM_Test,OSTECH,T,XTA,21.000381469726562,result,Kommunikations-Test fuer SR830 und OSTECH,,,
2026-09-15,10:48:59,070,KOM_Test,OSTECH,T,GT,28.34754180908203,result,Kommunikations-Test fuer SR830 und OSTECH,,,
2026-09-15,10:48:59,085,KOM_Test,OSTECH,T,GS,"{'status_word': 3085, 'interlock_ok': True, 'driver_supply_ok': True, 'driver_temperature_ok': True, 'lt_sensor_ok': True, 'ct_sensor_ok': True, 'lc_on': False, 'lc_error': False}",result,Kommunikations-Test fuer SR830 und OSTECH,,,
2026-09-15,10:48:59,102,KOM_Test,OSTECH,T,LTM,25.0,result,Kommunikations-Test fuer SR830 und OSTECH,,,
2026-09-15,10:48:59,102,KOM_Test,SR830,T,"SNAP 1,2,3,4,10,11","0,0,0,45,0,0",result,Kommunikations-Test fuer SR830 und OSTECH,,,
2026-09-15,10:48:59,134,KOM_Test,OSTECH,T,LCA,0.0,result,Kommunikations-Test fuer SR830 und OSTECH,,,
2026-09-15,10:48:59,159,KOM_Test,OSTECH,T,LVA,0.0,result,Kommunikations-Test fuer SR830 und OSTECH,,,
2026-09-15,10:48:59,170,KOM_Test,OSTECH,T,XTA,21.000381469726562,result,Kommunikations-Test fuer SR830 und OSTECH,,,
2026-09-15,10:48:59,191,KOM_Test,OSTECH,T,GT,28.34754180908203,result,Kommunikations-Test fuer SR830 und OSTECH,,,
2026-09-15,10:48:59,201,KOM_Test,OSTECH,T,GS,"{'status_word': 3085, 'interlock_ok': True, 'driver_supply_ok': True, 'driver_temperature_ok': True, 'lt_sensor_ok': True, 'ct_sensor_ok': True, 'lc_on': False, 'lc_error': False}",result,Kommunikations-Test fuer SR830 und OSTECH,,,
2026-09-15,10:48:59,218,KOM_Test,OSTECH,T,LTM,25.0,result,Kommunikations-Test fuer SR830 und OSTECH,,,
2026-09-15,10:48:59,218,KOM_Test,SR830,T,"SNAP 5,6,7,8,9","-0.00166667,0.005,-0.00233333,-0.001,1000",result,Kommunikations-Test fuer SR830 und OSTECH,,,
2026-09-15,10:48:59,246,KOM_Test,OSTECH,T,LCA,0.0,result,Kommunikations-Test fuer SR830 und OSTECH,,,
2026-09-15,10:48:59,246,KOM_Test,SR830,T,PHAS,0,result,Kommunikations-Test fuer SR830 und OSTECH,,,
2026-09-15,10:48:59,253,KOM_Test,OSTECH,T,LVA,0.0,result,Kommunikations-Test fuer SR830 und OSTECH,,,
2026-09-15,10:48:59,271,KOM_Test,SR830,T,FREQ,1000,result,Kommunikations-Test fuer SR830 und OSTECH,,,
2026-09-15,10:48:59,280,KOM_Test,OSTECH,T,XTA,21.000381469726562,result,Kommunikations-Test fuer SR830 und OSTECH,,,
2026-09-15,10:48:59,296,KOM_Test,OSTECH,T,GT,28.34754180908203,result,Kommunikations-Test fuer SR830 und OSTECH,,,
2026-09-15,10:48:59,318,KOM_Test,OSTECH,T,GS,"{'status_word': 3085, 'interlock_ok': True, 'driver_supply_ok': True, 'driver_temperature_ok': True, 'lt_sensor_ok': True, 'ct_sensor_ok': True, 'lc_on': False, 'lc_error': False}",result,Kommunikations-Test fuer SR830 und OSTECH,,,
2026-09-15,10:48:59,346,KOM_Test,OSTECH,T,LTM,25.0,result,Kommunikations-Test fuer SR830 und OSTECH,,,
2026-09-15,10:48:59,354,KOM_Test,SR830,T,"SNAP 1,2,3,4,10,11","0,0,0,90,0,0",result,Kommunikations-Test fuer SR830 und OSTECH,,,
2026-09-15,10:48:59,363,KOM_Test,OSTECH,T,LCA,0.0,result,Kommunikations-Test fuer SR830 und OSTECH,,,
2026-09-15,10:48:59,374,KOM_Test,OSTECH,T,LVA,0.0,result,Kommunikations-Test fuer SR830 und OSTECH,,,
2026-09-15,10:48:59,395,KOM_Test,OSTECH,T,XTA,21.000038146972656,result,Kommunikations-Test fuer SR830 und OSTECH,,,
2026-09-15,10:48:59,413,KOM_Test,OSTECH,T,GT,28.34754180908203,result,Kommunikations-Test fuer SR830 und OSTECH,,,
2026-09-15,10:48:59,426,KOM_Test,OSTECH,T,GS,"{'status_word': 3085, 'interlock_ok': True, 'driver_supply_ok': True, 'driver_temperature_ok': True, 'lt_sensor_ok': True, 'ct_sensor_ok': True, 'lc_on': False, 'lc_error': False}",result,Kommunikations-Test fuer SR830 und OSTECH,,,
2026-09-15,10:48:59,438,KOM_Test,OSTECH,T,LTM,25.0,result,Kommunikations-Test fuer SR830 und OSTECH,,,
2026-09-15,10:48:59,454,KOM_Test,OSTECH,T,LCA,0.0,result,Kommunikations-Test fuer SR830 und OSTECH,,,
2026-09-15,10:48:59,468,KOM_Test,OSTECH,T,LVA,0.0,result,Kommunikations-Test fuer SR830 und OSTECH,,,
2026-09-15,10:48:59,488,KOM_Test,SR830,T,"SNAP 5,6,7,8,9","-0.00166667,0.00633333,0.000666667,0.000666667,1000",result,Kommunikations-Test fuer SR830 und OSTECH,,,
2026-09-15,10:48:59,502,KOM_Test,OSTECH,T,XTA,21.000038146972656,result,Kommunikations-Test fuer SR830 und OSTECH,,,
2026-09-15,10:48:59,514,KOM_Test,SR830,T,PHAS,0,result,Kommunikations-Test fuer SR830 und OSTECH,,,
2026-09-15,10:48:59,518,KOM_Test,OSTECH,T,GT,28.347034454345703,result,Kommunikations-Test fuer SR830 und OSTECH,,,
2026-09-15,10:48:59,536,KOM_Test,SR830,T,FREQ,1000,result,Kommunikations-Test fuer SR830 und OSTECH,,,
2026-09-15,10:48:59,539,KOM_Test,OSTECH,T,GS,"{'status_word': 3085, 'interlock_ok': True, 'driver_supply_ok': True, 'driver_temperature_ok': True, 'lt_sensor_ok': True, 'ct_sensor_ok': True, 'lc_on': False, 'lc_error': False}",result,Kommunikations-Test fuer SR830 und OSTECH,,,
2026-09-15,10:48:59,558,KOM_Test,OSTECH,T,LTM,25.0,result,Kommunikations-Test fuer SR830 und OSTECH,,,
2026-09-15,10:48:59,568,KOM_Test,OSTECH,T,LCA,0.0,result,Kommunikations-Test fuer SR830 und OSTECH,,,
2026-09-15,10:48:59,591,KOM_Test,OSTECH,T,LVA,0.0,result,Kommunikations-Test fuer SR830 und OSTECH,,,
2026-09-15,10:48:59,603,KOM_Test,OSTECH,T,XTA,21.000038146972656,result,Kommunikations-Test fuer SR830 und OSTECH,,,
2026-09-15,10:48:59,620,KOM_Test,OSTECH,T,GT,28.347034454345703,result,Kommunikations-Test fuer SR830 und OSTECH,,,
2026-09-15,10:48:59,635,KOM_Test,OSTECH,T,GS,"{'status_word': 3085, 'interlock_ok': True, 'driver_supply_ok': True, 'driver_temperature_ok': True, 'lt_sensor_ok': True, 'ct_sensor_ok': True, 'lc_on': False, 'lc_error': False}",result,Kommunikations-Test fuer SR830 und OSTECH,,,
2026-09-15,10:48:59,648,KOM_Test,SR830,T,"SNAP 1,2,3,4,10,11","0,-6.10356e-005,0,-90,0,-6.10356e-005",result,Kommunikations-Test fuer SR830 und OSTECH,,,
2026-09-15,10:48:59,652,KOM_Test,OSTECH,T,LTM,25.0,result,Kommunikations-Test fuer SR830 und OSTECH,,,
2026-09-15,10:48:59,684,KOM_Test,OSTECH,T,LCA,0.0,result,Kommunikations-Test fuer SR830 und OSTECH,,,
2026-09-15,10:48:59,691,KOM_Test,OSTECH,T,LVA,0.0,result,Kommunikations-Test fuer SR830 und OSTECH,,,
2026-09-15,10:48:59,704,KOM_Test,OSTECH,T,XTA,21.000038146972656,result,Kommunikations-Test fuer SR830 und OSTECH,,,
2026-09-15,10:48:59,721,KOM_Test,OSTECH,T,GT,28.347034454345703,result,Kommunikations-Test fuer SR830 und OSTECH,,,
2026-09-15,10:48:59,737,KOM_Test,OSTECH,T,GS,"{'status_word': 3085, 'interlock_ok': True, 'driver_supply_ok': True, 'driver_temperature_ok': True, 'lt_sensor_ok': True, 'ct_sensor_ok': True, 'lc_on': False, 'lc_error': False}",result,Kommunikations-Test fuer SR830 und OSTECH,,,
2026-09-15,10:48:59,762,KOM_Test,OSTECH,T,LTM,25.0,result,Kommunikations-Test fuer SR830 und OSTECH,,,
2026-09-15,10:48:59,762,KOM_Test,SR830,T,"SNAP 5,6,7,8,9","-0.00166667,0.00633333,0.001,-0.000666667,1000",result,Kommunikations-Test fuer SR830 und OSTECH,,,
2026-09-15,10:48:59,774,KOM_Test,OSTECH,T,LCA,0.0,result,Kommunikations-Test fuer SR830 und OSTECH,,,
2026-09-15,10:48:59,774,KOM_Test,SR830,T,PHAS,0,result,Kommunikations-Test fuer SR830 und OSTECH,,,
2026-09-15,10:48:59,792,KOM_Test,OSTECH,T,LVA,0.0,result,Kommunikations-Test fuer SR830 und OSTECH,,,
2026-09-15,10:48:59,802,KOM_Test,SR830,T,FREQ,1000,result,Kommunikations-Test fuer SR830 und OSTECH,,,
2026-09-15,10:48:59,811,KOM_Test,OSTECH,T,XTA,21.000038146972656,result,Kommunikations-Test fuer SR830 und OSTECH,,,
2026-09-15,10:48:59,824,KOM_Test,OSTECH,T,GT,28.347034454345703,result,Kommunikations-Test fuer SR830 und OSTECH,,,
2026-09-15,10:48:59,841,KOM_Test,OSTECH,T,GS,"{'status_word': 3085, 'interlock_ok': True, 'driver_supply_ok': True, 'driver_temperature_ok': True, 'lt_sensor_ok': True, 'ct_sensor_ok': True, 'lc_on': False, 'lc_error': False}",result,Kommunikations-Test fuer SR830 und OSTECH,,,
2026-09-15,10:48:59,872,KOM_Test,OSTECH,T,LTM,25.0,result,Kommunikations-Test fuer SR830 und OSTECH,,,
2026-09-15,10:48:59,892,KOM_Test,OSTECH,T,LCA,0.0,result,Kommunikations-Test fuer SR830 und OSTECH,,,
2026-09-15,10:48:59,910,KOM_Test,OSTECH,T,LVA,0.0,result,Kommunikations-Test fuer SR830 und OSTECH,,,
2026-09-15,10:48:59,922,KOM_Test,OSTECH,T,XTA,20.997352600097656,result,Kommunikations-Test fuer SR830 und OSTECH,,,
2026-09-15,10:48:59,937,KOM_Test,OSTECH,T,GT,28.347034454345703,result,Kommunikations-Test fuer SR830 und OSTECH,,,
2026-09-15,10:48:59,952,KOM_Test,OSTECH,T,GS,"{'status_word': 3085, 'interlock_ok': True, 'driver_supply_ok': True, 'driver_temperature_ok': True, 'lt_sensor_ok': True, 'ct_sensor_ok': True, 'lc_on': False, 'lc_error': False}",result,Kommunikations-Test fuer SR830 und OSTECH,,,
2026-09-15,10:48:59,964,KOM_Test,SR830,T,"SNAP 1,2,3,4,10,11","-6.10356e-005,-6.10356e-005,0,-135,-6.10356e-005,-6.10356e-005",result,Kommunikations-Test fuer SR830 und OSTECH,,,
2026-09-15,10:48:59,969,KOM_Test,OSTECH,T,LTM,25.0,result,Kommunikations-Test fuer SR830 und OSTECH,,,
2026-09-15,10:48:59,988,KOM_Test,OSTECH,T,LCA,0.0,result,Kommunikations-Test fuer SR830 und OSTECH,,,
2026-09-15,10:49:00,006,KOM_Test,OSTECH,T,LVA,0.0,result,Kommunikations-Test fuer SR830 und OSTECH,,,
2026-09-15,10:49:00,021,KOM_Test,OSTECH,T,XTA,20.997352600097656,result,Kommunikations-Test fuer SR830 und OSTECH,,,
2026-09-15,10:49:00,051,KOM_Test,OSTECH,T,GT,28.347034454345703,result,Kommunikations-Test fuer SR830 und OSTECH,,,
2026-09-15,10:49:00,057,KOM_Test,OSTECH,T,GS,"{'status_word': 3085, 'interlock_ok': True, 'driver_supply_ok': True, 'driver_temperature_ok': True, 'lt_sensor_ok': True, 'ct_sensor_ok': True, 'lc_on': False, 'lc_error': False}",result,Kommunikations-Test fuer SR830 und OSTECH,,,
2026-09-15,10:49:00,069,KOM_Test,OSTECH,T,LTM,25.0,result,Kommunikations-Test fuer SR830 und OSTECH,,,
2026-09-15,10:49:00,088,KOM_Test,SR830,T,"SNAP 5,6,7,8,9","-0.00166667,0.00633333,0.001,-0.000666667,1000",result,Kommunikations-Test fuer SR830 und OSTECH,,,
2026-09-15,10:49:00,097,KOM_Test,OSTECH,T,LCA,0.0,result,Kommunikations-Test fuer SR830 und OSTECH,,,
2026-09-15,10:49:00,109,KOM_Test,OSTECH,T,LVA,0.0,result,Kommunikations-Test fuer SR830 und OSTECH,,,
2026-09-15,10:49:00,109,KOM_Test,SR830,T,PHAS,0,result,Kommunikations-Test fuer SR830 und OSTECH,,,
2026-09-15,10:49:00,119,KOM_Test,OSTECH,T,XTA,20.997352600097656,result,Kommunikations-Test fuer SR830 und OSTECH,,,
2026-09-15,10:49:00,138,KOM_Test,SR830,T,FREQ,1000,result,Kommunikations-Test fuer SR830 und OSTECH,,,
2026-09-15,10:49:00,141,KOM_Test,OSTECH,T,GT,28.347034454345703,result,Kommunikations-Test fuer SR830 und OSTECH,,,
2026-09-15,10:49:00,153,KOM_Test,OSTECH,T,GS,"{'status_word': 3085, 'interlock_ok': True, 'driver_supply_ok': True, 'driver_temperature_ok': True, 'lt_sensor_ok': True, 'ct_sensor_ok': True, 'lc_on': False, 'lc_error': False}",result,Kommunikations-Test fuer SR830 und OSTECH,,,
2026-09-15,10:49:00,169,KOM_Test,OSTECH,T,LTM,25.0,result,Kommunikations-Test fuer SR830 und OSTECH,,,
2026-09-15,10:49:00,187,KOM_Test,OSTECH,T,LCA,0.0,result,Kommunikations-Test fuer SR830 und OSTECH,,,
2026-09-15,10:49:00,205,KOM_Test,OSTECH,T,LVA,0.0,result,Kommunikations-Test fuer SR830 und OSTECH,,,
2026-09-15,10:49:00,234,KOM_Test,OSTECH,T,XTA,20.997352600097656,result,Kommunikations-Test fuer SR830 und OSTECH,,,
2026-09-15,10:49:00,242,KOM_Test,OSTECH,T,GT,28.347034454345703,result,Kommunikations-Test fuer SR830 und OSTECH,,,
2026-09-15,10:49:00,254,KOM_Test,OSTECH,T,GS,"{'status_word': 3085, 'interlock_ok': True, 'driver_supply_ok': True, 'driver_temperature_ok': True, 'lt_sensor_ok': True, 'ct_sensor_ok': True, 'lc_on': False, 'lc_error': False}",result,Kommunikations-Test fuer SR830 und OSTECH,,,
2026-09-15,10:49:00,269,KOM_Test,OSTECH,T,LTM,25.0,result,Kommunikations-Test fuer SR830 und OSTECH,,,
2026-09-15,10:49:00,288,KOM_Test,OSTECH,T,LCA,0.0,result,Kommunikations-Test fuer SR830 und OSTECH,,,
2026-09-15,10:49:00,305,KOM_Test,OSTECH,T,LVA,0.0,result,Kommunikations-Test fuer SR830 und OSTECH,,,
2026-09-15,10:49:00,319,KOM_Test,SR830,T,"SNAP 1,2,3,4,10,11","-6.10356e-005,-0.000122071,6.10356e-005,-116.562,-6.10356e-005,-0.000122071",result,Kommunikations-Test fuer SR830 und OSTECH,,,
2026-09-15,10:49:00,322,KOM_Test,OSTECH,T,XTA,20.997352600097656,result,Kommunikations-Test fuer SR830 und OSTECH,,,
2026-09-15,10:49:00,337,KOM_Test,OSTECH,T,GT,28.347034454345703,result,Kommunikations-Test fuer SR830 und OSTECH,,,
2026-09-15,10:49:00,355,KOM_Test,OSTECH,T,GS,"{'status_word': 3085, 'interlock_ok': True, 'driver_supply_ok': True, 'driver_temperature_ok': True, 'lt_sensor_ok': True, 'ct_sensor_ok': True, 'lc_on': False, 'lc_error': False}",result,Kommunikations-Test fuer SR830 und OSTECH,,,
2026-09-15,10:49:00,369,KOM_Test,OSTECH,T,LTM,25.0,result,Kommunikations-Test fuer SR830 und OSTECH,,,
2026-09-15,10:49:00,389,KOM_Test,OSTECH,T,LCA,0.0,result,Kommunikations-Test fuer SR830 und OSTECH,,,
2026-09-15,10:49:00,424,KOM_Test,OSTECH,T,LVA,0.0,result,Kommunikations-Test fuer SR830 und OSTECH,,,
2026-09-15,10:49:00,435,KOM_Test,SR830,T,"SNAP 5,6,7,8,9","-0.000666667,0.00766667,0.000666667,-0.002,1000",result,Kommunikations-Test fuer SR830 und OSTECH,,,
2026-09-15,10:49:00,435,KOM_Test,OSTECH,T,XTA,21.001495361328125,result,Kommunikations-Test fuer SR830 und OSTECH,,,
2026-09-15,10:49:00,457,KOM_Test,OSTECH,T,GT,28.347034454345703,result,Kommunikations-Test fuer SR830 und OSTECH,,,
2026-09-15,10:49:00,464,KOM_Test,SR830,T,PHAS,0,result,Kommunikations-Test fuer SR830 und OSTECH,,,
2026-09-15,10:49:00,469,KOM_Test,OSTECH,T,GS,"{'status_word': 3085, 'interlock_ok': True, 'driver_supply_ok': True, 'driver_temperature_ok': True, 'lt_sensor_ok': True, 'ct_sensor_ok': True, 'lc_on': False, 'lc_error': False}",result,Kommunikations-Test fuer SR830 und OSTECH,,,
2026-09-15,10:49:00,486,KOM_Test,SR830,T,FREQ,1000,result,Kommunikations-Test fuer SR830 und OSTECH,,,
2026-09-15,10:49:00,486,KOM_Test,OSTECH,T,LTM,25.0,result,Kommunikations-Test fuer SR830 und OSTECH,,,
2026-09-15,10:49:00,507,KOM_Test,OSTECH,T,LCA,0.0,result,Kommunikations-Test fuer SR830 und OSTECH,,,
2026-09-15,10:49:00,527,KOM_Test,OSTECH,T,LVA,0.0,result,Kommunikations-Test fuer SR830 und OSTECH,,,
2026-09-15,10:49:00,539,KOM_Test,OSTECH,T,XTA,21.001495361328125,result,Kommunikations-Test fuer SR830 und OSTECH,,,
2026-09-15,10:49:00,558,KOM_Test,OSTECH,T,GT,28.347034454345703,result,Kommunikations-Test fuer SR830 und OSTECH,,,
2026-09-15,10:49:00,569,KOM_Test,SR830,T,"SNAP 1,2,3,4,10,11","0,0,0,90,0,0",result,Kommunikations-Test fuer SR830 und OSTECH,,,
2026-09-15,10:49:00,569,KOM_Test,OSTECH,T,GS,"{'status_word': 3085, 'interlock_ok': True, 'driver_supply_ok': True, 'driver_temperature_ok': True, 'lt_sensor_ok': True, 'ct_sensor_ok': True, 'lc_on': False, 'lc_error': False}",result,Kommunikations-Test fuer SR830 und OSTECH,,,
2026-09-15,10:49:00,610,KOM_Test,OSTECH,T,LTM,25.0,result,Kommunikations-Test fuer SR830 und OSTECH,,,
2026-09-15,10:49:00,637,KOM_Test,OSTECH,T,LCA,0.0,result,Kommunikations-Test fuer SR830 und OSTECH,,,
2026-09-15,10:49:00,648,KOM_Test,OSTECH,T,LVA,0.0,result,Kommunikations-Test fuer SR830 und OSTECH,,,
2026-09-15,10:49:00,663,KOM_Test,OSTECH,T,XTA,21.001495361328125,result,Kommunikations-Test fuer SR830 und OSTECH,,,
2026-09-15,10:49:00,671,KOM_Test,OSTECH,T,GT,28.347034454345703,result,Kommunikations-Test fuer SR830 und OSTECH,,,
2026-09-15,10:49:00,687,KOM_Test,OSTECH,T,GS,"{'status_word': 3085, 'interlock_ok': True, 'driver_supply_ok': True, 'driver_temperature_ok': True, 'lt_sensor_ok': True, 'ct_sensor_ok': True, 'lc_on': False, 'lc_error': False}",result,Kommunikations-Test fuer SR830 und OSTECH,,,
2026-09-15,10:49:00,697,KOM_Test,SR830,T,"SNAP 5,6,7,8,9","-0.002,0.00466667,0.000666667,0.000666667,1000",result,Kommunikations-Test fuer SR830 und OSTECH,,,
2026-09-15,10:49:00,714,KOM_Test,OSTECH,T,LTM,25.0,result,Kommunikations-Test fuer SR830 und OSTECH,,,
2026-09-15,10:49:00,714,KOM_Test,SR830,T,PHAS,0,result,Kommunikations-Test fuer SR830 und OSTECH,,,
2026-09-15,10:49:00,730,KOM_Test,OSTECH,T,LCA,0.0,result,Kommunikations-Test fuer SR830 und OSTECH,,,
2026-09-15,10:49:00,737,KOM_Test,SR830,T,FREQ,1000,result,Kommunikations-Test fuer SR830 und OSTECH,,,
2026-09-15,10:49:00,753,KOM_Test,OSTECH,T,LVA,0.0,result,Kommunikations-Test fuer SR830 und OSTECH,,,
2026-09-15,10:49:00,768,KOM_Test,OSTECH,T,XTA,21.001495361328125,result,Kommunikations-Test fuer SR830 und OSTECH,,,
2026-09-15,10:49:00,787,KOM_Test,OSTECH,T,GT,28.347034454345703,result,Kommunikations-Test fuer SR830 und OSTECH,,,
2026-09-15,10:49:00,792,KOM_Test,OSTECH,T,GS,"{'status_word': 3085, 'interlock_ok': True, 'driver_supply_ok': True, 'driver_temperature_ok': True, 'lt_sensor_ok': True, 'ct_sensor_ok': True, 'lc_on': False, 'lc_error': False}",result,Kommunikations-Test fuer SR830 und OSTECH,,,
2026-09-15,10:49:00,817,KOM_Test,OSTECH,T,LTM,25.0,result,Kommunikations-Test fuer SR830 und OSTECH,,,
2026-09-15,10:49:00,826,KOM_Test,OSTECH,T,LCA,0.0,result,Kommunikations-Test fuer SR830 und OSTECH,,,
2026-09-15,10:49:00,839,KOM_Test,OSTECH,T,LVA,0.0,result,Kommunikations-Test fuer SR830 und OSTECH,,,
2026-09-15,10:49:00,865,KOM_Test,OSTECH,T,XTA,21.001495361328125,result,Kommunikations-Test fuer SR830 und OSTECH,,,
2026-09-15,10:49:00,869,KOM_Test,SR830,T,"SNAP 1,2,3,4,10,11","0,6.10356e-005,6.10356e-005,63.438,0,6.10356e-005",result,Kommunikations-Test fuer SR830 und OSTECH,,,
2026-09-15,10:49:00,873,KOM_Test,OSTECH,T,GT,28.347034454345703,result,Kommunikations-Test fuer SR830 und OSTECH,,,
2026-09-15,10:49:00,886,KOM_Test,OSTECH,T,GS,"{'status_word': 3085, 'interlock_ok': True, 'driver_supply_ok': True, 'driver_temperature_ok': True, 'lt_sensor_ok': True, 'ct_sensor_ok': True, 'lc_on': False, 'lc_error': False}",result,Kommunikations-Test fuer SR830 und OSTECH,,,
2026-09-15,10:49:00,911,KOM_Test,OSTECH,T,LTM,25.0,result,Kommunikations-Test fuer SR830 und OSTECH,,,
2026-09-15,10:49:00,922,KOM_Test,OSTECH,T,LCA,0.0,result,Kommunikations-Test fuer SR830 und OSTECH,,,
2026-09-15,10:49:00,938,KOM_Test,OSTECH,T,LVA,0.0,result,Kommunikations-Test fuer SR830 und OSTECH,,,
2026-09-15,10:49:00,976,KOM_Test,OSTECH,T,XTA,21.002403259277344,result,Kommunikations-Test fuer SR830 und OSTECH,,,
2026-09-15,10:49:00,985,KOM_Test,SR830,T,"SNAP 5,6,7,8,9","-0.000333333,0.003,-0.002,-0.002,1000",result,Kommunikations-Test fuer SR830 und OSTECH,,,
2026-09-15,10:49:00,985,KOM_Test,OSTECH,T,GT,28.347034454345703,result,Kommunikations-Test fuer SR830 und OSTECH,,,
2026-09-15,10:49:01,009,KOM_Test,OSTECH,T,GS,"{'status_word': 3085, 'interlock_ok': True, 'driver_supply_ok': True, 'driver_temperature_ok': True, 'lt_sensor_ok': True, 'ct_sensor_ok': True, 'lc_on': False, 'lc_error': False}",result,Kommunikations-Test fuer SR830 und OSTECH,,,
2026-09-15,10:49:01,014,KOM_Test,SR830,T,PHAS,0,result,Kommunikations-Test fuer SR830 und OSTECH,,,
2026-09-15,10:49:01,019,KOM_Test,OSTECH,T,LTM,25.0,result,Kommunikations-Test fuer SR830 und OSTECH,,,
2026-09-15,10:49:01,036,KOM_Test,SR830,T,FREQ,1000,result,Kommunikations-Test fuer SR830 und OSTECH,,,
2026-09-15,10:49:01,036,KOM_Test,OSTECH,T,LCA,0.0,result,Kommunikations-Test fuer SR830 und OSTECH,,,
2026-09-15,10:49:01,054,KOM_Test,OSTECH,T,LVA,0.0,result,Kommunikations-Test fuer SR830 und OSTECH,,,
2026-09-15,10:49:01,071,KOM_Test,OSTECH,T,XTA,21.002403259277344,result,Kommunikations-Test fuer SR830 und OSTECH,,,
2026-09-15,10:49:01,090,KOM_Test,OSTECH,T,GT,28.347034454345703,result,Kommunikations-Test fuer SR830 und OSTECH,,,
2026-09-15,10:49:01,102,KOM_Test,OSTECH,T,GS,"{'status_word': 3085, 'interlock_ok': True, 'driver_supply_ok': True, 'driver_temperature_ok': True, 'lt_sensor_ok': True, 'ct_sensor_ok': True, 'lc_on': False, 'lc_error': False}",result,Kommunikations-Test fuer SR830 und OSTECH,,,
2026-09-15,10:49:01,120,KOM_Test,OSTECH,T,LTM,25.0,result,Kommunikations-Test fuer SR830 und OSTECH,,,
2026-09-15,10:49:01,151,KOM_Test,OSTECH,T,LCA,0.0,result,Kommunikations-Test fuer SR830 und OSTECH,,,
2026-09-15,10:49:01,168,KOM_Test,SR830,T,"SNAP 1,2,3,4,10,11","6.10356e-005,0,6.10356e-005,0,6.10356e-005,0",result,Kommunikations-Test fuer SR830 und OSTECH,,,
2026-09-15,10:49:01,175,KOM_Test,OSTECH,T,LVA,0.0,result,Kommunikations-Test fuer SR830 und OSTECH,,,
2026-09-15,10:49:01,186,KOM_Test,OSTECH,T,XTA,21.002403259277344,result,Kommunikations-Test fuer SR830 und OSTECH,,,
2026-09-15,10:49:01,205,KOM_Test,OSTECH,T,GT,28.347034454345703,result,Kommunikations-Test fuer SR830 und OSTECH,,,
2026-09-15,10:49:01,220,KOM_Test,OSTECH,T,GS,"{'status_word': 3085, 'interlock_ok': True, 'driver_supply_ok': True, 'driver_temperature_ok': True, 'lt_sensor_ok': True, 'ct_sensor_ok': True, 'lc_on': False, 'lc_error': False}",result,Kommunikations-Test fuer SR830 und OSTECH,,,
2026-09-15,10:49:01,235,KOM_Test,OSTECH,T,LTM,25.0,result,Kommunikations-Test fuer SR830 und OSTECH,,,
2026-09-15,10:49:01,256,KOM_Test,OSTECH,T,LCA,0.0,result,Kommunikations-Test fuer SR830 und OSTECH,,,
2026-09-15,10:49:01,269,KOM_Test,SR830,T,"SNAP 5,6,7,8,9","0.00133333,0.005,0.00233333,-0.00233333,1000",result,Kommunikations-Test fuer SR830 und OSTECH,,,
2026-09-15,10:49:01,269,KOM_Test,OSTECH,T,LVA,0.0,result,Kommunikations-Test fuer SR830 und OSTECH,,,
2026-09-15,10:49:01,289,KOM_Test,SR830,T,PHAS,0,result,Kommunikations-Test fuer SR830 und OSTECH,,,
2026-09-15,10:49:01,289,KOM_Test,OSTECH,T,XTA,21.002403259277344,result,Kommunikations-Test fuer SR830 und OSTECH,,,
2026-09-15,10:49:01,304,KOM_Test,OSTECH,T,GT,28.347034454345703,result,Kommunikations-Test fuer SR830 und OSTECH,,,
2026-09-15,10:49:01,320,KOM_Test,SR830,T,FREQ,1000,result,Kommunikations-Test fuer SR830 und OSTECH,,,
2026-09-15,10:49:01,320,KOM_Test,OSTECH,T,GS,"{'status_word': 3085, 'interlock_ok': True, 'driver_supply_ok': True, 'driver_temperature_ok': True, 'lt_sensor_ok': True, 'ct_sensor_ok': True, 'lc_on': False, 'lc_error': False}",result,Kommunikations-Test fuer SR830 und OSTECH,,,
2026-09-15,10:49:01,337,KOM_Test,OSTECH,T,LTM,25.0,result,Kommunikations-Test fuer SR830 und OSTECH,,,
2026-09-15,10:49:01,352,KOM_Test,OSTECH,T,LCA,0.0,result,Kommunikations-Test fuer SR830 und OSTECH,,,
2026-09-15,10:49:01,369,KOM_Test,OSTECH,T,LVA,0.0,result,Kommunikations-Test fuer SR830 und OSTECH,,,
2026-09-15,10:49:01,388,KOM_Test,OSTECH,T,XTA,21.002403259277344,result,Kommunikations-Test fuer SR830 und OSTECH,,,
2026-09-15,10:49:01,404,KOM_Test,SR830,T,"SNAP 1,2,3,4,10,11","0,0,0,90,0,0",result,Kommunikations-Test fuer SR830 und OSTECH,,,
2026-09-15,10:49:01,413,KOM_Test,OSTECH,T,GT,28.347034454345703,result,Kommunikations-Test fuer SR830 und OSTECH,,,
2026-09-15,10:49:01,425,KOM_Test,OSTECH,T,GS,"{'status_word': 3085, 'interlock_ok': True, 'driver_supply_ok': True, 'driver_temperature_ok': True, 'lt_sensor_ok': True, 'ct_sensor_ok': True, 'lc_on': False, 'lc_error': False}",result,Kommunikations-Test fuer SR830 und OSTECH,,,
2026-09-15,10:49:01,436,KOM_Test,OSTECH,T,LTM,25.0,result,Kommunikations-Test fuer SR830 und OSTECH,,,
2026-09-15,10:49:01,455,KOM_Test,OSTECH,T,LCA,0.0,result,Kommunikations-Test fuer SR830 und OSTECH,,,
2026-09-15,10:49:01,471,KOM_Test,OSTECH,T,LVA,0.0,result,Kommunikations-Test fuer SR830 und OSTECH,,,
2026-09-15,10:49:01,489,KOM_Test,OSTECH,T,XTA,21.002403259277344,result,Kommunikations-Test fuer SR830 und OSTECH,,,
2026-09-15,10:49:01,517,KOM_Test,OSTECH,T,GT,28.347034454345703,result,Kommunikations-Test fuer SR830 und OSTECH,,,
2026-09-15,10:49:01,527,KOM_Test,OSTECH,T,GS,"{'status_word': 3085, 'interlock_ok': True, 'driver_supply_ok': True, 'driver_temperature_ok': True, 'lt_sensor_ok': True, 'ct_sensor_ok': True, 'lc_on': False, 'lc_error': False}",result,Kommunikations-Test fuer SR830 und OSTECH,,,
2026-09-15,10:49:01,531,KOM_Test,SR830,T,"SNAP 5,6,7,8,9","-0.00166667,0.005,0.000666667,0.00666667,1000",result,Kommunikations-Test fuer SR830 und OSTECH,,,
2026-09-15,10:49:01,547,KOM_Test,OSTECH,T,LTM,25.0,result,Kommunikations-Test fuer SR830 und OSTECH,,,
2026-09-15,10:49:01,548,KOM_Test,SR830,T,PHAS,0,result,Kommunikations-Test fuer SR830 und OSTECH,,,
2026-09-15,10:49:01,559,KOM_Test,OSTECH,T,LCA,0.0,result,Kommunikations-Test fuer SR830 und OSTECH,,,
2026-09-15,10:49:01,570,KOM_Test,SR830,T,FREQ,1000,result,Kommunikations-Test fuer SR830 und OSTECH,,,
2026-09-15,10:49:01,572,KOM_Test,OSTECH,T,LVA,0.0,result,Kommunikations-Test fuer SR830 und OSTECH,,,
2026-09-15,10:49:01,586,KOM_Test,OSTECH,T,XTA,21.002403259277344,result,Kommunikations-Test fuer SR830 und OSTECH,,,
2026-09-15,10:49:01,612,KOM_Test,OSTECH,T,GT,28.347034454345703,result,Kommunikations-Test fuer SR830 und OSTECH,,,
2026-09-15,10:49:01,628,KOM_Test,OSTECH,T,GS,"{'status_word': 3085, 'interlock_ok': True, 'driver_supply_ok': True, 'driver_temperature_ok': True, 'lt_sensor_ok': True, 'ct_sensor_ok': True, 'lc_on': False, 'lc_error': False}",result,Kommunikations-Test fuer SR830 und OSTECH,,,
2026-09-15,10:49:01,636,KOM_Test,OSTECH,T,LTM,25.0,result,Kommunikations-Test fuer SR830 und OSTECH,,,
2026-09-15,10:49:01,655,KOM_Test,OSTECH,T,LCA,0.0,result,Kommunikations-Test fuer SR830 und OSTECH,,,
2026-09-15,10:49:01,678,KOM_Test,OSTECH,T,LVA,0.0,result,Kommunikations-Test fuer SR830 und OSTECH,,,
2026-09-15,10:49:01,706,KOM_Test,OSTECH,T,XTA,21.00116729736328,result,Kommunikations-Test fuer SR830 und OSTECH,,,
2026-09-15,10:49:01,719,KOM_Test,OSTECH,T,GT,28.347034454345703,result,Kommunikations-Test fuer SR830 und OSTECH,,,
2026-09-15,10:49:01,722,KOM_Test,SR830,T,"SNAP 1,2,3,4,10,11","-6.10356e-005,-6.10356e-005,0,-135,-6.10356e-005,-6.10356e-005",result,Kommunikations-Test fuer SR830 und OSTECH,,,
2026-09-15,10:49:01,737,KOM_Test,OSTECH,T,GS,"{'status_word': 3085, 'interlock_ok': True, 'driver_supply_ok': True, 'driver_temperature_ok': True, 'lt_sensor_ok': True, 'ct_sensor_ok': True, 'lc_on': False, 'lc_error': False}",result,Kommunikations-Test fuer SR830 und OSTECH,,,
2026-09-15,10:49:01,753,KOM_Test,OSTECH,T,LTM,25.0,result,Kommunikations-Test fuer SR830 und OSTECH,,,
2026-09-15,10:49:01,772,KOM_Test,OSTECH,T,LCA,0.0,result,Kommunikations-Test fuer SR830 und OSTECH,,,
2026-09-15,10:49:01,789,KOM_Test,OSTECH,T,LVA,0.0,result,Kommunikations-Test fuer SR830 und OSTECH,,,
2026-09-15,10:49:01,805,KOM_Test,OSTECH,T,XTA,21.00116729736328,result,Kommunikations-Test fuer SR830 und OSTECH,,,
2026-09-15,10:49:01,825,KOM_Test,OSTECH,T,GT,28.347034454345703,result,Kommunikations-Test fuer SR830 und OSTECH,,,
2026-09-15,10:49:01,836,KOM_Test,OSTECH,T,GS,"{'status_word': 3085, 'interlock_ok': True, 'driver_supply_ok': True, 'driver_temperature_ok': True, 'lt_sensor_ok': True, 'ct_sensor_ok': True, 'lc_on': False, 'lc_error': False}",result,Kommunikations-Test fuer SR830 und OSTECH,,,
2026-09-15,10:49:01,851,KOM_Test,SR830,T,"SNAP 5,6,7,8,9","-0.000333333,0.00466667,0.001,0.000666667,1000",result,Kommunikations-Test fuer SR830 und OSTECH,,,
2026-09-15,10:49:01,853,KOM_Test,OSTECH,T,LTM,25.0,result,Kommunikations-Test fuer SR830 und OSTECH,,,
2026-09-15,10:49:01,866,KOM_Test,SR830,T,PHAS,0,result,Kommunikations-Test fuer SR830 und OSTECH,,,
2026-09-15,10:49:01,884,KOM_Test,OSTECH,T,LCA,0.0,result,Kommunikations-Test fuer SR830 und OSTECH,,,
2026-09-15,10:49:01,887,KOM_Test,SR830,T,FREQ,1000,result,Kommunikations-Test fuer SR830 und OSTECH,,,
2026-09-15,10:49:01,892,KOM_Test,OSTECH,T,LVA,0.0,result,Kommunikations-Test fuer SR830 und OSTECH,,,
2026-09-15,10:49:01,910,KOM_Test,OSTECH,T,XTA,21.00116729736328,result,Kommunikations-Test fuer SR830 und OSTECH,,,
2026-09-15,10:49:01,923,KOM_Test,OSTECH,T,GT,28.347034454345703,result,Kommunikations-Test fuer SR830 und OSTECH,,,
2026-09-15,10:49:01,936,KOM_Test,OSTECH,T,GS,"{'status_word': 3085, 'interlock_ok': True, 'driver_supply_ok': True, 'driver_temperature_ok': True, 'lt_sensor_ok': True, 'ct_sensor_ok': True, 'lc_on': False, 'lc_error': False}",result,Kommunikations-Test fuer SR830 und OSTECH,,,
2026-09-15,10:49:01,953,KOM_Test,OSTECH,T,LTM,25.0,result,Kommunikations-Test fuer SR830 und OSTECH,,,
2026-09-15,10:49:01,974,KOM_Test,OSTECH,T,LCA,0.0,result,Kommunikations-Test fuer SR830 und OSTECH,,,
2026-09-15,10:49:01,988,KOM_Test,OSTECH,T,LVA,0.0,result,Kommunikations-Test fuer SR830 und OSTECH,,,
2026-09-15,10:49:02,004,KOM_Test,OSTECH,T,XTA,21.00116729736328,result,Kommunikations-Test fuer SR830 und OSTECH,,,
2026-09-15,10:49:02,025,KOM_Test,SR830,T,"SNAP 1,2,3,4,10,11","-0.000122071,0,6.10356e-005,180,-0.000122071,0",result,Kommunikations-Test fuer SR830 und OSTECH,,,
2026-09-15,10:49:02,030,KOM_Test,OSTECH,T,GT,28.347034454345703,result,Kommunikations-Test fuer SR830 und OSTECH,,,
2026-09-15,10:49:02,042,KOM_Test,OSTECH,T,GS,"{'status_word': 3085, 'interlock_ok': True, 'driver_supply_ok': True, 'driver_temperature_ok': True, 'lt_sensor_ok': True, 'ct_sensor_ok': True, 'lc_on': False, 'lc_error': False}",result,Kommunikations-Test fuer SR830 und OSTECH,,,
2026-09-15,10:49:02,072,KOM_Test,OSTECH,T,LTM,25.0,result,Kommunikations-Test fuer SR830 und OSTECH,,,
2026-09-15,10:49:02,093,KOM_Test,OSTECH,T,LCA,0.0,result,Kommunikations-Test fuer SR830 und OSTECH,,,
2026-09-15,10:49:02,105,KOM_Test,OSTECH,T,LVA,0.0,result,Kommunikations-Test fuer SR830 und OSTECH,,,
2026-09-15,10:49:02,125,KOM_Test,OSTECH,T,XTA,21.005111694335938,result,Kommunikations-Test fuer SR830 und OSTECH,,,
2026-09-15,10:49:02,138,KOM_Test,OSTECH,T,GT,28.347034454345703,result,Kommunikations-Test fuer SR830 und OSTECH,,,
2026-09-15,10:49:02,152,KOM_Test,SR830,T,"SNAP 5,6,7,8,9","-0.002,0.00766667,0.00233333,0.000666667,1000",result,Kommunikations-Test fuer SR830 und OSTECH,,,
2026-09-15,10:49:02,153,KOM_Test,OSTECH,T,GS,"{'status_word': 3085, 'interlock_ok': True, 'driver_supply_ok': True, 'driver_temperature_ok': True, 'lt_sensor_ok': True, 'ct_sensor_ok': True, 'lc_on': False, 'lc_error': False}",result,Kommunikations-Test fuer SR830 und OSTECH,,,
2026-09-15,10:49:02,175,KOM_Test,OSTECH,T,LTM,25.0,result,Kommunikations-Test fuer SR830 und OSTECH,,,
2026-09-15,10:49:02,175,KOM_Test,SR830,T,PHAS,0,result,Kommunikations-Test fuer SR830 und OSTECH,,,
2026-09-15,10:49:02,189,KOM_Test,OSTECH,T,LCA,0.0,result,Kommunikations-Test fuer SR830 und OSTECH,,,
2026-09-15,10:49:02,203,KOM_Test,SR830,T,FREQ,1000,result,Kommunikations-Test fuer SR830 und OSTECH,,,
2026-09-15,10:49:02,203,KOM_Test,OSTECH,T,LVA,0.0,result,Kommunikations-Test fuer SR830 und OSTECH,,,
2026-09-15,10:49:02,226,KOM_Test,OSTECH,T,XTA,21.005111694335938,result,Kommunikations-Test fuer SR830 und OSTECH,,,
2026-09-15,10:49:02,251,KOM_Test,OSTECH,T,GT,28.347034454345703,result,Kommunikations-Test fuer SR830 und OSTECH,,,
2026-09-15,10:49:02,259,KOM_Test,OSTECH,T,GS,"{'status_word': 3085, 'interlock_ok': True, 'driver_supply_ok': True, 'driver_temperature_ok': True, 'lt_sensor_ok': True, 'ct_sensor_ok': True, 'lc_on': False, 'lc_error': False}",result,Kommunikations-Test fuer SR830 und OSTECH,,,
2026-09-15,10:49:02,281,KOM_Test,OSTECH,T,LTM,25.0,result,Kommunikations-Test fuer SR830 und OSTECH,,,
2026-09-15,10:49:02,293,KOM_Test,OSTECH,T,LCA,0.0,result,Kommunikations-Test fuer SR830 und OSTECH,,,
2026-09-15,10:49:02,293,KOM_Test,SR830,T,"SNAP 1,2,3,4,10,11","0,0,0,45,0,0",result,Kommunikations-Test fuer SR830 und OSTECH,,,
2026-09-15,10:49:02,303,KOM_Test,OSTECH,T,LVA,0.0,result,Kommunikations-Test fuer SR830 und OSTECH,,,
2026-09-15,10:49:02,327,KOM_Test,OSTECH,T,XTA,21.005111694335938,result,Kommunikations-Test fuer SR830 und OSTECH,,,
2026-09-15,10:49:02,340,KOM_Test,OSTECH,T,GT,28.347034454345703,result,Kommunikations-Test fuer SR830 und OSTECH,,,
2026-09-15,10:49:02,353,KOM_Test,OSTECH,T,GS,"{'status_word': 3085, 'interlock_ok': True, 'driver_supply_ok': True, 'driver_temperature_ok': True, 'lt_sensor_ok': True, 'ct_sensor_ok': True, 'lc_on': False, 'lc_error': False}",result,Kommunikations-Test fuer SR830 und OSTECH,,,
2026-09-15,10:49:02,377,KOM_Test,OSTECH,T,LTM,25.0,result,Kommunikations-Test fuer SR830 und OSTECH,,,
2026-09-15,10:49:02,389,KOM_Test,OSTECH,T,LCA,0.0,result,Kommunikations-Test fuer SR830 und OSTECH,,,
2026-09-15,10:49:02,405,KOM_Test,OSTECH,T,LVA,0.0,result,Kommunikations-Test fuer SR830 und OSTECH,,,
2026-09-15,10:49:02,417,KOM_Test,SR830,T,"SNAP 5,6,7,8,9","-0.00166667,0.008,-0.000333333,-0.001,1000",result,Kommunikations-Test fuer SR830 und OSTECH,,,
2026-09-15,10:49:02,427,KOM_Test,SR830,T,PHAS,0,result,Kommunikations-Test fuer SR830 und OSTECH,,,
2026-09-15,10:49:02,436,KOM_Test,OSTECH,T,XTA,21.005111694335938,result,Kommunikations-Test fuer SR830 und OSTECH,,,
2026-09-15,10:49:02,456,KOM_Test,SR830,T,FREQ,1000,result,Kommunikations-Test fuer SR830 und OSTECH,,,
2026-09-15,10:49:02,459,KOM_Test,OSTECH,T,GT,28.347034454345703,result,Kommunikations-Test fuer SR830 und OSTECH,,,
2026-09-15,10:49:02,486,KOM_Test,OSTECH,T,GS,"{'status_word': 3085, 'interlock_ok': True, 'driver_supply_ok': True, 'driver_temperature_ok': True, 'lt_sensor_ok': True, 'ct_sensor_ok': True, 'lc_on': False, 'lc_error': False}",result,Kommunikations-Test fuer SR830 und OSTECH,,,
2026-09-15,10:49:02,510,KOM_Test,OSTECH,T,LTM,25.0,result,Kommunikations-Test fuer SR830 und OSTECH,,,
2026-09-15,10:49:02,519,KOM_Test,OSTECH,T,LCA,0.0,result,Kommunikations-Test fuer SR830 und OSTECH,,,
2026-09-15,10:49:02,531,KOM_Test,OSTECH,T,LVA,0.0,result,Kommunikations-Test fuer SR830 und OSTECH,,,
2026-09-15,10:49:02,540,KOM_Test,SR830,T,"SNAP 1,2,3,4,10,11","0,0,0,0,0,0",result,Kommunikations-Test fuer SR830 und OSTECH,,,
2026-09-15,10:49:02,548,KOM_Test,OSTECH,T,XTA,21.005111694335938,result,Kommunikations-Test fuer SR830 und OSTECH,,,
2026-09-15,10:49:02,565,KOM_Test,OSTECH,T,GT,28.347034454345703,result,Kommunikations-Test fuer SR830 und OSTECH,,,
2026-09-15,10:49:02,572,KOM_Test,OSTECH,T,GS,"{'status_word': 3085, 'interlock_ok': True, 'driver_supply_ok': True, 'driver_temperature_ok': True, 'lt_sensor_ok': True, 'ct_sensor_ok': True, 'lc_on': False, 'lc_error': False}",result,Kommunikations-Test fuer SR830 und OSTECH,,,
2026-09-15,10:49:02,592,KOM_Test,OSTECH,T,LTM,25.0,result,Kommunikations-Test fuer SR830 und OSTECH,,,
2026-09-15,10:49:02,625,KOM_Test,OSTECH,T,LCA,0.0,result,Kommunikations-Test fuer SR830 und OSTECH,,,
2026-09-15,10:49:02,641,KOM_Test,OSTECH,T,LVA,0.0,result,Kommunikations-Test fuer SR830 und OSTECH,,,
2026-09-15,10:49:02,660,KOM_Test,SR830,T,"SNAP 5,6,7,8,9","-0.000666667,0.00766667,0.001,-0.001,1000",result,Kommunikations-Test fuer SR830 und OSTECH,,,
2026-09-15,10:49:02,660,KOM_Test,OSTECH,T,XTA,20.99859619140625,result,Kommunikations-Test fuer SR830 und OSTECH,,,
2026-09-15,10:49:02,674,KOM_Test,OSTECH,T,GT,28.347034454345703,result,Kommunikations-Test fuer SR830 und OSTECH,,,
2026-09-15,10:49:02,674,KOM_Test,SR830,T,PHAS,0,result,Kommunikations-Test fuer SR830 und OSTECH,,,
2026-09-15,10:49:02,695,KOM_Test,OSTECH,T,GS,"{'status_word': 3085, 'interlock_ok': True, 'driver_supply_ok': True, 'driver_temperature_ok': True, 'lt_sensor_ok': True, 'ct_sensor_ok': True, 'lc_on': False, 'lc_error': False}",result,Kommunikations-Test fuer SR830 und OSTECH,,,
2026-09-15,10:49:02,704,KOM_Test,SR830,T,FREQ,1000,result,Kommunikations-Test fuer SR830 und OSTECH,,,
2026-09-15,10:49:02,715,KOM_Test,OSTECH,T,LTM,25.0,result,Kommunikations-Test fuer SR830 und OSTECH,,,
2026-09-15,10:49:02,726,KOM_Test,OSTECH,T,LCA,0.0,result,Kommunikations-Test fuer SR830 und OSTECH,,,
2026-09-15,10:49:02,742,KOM_Test,OSTECH,T,LVA,0.0,result,Kommunikations-Test fuer SR830 und OSTECH,,,
2026-09-15,10:49:02,756,KOM_Test,OSTECH,T,XTA,20.99859619140625,result,Kommunikations-Test fuer SR830 und OSTECH,,,
2026-09-15,10:49:02,773,KOM_Test,OSTECH,T,GT,28.347034454345703,result,Kommunikations-Test fuer SR830 und OSTECH,,,
2026-09-15,10:49:02,802,KOM_Test,OSTECH,T,GS,"{'status_word': 3085, 'interlock_ok': True, 'driver_supply_ok': True, 'driver_temperature_ok': True, 'lt_sensor_ok': True, 'ct_sensor_ok': True, 'lc_on': False, 'lc_error': False}",result,Kommunikations-Test fuer SR830 und OSTECH,,,
2026-09-15,10:49:02,809,KOM_Test,OSTECH,T,LTM,25.0,result,Kommunikations-Test fuer SR830 und OSTECH,,,
2026-09-15,10:49:02,825,KOM_Test,SR830,T,"SNAP 1,2,3,4,10,11","0,-6.10356e-005,0,-90,0,-6.10356e-005",result,Kommunikations-Test fuer SR830 und OSTECH,,,
2026-09-15,10:49:02,832,KOM_Test,OSTECH,T,LCA,0.0,result,Kommunikations-Test fuer SR830 und OSTECH,,,
2026-09-15,10:49:02,843,KOM_Test,OSTECH,T,LVA,0.0,result,Kommunikations-Test fuer SR830 und OSTECH,,,
2026-09-15,10:49:02,854,KOM_Test,OSTECH,T,XTA,20.99859619140625,result,Kommunikations-Test fuer SR830 und OSTECH,,,
2026-09-15,10:49:02,872,KOM_Test,OSTECH,T,GT,28.347034454345703,result,Kommunikations-Test fuer SR830 und OSTECH,,,
2026-09-15,10:49:02,893,KOM_Test,OSTECH,T,GS,"{'status_word': 3085, 'interlock_ok': True, 'driver_supply_ok': True, 'driver_temperature_ok': True, 'lt_sensor_ok': True, 'ct_sensor_ok': True, 'lc_on': False, 'lc_error': False}",result,Kommunikations-Test fuer SR830 und OSTECH,,,
2026-09-15,10:49:02,911,KOM_Test,OSTECH,T,LTM,25.0,result,Kommunikations-Test fuer SR830 und OSTECH,,,
2026-09-15,10:49:02,922,KOM_Test,OSTECH,T,LCA,0.0,result,Kommunikations-Test fuer SR830 und OSTECH,,,
2026-09-15,10:49:02,943,KOM_Test,OSTECH,T,LVA,0.0,result,Kommunikations-Test fuer SR830 und OSTECH,,,
2026-09-15,10:49:02,943,KOM_Test,SR830,T,"SNAP 5,6,7,8,9","-0.002,0.00666667,0.000666667,0.000666667,1000",result,Kommunikations-Test fuer SR830 und OSTECH,,,
2026-09-15,10:49:02,956,KOM_Test,SR830,T,PHAS,0,result,Kommunikations-Test fuer SR830 und OSTECH,,,
2026-09-15,10:49:02,956,KOM_Test,OSTECH,T,XTA,20.99859619140625,result,Kommunikations-Test fuer SR830 und OSTECH,,,
2026-09-15,10:49:02,985,KOM_Test,OSTECH,T,GT,28.347034454345703,result,Kommunikations-Test fuer SR830 und OSTECH,,,
2026-09-15,10:49:02,988,KOM_Test,SR830,T,FREQ,1000,result,Kommunikations-Test fuer SR830 und OSTECH,,,
2026-09-15,10:49:03,010,KOM_Test,OSTECH,T,GS,"{'status_word': 3085, 'interlock_ok': True, 'driver_supply_ok': True, 'driver_temperature_ok': True, 'lt_sensor_ok': True, 'ct_sensor_ok': True, 'lc_on': False, 'lc_error': False}",result,Kommunikations-Test fuer SR830 und OSTECH,,,
2026-09-15,10:49:03,020,KOM_Test,OSTECH,T,LTM,25.0,result,Kommunikations-Test fuer SR830 und OSTECH,,,
2026-09-15,10:49:03,044,KOM_Test,OSTECH,T,LCA,0.0,result,Kommunikations-Test fuer SR830 und OSTECH,,,
2026-09-15,10:49:03,055,KOM_Test,OSTECH,T,LVA,0.0,result,Kommunikations-Test fuer SR830 und OSTECH,,,
2026-09-15,10:49:03,073,KOM_Test,OSTECH,T,XTA,20.99859619140625,result,Kommunikations-Test fuer SR830 und OSTECH,,,
2026-09-15,10:49:03,084,KOM_Test,SR830,T,"SNAP 1,2,3,4,10,11","0,0,0,45,0,0",result,Kommunikations-Test fuer SR830 und OSTECH,,,
2026-09-15,10:49:03,094,KOM_Test,OSTECH,T,GT,28.347034454345703,result,Kommunikations-Test fuer SR830 und OSTECH,,,
2026-09-15,10:49:03,104,KOM_Test,OSTECH,T,GS,"{'status_word': 3085, 'interlock_ok': True, 'driver_supply_ok': True, 'driver_temperature_ok': True, 'lt_sensor_ok': True, 'ct_sensor_ok': True, 'lc_on': False, 'lc_error': False}",result,Kommunikations-Test fuer SR830 und OSTECH,,,
2026-09-15,10:49:03,120,KOM_Test,OSTECH,T,LTM,25.0,result,Kommunikations-Test fuer SR830 und OSTECH,,,
2026-09-15,10:49:03,144,KOM_Test,OSTECH,T,LCA,0.0,result,Kommunikations-Test fuer SR830 und OSTECH,,,
2026-09-15,10:49:03,175,KOM_Test,OSTECH,T,LVA,0.0,result,Kommunikations-Test fuer SR830 und OSTECH,,,
2026-09-15,10:49:03,195,KOM_Test,OSTECH,T,XTA,21.002296447753906,result,Kommunikations-Test fuer SR830 und OSTECH,,,
2026-09-15,10:49:03,201,KOM_Test,SR830,T,"SNAP 5,6,7,8,9","-0.00333333,0.003,0.000666667,0.000666667,1000",result,Kommunikations-Test fuer SR830 und OSTECH,,,
2026-09-15,10:49:03,205,KOM_Test,OSTECH,T,GT,28.347034454345703,result,Kommunikations-Test fuer SR830 und OSTECH,,,
2026-09-15,10:49:03,215,KOM_Test,SR830,T,PHAS,0,result,Kommunikations-Test fuer SR830 und OSTECH,,,
2026-09-15,10:49:03,226,KOM_Test,OSTECH,T,GS,"{'status_word': 3085, 'interlock_ok': True, 'driver_supply_ok': True, 'driver_temperature_ok': True, 'lt_sensor_ok': True, 'ct_sensor_ok': True, 'lc_on': False, 'lc_error': False}",result,Kommunikations-Test fuer SR830 und OSTECH,,,
2026-09-15,10:49:03,236,KOM_Test,SR830,T,FREQ,1000,result,Kommunikations-Test fuer SR830 und OSTECH,,,
2026-09-15,10:49:03,246,KOM_Test,OSTECH,T,LTM,25.0,result,Kommunikations-Test fuer SR830 und OSTECH,,,
2026-09-15,10:49:03,257,KOM_Test,OSTECH,T,LCA,0.0,result,Kommunikations-Test fuer SR830 und OSTECH,,,
2026-09-15,10:49:03,273,KOM_Test,OSTECH,T,LVA,0.0,result,Kommunikations-Test fuer SR830 und OSTECH,,,
2026-09-15,10:49:03,296,KOM_Test,OSTECH,T,XTA,21.002296447753906,result,Kommunikations-Test fuer SR830 und OSTECH,,,
2026-09-15,10:49:03,306,KOM_Test,OSTECH,T,GT,28.347034454345703,result,Kommunikations-Test fuer SR830 und OSTECH,,,
2026-09-15,10:49:03,322,KOM_Test,OSTECH,T,GS,"{'status_word': 3085, 'interlock_ok': True, 'driver_supply_ok': True, 'driver_temperature_ok': True, 'lt_sensor_ok': True, 'ct_sensor_ok': True, 'lc_on': False, 'lc_error': False}",result,Kommunikations-Test fuer SR830 und OSTECH,,,
2026-09-15,10:49:03,351,KOM_Test,OSTECH,T,LTM,25.0,result,Kommunikations-Test fuer SR830 und OSTECH,,,
2026-09-15,10:49:03,359,KOM_Test,SR830,T,"SNAP 1,2,3,4,10,11","-6.10356e-005,0,0,180,-6.10356e-005,0",result,Kommunikations-Test fuer SR830 und OSTECH,,,
2026-09-15,10:49:03,365,KOM_Test,OSTECH,T,LCA,0.0,result,Kommunikations-Test fuer SR830 und OSTECH,,,
2026-09-15,10:49:03,369,KOM_Test,OSTECH,T,LVA,0.0,result,Kommunikations-Test fuer SR830 und OSTECH,,,
2026-09-15,10:49:03,396,KOM_Test,OSTECH,T,XTA,21.002296447753906,result,Kommunikations-Test fuer SR830 und OSTECH,,,
2026-09-15,10:49:03,405,KOM_Test,OSTECH,T,GT,28.347034454345703,result,Kommunikations-Test fuer SR830 und OSTECH,,,
2026-09-15,10:49:03,420,KOM_Test,OSTECH,T,GS,"{'status_word': 3085, 'interlock_ok': True, 'driver_supply_ok': True, 'driver_temperature_ok': True, 'lt_sensor_ok': True, 'ct_sensor_ok': True, 'lc_on': False, 'lc_error': False}",result,Kommunikations-Test fuer SR830 und OSTECH,,,
2026-09-15,10:49:03,447,KOM_Test,OSTECH,T,LTM,25.0,result,Kommunikations-Test fuer SR830 und OSTECH,,,
2026-09-15,10:49:03,456,KOM_Test,OSTECH,T,LCA,0.0,result,Kommunikations-Test fuer SR830 und OSTECH,,,
2026-09-15,10:49:03,470,KOM_Test,OSTECH,T,LVA,0.0,result,Kommunikations-Test fuer SR830 und OSTECH,,,
2026-09-15,10:49:03,486,KOM_Test,SR830,T,"SNAP 5,6,7,8,9","-0.00166667,0.00466667,-0.000666667,-0.001,1000",result,Kommunikations-Test fuer SR830 und OSTECH,,,
2026-09-15,10:49:03,497,KOM_Test,OSTECH,T,XTA,21.002296447753906,result,Kommunikations-Test fuer SR830 und OSTECH,,,
2026-09-15,10:49:03,504,KOM_Test,OSTECH,T,GT,28.347034454345703,result,Kommunikations-Test fuer SR830 und OSTECH,,,
2026-09-15,10:49:03,516,KOM_Test,SR830,T,PHAS,0,result,Kommunikations-Test fuer SR830 und OSTECH,,,
2026-09-15,10:49:03,530,KOM_Test,OSTECH,T,GS,"{'status_word': 3085, 'interlock_ok': True, 'driver_supply_ok': True, 'driver_temperature_ok': True, 'lt_sensor_ok': True, 'ct_sensor_ok': True, 'lc_on': False, 'lc_error': False}",result,Kommunikations-Test fuer SR830 und OSTECH,,,
2026-09-15,10:49:03,535,KOM_Test,SR830,T,FREQ,1000,result,Kommunikations-Test fuer SR830 und OSTECH,,,
2026-09-15,10:49:03,550,KOM_Test,OSTECH,T,LTM,25.0,result,Kommunikations-Test fuer SR830 und OSTECH,,,
2026-09-15,10:49:03,566,KOM_Test,OSTECH,T,LCA,0.0,result,Kommunikations-Test fuer SR830 und OSTECH,,,
2026-09-15,10:49:03,570,KOM_Test,OSTECH,T,LVA,0.0,result,Kommunikations-Test fuer SR830 und OSTECH,,,
2026-09-15,10:49:03,598,KOM_Test,OSTECH,T,XTA,21.002296447753906,result,Kommunikations-Test fuer SR830 und OSTECH,,,
2026-09-15,10:49:03,607,KOM_Test,OSTECH,T,GT,28.347034454345703,result,Kommunikations-Test fuer SR830 und OSTECH,,,
2026-09-15,10:49:03,619,KOM_Test,SR830,T,"SNAP 1,2,3,4,10,11","0,0,0,45,0,0",result,Kommunikations-Test fuer SR830 und OSTECH,,,
2026-09-15,10:49:03,620,KOM_Test,OSTECH,T,GS,"{'status_word': 3085, 'interlock_ok': True, 'driver_supply_ok': True, 'driver_temperature_ok': True, 'lt_sensor_ok': True, 'ct_sensor_ok': True, 'lc_on': False, 'lc_error': False}",result,Kommunikations-Test fuer SR830 und OSTECH,,,
2026-09-15,10:49:03,649,KOM_Test,OSTECH,T,LTM,25.0,result,Kommunikations-Test fuer SR830 und OSTECH,,,
2026-09-15,10:49:03,656,KOM_Test,OSTECH,T,LCA,0.0,result,Kommunikations-Test fuer SR830 und OSTECH,,,
2026-09-15,10:49:03,672,KOM_Test,OSTECH,T,LVA,0.0,result,Kommunikations-Test fuer SR830 und OSTECH,,,
2026-09-15,10:49:03,699,KOM_Test,OSTECH,T,XTA,21.002296447753906,result,Kommunikations-Test fuer SR830 und OSTECH,,,
2026-09-15,10:49:03,724,KOM_Test,OSTECH,T,GT,28.347034454345703,result,Kommunikations-Test fuer SR830 und OSTECH,,,
2026-09-15,10:49:03,731,KOM_Test,SR830,T,"SNAP 5,6,7,8,9","-0.00166667,0.005,0.001,-0.00233333,1000",result,Kommunikations-Test fuer SR830 und OSTECH,,,
2026-09-15,10:49:03,735,KOM_Test,OSTECH,T,GS,"{'status_word': 3085, 'interlock_ok': True, 'driver_supply_ok': True, 'driver_temperature_ok': True, 'lt_sensor_ok': True, 'ct_sensor_ok': True, 'lc_on': False, 'lc_error': False}",result,Kommunikations-Test fuer SR830 und OSTECH,,,
2026-09-15,10:49:03,761,KOM_Test,OSTECH,T,LTM,25.0,result,Kommunikations-Test fuer SR830 und OSTECH,,,
2026-09-15,10:49:03,765,KOM_Test,SR830,T,PHAS,0,result,Kommunikations-Test fuer SR830 und OSTECH,,,
2026-09-15,10:49:03,770,KOM_Test,OSTECH,T,LCA,0.0,result,Kommunikations-Test fuer SR830 und OSTECH,,,
2026-09-15,10:49:03,788,KOM_Test,SR830,T,FREQ,1000,result,Kommunikations-Test fuer SR830 und OSTECH,,,
2026-09-15,10:49:03,789,KOM_Test,OSTECH,T,LVA,0.0,result,Kommunikations-Test fuer SR830 und OSTECH,,,
2026-09-15,10:49:03,816,KOM_Test,OSTECH,T,XTA,21.00104522705078,result,Kommunikations-Test fuer SR830 und OSTECH,,,
2026-09-15,10:49:03,830,KOM_Test,OSTECH,T,GT,28.347034454345703,result,Kommunikations-Test fuer SR830 und OSTECH,,,
2026-09-15,10:49:03,838,KOM_Test,OSTECH,T,GS,"{'status_word': 3085, 'interlock_ok': True, 'driver_supply_ok': True, 'driver_temperature_ok': True, 'lt_sensor_ok': True, 'ct_sensor_ok': True, 'lc_on': False, 'lc_error': False}",result,Kommunikations-Test fuer SR830 und OSTECH,,,
2026-09-15,10:49:03,853,KOM_Test,OSTECH,T,LTM,25.0,result,Kommunikations-Test fuer SR830 und OSTECH,,,
2026-09-15,10:49:03,870,KOM_Test,OSTECH,T,LCA,0.0,result,Kommunikations-Test fuer SR830 und OSTECH,,,
2026-09-15,10:49:03,910,KOM_Test,OSTECH,T,LVA,0.0,result,Kommunikations-Test fuer SR830 und OSTECH,,,
2026-09-15,10:49:03,920,KOM_Test,OSTECH,T,XTA,21.00104522705078,result,Kommunikations-Test fuer SR830 und OSTECH,,,
2026-09-15,10:49:03,934,KOM_Test,SR830,T,"SNAP 1,2,3,4,10,11","0,6.10356e-005,6.10356e-005,63.438,0,6.10356e-005",result,Kommunikations-Test fuer SR830 und OSTECH,,,
2026-09-15,10:49:03,938,KOM_Test,OSTECH,T,GT,28.34613800048828,result,Kommunikations-Test fuer SR830 und OSTECH,,,
2026-09-15,10:49:03,954,KOM_Test,OSTECH,T,GS,"{'status_word': 3085, 'interlock_ok': True, 'driver_supply_ok': True, 'driver_temperature_ok': True, 'lt_sensor_ok': True, 'ct_sensor_ok': True, 'lc_on': False, 'lc_error': False}",result,Kommunikations-Test fuer SR830 und OSTECH,,,
2026-09-15,10:49:03,970,KOM_Test,OSTECH,T,LTM,25.0,result,Kommunikations-Test fuer SR830 und OSTECH,,,
2026-09-15,10:49:03,990,KOM_Test,OSTECH,T,LCA,0.0,result,Kommunikations-Test fuer SR830 und OSTECH,,,
2026-09-15,10:49:04,005,KOM_Test,OSTECH,T,LVA,0.0,result,Kommunikations-Test fuer SR830 und OSTECH,,,
2026-09-15,10:49:04,023,KOM_Test,OSTECH,T,XTA,21.00104522705078,result,Kommunikations-Test fuer SR830 und OSTECH,,,
2026-09-15,10:49:04,039,KOM_Test,SR830,T,"SNAP 5,6,7,8,9","-0.00366667,0.005,-0.000666667,0.002,1000",result,Kommunikations-Test fuer SR830 und OSTECH,,,
2026-09-15,10:49:04,047,KOM_Test,OSTECH,T,GT,28.34613800048828,result,Kommunikations-Test fuer SR830 und OSTECH,,,
2026-09-15,10:49:04,060,KOM_Test,OSTECH,T,GS,"{'status_word': 3085, 'interlock_ok': True, 'driver_supply_ok': True, 'driver_temperature_ok': True, 'lt_sensor_ok': True, 'ct_sensor_ok': True, 'lc_on': False, 'lc_error': False}",result,Kommunikations-Test fuer SR830 und OSTECH,,,
2026-09-15,10:49:04,060,KOM_Test,SR830,T,PHAS,0,result,Kommunikations-Test fuer SR830 und OSTECH,,,
2026-09-15,10:49:04,076,KOM_Test,OSTECH,T,LTM,25.0,result,Kommunikations-Test fuer SR830 und OSTECH,,,
2026-09-15,10:49:04,089,KOM_Test,SR830,T,FREQ,1000,result,Kommunikations-Test fuer SR830 und OSTECH,,,
2026-09-15,10:49:04,093,KOM_Test,OSTECH,T,LCA,0.0,result,Kommunikations-Test fuer SR830 und OSTECH,,,
2026-09-15,10:49:04,105,KOM_Test,OSTECH,T,LVA,0.0,result,Kommunikations-Test fuer SR830 und OSTECH,,,
2026-09-15,10:49:04,124,KOM_Test,OSTECH,T,XTA,21.00104522705078,result,Kommunikations-Test fuer SR830 und OSTECH,,,
2026-09-15,10:49:04,140,KOM_Test,OSTECH,T,GT,28.34613800048828,result,Kommunikations-Test fuer SR830 und OSTECH,,,
2026-09-15,10:49:04,154,KOM_Test,OSTECH,T,GS,"{'status_word': 3085, 'interlock_ok': True, 'driver_supply_ok': True, 'driver_temperature_ok': True, 'lt_sensor_ok': True, 'ct_sensor_ok': True, 'lc_on': False, 'lc_error': False}",result,Kommunikations-Test fuer SR830 und OSTECH,,,
2026-09-15,10:49:04,170,KOM_Test,SR830,T,"SNAP 1,2,3,4,10,11","0,0,0,0,0,0",result,Kommunikations-Test fuer SR830 und OSTECH,,,
2026-09-15,10:49:04,181,KOM_Test,OSTECH,T,LTM,25.0,result,Kommunikations-Test fuer SR830 und OSTECH,,,
2026-09-15,10:49:04,193,KOM_Test,OSTECH,T,LCA,0.0,result,Kommunikations-Test fuer SR830 und OSTECH,,,
2026-09-15,10:49:04,204,KOM_Test,OSTECH,T,LVA,0.0,result,Kommunikations-Test fuer SR830 und OSTECH,,,
2026-09-15,10:49:04,222,KOM_Test,OSTECH,T,XTA,21.00104522705078,result,Kommunikations-Test fuer SR830 und OSTECH,,,
2026-09-15,10:49:04,237,KOM_Test,OSTECH,T,GT,28.34613800048828,result,Kommunikations-Test fuer SR830 und OSTECH,,,
2026-09-15,10:49:04,270,KOM_Test,OSTECH,T,GS,"{'status_word': 3085, 'interlock_ok': True, 'driver_supply_ok': True, 'driver_temperature_ok': True, 'lt_sensor_ok': True, 'ct_sensor_ok': True, 'lc_on': False, 'lc_error': False}",result,Kommunikations-Test fuer SR830 und OSTECH,,,
2026-09-15,10:49:04,293,KOM_Test,OSTECH,T,LTM,25.0,result,Kommunikations-Test fuer SR830 und OSTECH,,,
2026-09-15,10:49:04,305,KOM_Test,SR830,T,"SNAP 5,6,7,8,9","-0.00333333,0.00466667,-0.000666667,-0.00566667,1000",result,Kommunikations-Test fuer SR830 und OSTECH,,,
2026-09-15,10:49:04,315,KOM_Test,OSTECH,T,LCA,0.0,result,Kommunikations-Test fuer SR830 und OSTECH,,,
2026-09-15,10:49:04,327,KOM_Test,OSTECH,T,LVA,0.0,result,Kommunikations-Test fuer SR830 und OSTECH,,,
2026-09-15,10:49:04,327,KOM_Test,SR830,T,PHAS,0,result,Kommunikations-Test fuer SR830 und OSTECH,,,
2026-09-15,10:49:04,343,KOM_Test,OSTECH,T,XTA,20.996559143066406,result,Kommunikations-Test fuer SR830 und OSTECH,,,
2026-09-15,10:49:04,355,KOM_Test,SR830,T,FREQ,1000,result,Kommunikations-Test fuer SR830 und OSTECH,,,
2026-09-15,10:49:04,360,KOM_Test,OSTECH,T,GT,28.34613800048828,result,Kommunikations-Test fuer SR830 und OSTECH,,,
2026-09-15,10:49:04,370,KOM_Test,OSTECH,T,GS,"{'status_word': 3085, 'interlock_ok': True, 'driver_supply_ok': True, 'driver_temperature_ok': True, 'lt_sensor_ok': True, 'ct_sensor_ok': True, 'lc_on': False, 'lc_error': False}",result,Kommunikations-Test fuer SR830 und OSTECH,,,
2026-09-15,10:49:04,387,KOM_Test,OSTECH,T,LTM,25.0,result,Kommunikations-Test fuer SR830 und OSTECH,,,
2026-09-15,10:49:04,406,KOM_Test,OSTECH,T,LCA,0.0,result,Kommunikations-Test fuer SR830 und OSTECH,,,
2026-09-15,10:49:04,422,KOM_Test,OSTECH,T,LVA,0.0,result,Kommunikations-Test fuer SR830 und OSTECH,,,
2026-09-15,10:49:04,453,KOM_Test,OSTECH,T,XTA,20.996559143066406,result,Kommunikations-Test fuer SR830 und OSTECH,,,
2026-09-15,10:49:04,474,KOM_Test,SR830,T,"SNAP 1,2,3,4,10,11","0,-6.10356e-005,0,-90,0,-6.10356e-005",result,Kommunikations-Test fuer SR830 und OSTECH,,,
2026-09-15,10:49:04,476,KOM_Test,OSTECH,T,GT,28.34613800048828,result,Kommunikations-Test fuer SR830 und OSTECH,,,
2026-09-15,10:49:04,494,KOM_Test,OSTECH,T,GS,"{'status_word': 3085, 'interlock_ok': True, 'driver_supply_ok': True, 'driver_temperature_ok': True, 'lt_sensor_ok': True, 'ct_sensor_ok': True, 'lc_on': False, 'lc_error': False}",result,Kommunikations-Test fuer SR830 und OSTECH,,,
2026-09-15,10:49:04,506,KOM_Test,OSTECH,T,LTM,25.0,result,Kommunikations-Test fuer SR830 und OSTECH,,,
2026-09-15,10:49:04,523,KOM_Test,OSTECH,T,LCA,0.0,result,Kommunikations-Test fuer SR830 und OSTECH,,,
2026-09-15,10:49:04,548,KOM_Test,OSTECH,T,LVA,0.0,result,Kommunikations-Test fuer SR830 und OSTECH,,,
2026-09-15,10:49:04,560,KOM_Test,OSTECH,T,XTA,20.996559143066406,result,Kommunikations-Test fuer SR830 und OSTECH,,,
2026-09-15,10:49:04,570,KOM_Test,OSTECH,T,GT,28.34613800048828,result,Kommunikations-Test fuer SR830 und OSTECH,,,
2026-09-15,10:49:04,587,KOM_Test,SR830,T,"SNAP 5,6,7,8,9","-0.00166667,0.008,-0.002,-0.000666667,1000",result,Kommunikations-Test fuer SR830 und OSTECH,,,
2026-09-15,10:49:04,587,KOM_Test,OSTECH,T,GS,"{'status_word': 3085, 'interlock_ok': True, 'driver_supply_ok': True, 'driver_temperature_ok': True, 'lt_sensor_ok': True, 'ct_sensor_ok': True, 'lc_on': False, 'lc_error': False}",result,Kommunikations-Test fuer SR830 und OSTECH,,,
2026-09-15,10:49:04,607,KOM_Test,OSTECH,T,LTM,25.0,result,Kommunikations-Test fuer SR830 und OSTECH,,,
2026-09-15,10:49:04,607,KOM_Test,SR830,T,PHAS,0,result,Kommunikations-Test fuer SR830 und OSTECH,,,
2026-09-15,10:49:04,626,KOM_Test,OSTECH,T,LCA,0.0,result,Kommunikations-Test fuer SR830 und OSTECH,,,
2026-09-15,10:49:04,638,KOM_Test,SR830,T,FREQ,1000,result,Kommunikations-Test fuer SR830 und OSTECH,,,
2026-09-15,10:49:04,643,KOM_Test,OSTECH,T,LVA,0.0,result,Kommunikations-Test fuer SR830 und OSTECH,,,
2026-09-15,10:49:04,657,KOM_Test,OSTECH,T,XTA,20.996559143066406,result,Kommunikations-Test fuer SR830 und OSTECH,,,
2026-09-15,10:49:04,674,KOM_Test,OSTECH,T,GT,28.34613800048828,result,Kommunikations-Test fuer SR830 und OSTECH,,,
2026-09-15,10:49:04,687,KOM_Test,OSTECH,T,GS,"{'status_word': 3085, 'interlock_ok': True, 'driver_supply_ok': True, 'driver_temperature_ok': True, 'lt_sensor_ok': True, 'ct_sensor_ok': True, 'lc_on': False, 'lc_error': False}",result,Kommunikations-Test fuer SR830 und OSTECH,,,
2026-09-15,10:49:04,712,KOM_Test,OSTECH,T,LTM,25.0,result,Kommunikations-Test fuer SR830 und OSTECH,,,
2026-09-15,10:49:04,723,KOM_Test,OSTECH,T,LCA,0.0,result,Kommunikations-Test fuer SR830 und OSTECH,,,
2026-09-15,10:49:04,735,KOM_Test,SR830,T,"SNAP 1,2,3,4,10,11","0,0,0,45,0,0",result,Kommunikations-Test fuer SR830 und OSTECH,,,
2026-09-15,10:49:04,740,KOM_Test,OSTECH,T,LVA,0.0,result,Kommunikations-Test fuer SR830 und OSTECH,,,
2026-09-15,10:49:04,758,KOM_Test,OSTECH,T,XTA,20.996559143066406,result,Kommunikations-Test fuer SR830 und OSTECH,,,
2026-09-15,10:49:04,773,KOM_Test,OSTECH,T,GT,28.34613800048828,result,Kommunikations-Test fuer SR830 und OSTECH,,,
2026-09-15,10:49:04,789,KOM_Test,OSTECH,T,GS,"{'status_word': 3085, 'interlock_ok': True, 'driver_supply_ok': True, 'driver_temperature_ok': True, 'lt_sensor_ok': True, 'ct_sensor_ok': True, 'lc_on': False, 'lc_error': False}",result,Kommunikations-Test fuer SR830 und OSTECH,,,
2026-09-15,10:49:04,822,KOM_Test,OSTECH,T,LTM,25.0,result,Kommunikations-Test fuer SR830 und OSTECH,,,
2026-09-15,10:49:04,843,KOM_Test,SR830,T,"SNAP 5,6,7,8,9","0.001,0.005,0.00233333,0.00566667,1000",result,Kommunikations-Test fuer SR830 und OSTECH,,,
2026-09-15,10:49:04,848,KOM_Test,OSTECH,T,LCA,0.0,result,Kommunikations-Test fuer SR830 und OSTECH,,,
2026-09-15,10:49:04,861,KOM_Test,OSTECH,T,LVA,0.0,result,Kommunikations-Test fuer SR830 und OSTECH,,,
2026-09-15,10:49:04,868,KOM_Test,SR830,T,PHAS,0,result,Kommunikations-Test fuer SR830 und OSTECH,,,
2026-09-15,10:49:04,877,KOM_Test,OSTECH,T,XTA,21.00104522705078,result,Kommunikations-Test fuer SR830 und OSTECH,,,
2026-09-15,10:49:04,887,KOM_Test,SR830,T,FREQ,1000,result,Kommunikations-Test fuer SR830 und OSTECH,,,
2026-09-15,10:49:04,894,KOM_Test,OSTECH,T,GT,28.34613800048828,result,Kommunikations-Test fuer SR830 und OSTECH,,,
2026-09-15,10:49:04,911,KOM_Test,OSTECH,T,GS,"{'status_word': 3085, 'interlock_ok': True, 'driver_supply_ok': True, 'driver_temperature_ok': True, 'lt_sensor_ok': True, 'ct_sensor_ok': True, 'lc_on': False, 'lc_error': False}",result,Kommunikations-Test fuer SR830 und OSTECH,,,
2026-09-15,10:49:04,920,KOM_Test,OSTECH,T,LTM,25.0,result,Kommunikations-Test fuer SR830 und OSTECH,,,
2026-09-15,10:49:04,940,KOM_Test,OSTECH,T,LCA,0.0,result,Kommunikations-Test fuer SR830 und OSTECH,,,
2026-09-15,10:49:04,959,KOM_Test,OSTECH,T,LVA,0.0,result,Kommunikations-Test fuer SR830 und OSTECH,,,
2026-09-15,10:49:04,971,KOM_Test,OSTECH,T,XTA,21.00104522705078,result,Kommunikations-Test fuer SR830 und OSTECH,,,
2026-09-15,10:49:05,006,KOM_Test,OSTECH,T,GT,28.34613800048828,result,Kommunikations-Test fuer SR830 und OSTECH,,,
2026-09-15,10:49:05,010,KOM_Test,SR830,T,"SNAP 1,2,3,4,10,11","0,-6.10356e-005,0,-45,0,-6.10356e-005",result,Kommunikations-Test fuer SR830 und OSTECH,,,
2026-09-15,10:49:05,023,KOM_Test,OSTECH,T,GS,"{'status_word': 3085, 'interlock_ok': True, 'driver_supply_ok': True, 'driver_temperature_ok': True, 'lt_sensor_ok': True, 'ct_sensor_ok': True, 'lc_on': False, 'lc_error': False}",result,Kommunikations-Test fuer SR830 und OSTECH,,,
2026-09-15,10:49:05,037,KOM_Test,OSTECH,T,LTM,25.0,result,Kommunikations-Test fuer SR830 und OSTECH,,,
2026-09-15,10:49:05,060,KOM_Test,OSTECH,T,LCA,0.0,result,Kommunikations-Test fuer SR830 und OSTECH,,,
2026-09-15,10:49:05,072,KOM_Test,OSTECH,T,LVA,0.0,result,Kommunikations-Test fuer SR830 und OSTECH,,,
2026-09-15,10:49:05,090,KOM_Test,OSTECH,T,XTA,21.00104522705078,result,Kommunikations-Test fuer SR830 und OSTECH,,,
2026-09-15,10:49:05,110,KOM_Test,OSTECH,T,GT,28.34613800048828,result,Kommunikations-Test fuer SR830 und OSTECH,,,
2026-09-15,10:49:05,121,KOM_Test,OSTECH,T,GS,"{'status_word': 3085, 'interlock_ok': True, 'driver_supply_ok': True, 'driver_temperature_ok': True, 'lt_sensor_ok': True, 'ct_sensor_ok': True, 'lc_on': False, 'lc_error': False}",result,Kommunikations-Test fuer SR830 und OSTECH,,,
2026-09-15,10:49:05,134,KOM_Test,SR830,T,"SNAP 5,6,7,8,9","-0.000666667,0.00633333,0.00233333,0.002,1000",result,Kommunikations-Test fuer SR830 und OSTECH,,,
2026-09-15,10:49:05,137,KOM_Test,SR830,T,PHAS,0,result,Kommunikations-Test fuer SR830 und OSTECH,,,
2026-09-15,10:49:05,137,KOM_Test,OSTECH,T,LTM,25.0,result,Kommunikations-Test fuer SR830 und OSTECH,,,
2026-09-15,10:49:05,161,KOM_Test,OSTECH,T,LCA,0.0,result,Kommunikations-Test fuer SR830 und OSTECH,,,
2026-09-15,10:49:05,171,KOM_Test,SR830,T,FREQ,1000,result,Kommunikations-Test fuer SR830 und OSTECH,,,
2026-09-15,10:49:05,186,KOM_Test,OSTECH,T,LVA,0.0,result,Kommunikations-Test fuer SR830 und OSTECH,,,
2026-09-15,10:49:05,212,KOM_Test,OSTECH,T,XTA,21.00104522705078,result,Kommunikations-Test fuer SR830 und OSTECH,,,
2026-09-15,10:49:05,222,KOM_Test,OSTECH,T,GT,28.34613800048828,result,Kommunikations-Test fuer SR830 und OSTECH,,,
2026-09-15,10:49:05,239,KOM_Test,OSTECH,T,GS,"{'status_word': 3085, 'interlock_ok': True, 'driver_supply_ok': True, 'driver_temperature_ok': True, 'lt_sensor_ok': True, 'ct_sensor_ok': True, 'lc_on': False, 'lc_error': False}",result,Kommunikations-Test fuer SR830 und OSTECH,,,
2026-09-15,10:49:05,262,KOM_Test,OSTECH,T,LTM,25.0,result,Kommunikations-Test fuer SR830 und OSTECH,,,
2026-09-15,10:49:05,273,KOM_Test,OSTECH,T,LCA,0.0,result,Kommunikations-Test fuer SR830 und OSTECH,,,
2026-09-15,10:49:05,289,KOM_Test,OSTECH,T,LVA,0.0,result,Kommunikations-Test fuer SR830 und OSTECH,,,
2026-09-15,10:49:05,312,KOM_Test,SR830,T,"SNAP 1,2,3,4,10,11","0,-0.000122071,6.10356e-005,-90,0,-0.000122071",result,Kommunikations-Test fuer SR830 und OSTECH,,,
2026-09-15,10:49:05,317,KOM_Test,OSTECH,T,XTA,21.00104522705078,result,Kommunikations-Test fuer SR830 und OSTECH,,,
2026-09-15,10:49:05,321,KOM_Test,OSTECH,T,GT,28.34613800048828,result,Kommunikations-Test fuer SR830 und OSTECH,,,
2026-09-15,10:49:05,337,KOM_Test,OSTECH,T,GS,"{'status_word': 3085, 'interlock_ok': True, 'driver_supply_ok': True, 'driver_temperature_ok': True, 'lt_sensor_ok': True, 'ct_sensor_ok': True, 'lc_on': False, 'lc_error': False}",result,Kommunikations-Test fuer SR830 und OSTECH,,,
2026-09-15,10:49:05,374,KOM_Test,OSTECH,T,LTM,25.0,result,Kommunikations-Test fuer SR830 und OSTECH,,,
2026-09-15,10:49:05,394,KOM_Test,OSTECH,T,LCA,0.0,result,Kommunikations-Test fuer SR830 und OSTECH,,,
2026-09-15,10:49:05,413,KOM_Test,OSTECH,T,LVA,0.0,result,Kommunikations-Test fuer SR830 und OSTECH,,,
2026-09-15,10:49:05,424,KOM_Test,OSTECH,T,XTA,20.997901916503906,result,Kommunikations-Test fuer SR830 und OSTECH,,,
2026-09-15,10:49:05,439,KOM_Test,SR830,T,"SNAP 5,6,7,8,9","-0.002,0.00633333,-0.000666667,-0.00233333,1000",result,Kommunikations-Test fuer SR830 und OSTECH,,,
2026-09-15,10:49:05,441,KOM_Test,OSTECH,T,GT,28.34613800048828,result,Kommunikations-Test fuer SR830 und OSTECH,,,
2026-09-15,10:49:05,454,KOM_Test,OSTECH,T,GS,"{'status_word': 3085, 'interlock_ok': True, 'driver_supply_ok': True, 'driver_temperature_ok': True, 'lt_sensor_ok': True, 'ct_sensor_ok': True, 'lc_on': False, 'lc_error': False}",result,Kommunikations-Test fuer SR830 und OSTECH,,,
2026-09-15,10:49:05,466,KOM_Test,SR830,T,PHAS,0,result,Kommunikations-Test fuer SR830 und OSTECH,,,
2026-09-15,10:49:05,471,KOM_Test,OSTECH,T,LTM,25.0,result,Kommunikations-Test fuer SR830 und OSTECH,,,
2026-09-15,10:49:05,489,KOM_Test,SR830,T,FREQ,1000,result,Kommunikations-Test fuer SR830 und OSTECH,,,
2026-09-15,10:49:05,490,KOM_Test,OSTECH,T,LCA,0.0,result,Kommunikations-Test fuer SR830 und OSTECH,,,
2026-09-15,10:49:05,506,KOM_Test,OSTECH,T,LVA,0.0,result,Kommunikations-Test fuer SR830 und OSTECH,,,
2026-09-15,10:49:05,521,KOM_Test,OSTECH,T,XTA,20.997901916503906,result,Kommunikations-Test fuer SR830 und OSTECH,,,
2026-09-15,10:49:05,552,KOM_Test,OSTECH,T,GT,28.34613800048828,result,Kommunikations-Test fuer SR830 und OSTECH,,,
2026-09-15,10:49:05,554,KOM_Test,OSTECH,T,GS,"{'status_word': 3085, 'interlock_ok': True, 'driver_supply_ok': True, 'driver_temperature_ok': True, 'lt_sensor_ok': True, 'ct_sensor_ok': True, 'lc_on': False, 'lc_error': False}",result,Kommunikations-Test fuer SR830 und OSTECH,,,
2026-09-15,10:49:05,571,KOM_Test,OSTECH,T,LTM,25.0,result,Kommunikations-Test fuer SR830 und OSTECH,,,
2026-09-15,10:49:05,589,KOM_Test,OSTECH,T,LCA,0.0,result,Kommunikations-Test fuer SR830 und OSTECH,,,
2026-09-15,10:49:05,606,KOM_Test,SR830,T,"SNAP 1,2,3,4,10,11","-6.10356e-005,0,0,180,-6.10356e-005,0",result,Kommunikations-Test fuer SR830 und OSTECH,,,
2026-09-15,10:49:05,616,KOM_Test,OSTECH,T,LVA,0.0,result,Kommunikations-Test fuer SR830 und OSTECH,,,
2026-09-15,10:49:05,627,KOM_Test,OSTECH,T,XTA,20.997901916503906,result,Kommunikations-Test fuer SR830 und OSTECH,,,
2026-09-15,10:49:05,637,KOM_Test,OSTECH,T,GT,28.34613800048828,result,Kommunikations-Test fuer SR830 und OSTECH,,,
2026-09-15,10:49:05,654,KOM_Test,OSTECH,T,GS,"{'status_word': 3085, 'interlock_ok': True, 'driver_supply_ok': True, 'driver_temperature_ok': True, 'lt_sensor_ok': True, 'ct_sensor_ok': True, 'lc_on': False, 'lc_error': False}",result,Kommunikations-Test fuer SR830 und OSTECH,,,
2026-09-15,10:49:05,671,KOM_Test,OSTECH,T,LTM,25.0,result,Kommunikations-Test fuer SR830 und OSTECH,,,
2026-09-15,10:49:05,690,KOM_Test,OSTECH,T,LCA,0.0,result,Kommunikations-Test fuer SR830 und OSTECH,,,
2026-09-15,10:49:05,716,KOM_Test,OSTECH,T,LVA,0.0,result,Kommunikations-Test fuer SR830 und OSTECH,,,
2026-09-15,10:49:05,737,KOM_Test,OSTECH,T,XTA,20.997901916503906,result,Kommunikations-Test fuer SR830 und OSTECH,,,
2026-09-15,10:49:05,743,KOM_Test,SR830,T,"SNAP 5,6,7,8,9","-0.00533333,0.00366667,0.000666667,0.000666667,1000",result,Kommunikations-Test fuer SR830 und OSTECH,,,
2026-09-15,10:49:05,752,KOM_Test,OSTECH,T,GT,28.34613800048828,result,Kommunikations-Test fuer SR830 und OSTECH,,,
2026-09-15,10:49:05,760,KOM_Test,OSTECH,T,GS,"{'status_word': 3085, 'interlock_ok': True, 'driver_supply_ok': True, 'driver_temperature_ok': True, 'lt_sensor_ok': True, 'ct_sensor_ok': True, 'lc_on': False, 'lc_error': False}",result,Kommunikations-Test fuer SR830 und OSTECH,,,
2026-09-15,10:49:05,767,KOM_Test,SR830,T,PHAS,0,result,Kommunikations-Test fuer SR830 und OSTECH,,,
2026-09-15,10:49:05,771,KOM_Test,OSTECH,T,LTM,25.0,result,Kommunikations-Test fuer SR830 und OSTECH,,,
2026-09-15,10:49:05,788,KOM_Test,SR830,T,FREQ,1000,result,Kommunikations-Test fuer SR830 und OSTECH,,,
2026-09-15,10:49:05,790,KOM_Test,OSTECH,T,LCA,0.0,result,Kommunikations-Test fuer SR830 und OSTECH,,,
2026-09-15,10:49:05,806,KOM_Test,OSTECH,T,LVA,0.0,result,Kommunikations-Test fuer SR830 und OSTECH,,,
2026-09-15,10:49:05,821,KOM_Test,OSTECH,T,XTA,20.997901916503906,result,Kommunikations-Test fuer SR830 und OSTECH,,,
2026-09-15,10:49:05,837,KOM_Test,OSTECH,T,GT,28.34613800048828,result,Kommunikations-Test fuer SR830 und OSTECH,,,
2026-09-15,10:49:05,855,KOM_Test,OSTECH,T,GS,"{'status_word': 3085, 'interlock_ok': True, 'driver_supply_ok': True, 'driver_temperature_ok': True, 'lt_sensor_ok': True, 'ct_sensor_ok': True, 'lc_on': False, 'lc_error': False}",result,Kommunikations-Test fuer SR830 und OSTECH,,,
2026-09-15,10:49:05,871,KOM_Test,SR830,T,"SNAP 1,2,3,4,10,11","0,0,0,45,0,0",result,Kommunikations-Test fuer SR830 und OSTECH,,,
2026-09-15,10:49:05,883,KOM_Test,OSTECH,T,LTM,25.0,result,Kommunikations-Test fuer SR830 und OSTECH,,,
2026-09-15,10:49:05,888,KOM_Test,OSTECH,T,LCA,0.0,result,Kommunikations-Test fuer SR830 und OSTECH,,,
2026-09-15,10:49:05,920,KOM_Test,OSTECH,T,LVA,0.0,result,Kommunikations-Test fuer SR830 und OSTECH,,,
2026-09-15,10:49:05,945,KOM_Test,OSTECH,T,XTA,20.997901916503906,result,Kommunikations-Test fuer SR830 und OSTECH,,,
2026-09-15,10:49:05,957,KOM_Test,OSTECH,T,GT,28.34613800048828,result,Kommunikations-Test fuer SR830 und OSTECH,,,
2026-09-15,10:49:05,971,KOM_Test,OSTECH,T,GS,"{'status_word': 3085, 'interlock_ok': True, 'driver_supply_ok': True, 'driver_temperature_ok': True, 'lt_sensor_ok': True, 'ct_sensor_ok': True, 'lc_on': False, 'lc_error': False}",result,Kommunikations-Test fuer SR830 und OSTECH,,,
2026-09-15,10:49:05,988,KOM_Test,OSTECH,T,LTM,25.0,result,Kommunikations-Test fuer SR830 und OSTECH,,,
2026-09-15,10:49:06,000,KOM_Test,SR830,T,"SNAP 5,6,7,8,9","-0.00166667,0.005,0.001,0.000666667,1000",result,Kommunikations-Test fuer SR830 und OSTECH,,,
2026-09-15,10:49:06,015,KOM_Test,OSTECH,T,LCA,0.0,result,Kommunikations-Test fuer SR830 und OSTECH,,,
2026-09-15,10:49:06,017,KOM_Test,SR830,T,PHAS,0,result,Kommunikations-Test fuer SR830 und OSTECH,,,
2026-09-15,10:49:06,031,KOM_Test,OSTECH,T,LVA,0.0,result,Kommunikations-Test fuer SR830 und OSTECH,,,
2026-09-15,10:49:06,037,KOM_Test,SR830,T,FREQ,1000,result,Kommunikations-Test fuer SR830 und OSTECH,,,
2026-09-15,10:49:06,038,KOM_Test,OSTECH,T,XTA,20.997901916503906,result,Kommunikations-Test fuer SR830 und OSTECH,,,
2026-09-15,10:49:06,054,KOM_Test,OSTECH,T,GT,28.34613800048828,result,Kommunikations-Test fuer SR830 und OSTECH,,,
2026-09-15,10:49:06,071,KOM_Test,OSTECH,T,GS,"{'status_word': 3085, 'interlock_ok': True, 'driver_supply_ok': True, 'driver_temperature_ok': True, 'lt_sensor_ok': True, 'ct_sensor_ok': True, 'lc_on': False, 'lc_error': False}",result,Kommunikations-Test fuer SR830 und OSTECH,,,
2026-09-15,10:49:06,107,KOM_Test,OSTECH,T,LTM,25.0,result,Kommunikations-Test fuer SR830 und OSTECH,,,
2026-09-15,10:49:06,127,KOM_Test,OSTECH,T,LCA,0.0,result,Kommunikations-Test fuer SR830 und OSTECH,,,
2026-09-15,10:49:06,140,KOM_Test,OSTECH,T,LVA,0.0,result,Kommunikations-Test fuer SR830 und OSTECH,,,
2026-09-15,10:49:06,157,KOM_Test,SR830,T,"SNAP 1,2,3,4,10,11","-6.10356e-005,0,0,180,-6.10356e-005,0",result,Kommunikations-Test fuer SR830 und OSTECH,,,
2026-09-15,10:49:06,164,KOM_Test,OSTECH,T,XTA,21.005325317382812,result,Kommunikations-Test fuer SR830 und OSTECH,,,
2026-09-15,10:49:06,178,KOM_Test,OSTECH,T,GT,28.34613800048828,result,Kommunikations-Test fuer SR830 und OSTECH,,,
2026-09-15,10:49:06,194,KOM_Test,OSTECH,T,GS,"{'status_word': 3085, 'interlock_ok': True, 'driver_supply_ok': True, 'driver_temperature_ok': True, 'lt_sensor_ok': True, 'ct_sensor_ok': True, 'lc_on': False, 'lc_error': False}",result,Kommunikations-Test fuer SR830 und OSTECH,,,
2026-09-15,10:49:06,205,KOM_Test,OSTECH,T,LTM,25.0,result,Kommunikations-Test fuer SR830 und OSTECH,,,
2026-09-15,10:49:06,224,KOM_Test,OSTECH,T,LCA,0.0,result,Kommunikations-Test fuer SR830 und OSTECH,,,
2026-09-15,10:49:06,241,KOM_Test,OSTECH,T,LVA,0.0,result,Kommunikations-Test fuer SR830 und OSTECH,,,
2026-09-15,10:49:06,255,KOM_Test,OSTECH,T,XTA,21.005325317382812,result,Kommunikations-Test fuer SR830 und OSTECH,,,
2026-09-15,10:49:06,274,KOM_Test,SR830,T,"SNAP 5,6,7,8,9","-0.00166667,0.008,0.00233333,-0.000666667,1000",result,Kommunikations-Test fuer SR830 und OSTECH,,,
2026-09-15,10:49:06,286,KOM_Test,OSTECH,T,GT,28.34613800048828,result,Kommunikations-Test fuer SR830 und OSTECH,,,
2026-09-15,10:49:06,294,KOM_Test,OSTECH,T,GS,"{'status_word': 3085, 'interlock_ok': True, 'driver_supply_ok': True, 'driver_temperature_ok': True, 'lt_sensor_ok': True, 'ct_sensor_ok': True, 'lc_on': False, 'lc_error': False}",result,Kommunikations-Test fuer SR830 und OSTECH,,,
2026-09-15,10:49:06,300,KOM_Test,SR830,T,PHAS,0,result,Kommunikations-Test fuer SR830 und OSTECH,,,
2026-09-15,10:49:06,304,KOM_Test,OSTECH,T,LTM,25.0,result,Kommunikations-Test fuer SR830 und OSTECH,,,
2026-09-15,10:49:06,322,KOM_Test,SR830,T,FREQ,1000,result,Kommunikations-Test fuer SR830 und OSTECH,,,
2026-09-15,10:49:06,323,KOM_Test,OSTECH,T,LCA,0.0,result,Kommunikations-Test fuer SR830 und OSTECH,,,
2026-09-15,10:49:06,338,KOM_Test,OSTECH,T,LVA,0.0,result,Kommunikations-Test fuer SR830 und OSTECH,,,
2026-09-15,10:49:06,354,KOM_Test,OSTECH,T,XTA,21.005325317382812,result,Kommunikations-Test fuer SR830 und OSTECH,,,
2026-09-15,10:49:06,375,KOM_Test,OSTECH,T,GT,28.34613800048828,result,Kommunikations-Test fuer SR830 und OSTECH,,,
2026-09-15,10:49:06,388,KOM_Test,OSTECH,T,GS,"{'status_word': 3085, 'interlock_ok': True, 'driver_supply_ok': True, 'driver_temperature_ok': True, 'lt_sensor_ok': True, 'ct_sensor_ok': True, 'lc_on': False, 'lc_error': False}",result,Kommunikations-Test fuer SR830 und OSTECH,,,
2026-09-15,10:49:06,405,KOM_Test,SR830,T,"SNAP 1,2,3,4,10,11","0,0,0,0,0,0",result,Kommunikations-Test fuer SR830 und OSTECH,,,
2026-09-15,10:49:06,415,KOM_Test,OSTECH,T,LTM,25.0,result,Kommunikations-Test fuer SR830 und OSTECH,,,
2026-09-15,10:49:06,421,KOM_Test,OSTECH,T,LCA,0.0,result,Kommunikations-Test fuer SR830 und OSTECH,,,
2026-09-15,10:49:06,440,KOM_Test,OSTECH,T,LVA,0.0,result,Kommunikations-Test fuer SR830 und OSTECH,,,
2026-09-15,10:49:06,476,KOM_Test,OSTECH,T,XTA,21.00218963623047,result,Kommunikations-Test fuer SR830 und OSTECH,,,
2026-09-15,10:49:06,487,KOM_Test,OSTECH,T,GT,28.34613800048828,result,Kommunikations-Test fuer SR830 und OSTECH,,,
2026-09-15,10:49:06,511,KOM_Test,OSTECH,T,GS,"{'status_word': 3085, 'interlock_ok': True, 'driver_supply_ok': True, 'driver_temperature_ok': True, 'lt_sensor_ok': True, 'ct_sensor_ok': True, 'lc_on': False, 'lc_error': False}",result,Kommunikations-Test fuer SR830 und OSTECH,,,
2026-09-15,10:49:06,522,KOM_Test,SR830,T,"SNAP 5,6,7,8,9","-0.002,0.003,-0.000666667,-0.001,1000",result,Kommunikations-Test fuer SR830 und OSTECH,,,
2026-09-15,10:49:06,532,KOM_Test,OSTECH,T,LTM,25.0,result,Kommunikations-Test fuer SR830 und OSTECH,,,
2026-09-15,10:49:06,546,KOM_Test,SR830,T,PHAS,0,result,Kommunikations-Test fuer SR830 und OSTECH,,,
2026-09-15,10:49:06,546,KOM_Test,OSTECH,T,LCA,0.0,result,Kommunikations-Test fuer SR830 und OSTECH,,,
2026-09-15,10:49:06,561,KOM_Test,OSTECH,T,LVA,0.0,result,Kommunikations-Test fuer SR830 und OSTECH,,,
2026-09-15,10:49:06,561,KOM_Test,SR830,T,FREQ,1000,result,Kommunikations-Test fuer SR830 und OSTECH,,,
2026-09-15,10:49:06,578,KOM_Test,OSTECH,T,XTA,21.00218963623047,result,Kommunikations-Test fuer SR830 und OSTECH,,,
2026-09-15,10:49:06,594,KOM_Test,OSTECH,T,GT,28.34613800048828,result,Kommunikations-Test fuer SR830 und OSTECH,,,
2026-09-15,10:49:06,606,KOM_Test,OSTECH,T,GS,"{'status_word': 3085, 'interlock_ok': True, 'driver_supply_ok': True, 'driver_temperature_ok': True, 'lt_sensor_ok': True, 'ct_sensor_ok': True, 'lc_on': False, 'lc_error': False}",result,Kommunikations-Test fuer SR830 und OSTECH,,,
2026-09-15,10:49:06,623,KOM_Test,OSTECH,T,LTM,25.0,result,Kommunikations-Test fuer SR830 und OSTECH,,,
2026-09-15,10:49:06,653,KOM_Test,OSTECH,T,LCA,0.0,result,Kommunikations-Test fuer SR830 und OSTECH,,,
2026-09-15,10:49:06,678,KOM_Test,OSTECH,T,LVA,0.0,result,Kommunikations-Test fuer SR830 und OSTECH,,,
2026-09-15,10:49:06,689,KOM_Test,OSTECH,T,XTA,21.00218963623047,result,Kommunikations-Test fuer SR830 und OSTECH,,,
2026-09-15,10:49:06,710,KOM_Test,SR830,T,"SNAP 1,2,3,4,10,11","-6.10356e-005,-6.10356e-005,0,-135,-6.10356e-005,-6.10356e-005",result,Kommunikations-Test fuer SR830 und OSTECH,,,
2026-09-15,10:49:06,710,KOM_Test,OSTECH,T,GT,28.34613800048828,result,Kommunikations-Test fuer SR830 und OSTECH,,,
2026-09-15,10:49:06,729,KOM_Test,OSTECH,T,GS,"{'status_word': 3085, 'interlock_ok': True, 'driver_supply_ok': True, 'driver_temperature_ok': True, 'lt_sensor_ok': True, 'ct_sensor_ok': True, 'lc_on': False, 'lc_error': False}",result,Kommunikations-Test fuer SR830 und OSTECH,,,
2026-09-15,10:49:06,744,KOM_Test,OSTECH,T,LTM,25.0,result,Kommunikations-Test fuer SR830 und OSTECH,,,
2026-09-15,10:49:06,757,KOM_Test,OSTECH,T,LCA,0.0,result,Kommunikations-Test fuer SR830 und OSTECH,,,
2026-09-15,10:49:06,774,KOM_Test,OSTECH,T,LVA,0.0,result,Kommunikations-Test fuer SR830 und OSTECH,,,
2026-09-15,10:49:06,791,KOM_Test,OSTECH,T,XTA,21.00218963623047,result,Kommunikations-Test fuer SR830 und OSTECH,,,
2026-09-15,10:49:06,806,KOM_Test,OSTECH,T,GT,28.34613800048828,result,Kommunikations-Test fuer SR830 und OSTECH,,,
2026-09-15,10:49:06,824,KOM_Test,OSTECH,T,GS,"{'status_word': 3085, 'interlock_ok': True, 'driver_supply_ok': True, 'driver_temperature_ok': True, 'lt_sensor_ok': True, 'ct_sensor_ok': True, 'lc_on': False, 'lc_error': False}",result,Kommunikations-Test fuer SR830 und OSTECH,,,
2026-09-15,10:49:06,839,KOM_Test,SR830,T,"SNAP 5,6,7,8,9","-0.00466667,0.00633333,0.000666667,0.000666667,1000",result,Kommunikations-Test fuer SR830 und OSTECH,,,
2026-09-15,10:49:06,850,KOM_Test,OSTECH,T,LTM,25.0,result,Kommunikations-Test fuer SR830 und OSTECH,,,
2026-09-15,10:49:06,854,KOM_Test,OSTECH,T,LCA,0.0,result,Kommunikations-Test fuer SR830 und OSTECH,,,
2026-09-15,10:49:06,854,KOM_Test,SR830,T,PHAS,0,result,Kommunikations-Test fuer SR830 und OSTECH,,,
2026-09-15,10:49:06,875,KOM_Test,OSTECH,T,LVA,0.0,result,Kommunikations-Test fuer SR830 und OSTECH,,,
2026-09-15,10:49:06,889,KOM_Test,SR830,T,FREQ,1000,result,Kommunikations-Test fuer SR830 und OSTECH,,,
2026-09-15,10:49:06,890,KOM_Test,OSTECH,T,XTA,21.00218963623047,result,Kommunikations-Test fuer SR830 und OSTECH,,,
2026-09-15,10:49:06,911,KOM_Test,OSTECH,T,GT,28.34613800048828,result,Kommunikations-Test fuer SR830 und OSTECH,,,
2026-09-15,10:49:06,925,KOM_Test,OSTECH,T,GS,"{'status_word': 3085, 'interlock_ok': True, 'driver_supply_ok': True, 'driver_temperature_ok': True, 'lt_sensor_ok': True, 'ct_sensor_ok': True, 'lc_on': False, 'lc_error': False}",result,Kommunikations-Test fuer SR830 und OSTECH,,,
2026-09-15,10:49:06,938,KOM_Test,OSTECH,T,LTM,25.0,result,Kommunikations-Test fuer SR830 und OSTECH,,,
2026-09-15,10:49:06,957,KOM_Test,OSTECH,T,LCA,0.0,result,Kommunikations-Test fuer SR830 und OSTECH,,,
2026-09-15,10:49:06,975,KOM_Test,OSTECH,T,LVA,0.0,result,Kommunikations-Test fuer SR830 und OSTECH,,,
2026-09-15,10:49:06,991,KOM_Test,OSTECH,T,XTA,21.00218963623047,result,Kommunikations-Test fuer SR830 und OSTECH,,,
2026-09-15,10:49:07,025,KOM_Test,OSTECH,T,GT,28.34613800048828,result,Kommunikations-Test fuer SR830 und OSTECH,,,
2026-09-15,10:49:07,036,KOM_Test,SR830,T,"SNAP 1,2,3,4,10,11","0,-0.000122071,6.10356e-005,-63.438,0,-0.000122071",result,Kommunikations-Test fuer SR830 und OSTECH,,,
2026-09-15,10:49:07,044,KOM_Test,OSTECH,T,GS,"{'status_word': 3085, 'interlock_ok': True, 'driver_supply_ok': True, 'driver_temperature_ok': True, 'lt_sensor_ok': True, 'ct_sensor_ok': True, 'lc_on': False, 'lc_error': False}",result,Kommunikations-Test fuer SR830 und OSTECH,,,
2026-09-15,10:49:07,054,KOM_Test,OSTECH,T,LTM,25.0,result,Kommunikations-Test fuer SR830 und OSTECH,,,
2026-09-15,10:49:07,076,KOM_Test,OSTECH,T,LCA,0.0,result,Kommunikations-Test fuer SR830 und OSTECH,,,
2026-09-15,10:49:07,088,KOM_Test,OSTECH,T,LVA,0.0,result,Kommunikations-Test fuer SR830 und OSTECH,,,
2026-09-15,10:49:07,107,KOM_Test,OSTECH,T,XTA,21.00104522705078,result,Kommunikations-Test fuer SR830 und OSTECH,,,
2026-09-15,10:49:07,126,KOM_Test,OSTECH,T,GT,28.34613800048828,result,Kommunikations-Test fuer SR830 und OSTECH,,,
2026-09-15,10:49:07,139,KOM_Test,OSTECH,T,GS,"{'status_word': 3085, 'interlock_ok': True, 'driver_supply_ok': True, 'driver_temperature_ok': True, 'lt_sensor_ok': True, 'ct_sensor_ok': True, 'lc_on': False, 'lc_error': False}",result,Kommunikations-Test fuer SR830 und OSTECH,,,
2026-09-15,10:49:07,155,KOM_Test,SR830,T,"SNAP 5,6,7,8,9","-0.000666667,0.00466667,0.000666667,-0.000666667,1000",result,Kommunikations-Test fuer SR830 und OSTECH,,,
2026-09-15,10:49:07,168,KOM_Test,OSTECH,T,LTM,25.0,result,Kommunikations-Test fuer SR830 und OSTECH,,,
2026-09-15,10:49:07,177,KOM_Test,OSTECH,T,LCA,0.0,result,Kommunikations-Test fuer SR830 und OSTECH,,,
2026-09-15,10:49:07,177,KOM_Test,SR830,T,PHAS,0,result,Kommunikations-Test fuer SR830 und OSTECH,,,
2026-09-15,10:49:07,204,KOM_Test,SR830,T,FREQ,1000,result,Kommunikations-Test fuer SR830 und OSTECH,,,
2026-09-15,10:49:07,208,KOM_Test,OSTECH,T,LVA,0.0,result,Kommunikations-Test fuer SR830 und OSTECH,,,
2026-09-15,10:49:07,230,KOM_Test,OSTECH,T,XTA,21.00104522705078,result,Kommunikations-Test fuer SR830 und OSTECH,,,
2026-09-15,10:49:07,240,KOM_Test,OSTECH,T,GT,28.34613800048828,result,Kommunikations-Test fuer SR830 und OSTECH,,,
2026-09-15,10:49:07,256,KOM_Test,OSTECH,T,GS,"{'status_word': 3085, 'interlock_ok': True, 'driver_supply_ok': True, 'driver_temperature_ok': True, 'lt_sensor_ok': True, 'ct_sensor_ok': True, 'lc_on': False, 'lc_error': False}",result,Kommunikations-Test fuer SR830 und OSTECH,,,
2026-09-15,10:49:07,278,KOM_Test,OSTECH,T,LTM,25.0,result,Kommunikations-Test fuer SR830 und OSTECH,,,
2026-09-15,10:49:07,290,KOM_Test,OSTECH,T,LCA,0.0,result,Kommunikations-Test fuer SR830 und OSTECH,,,
2026-09-15,10:49:07,308,KOM_Test,OSTECH,T,LVA,0.0,result,Kommunikations-Test fuer SR830 und OSTECH,,,
2026-09-15,10:49:07,328,KOM_Test,OSTECH,T,XTA,21.00104522705078,result,Kommunikations-Test fuer SR830 und OSTECH,,,
2026-09-15,10:49:07,338,KOM_Test,OSTECH,T,GT,28.34613800048828,result,Kommunikations-Test fuer SR830 und OSTECH,,,
2026-09-15,10:49:07,355,KOM_Test,OSTECH,T,GS,"{'status_word': 3085, 'interlock_ok': True, 'driver_supply_ok': True, 'driver_temperature_ok': True, 'lt_sensor_ok': True, 'ct_sensor_ok': True, 'lc_on': False, 'lc_error': False}",result,Kommunikations-Test fuer SR830 und OSTECH,,,
2026-09-15,10:49:07,367,KOM_Test,SR830,T,"SNAP 1,2,3,4,10,11","-6.10356e-005,-6.10356e-005,0,-135,-6.10356e-005,-6.10356e-005",result,Kommunikations-Test fuer SR830 und OSTECH,,,
2026-09-15,10:49:07,378,KOM_Test,OSTECH,T,LTM,25.0,result,Kommunikations-Test fuer SR830 und OSTECH,,,
2026-09-15,10:49:07,393,KOM_Test,OSTECH,T,LCA,0.0,result,Kommunikations-Test fuer SR830 und OSTECH,,,
2026-09-15,10:49:07,405,KOM_Test,OSTECH,T,LVA,0.0,result,Kommunikations-Test fuer SR830 und OSTECH,,,
2026-09-15,10:49:07,429,KOM_Test,OSTECH,T,XTA,21.00104522705078,result,Kommunikations-Test fuer SR830 und OSTECH,,,
2026-09-15,10:49:07,441,KOM_Test,OSTECH,T,GT,28.34613800048828,result,Kommunikations-Test fuer SR830 und OSTECH,,,
2026-09-15,10:49:07,455,KOM_Test,OSTECH,T,GS,"{'status_word': 3085, 'interlock_ok': True, 'driver_supply_ok': True, 'driver_temperature_ok': True, 'lt_sensor_ok': True, 'ct_sensor_ok': True, 'lc_on': False, 'lc_error': False}",result,Kommunikations-Test fuer SR830 und OSTECH,,,
2026-09-15,10:49:07,479,KOM_Test,OSTECH,T,LTM,25.0,result,Kommunikations-Test fuer SR830 und OSTECH,,,
2026-09-15,10:49:07,488,KOM_Test,SR830,T,"SNAP 5,6,7,8,9","-0.002,0.00666667,-0.000333333,0.000666667,1000",result,Kommunikations-Test fuer SR830 und OSTECH,,,
2026-09-15,10:49:07,491,KOM_Test,OSTECH,T,LCA,0.0,result,Kommunikations-Test fuer SR830 und OSTECH,,,
2026-09-15,10:49:07,507,KOM_Test,SR830,T,PHAS,0,result,Kommunikations-Test fuer SR830 und OSTECH,,,
2026-09-15,10:49:07,507,KOM_Test,OSTECH,T,LVA,0.0,result,Kommunikations-Test fuer SR830 und OSTECH,,,
2026-09-15,10:49:07,530,KOM_Test,OSTECH,T,XTA,21.00104522705078,result,Kommunikations-Test fuer SR830 und OSTECH,,,
2026-09-15,10:49:07,538,KOM_Test,SR830,T,FREQ,1000,result,Kommunikations-Test fuer SR830 und OSTECH,,,
2026-09-15,10:49:07,548,KOM_Test,OSTECH,T,GT,28.34613800048828,result,Kommunikations-Test fuer SR830 und OSTECH,,,
2026-09-15,10:49:07,571,KOM_Test,OSTECH,T,GS,"{'status_word': 3085, 'interlock_ok': True, 'driver_supply_ok': True, 'driver_temperature_ok': True, 'lt_sensor_ok': True, 'ct_sensor_ok': True, 'lc_on': False, 'lc_error': False}",result,Kommunikations-Test fuer SR830 und OSTECH,,,
2026-09-15,10:49:07,595,KOM_Test,OSTECH,T,LTM,25.0,result,Kommunikations-Test fuer SR830 und OSTECH,,,
2026-09-15,10:49:07,607,KOM_Test,OSTECH,T,LCA,0.0,result,Kommunikations-Test fuer SR830 und OSTECH,,,
2026-09-15,10:49:07,630,KOM_Test,OSTECH,T,LVA,0.0,result,Kommunikations-Test fuer SR830 und OSTECH,,,
2026-09-15,10:49:07,641,KOM_Test,OSTECH,T,XTA,21.002296447753906,result,Kommunikations-Test fuer SR830 und OSTECH,,,
2026-09-15,10:49:07,657,KOM_Test,SR830,T,"SNAP 1,2,3,4,10,11","-6.10356e-005,0,0,180,-6.10356e-005,0",result,Kommunikations-Test fuer SR830 und OSTECH,,,
2026-09-15,10:49:07,665,KOM_Test,OSTECH,T,GT,28.34613800048828,result,Kommunikations-Test fuer SR830 und OSTECH,,,
2026-09-15,10:49:07,681,KOM_Test,OSTECH,T,GS,"{'status_word': 3085, 'interlock_ok': True, 'driver_supply_ok': True, 'driver_temperature_ok': True, 'lt_sensor_ok': True, 'ct_sensor_ok': True, 'lc_on': False, 'lc_error': False}",result,Kommunikations-Test fuer SR830 und OSTECH,,,
2026-09-15,10:49:07,689,KOM_Test,OSTECH,T,LTM,25.0,result,Kommunikations-Test fuer SR830 und OSTECH,,,
2026-09-15,10:49:07,708,KOM_Test,OSTECH,T,LCA,0.0,result,Kommunikations-Test fuer SR830 und OSTECH,,,
2026-09-15,10:49:07,732,KOM_Test,OSTECH,T,LVA,0.0,result,Kommunikations-Test fuer SR830 und OSTECH,,,
2026-09-15,10:49:07,756,KOM_Test,OSTECH,T,XTA,21.002296447753906,result,Kommunikations-Test fuer SR830 und OSTECH,,,
2026-09-15,10:49:07,777,KOM_Test,OSTECH,T,GT,28.34613800048828,result,Kommunikations-Test fuer SR830 und OSTECH,,,
2026-09-15,10:49:07,787,KOM_Test,SR830,T,"SNAP 5,6,7,8,9","-0.00166667,0.00633333,0.001,0.000666667,1000",result,Kommunikations-Test fuer SR830 und OSTECH,,,
2026-09-15,10:49:07,788,KOM_Test,OSTECH,T,GS,"{'status_word': 3085, 'interlock_ok': True, 'driver_supply_ok': True, 'driver_temperature_ok': True, 'lt_sensor_ok': True, 'ct_sensor_ok': True, 'lc_on': False, 'lc_error': False}",result,Kommunikations-Test fuer SR830 und OSTECH,,,
2026-09-15,10:49:07,805,KOM_Test,SR830,T,PHAS,0,result,Kommunikations-Test fuer SR830 und OSTECH,,,
2026-09-15,10:49:07,805,KOM_Test,OSTECH,T,LTM,25.0,result,Kommunikations-Test fuer SR830 und OSTECH,,,
2026-09-15,10:49:07,832,KOM_Test,OSTECH,T,LCA,0.0,result,Kommunikations-Test fuer SR830 und OSTECH,,,
2026-09-15,10:49:07,840,KOM_Test,SR830,T,FREQ,1000,result,Kommunikations-Test fuer SR830 und OSTECH,,,
2026-09-15,10:49:07,845,KOM_Test,OSTECH,T,LVA,0.0,result,Kommunikations-Test fuer SR830 und OSTECH,,,
2026-09-15,10:49:07,855,KOM_Test,OSTECH,T,XTA,21.002296447753906,result,Kommunikations-Test fuer SR830 und OSTECH,,,
2026-09-15,10:49:07,873,KOM_Test,OSTECH,T,GT,28.34613800048828,result,Kommunikations-Test fuer SR830 und OSTECH,,,
2026-09-15,10:49:07,889,KOM_Test,OSTECH,T,GS,"{'status_word': 3085, 'interlock_ok': True, 'driver_supply_ok': True, 'driver_temperature_ok': True, 'lt_sensor_ok': True, 'ct_sensor_ok': True, 'lc_on': False, 'lc_error': False}",result,Kommunikations-Test fuer SR830 und OSTECH,,,
2026-09-15,10:49:07,910,KOM_Test,OSTECH,T,LTM,25.0,result,Kommunikations-Test fuer SR830 und OSTECH,,,
2026-09-15,10:49:07,938,KOM_Test,OSTECH,T,LCA,0.0,result,Kommunikations-Test fuer SR830 und OSTECH,,,
2026-09-15,10:49:07,961,KOM_Test,OSTECH,T,LVA,0.0,result,Kommunikations-Test fuer SR830 und OSTECH,,,
2026-09-15,10:49:07,961,KOM_Test,SR830,T,"SNAP 1,2,3,4,10,11","0,-6.10356e-005,0,-45,0,-6.10356e-005",result,Kommunikations-Test fuer SR830 und OSTECH,,,
2026-09-15,10:49:07,984,KOM_Test,OSTECH,T,XTA,21.002296447753906,result,Kommunikations-Test fuer SR830 und OSTECH,,,
2026-09-15,10:49:07,994,KOM_Test,OSTECH,T,GT,28.34613800048828,result,Kommunikations-Test fuer SR830 und OSTECH,,,
2026-09-15,10:49:08,006,KOM_Test,OSTECH,T,GS,"{'status_word': 3085, 'interlock_ok': True, 'driver_supply_ok': True, 'driver_temperature_ok': True, 'lt_sensor_ok': True, 'ct_sensor_ok': True, 'lc_on': False, 'lc_error': False}",result,Kommunikations-Test fuer SR830 und OSTECH,,,
2026-09-15,10:49:08,034,KOM_Test,OSTECH,T,LTM,25.0,result,Kommunikations-Test fuer SR830 und OSTECH,,,
2026-09-15,10:49:08,042,KOM_Test,OSTECH,T,LCA,0.0,result,Kommunikations-Test fuer SR830 und OSTECH,,,
2026-09-15,10:49:08,055,KOM_Test,OSTECH,T,LVA,0.0,result,Kommunikations-Test fuer SR830 und OSTECH,,,
2026-09-15,10:49:08,084,KOM_Test,OSTECH,T,XTA,21.002296447753906,result,Kommunikations-Test fuer SR830 und OSTECH,,,
2026-09-15,10:49:08,087,KOM_Test,SR830,T,"SNAP 5,6,7,8,9","0.003,0.00633333,0.000666667,0.000666667,1000",result,Kommunikations-Test fuer SR830 und OSTECH,,,
2026-09-15,10:49:08,091,KOM_Test,OSTECH,T,GT,28.34613800048828,result,Kommunikations-Test fuer SR830 und OSTECH,,,
2026-09-15,10:49:08,102,KOM_Test,SR830,T,PHAS,0,result,Kommunikations-Test fuer SR830 und OSTECH,,,
2026-09-15,10:49:08,121,KOM_Test,OSTECH,T,GS,"{'status_word': 3085, 'interlock_ok': True, 'driver_supply_ok': True, 'driver_temperature_ok': True, 'lt_sensor_ok': True, 'ct_sensor_ok': True, 'lc_on': False, 'lc_error': False}",result,Kommunikations-Test fuer SR830 und OSTECH,,,
2026-09-15,10:49:08,123,KOM_Test,SR830,T,FREQ,1000,result,Kommunikations-Test fuer SR830 und OSTECH,,,
2026-09-15,10:49:08,145,KOM_Test,OSTECH,T,LTM,25.0,result,Kommunikations-Test fuer SR830 und OSTECH,,,
2026-09-15,10:49:08,157,KOM_Test,OSTECH,T,LCA,0.0,result,Kommunikations-Test fuer SR830 und OSTECH,,,
2026-09-15,10:49:08,174,KOM_Test,OSTECH,T,LVA,0.0,result,Kommunikations-Test fuer SR830 und OSTECH,,,
2026-09-15,10:49:08,190,KOM_Test,OSTECH,T,XTA,20.99364471435547,result,Kommunikations-Test fuer SR830 und OSTECH,,,
2026-09-15,10:49:08,215,KOM_Test,OSTECH,T,GT,28.34613800048828,result,Kommunikations-Test fuer SR830 und OSTECH,,,
2026-09-15,10:49:08,229,KOM_Test,OSTECH,T,GS,"{'status_word': 3085, 'interlock_ok': True, 'driver_supply_ok': True, 'driver_temperature_ok': True, 'lt_sensor_ok': True, 'ct_sensor_ok': True, 'lc_on': False, 'lc_error': False}",result,Kommunikations-Test fuer SR830 und OSTECH,,,
2026-09-15,10:49:08,242,KOM_Test,OSTECH,T,LTM,25.0,result,Kommunikations-Test fuer SR830 und OSTECH,,,
2026-09-15,10:49:08,261,KOM_Test,OSTECH,T,LCA,0.0,result,Kommunikations-Test fuer SR830 und OSTECH,,,
2026-09-15,10:49:08,272,KOM_Test,OSTECH,T,LVA,0.0,result,Kommunikations-Test fuer SR830 und OSTECH,,,
2026-09-15,10:49:08,284,KOM_Test,SR830,T,"SNAP 1,2,3,4,10,11","-6.10356e-005,-6.10356e-005,0,-135,-6.10356e-005,-6.10356e-005",result,Kommunikations-Test fuer SR830 und OSTECH,,,
2026-09-15,10:49:08,311,KOM_Test,OSTECH,T,XTA,20.99364471435547,result,Kommunikations-Test fuer SR830 und OSTECH,,,
2026-09-15,10:49:08,321,KOM_Test,OSTECH,T,GT,28.34534454345703,result,Kommunikations-Test fuer SR830 und OSTECH,,,
2026-09-15,10:49:08,339,KOM_Test,OSTECH,T,GS,"{'status_word': 3085, 'interlock_ok': True, 'driver_supply_ok': True, 'driver_temperature_ok': True, 'lt_sensor_ok': True, 'ct_sensor_ok': True, 'lc_on': False, 'lc_error': False}",result,Kommunikations-Test fuer SR830 und OSTECH,,,
2026-09-15,10:49:08,355,KOM_Test,OSTECH,T,LTM,25.0,result,Kommunikations-Test fuer SR830 und OSTECH,,,
2026-09-15,10:49:08,372,KOM_Test,OSTECH,T,LCA,0.0,result,Kommunikations-Test fuer SR830 und OSTECH,,,
2026-09-15,10:49:08,389,KOM_Test,OSTECH,T,LVA,0.0,result,Kommunikations-Test fuer SR830 und OSTECH,,,
2026-09-15,10:49:08,389,KOM_Test,SR830,T,"SNAP 5,6,7,8,9","-0.00166667,0.008,0.001,0.000666667,1000",result,Kommunikations-Test fuer SR830 und OSTECH,,,
2026-09-15,10:49:08,407,KOM_Test,OSTECH,T,XTA,20.99364471435547,result,Kommunikations-Test fuer SR830 und OSTECH,,,
2026-09-15,10:49:08,407,KOM_Test,SR830,T,PHAS,0,result,Kommunikations-Test fuer SR830 und OSTECH,,,
2026-09-15,10:49:08,426,KOM_Test,OSTECH,T,GT,28.34534454345703,result,Kommunikations-Test fuer SR830 und OSTECH,,,
2026-09-15,10:49:08,438,KOM_Test,SR830,T,FREQ,1000,result,Kommunikations-Test fuer SR830 und OSTECH,,,
2026-09-15,10:49:08,438,KOM_Test,OSTECH,T,GS,"{'status_word': 3085, 'interlock_ok': True, 'driver_supply_ok': True, 'driver_temperature_ok': True, 'lt_sensor_ok': True, 'ct_sensor_ok': True, 'lc_on': False, 'lc_error': False}",result,Kommunikations-Test fuer SR830 und OSTECH,,,
2026-09-15,10:49:08,455,KOM_Test,OSTECH,T,LTM,25.0,result,Kommunikations-Test fuer SR830 und OSTECH,,,
2026-09-15,10:49:08,487,KOM_Test,OSTECH,T,LCA,0.0,result,Kommunikations-Test fuer SR830 und OSTECH,,,
2026-09-15,10:49:08,513,KOM_Test,OSTECH,T,LVA,0.0,result,Kommunikations-Test fuer SR830 und OSTECH,,,
2026-09-15,10:49:08,523,KOM_Test,SR830,T,"SNAP 1,2,3,4,10,11","0,0,0,0,0,0",result,Kommunikations-Test fuer SR830 und OSTECH,,,
2026-09-15,10:49:08,535,KOM_Test,OSTECH,T,XTA,20.99364471435547,result,Kommunikations-Test fuer SR830 und OSTECH,,,
2026-09-15,10:49:08,547,KOM_Test,OSTECH,T,GT,28.34534454345703,result,Kommunikations-Test fuer SR830 und OSTECH,,,
2026-09-15,10:49:08,562,KOM_Test,OSTECH,T,GS,"{'status_word': 3085, 'interlock_ok': True, 'driver_supply_ok': True, 'driver_temperature_ok': True, 'lt_sensor_ok': True, 'ct_sensor_ok': True, 'lc_on': False, 'lc_error': False}",result,Kommunikations-Test fuer SR830 und OSTECH,,,
2026-09-15,10:49:08,578,KOM_Test,OSTECH,T,LTM,25.0,result,Kommunikations-Test fuer SR830 und OSTECH,,,
2026-09-15,10:49:08,592,KOM_Test,OSTECH,T,LCA,0.0,result,Kommunikations-Test fuer SR830 und OSTECH,,,
2026-09-15,10:49:08,607,KOM_Test,OSTECH,T,LVA,0.0,result,Kommunikations-Test fuer SR830 und OSTECH,,,
2026-09-15,10:49:08,622,KOM_Test,OSTECH,T,XTA,20.99364471435547,result,Kommunikations-Test fuer SR830 und OSTECH,,,
2026-09-15,10:49:08,639,KOM_Test,OSTECH,T,GT,28.34534454345703,result,Kommunikations-Test fuer SR830 und OSTECH,,,
2026-09-15,10:49:08,655,KOM_Test,SR830,T,"SNAP 5,6,7,8,9","-0.000666667,0.00666667,-0.000666667,-0.001,1000",result,Kommunikations-Test fuer SR830 und OSTECH,,,
2026-09-15,10:49:08,672,KOM_Test,OSTECH,T,GS,"{'status_word': 3085, 'interlock_ok': True, 'driver_supply_ok': True, 'driver_temperature_ok': True, 'lt_sensor_ok': True, 'ct_sensor_ok': True, 'lc_on': False, 'lc_error': False}",result,Kommunikations-Test fuer SR830 und OSTECH,,,
2026-09-15,10:49:08,678,KOM_Test,SR830,T,PHAS,0,result,Kommunikations-Test fuer SR830 und OSTECH,,,
2026-09-15,10:49:08,690,KOM_Test,OSTECH,T,LTM,25.0,result,Kommunikations-Test fuer SR830 und OSTECH,,,
2026-09-15,10:49:08,705,KOM_Test,SR830,T,FREQ,1000,result,Kommunikations-Test fuer SR830 und OSTECH,,,
2026-09-15,10:49:08,714,KOM_Test,OSTECH,T,LCA,0.0,result,Kommunikations-Test fuer SR830 und OSTECH,,,
2026-09-15,10:49:08,729,KOM_Test,OSTECH,T,LVA,0.0,result,Kommunikations-Test fuer SR830 und OSTECH,,,
2026-09-15,10:49:08,744,KOM_Test,OSTECH,T,XTA,21.000381469726562,result,Kommunikations-Test fuer SR830 und OSTECH,,,
2026-09-15,10:49:08,758,KOM_Test,OSTECH,T,GT,28.34534454345703,result,Kommunikations-Test fuer SR830 und OSTECH,,,
2026-09-15,10:49:08,773,KOM_Test,OSTECH,T,GS,"{'status_word': 3085, 'interlock_ok': True, 'driver_supply_ok': True, 'driver_temperature_ok': True, 'lt_sensor_ok': True, 'ct_sensor_ok': True, 'lc_on': False, 'lc_error': False}",result,Kommunikations-Test fuer SR830 und OSTECH,,,
2026-09-15,10:49:08,773,KOM_Test,SR830,T,"SNAP 1,2,3,4,10,11","0,0,0,0,0,0",result,Kommunikations-Test fuer SR830 und OSTECH,,,
2026-09-15,10:49:08,795,KOM_Test,OSTECH,T,LTM,25.0,result,Kommunikations-Test fuer SR830 und OSTECH,,,
2026-09-15,10:49:08,808,KOM_Test,OSTECH,T,LCA,0.0,result,Kommunikations-Test fuer SR830 und OSTECH,,,
2026-09-15,10:49:08,824,KOM_Test,OSTECH,T,LVA,0.0,result,Kommunikations-Test fuer SR830 und OSTECH,,,
2026-09-15,10:49:08,855,KOM_Test,OSTECH,T,XTA,21.000381469726562,result,Kommunikations-Test fuer SR830 und OSTECH,,,
2026-09-15,10:49:08,877,KOM_Test,OSTECH,T,GT,28.34534454345703,result,Kommunikations-Test fuer SR830 und OSTECH,,,
2026-09-15,10:49:08,891,KOM_Test,OSTECH,T,GS,"{'status_word': 3085, 'interlock_ok': True, 'driver_supply_ok': True, 'driver_temperature_ok': True, 'lt_sensor_ok': True, 'ct_sensor_ok': True, 'lc_on': False, 'lc_error': False}",result,Kommunikations-Test fuer SR830 und OSTECH,,,
2026-09-15,10:49:08,905,KOM_Test,SR830,T,"SNAP 5,6,7,8,9","-0.000666667,0.00633333,-0.000666667,0.001,1000",result,Kommunikations-Test fuer SR830 und OSTECH,,,
2026-09-15,10:49:08,911,KOM_Test,OSTECH,T,LTM,25.0,result,Kommunikations-Test fuer SR830 und OSTECH,,,
2026-09-15,10:49:08,924,KOM_Test,OSTECH,T,LCA,0.0,result,Kommunikations-Test fuer SR830 und OSTECH,,,
2026-09-15,10:49:08,924,KOM_Test,SR830,T,PHAS,0,result,Kommunikations-Test fuer SR830 und OSTECH,,,
2026-09-15,10:49:08,941,KOM_Test,OSTECH,T,LVA,0.0,result,Kommunikations-Test fuer SR830 und OSTECH,,,
2026-09-15,10:49:08,954,KOM_Test,SR830,T,FREQ,1000,result,Kommunikations-Test fuer SR830 und OSTECH,,,
2026-09-15,10:49:08,961,KOM_Test,OSTECH,T,XTA,21.000381469726562,result,Kommunikations-Test fuer SR830 und OSTECH,,,
2026-09-15,10:49:08,977,KOM_Test,OSTECH,T,GT,28.34534454345703,result,Kommunikations-Test fuer SR830 und OSTECH,,,
2026-09-15,10:49:08,992,KOM_Test,OSTECH,T,GS,"{'status_word': 3085, 'interlock_ok': True, 'driver_supply_ok': True, 'driver_temperature_ok': True, 'lt_sensor_ok': True, 'ct_sensor_ok': True, 'lc_on': False, 'lc_error': False}",result,Kommunikations-Test fuer SR830 und OSTECH,,,
2026-09-15,10:49:09,005,KOM_Test,OSTECH,T,LTM,25.0,result,Kommunikations-Test fuer SR830 und OSTECH,,,
2026-09-15,10:49:09,038,KOM_Test,OSTECH,T,LCA,0.0,result,Kommunikations-Test fuer SR830 und OSTECH,,,
2026-09-15,10:49:09,061,KOM_Test,OSTECH,T,LVA,0.0,result,Kommunikations-Test fuer SR830 und OSTECH,,,
2026-09-15,10:49:09,072,KOM_Test,SR830,T,"SNAP 1,2,3,4,10,11","-6.10356e-005,0,0,180,-6.10356e-005,0",result,Kommunikations-Test fuer SR830 und OSTECH,,,
2026-09-15,10:49:09,085,KOM_Test,OSTECH,T,XTA,21.000381469726562,result,Kommunikations-Test fuer SR830 und OSTECH,,,
2026-09-15,10:49:09,092,KOM_Test,OSTECH,T,GT,28.34534454345703,result,Kommunikations-Test fuer SR830 und OSTECH,,,
2026-09-15,10:49:09,106,KOM_Test,OSTECH,T,GS,"{'status_word': 3085, 'interlock_ok': True, 'driver_supply_ok': True, 'driver_temperature_ok': True, 'lt_sensor_ok': True, 'ct_sensor_ok': True, 'lc_on': False, 'lc_error': False}",result,Kommunikations-Test fuer SR830 und OSTECH,,,
2026-09-15,10:49:09,123,KOM_Test,OSTECH,T,LTM,25.0,result,Kommunikations-Test fuer SR830 und OSTECH,,,
2026-09-15,10:49:09,143,KOM_Test,OSTECH,T,LCA,0.0,result,Kommunikations-Test fuer SR830 und OSTECH,,,
2026-09-15,10:49:09,158,KOM_Test,OSTECH,T,LVA,0.0,result,Kommunikations-Test fuer SR830 und OSTECH,,,
2026-09-15,10:49:09,174,KOM_Test,OSTECH,T,XTA,21.000381469726562,result,Kommunikations-Test fuer SR830 und OSTECH,,,
2026-09-15,10:49:09,193,KOM_Test,SR830,T,"SNAP 5,6,7,8,9","-0.002,0.00633333,0.00233333,-0.001,1000",result,Kommunikations-Test fuer SR830 und OSTECH,,,
2026-09-15,10:49:09,199,KOM_Test,OSTECH,T,GT,28.34534454345703,result,Kommunikations-Test fuer SR830 und OSTECH,,,
2026-09-15,10:49:09,211,KOM_Test,SR830,T,PHAS,0,result,Kommunikations-Test fuer SR830 und OSTECH,,,
2026-09-15,10:49:09,222,KOM_Test,OSTECH,T,GS,"{'status_word': 3085, 'interlock_ok': True, 'driver_supply_ok': True, 'driver_temperature_ok': True, 'lt_sensor_ok': True, 'ct_sensor_ok': True, 'lc_on': False, 'lc_error': False}",result,Kommunikations-Test fuer SR830 und OSTECH,,,
2026-09-15,10:49:09,239,KOM_Test,SR830,T,FREQ,1000,result,Kommunikations-Test fuer SR830 und OSTECH,,,
2026-09-15,10:49:09,244,KOM_Test,OSTECH,T,LTM,25.0,result,Kommunikations-Test fuer SR830 und OSTECH,,,
2026-09-15,10:49:09,258,KOM_Test,OSTECH,T,LCA,0.0,result,Kommunikations-Test fuer SR830 und OSTECH,,,
2026-09-15,10:49:09,279,KOM_Test,OSTECH,T,LVA,0.0,result,Kommunikations-Test fuer SR830 und OSTECH,,,
2026-09-15,10:49:09,293,KOM_Test,OSTECH,T,XTA,20.998817443847656,result,Kommunikations-Test fuer SR830 und OSTECH,,,
2026-09-15,10:49:09,308,KOM_Test,OSTECH,T,GT,28.34534454345703,result,Kommunikations-Test fuer SR830 und OSTECH,,,
2026-09-15,10:49:09,322,KOM_Test,OSTECH,T,GS,"{'status_word': 3085, 'interlock_ok': True, 'driver_supply_ok': True, 'driver_temperature_ok': True, 'lt_sensor_ok': True, 'ct_sensor_ok': True, 'lc_on': False, 'lc_error': False}",result,Kommunikations-Test fuer SR830 und OSTECH,,,
2026-09-15,10:49:09,344,KOM_Test,OSTECH,T,LTM,25.0,result,Kommunikations-Test fuer SR830 und OSTECH,,,
2026-09-15,10:49:09,358,KOM_Test,SR830,T,"SNAP 1,2,3,4,10,11","0,-6.10356e-005,0,-90,0,-6.10356e-005",result,Kommunikations-Test fuer SR830 und OSTECH,,,
2026-09-15,10:49:09,367,KOM_Test,OSTECH,T,LCA,0.0,result,Kommunikations-Test fuer SR830 und OSTECH,,,
2026-09-15,10:49:09,372,KOM_Test,OSTECH,T,LVA,0.0,result,Kommunikations-Test fuer SR830 und OSTECH,,,
2026-09-15,10:49:09,409,KOM_Test,OSTECH,T,XTA,20.998817443847656,result,Kommunikations-Test fuer SR830 und OSTECH,,,
2026-09-15,10:49:09,422,KOM_Test,OSTECH,T,GT,28.34534454345703,result,Kommunikations-Test fuer SR830 und OSTECH,,,
2026-09-15,10:49:09,444,KOM_Test,OSTECH,T,GS,"{'status_word': 3085, 'interlock_ok': True, 'driver_supply_ok': True, 'driver_temperature_ok': True, 'lt_sensor_ok': True, 'ct_sensor_ok': True, 'lc_on': False, 'lc_error': False}",result,Kommunikations-Test fuer SR830 und OSTECH,,,
2026-09-15,10:49:09,455,KOM_Test,OSTECH,T,LTM,25.0,result,Kommunikations-Test fuer SR830 und OSTECH,,,
2026-09-15,10:49:09,476,KOM_Test,OSTECH,T,LCA,0.0,result,Kommunikations-Test fuer SR830 und OSTECH,,,
2026-09-15,10:49:09,489,KOM_Test,SR830,T,"SNAP 5,6,7,8,9","-0.002,0.00766667,-0.000666667,-0.000666667,1000",result,Kommunikations-Test fuer SR830 und OSTECH,,,
2026-09-15,10:49:09,495,KOM_Test,OSTECH,T,LVA,0.0,result,Kommunikations-Test fuer SR830 und OSTECH,,,
2026-09-15,10:49:09,507,KOM_Test,SR830,T,PHAS,0,result,Kommunikations-Test fuer SR830 und OSTECH,,,
2026-09-15,10:49:09,507,KOM_Test,OSTECH,T,XTA,20.998817443847656,result,Kommunikations-Test fuer SR830 und OSTECH,,,
2026-09-15,10:49:09,525,KOM_Test,OSTECH,T,GT,28.34534454345703,result,Kommunikations-Test fuer SR830 und OSTECH,,,
2026-09-15,10:49:09,540,KOM_Test,SR830,T,FREQ,1000,result,Kommunikations-Test fuer SR830 und OSTECH,,,
2026-09-15,10:49:09,546,KOM_Test,OSTECH,T,GS,"{'status_word': 3085, 'interlock_ok': True, 'driver_supply_ok': True, 'driver_temperature_ok': True, 'lt_sensor_ok': True, 'ct_sensor_ok': True, 'lc_on': False, 'lc_error': False}",result,Kommunikations-Test fuer SR830 und OSTECH,,,
2026-09-15,10:49:09,556,KOM_Test,OSTECH,T,LTM,25.0,result,Kommunikations-Test fuer SR830 und OSTECH,,,
2026-09-15,10:49:09,578,KOM_Test,OSTECH,T,LCA,0.0,result,Kommunikations-Test fuer SR830 und OSTECH,,,
2026-09-15,10:49:09,596,KOM_Test,OSTECH,T,LVA,0.0,result,Kommunikations-Test fuer SR830 und OSTECH,,,
2026-09-15,10:49:09,607,KOM_Test,OSTECH,T,XTA,20.998817443847656,result,Kommunikations-Test fuer SR830 und OSTECH,,,
2026-09-15,10:49:09,621,KOM_Test,SR830,T,"SNAP 1,2,3,4,10,11","0,0,0,0,0,0",result,Kommunikations-Test fuer SR830 und OSTECH,,,
2026-09-15,10:49:09,623,KOM_Test,OSTECH,T,GT,28.34534454345703,result,Kommunikations-Test fuer SR830 und OSTECH,,,
2026-09-15,10:49:09,648,KOM_Test,OSTECH,T,GS,"{'status_word': 3085, 'interlock_ok': True, 'driver_supply_ok': True, 'driver_temperature_ok': True, 'lt_sensor_ok': True, 'ct_sensor_ok': True, 'lc_on': False, 'lc_error': False}",result,Kommunikations-Test fuer SR830 und OSTECH,,,
2026-09-15,10:49:09,662,KOM_Test,OSTECH,T,LTM,25.0,result,Kommunikations-Test fuer SR830 und OSTECH,,,
2026-09-15,10:49:09,679,KOM_Test,OSTECH,T,LCA,0.0,result,Kommunikations-Test fuer SR830 und OSTECH,,,
2026-09-15,10:49:09,696,KOM_Test,OSTECH,T,LVA,0.0,result,Kommunikations-Test fuer SR830 und OSTECH,,,
2026-09-15,10:49:09,709,KOM_Test,OSTECH,T,XTA,20.998817443847656,result,Kommunikations-Test fuer SR830 und OSTECH,,,
2026-09-15,10:49:09,725,KOM_Test,OSTECH,T,GT,28.34534454345703,result,Kommunikations-Test fuer SR830 und OSTECH,,,
2026-09-15,10:49:09,741,KOM_Test,SR830,T,"SNAP 5,6,7,8,9","-0.00166667,0.00766667,0.000666667,-0.001,1000",result,Kommunikations-Test fuer SR830 und OSTECH,,,
2026-09-15,10:49:09,746,KOM_Test,OSTECH,T,GS,"{'status_word': 3085, 'interlock_ok': True, 'driver_supply_ok': True, 'driver_temperature_ok': True, 'lt_sensor_ok': True, 'ct_sensor_ok': True, 'lc_on': False, 'lc_error': False}",result,Kommunikations-Test fuer SR830 und OSTECH,,,
2026-09-15,10:49:09,762,KOM_Test,SR830,T,PHAS,0,result,Kommunikations-Test fuer SR830 und OSTECH,,,
2026-09-15,10:49:09,774,KOM_Test,OSTECH,T,LTM,25.0,result,Kommunikations-Test fuer SR830 und OSTECH,,,
2026-09-15,10:49:09,790,KOM_Test,SR830,T,FREQ,1000,result,Kommunikations-Test fuer SR830 und OSTECH,,,
2026-09-15,10:49:09,797,KOM_Test,OSTECH,T,LCA,0.0,result,Kommunikations-Test fuer SR830 und OSTECH,,,
2026-09-15,10:49:09,808,KOM_Test,OSTECH,T,LVA,0.0,result,Kommunikations-Test fuer SR830 und OSTECH,,,
2026-09-15,10:49:09,824,KOM_Test,OSTECH,T,XTA,21.00127410888672,result,Kommunikations-Test fuer SR830 und OSTECH,,,
2026-09-15,10:49:09,847,KOM_Test,OSTECH,T,GT,28.34534454345703,result,Kommunikations-Test fuer SR830 und OSTECH,,,
2026-09-15,10:49:09,857,KOM_Test,OSTECH,T,GS,"{'status_word': 3085, 'interlock_ok': True, 'driver_supply_ok': True, 'driver_temperature_ok': True, 'lt_sensor_ok': True, 'ct_sensor_ok': True, 'lc_on': False, 'lc_error': False}",result,Kommunikations-Test fuer SR830 und OSTECH,,,
2026-09-15,10:49:09,872,KOM_Test,SR830,T,"SNAP 1,2,3,4,10,11","0,0,0,90,0,0",result,Kommunikations-Test fuer SR830 und OSTECH,,,
2026-09-15,10:49:09,884,KOM_Test,OSTECH,T,LTM,25.0,result,Kommunikations-Test fuer SR830 und OSTECH,,,
2026-09-15,10:49:09,898,KOM_Test,OSTECH,T,LCA,0.0,result,Kommunikations-Test fuer SR830 und OSTECH,,,
2026-09-15,10:49:09,910,KOM_Test,OSTECH,T,LVA,0.0,result,Kommunikations-Test fuer SR830 und OSTECH,,,
2026-09-15,10:49:09,925,KOM_Test,OSTECH,T,XTA,21.00127410888672,result,Kommunikations-Test fuer SR830 und OSTECH,,,
2026-09-15,10:49:09,954,KOM_Test,OSTECH,T,GT,28.34534454345703,result,Kommunikations-Test fuer SR830 und OSTECH,,,
2026-09-15,10:49:09,962,KOM_Test,OSTECH,T,GS,"{'status_word': 3085, 'interlock_ok': True, 'driver_supply_ok': True, 'driver_temperature_ok': True, 'lt_sensor_ok': True, 'ct_sensor_ok': True, 'lc_on': False, 'lc_error': False}",result,Kommunikations-Test fuer SR830 und OSTECH,,,
2026-09-15,10:49:09,972,KOM_Test,OSTECH,T,LTM,25.0,result,Kommunikations-Test fuer SR830 und OSTECH,,,
2026-09-15,10:49:09,999,KOM_Test,OSTECH,T,LCA,0.0,result,Kommunikations-Test fuer SR830 und OSTECH,,,
2026-09-15,10:49:10,004,KOM_Test,SR830,T,"SNAP 5,6,7,8,9","-0.002,0.00666667,0.000666667,-0.000666667,1000",result,Kommunikations-Test fuer SR830 und OSTECH,,,
2026-09-15,10:49:10,006,KOM_Test,OSTECH,T,LVA,0.0,result,Kommunikations-Test fuer SR830 und OSTECH,,,
2026-09-15,10:49:10,006,KOM_Test,SR830,T,PHAS,0,result,Kommunikations-Test fuer SR830 und OSTECH,,,
2026-09-15,10:49:10,026,KOM_Test,OSTECH,T,XTA,21.00127410888672,result,Kommunikations-Test fuer SR830 und OSTECH,,,
2026-09-15,10:49:10,039,KOM_Test,SR830,T,FREQ,1000,result,Kommunikations-Test fuer SR830 und OSTECH,,,
2026-09-15,10:49:10,049,KOM_Test,OSTECH,T,GT,28.34534454345703,result,Kommunikations-Test fuer SR830 und OSTECH,,,
2026-09-15,10:49:10,056,KOM_Test,OSTECH,T,GS,"{'status_word': 3085, 'interlock_ok': True, 'driver_supply_ok': True, 'driver_temperature_ok': True, 'lt_sensor_ok': True, 'ct_sensor_ok': True, 'lc_on': False, 'lc_error': False}",result,Kommunikations-Test fuer SR830 und OSTECH,,,
2026-09-15,10:49:10,072,KOM_Test,OSTECH,T,LTM,25.0,result,Kommunikations-Test fuer SR830 und OSTECH,,,
2026-09-15,10:49:10,099,KOM_Test,OSTECH,T,LCA,0.0,result,Kommunikations-Test fuer SR830 und OSTECH,,,
2026-09-15,10:49:10,106,KOM_Test,OSTECH,T,LVA,0.0,result,Kommunikations-Test fuer SR830 und OSTECH,,,
2026-09-15,10:49:10,139,KOM_Test,OSTECH,T,XTA,21.00127410888672,result,Kommunikations-Test fuer SR830 und OSTECH,,,
2026-09-15,10:49:10,163,KOM_Test,OSTECH,T,GT,28.34534454345703,result,Kommunikations-Test fuer SR830 und OSTECH,,,
2026-09-15,10:49:10,172,KOM_Test,OSTECH,T,GS,"{'status_word': 3085, 'interlock_ok': True, 'driver_supply_ok': True, 'driver_temperature_ok': True, 'lt_sensor_ok': True, 'ct_sensor_ok': True, 'lc_on': False, 'lc_error': False}",result,Kommunikations-Test fuer SR830 und OSTECH,,,
2026-09-15,10:49:10,189,KOM_Test,SR830,T,"SNAP 1,2,3,4,10,11","-6.10356e-005,-6.10356e-005,0,-135,-6.10356e-005,-6.10356e-005",result,Kommunikations-Test fuer SR830 und OSTECH,,,
2026-09-15,10:49:10,201,KOM_Test,OSTECH,T,LTM,25.0,result,Kommunikations-Test fuer SR830 und OSTECH,,,
2026-09-15,10:49:10,206,KOM_Test,OSTECH,T,LCA,0.0,result,Kommunikations-Test fuer SR830 und OSTECH,,,
2026-09-15,10:49:10,224,KOM_Test,OSTECH,T,LVA,0.0,result,Kommunikations-Test fuer SR830 und OSTECH,,,
2026-09-15,10:49:10,250,KOM_Test,OSTECH,T,XTA,21.00127410888672,result,Kommunikations-Test fuer SR830 und OSTECH,,,
2026-09-15,10:49:10,259,KOM_Test,OSTECH,T,GT,28.34534454345703,result,Kommunikations-Test fuer SR830 und OSTECH,,,
2026-09-15,10:49:10,274,KOM_Test,OSTECH,T,GS,"{'status_word': 3085, 'interlock_ok': True, 'driver_supply_ok': True, 'driver_temperature_ok': True, 'lt_sensor_ok': True, 'ct_sensor_ok': True, 'lc_on': False, 'lc_error': False}",result,Kommunikations-Test fuer SR830 und OSTECH,,,
2026-09-15,10:49:10,293,KOM_Test,OSTECH,T,LTM,25.0,result,Kommunikations-Test fuer SR830 und OSTECH,,,
2026-09-15,10:49:10,320,KOM_Test,OSTECH,T,LCA,0.0,result,Kommunikations-Test fuer SR830 und OSTECH,,,
2026-09-15,10:49:10,326,KOM_Test,SR830,T,"SNAP 5,6,7,8,9","-0.00333333,0.00633333,-0.000666667,-0.002,1000",result,Kommunikations-Test fuer SR830 und OSTECH,,,
2026-09-15,10:49:10,329,KOM_Test,OSTECH,T,LVA,0.0,result,Kommunikations-Test fuer SR830 und OSTECH,,,
2026-09-15,10:49:10,351,KOM_Test,OSTECH,T,XTA,21.00127410888672,result,Kommunikations-Test fuer SR830 und OSTECH,,,
2026-09-15,10:49:10,351,KOM_Test,SR830,T,PHAS,0,result,Kommunikations-Test fuer SR830 und OSTECH,,,
2026-09-15,10:49:10,360,KOM_Test,OSTECH,T,GT,28.34534454345703,result,Kommunikations-Test fuer SR830 und OSTECH,,,
2026-09-15,10:49:10,372,KOM_Test,SR830,T,FREQ,1000,result,Kommunikations-Test fuer SR830 und OSTECH,,,
2026-09-15,10:49:10,372,KOM_Test,OSTECH,T,GS,"{'status_word': 3085, 'interlock_ok': True, 'driver_supply_ok': True, 'driver_temperature_ok': True, 'lt_sensor_ok': True, 'ct_sensor_ok': True, 'lc_on': False, 'lc_error': False}",result,Kommunikations-Test fuer SR830 und OSTECH,,,
2026-09-15,10:49:10,389,KOM_Test,OSTECH,T,LTM,25.0,result,Kommunikations-Test fuer SR830 und OSTECH,,,
2026-09-15,10:49:10,417,KOM_Test,OSTECH,T,LCA,0.0,result,Kommunikations-Test fuer SR830 und OSTECH,,,
2026-09-15,10:49:10,435,KOM_Test,OSTECH,T,LVA,0.0,result,Kommunikations-Test fuer SR830 und OSTECH,,,
2026-09-15,10:49:10,442,KOM_Test,OSTECH,T,XTA,21.00127410888672,result,Kommunikations-Test fuer SR830 und OSTECH,,,
2026-09-15,10:49:10,458,KOM_Test,OSTECH,T,GT,28.34534454345703,result,Kommunikations-Test fuer SR830 und OSTECH,,,
2026-09-15,10:49:10,473,KOM_Test,OSTECH,T,GS,"{'status_word': 3085, 'interlock_ok': True, 'driver_supply_ok': True, 'driver_temperature_ok': True, 'lt_sensor_ok': True, 'ct_sensor_ok': True, 'lc_on': False, 'lc_error': False}",result,Kommunikations-Test fuer SR830 und OSTECH,,,
2026-09-15,10:49:10,509,KOM_Test,OSTECH,T,LTM,25.0,result,Kommunikations-Test fuer SR830 und OSTECH,,,
2026-09-15,10:49:10,512,KOM_Test,SR830,T,"SNAP 1,2,3,4,10,11","0,-0.000122071,6.10356e-005,-90,0,-0.000122071",result,Kommunikations-Test fuer SR830 und OSTECH,,,
2026-09-15,10:49:10,522,KOM_Test,OSTECH,T,LCA,0.0,result,Kommunikations-Test fuer SR830 und OSTECH,,,
2026-09-15,10:49:10,550,KOM_Test,OSTECH,T,LVA,0.0,result,Kommunikations-Test fuer SR830 und OSTECH,,,
2026-09-15,10:49:10,559,KOM_Test,OSTECH,T,XTA,21.000038146972656,result,Kommunikations-Test fuer SR830 und OSTECH,,,
2026-09-15,10:49:10,578,KOM_Test,OSTECH,T,GT,28.34534454345703,result,Kommunikations-Test fuer SR830 und OSTECH,,,
2026-09-15,10:49:10,591,KOM_Test,OSTECH,T,GS,"{'status_word': 3085, 'interlock_ok': True, 'driver_supply_ok': True, 'driver_temperature_ok': True, 'lt_sensor_ok': True, 'ct_sensor_ok': True, 'lc_on': False, 'lc_error': False}",result,Kommunikations-Test fuer SR830 und OSTECH,,,
2026-09-15,10:49:10,606,KOM_Test,OSTECH,T,LTM,25.0,result,Kommunikations-Test fuer SR830 und OSTECH,,,
2026-09-15,10:49:10,624,KOM_Test,SR830,T,"SNAP 5,6,7,8,9","0.004,0.008,0.00233333,0.000666667,1000",result,Kommunikations-Test fuer SR830 und OSTECH,,,
2026-09-15,10:49:10,624,KOM_Test,OSTECH,T,LCA,0.0,result,Kommunikations-Test fuer SR830 und OSTECH,,,
2026-09-15,10:49:10,641,KOM_Test,OSTECH,T,LVA,0.0,result,Kommunikations-Test fuer SR830 und OSTECH,,,
2026-09-15,10:49:10,641,KOM_Test,SR830,T,PHAS,0,result,Kommunikations-Test fuer SR830 und OSTECH,,,
2026-09-15,10:49:10,658,KOM_Test,OSTECH,T,XTA,21.000038146972656,result,Kommunikations-Test fuer SR830 und OSTECH,,,
2026-09-15,10:49:10,672,KOM_Test,SR830,T,FREQ,1000,result,Kommunikations-Test fuer SR830 und OSTECH,,,
2026-09-15,10:49:10,687,KOM_Test,OSTECH,T,GT,28.34534454345703,result,Kommunikations-Test fuer SR830 und OSTECH,,,
2026-09-15,10:49:10,695,KOM_Test,OSTECH,T,GS,"{'status_word': 3085, 'interlock_ok': True, 'driver_supply_ok': True, 'driver_temperature_ok': True, 'lt_sensor_ok': True, 'ct_sensor_ok': True, 'lc_on': False, 'lc_error': False}",result,Kommunikations-Test fuer SR830 und OSTECH,,,
2026-09-15,10:49:10,707,KOM_Test,OSTECH,T,LTM,25.0,result,Kommunikations-Test fuer SR830 und OSTECH,,,
2026-09-15,10:49:10,725,KOM_Test,OSTECH,T,LCA,0.0,result,Kommunikations-Test fuer SR830 und OSTECH,,,
2026-09-15,10:49:10,739,KOM_Test,OSTECH,T,LVA,0.0,result,Kommunikations-Test fuer SR830 und OSTECH,,,
2026-09-15,10:49:10,759,KOM_Test,OSTECH,T,XTA,21.000038146972656,result,Kommunikations-Test fuer SR830 und OSTECH,,,
2026-09-15,10:49:10,775,KOM_Test,OSTECH,T,GT,28.34534454345703,result,Kommunikations-Test fuer SR830 und OSTECH,,,
2026-09-15,10:49:10,790,KOM_Test,SR830,T,"SNAP 1,2,3,4,10,11","-6.10356e-005,0,0,180,-6.10356e-005,0",result,Kommunikations-Test fuer SR830 und OSTECH,,,
2026-09-15,10:49:10,790,KOM_Test,OSTECH,T,GS,"{'status_word': 3085, 'interlock_ok': True, 'driver_supply_ok': True, 'driver_temperature_ok': True, 'lt_sensor_ok': True, 'ct_sensor_ok': True, 'lc_on': False, 'lc_error': False}",result,Kommunikations-Test fuer SR830 und OSTECH,,,
2026-09-15,10:49:10,812,KOM_Test,OSTECH,T,LTM,25.0,result,Kommunikations-Test fuer SR830 und OSTECH,,,
2026-09-15,10:49:10,823,KOM_Test,OSTECH,T,LCA,0.0,result,Kommunikations-Test fuer SR830 und OSTECH,,,
2026-09-15,10:49:10,842,KOM_Test,OSTECH,T,LVA,0.0,result,Kommunikations-Test fuer SR830 und OSTECH,,,
2026-09-15,10:49:10,878,KOM_Test,OSTECH,T,XTA,20.994659423828125,result,Kommunikations-Test fuer SR830 und OSTECH,,,
2026-09-15,10:49:10,889,KOM_Test,OSTECH,T,GT,28.34534454345703,result,Kommunikations-Test fuer SR830 und OSTECH,,,
2026-09-15,10:49:10,910,KOM_Test,OSTECH,T,GS,"{'status_word': 3085, 'interlock_ok': True, 'driver_supply_ok': True, 'driver_temperature_ok': True, 'lt_sensor_ok': True, 'ct_sensor_ok': True, 'lc_on': False, 'lc_error': False}",result,Kommunikations-Test fuer SR830 und OSTECH,,,
2026-09-15,10:49:10,920,KOM_Test,SR830,T,"SNAP 5,6,7,8,9","-0.00366667,0.00633333,0.001,0.000666667,1000",result,Kommunikations-Test fuer SR830 und OSTECH,,,
2026-09-15,10:49:10,924,KOM_Test,OSTECH,T,LTM,25.0,result,Kommunikations-Test fuer SR830 und OSTECH,,,
2026-09-15,10:49:10,937,KOM_Test,SR830,T,PHAS,0,result,Kommunikations-Test fuer SR830 und OSTECH,,,
2026-09-15,10:49:10,940,KOM_Test,OSTECH,T,LCA,0.0,result,Kommunikations-Test fuer SR830 und OSTECH,,,
2026-09-15,10:49:10,958,KOM_Test,SR830,T,FREQ,1000,result,Kommunikations-Test fuer SR830 und OSTECH,,,
2026-09-15,10:49:10,960,KOM_Test,OSTECH,T,LVA,0.0,result,Kommunikations-Test fuer SR830 und OSTECH,,,
2026-09-15,10:49:10,975,KOM_Test,OSTECH,T,XTA,20.994659423828125,result,Kommunikations-Test fuer SR830 und OSTECH,,,
2026-09-15,10:49:10,993,KOM_Test,OSTECH,T,GT,28.34534454345703,result,Kommunikations-Test fuer SR830 und OSTECH,,,
2026-09-15,10:49:11,006,KOM_Test,OSTECH,T,GS,"{'status_word': 3085, 'interlock_ok': True, 'driver_supply_ok': True, 'driver_temperature_ok': True, 'lt_sensor_ok': True, 'ct_sensor_ok': True, 'lc_on': False, 'lc_error': False}",result,Kommunikations-Test fuer SR830 und OSTECH,,,
2026-09-15,10:49:11,023,KOM_Test,OSTECH,T,LTM,25.0,result,Kommunikations-Test fuer SR830 und OSTECH,,,
2026-09-15,10:49:11,043,KOM_Test,SR830,T,"SNAP 1,2,3,4,10,11","0,0,0,90,0,0",result,Kommunikations-Test fuer SR830 und OSTECH,,,
2026-09-15,10:49:11,055,KOM_Test,OSTECH,T,LCA,0.0,result,Kommunikations-Test fuer SR830 und OSTECH,,,
2026-09-15,10:49:11,078,KOM_Test,OSTECH,T,LVA,0.0,result,Kommunikations-Test fuer SR830 und OSTECH,,,
2026-09-15,10:49:11,090,KOM_Test,OSTECH,T,XTA,20.994659423828125,result,Kommunikations-Test fuer SR830 und OSTECH,,,
2026-09-15,10:49:11,109,KOM_Test,OSTECH,T,GT,28.34534454345703,result,Kommunikations-Test fuer SR830 und OSTECH,,,
2026-09-15,10:49:11,124,KOM_Test,OSTECH,T,GS,"{'status_word': 3085, 'interlock_ok': True, 'driver_supply_ok': True, 'driver_temperature_ok': True, 'lt_sensor_ok': True, 'ct_sensor_ok': True, 'lc_on': False, 'lc_error': False}",result,Kommunikations-Test fuer SR830 und OSTECH,,,
2026-09-15,10:49:11,139,KOM_Test,OSTECH,T,LTM,25.0,result,Kommunikations-Test fuer SR830 und OSTECH,,,
2026-09-15,10:49:11,158,KOM_Test,SR830,T,"SNAP 5,6,7,8,9","-0.00333333,0.005,0.001,-0.001,1000",result,Kommunikations-Test fuer SR830 und OSTECH,,,
2026-09-15,10:49:11,159,KOM_Test,OSTECH,T,LCA,0.0,result,Kommunikations-Test fuer SR830 und OSTECH,,,
2026-09-15,10:49:11,174,KOM_Test,OSTECH,T,LVA,0.0,result,Kommunikations-Test fuer SR830 und OSTECH,,,
2026-09-15,10:49:11,187,KOM_Test,SR830,T,PHAS,0,result,Kommunikations-Test fuer SR830 und OSTECH,,,
2026-09-15,10:49:11,192,KOM_Test,OSTECH,T,XTA,20.994659423828125,result,Kommunikations-Test fuer SR830 und OSTECH,,,
2026-09-15,10:49:11,207,KOM_Test,SR830,T,FREQ,1000,result,Kommunikations-Test fuer SR830 und OSTECH,,,
2026-09-15,10:49:11,207,KOM_Test,OSTECH,T,GT,28.34534454345703,result,Kommunikations-Test fuer SR830 und OSTECH,,,
2026-09-15,10:49:11,225,KOM_Test,OSTECH,T,GS,"{'status_word': 3085, 'interlock_ok': True, 'driver_supply_ok': True, 'driver_temperature_ok': True, 'lt_sensor_ok': True, 'ct_sensor_ok': True, 'lc_on': False, 'lc_error': False}",result,Kommunikations-Test fuer SR830 und OSTECH,,,
2026-09-15,10:49:11,240,KOM_Test,OSTECH,T,LTM,25.0,result,Kommunikations-Test fuer SR830 und OSTECH,,,
2026-09-15,10:49:11,259,KOM_Test,OSTECH,T,LCA,0.0,result,Kommunikations-Test fuer SR830 und OSTECH,,,
2026-09-15,10:49:11,274,KOM_Test,OSTECH,T,LVA,0.0,result,Kommunikations-Test fuer SR830 und OSTECH,,,
2026-09-15,10:49:11,292,KOM_Test,SR830,T,"SNAP 1,2,3,4,10,11","0,0,0,0,0,0",result,Kommunikations-Test fuer SR830 und OSTECH,,,
2026-09-15,10:49:11,301,KOM_Test,OSTECH,T,XTA,20.994659423828125,result,Kommunikations-Test fuer SR830 und OSTECH,,,
2026-09-15,10:49:11,312,KOM_Test,OSTECH,T,GT,28.34534454345703,result,Kommunikations-Test fuer SR830 und OSTECH,,,
2026-09-15,10:49:11,329,KOM_Test,OSTECH,T,GS,"{'status_word': 3085, 'interlock_ok': True, 'driver_supply_ok': True, 'driver_temperature_ok': True, 'lt_sensor_ok': True, 'ct_sensor_ok': True, 'lc_on': False, 'lc_error': False}",result,Kommunikations-Test fuer SR830 und OSTECH,,,
2026-09-15,10:49:11,340,KOM_Test,OSTECH,T,LTM,25.0,result,Kommunikations-Test fuer SR830 und OSTECH,,,
2026-09-15,10:49:11,360,KOM_Test,OSTECH,T,LCA,0.0,result,Kommunikations-Test fuer SR830 und OSTECH,,,
2026-09-15,10:49:11,375,KOM_Test,OSTECH,T,LVA,0.0,result,Kommunikations-Test fuer SR830 und OSTECH,,,
2026-09-15,10:49:11,392,KOM_Test,OSTECH,T,XTA,20.994659423828125,result,Kommunikations-Test fuer SR830 und OSTECH,,,
2026-09-15,10:49:11,407,KOM_Test,SR830,T,"SNAP 5,6,7,8,9","-0.002,0.005,0.001,0.000666667,1000",result,Kommunikations-Test fuer SR830 und OSTECH,,,
2026-09-15,10:49:11,423,KOM_Test,OSTECH,T,GT,28.34534454345703,result,Kommunikations-Test fuer SR830 und OSTECH,,,
2026-09-15,10:49:11,423,KOM_Test,SR830,T,PHAS,0,result,Kommunikations-Test fuer SR830 und OSTECH,,,
2026-09-15,10:49:11,441,KOM_Test,OSTECH,T,GS,"{'status_word': 3085, 'interlock_ok': True, 'driver_supply_ok': True, 'driver_temperature_ok': True, 'lt_sensor_ok': True, 'ct_sensor_ok': True, 'lc_on': False, 'lc_error': False}",result,Kommunikations-Test fuer SR830 und OSTECH,,,
2026-09-15,10:49:11,456,KOM_Test,SR830,T,FREQ,1000,result,Kommunikations-Test fuer SR830 und OSTECH,,,
2026-09-15,10:49:11,459,KOM_Test,OSTECH,T,LTM,25.0,result,Kommunikations-Test fuer SR830 und OSTECH,,,
2026-09-15,10:49:11,476,KOM_Test,OSTECH,T,LCA,0.0,result,Kommunikations-Test fuer SR830 und OSTECH,,,
2026-09-15,10:49:11,490,KOM_Test,OSTECH,T,LVA,0.0,result,Kommunikations-Test fuer SR830 und OSTECH,,,
2026-09-15,10:49:11,510,KOM_Test,OSTECH,T,XTA,21.00127410888672,result,Kommunikations-Test fuer SR830 und OSTECH,,,
2026-09-15,10:49:11,526,KOM_Test,OSTECH,T,GT,28.34534454345703,result,Kommunikations-Test fuer SR830 und OSTECH,,,
2026-09-15,10:49:11,548,KOM_Test,OSTECH,T,GS,"{'status_word': 3085, 'interlock_ok': True, 'driver_supply_ok': True, 'driver_temperature_ok': True, 'lt_sensor_ok': True, 'ct_sensor_ok': True, 'lc_on': False, 'lc_error': False}",result,Kommunikations-Test fuer SR830 und OSTECH,,,
2026-09-15,10:49:11,562,KOM_Test,OSTECH,T,LTM,25.0,result,Kommunikations-Test fuer SR830 und OSTECH,,,
2026-09-15,10:49:11,590,KOM_Test,SR830,T,"SNAP 1,2,3,4,10,11","0,-6.10356e-005,0,-90,0,-6.10356e-005",result,Kommunikations-Test fuer SR830 und OSTECH,,,
2026-09-15,10:49:11,597,KOM_Test,OSTECH,T,LCA,0.0,result,Kommunikations-Test fuer SR830 und OSTECH,,,
2026-09-15,10:49:11,612,KOM_Test,OSTECH,T,LVA,0.0,result,Kommunikations-Test fuer SR830 und OSTECH,,,
2026-09-15,10:49:11,634,KOM_Test,OSTECH,T,XTA,21.00127410888672,result,Kommunikations-Test fuer SR830 und OSTECH,,,
2026-09-15,10:49:11,646,KOM_Test,OSTECH,T,GT,28.34534454345703,result,Kommunikations-Test fuer SR830 und OSTECH,,,
2026-09-15,10:49:11,665,KOM_Test,OSTECH,T,GS,"{'status_word': 3085, 'interlock_ok': True, 'driver_supply_ok': True, 'driver_temperature_ok': True, 'lt_sensor_ok': True, 'ct_sensor_ok': True, 'lc_on': False, 'lc_error': False}",result,Kommunikations-Test fuer SR830 und OSTECH,,,
2026-09-15,10:49:11,674,KOM_Test,OSTECH,T,LTM,25.0,result,Kommunikations-Test fuer SR830 und OSTECH,,,
2026-09-15,10:49:11,694,KOM_Test,OSTECH,T,LCA,0.0,result,Kommunikations-Test fuer SR830 und OSTECH,,,
2026-09-15,10:49:11,707,KOM_Test,SR830,T,"SNAP 5,6,7,8,9","-0.00366667,0.00766667,0.000666667,0.002,1000",result,Kommunikations-Test fuer SR830 und OSTECH,,,
2026-09-15,10:49:11,708,KOM_Test,OSTECH,T,LVA,0.0,result,Kommunikations-Test fuer SR830 und OSTECH,,,
2026-09-15,10:49:11,724,KOM_Test,OSTECH,T,XTA,21.00127410888672,result,Kommunikations-Test fuer SR830 und OSTECH,,,
2026-09-15,10:49:11,734,KOM_Test,SR830,T,PHAS,0,result,Kommunikations-Test fuer SR830 und OSTECH,,,
2026-09-15,10:49:11,741,KOM_Test,OSTECH,T,GT,28.34534454345703,result,Kommunikations-Test fuer SR830 und OSTECH,,,
2026-09-15,10:49:11,755,KOM_Test,SR830,T,FREQ,1000,result,Kommunikations-Test fuer SR830 und OSTECH,,,
2026-09-15,10:49:11,756,KOM_Test,OSTECH,T,GS,"{'status_word': 3085, 'interlock_ok': True, 'driver_supply_ok': True, 'driver_temperature_ok': True, 'lt_sensor_ok': True, 'ct_sensor_ok': True, 'lc_on': False, 'lc_error': False}",result,Kommunikations-Test fuer SR830 und OSTECH,,,
2026-09-15,10:49:11,774,KOM_Test,OSTECH,T,LTM,25.0,result,Kommunikations-Test fuer SR830 und OSTECH,,,
2026-09-15,10:49:11,794,KOM_Test,OSTECH,T,LCA,0.0,result,Kommunikations-Test fuer SR830 und OSTECH,,,
2026-09-15,10:49:11,808,KOM_Test,OSTECH,T,LVA,0.0,result,Kommunikations-Test fuer SR830 und OSTECH,,,
2026-09-15,10:49:11,828,KOM_Test,OSTECH,T,XTA,21.00127410888672,result,Kommunikations-Test fuer SR830 und OSTECH,,,
2026-09-15,10:49:11,842,KOM_Test,OSTECH,T,GT,28.34534454345703,result,Kommunikations-Test fuer SR830 und OSTECH,,,
2026-09-15,10:49:11,856,KOM_Test,OSTECH,T,GS,"{'status_word': 3085, 'interlock_ok': True, 'driver_supply_ok': True, 'driver_temperature_ok': True, 'lt_sensor_ok': True, 'ct_sensor_ok': True, 'lc_on': False, 'lc_error': False}",result,Kommunikations-Test fuer SR830 und OSTECH,,,
2026-09-15,10:49:11,865,KOM_Test,SR830,T,"SNAP 1,2,3,4,10,11","-6.10356e-005,0,0,180,-6.10356e-005,0",result,Kommunikations-Test fuer SR830 und OSTECH,,,
2026-09-15,10:49:11,878,KOM_Test,OSTECH,T,LTM,25.0,result,Kommunikations-Test fuer SR830 und OSTECH,,,
2026-09-15,10:49:11,891,KOM_Test,OSTECH,T,LCA,0.0,result,Kommunikations-Test fuer SR830 und OSTECH,,,
2026-09-15,10:49:11,912,KOM_Test,OSTECH,T,LVA,0.0,result,Kommunikations-Test fuer SR830 und OSTECH,,,
2026-09-15,10:49:11,925,KOM_Test,OSTECH,T,XTA,21.00127410888672,result,Kommunikations-Test fuer SR830 und OSTECH,,,
2026-09-15,10:49:11,942,KOM_Test,OSTECH,T,GT,28.34534454345703,result,Kommunikations-Test fuer SR830 und OSTECH,,,
2026-09-15,10:49:11,973,KOM_Test,OSTECH,T,GS,"{'status_word': 3085, 'interlock_ok': True, 'driver_supply_ok': True, 'driver_temperature_ok': True, 'lt_sensor_ok': True, 'ct_sensor_ok': True, 'lc_on': False, 'lc_error': False}",result,Kommunikations-Test fuer SR830 und OSTECH,,,
2026-09-15,10:49:11,993,KOM_Test,SR830,T,"SNAP 5,6,7,8,9","-0.00333333,0.00466667,0.000666667,-0.000666667,1000",result,Kommunikations-Test fuer SR830 und OSTECH,,,
2026-09-15,10:49:11,995,KOM_Test,OSTECH,T,LTM,25.0,result,Kommunikations-Test fuer SR830 und OSTECH,,,
2026-09-15,10:49:12,009,KOM_Test,SR830,T,PHAS,0,result,Kommunikations-Test fuer SR830 und OSTECH,,,
2026-09-15,10:49:12,009,KOM_Test,OSTECH,T,LCA,0.0,result,Kommunikations-Test fuer SR830 und OSTECH,,,
2026-09-15,10:49:12,031,KOM_Test,OSTECH,T,LVA,0.0,result,Kommunikations-Test fuer SR830 und OSTECH,,,
2026-09-15,10:49:12,039,KOM_Test,SR830,T,FREQ,1000,result,Kommunikations-Test fuer SR830 und OSTECH,,,
2026-09-15,10:49:12,046,KOM_Test,OSTECH,T,XTA,20.999595642089844,result,Kommunikations-Test fuer SR830 und OSTECH,,,
2026-09-15,10:49:12,059,KOM_Test,OSTECH,T,GT,28.34534454345703,result,Kommunikations-Test fuer SR830 und OSTECH,,,
2026-09-15,10:49:12,076,KOM_Test,OSTECH,T,GS,"{'status_word': 3085, 'interlock_ok': True, 'driver_supply_ok': True, 'driver_temperature_ok': True, 'lt_sensor_ok': True, 'ct_sensor_ok': True, 'lc_on': False, 'lc_error': False}",result,Kommunikations-Test fuer SR830 und OSTECH,,,
2026-09-15,10:49:12,090,KOM_Test,OSTECH,T,LTM,25.0,result,Kommunikations-Test fuer SR830 und OSTECH,,,
2026-09-15,10:49:12,108,KOM_Test,OSTECH,T,LCA,0.0,result,Kommunikations-Test fuer SR830 und OSTECH,,,
2026-09-15,10:49:12,126,KOM_Test,OSTECH,T,LVA,0.0,result,Kommunikations-Test fuer SR830 und OSTECH,,,
2026-09-15,10:49:12,155,KOM_Test,OSTECH,T,XTA,20.999595642089844,result,Kommunikations-Test fuer SR830 und OSTECH,,,
2026-09-15,10:49:12,179,KOM_Test,OSTECH,T,GT,28.34534454345703,result,Kommunikations-Test fuer SR830 und OSTECH,,,
2026-09-15,10:49:12,184,KOM_Test,SR830,T,"SNAP 1,2,3,4,10,11","0,6.10356e-005,6.10356e-005,63.438,0,6.10356e-005",result,Kommunikations-Test fuer SR830 und OSTECH,,,
2026-09-15,10:49:12,195,KOM_Test,OSTECH,T,GS,"{'status_word': 3085, 'interlock_ok': True, 'driver_supply_ok': True, 'driver_temperature_ok': True, 'lt_sensor_ok': True, 'ct_sensor_ok': True, 'lc_on': False, 'lc_error': False}",result,Kommunikations-Test fuer SR830 und OSTECH,,,
2026-09-15,10:49:12,212,KOM_Test,OSTECH,T,LTM,25.0,result,Kommunikations-Test fuer SR830 und OSTECH,,,
2026-09-15,10:49:12,227,KOM_Test,OSTECH,T,LCA,0.0,result,Kommunikations-Test fuer SR830 und OSTECH,,,
2026-09-15,10:49:12,243,KOM_Test,OSTECH,T,LVA,0.0,result,Kommunikations-Test fuer SR830 und OSTECH,,,
2026-09-15,10:49:12,256,KOM_Test,OSTECH,T,XTA,20.999595642089844,result,Kommunikations-Test fuer SR830 und OSTECH,,,
2026-09-15,10:49:12,277,KOM_Test,OSTECH,T,GT,28.34534454345703,result,Kommunikations-Test fuer SR830 und OSTECH,,,
2026-09-15,10:49:12,289,KOM_Test,OSTECH,T,GS,"{'status_word': 3085, 'interlock_ok': True, 'driver_supply_ok': True, 'driver_temperature_ok': True, 'lt_sensor_ok': True, 'ct_sensor_ok': True, 'lc_on': False, 'lc_error': False}",result,Kommunikations-Test fuer SR830 und OSTECH,,,
2026-09-15,10:49:12,306,KOM_Test,SR830,T,"SNAP 5,6,7,8,9","-0.00333333,0.00666667,-0.000666667,-0.001,1000",result,Kommunikations-Test fuer SR830 und OSTECH,,,
2026-09-15,10:49:12,306,KOM_Test,OSTECH,T,LTM,25.0,result,Kommunikations-Test fuer SR830 und OSTECH,,,
2026-09-15,10:49:12,327,KOM_Test,SR830,T,PHAS,0,result,Kommunikations-Test fuer SR830 und OSTECH,,,
2026-09-15,10:49:12,337,KOM_Test,OSTECH,T,LCA,0.0,result,Kommunikations-Test fuer SR830 und OSTECH,,,
2026-09-15,10:49:12,339,KOM_Test,OSTECH,T,LVA,0.0,result,Kommunikations-Test fuer SR830 und OSTECH,,,
2026-09-15,10:49:12,357,KOM_Test,SR830,T,FREQ,1000,result,Kommunikations-Test fuer SR830 und OSTECH,,,
2026-09-15,10:49:12,367,KOM_Test,OSTECH,T,XTA,20.999595642089844,result,Kommunikations-Test fuer SR830 und OSTECH,,,
2026-09-15,10:49:12,382,KOM_Test,OSTECH,T,GT,28.34534454345703,result,Kommunikations-Test fuer SR830 und OSTECH,,,
2026-09-15,10:49:12,395,KOM_Test,OSTECH,T,GS,"{'status_word': 3085, 'interlock_ok': True, 'driver_supply_ok': True, 'driver_temperature_ok': True, 'lt_sensor_ok': True, 'ct_sensor_ok': True, 'lc_on': False, 'lc_error': False}",result,Kommunikations-Test fuer SR830 und OSTECH,,,
2026-09-15,10:49:12,415,KOM_Test,OSTECH,T,LTM,25.0,result,Kommunikations-Test fuer SR830 und OSTECH,,,
2026-09-15,10:49:12,431,KOM_Test,OSTECH,T,LCA,0.0,result,Kommunikations-Test fuer SR830 und OSTECH,,,
2026-09-15,10:49:12,447,KOM_Test,OSTECH,T,LVA,0.0,result,Kommunikations-Test fuer SR830 und OSTECH,,,
2026-09-15,10:49:12,464,KOM_Test,OSTECH,T,XTA,20.999595642089844,result,Kommunikations-Test fuer SR830 und OSTECH,,,
2026-09-15,10:49:12,478,KOM_Test,OSTECH,T,GT,28.34534454345703,result,Kommunikations-Test fuer SR830 und OSTECH,,,
2026-09-15,10:49:12,486,KOM_Test,SR830,T,"SNAP 1,2,3,4,10,11","0,-6.10356e-005,0,-45,0,-6.10356e-005",result,Kommunikations-Test fuer SR830 und OSTECH,,,
2026-09-15,10:49:12,491,KOM_Test,OSTECH,T,GS,"{'status_word': 3085, 'interlock_ok': True, 'driver_supply_ok': True, 'driver_temperature_ok': True, 'lt_sensor_ok': True, 'ct_sensor_ok': True, 'lc_on': False, 'lc_error': False}",result,Kommunikations-Test fuer SR830 und OSTECH,,,
2026-09-15,10:49:12,526,KOM_Test,OSTECH,T,LTM,25.0,result,Kommunikations-Test fuer SR830 und OSTECH,,,
2026-09-15,10:49:12,554,KOM_Test,OSTECH,T,LCA,0.0,result,Kommunikations-Test fuer SR830 und OSTECH,,,
2026-09-15,10:49:12,559,KOM_Test,OSTECH,T,LVA,0.0,result,Kommunikations-Test fuer SR830 und OSTECH,,,
2026-09-15,10:49:12,579,KOM_Test,OSTECH,T,XTA,20.996444702148438,result,Kommunikations-Test fuer SR830 und OSTECH,,,
2026-09-15,10:49:12,594,KOM_Test,OSTECH,T,GT,28.34534454345703,result,Kommunikations-Test fuer SR830 und OSTECH,,,
2026-09-15,10:49:12,602,KOM_Test,SR830,T,"SNAP 5,6,7,8,9","-0.00333333,0.00366667,-0.00233333,-0.002,1000",result,Kommunikations-Test fuer SR830 und OSTECH,,,
2026-09-15,10:49:12,614,KOM_Test,OSTECH,T,GS,"{'status_word': 3085, 'interlock_ok': True, 'driver_supply_ok': True, 'driver_temperature_ok': True, 'lt_sensor_ok': True, 'ct_sensor_ok': True, 'lc_on': False, 'lc_error': False}",result,Kommunikations-Test fuer SR830 und OSTECH,,,
2026-09-15,10:49:12,618,KOM_Test,SR830,T,PHAS,0,result,Kommunikations-Test fuer SR830 und OSTECH,,,
2026-09-15,10:49:12,634,KOM_Test,OSTECH,T,LTM,25.0,result,Kommunikations-Test fuer SR830 und OSTECH,,,
2026-09-15,10:49:12,640,KOM_Test,SR830,T,FREQ,1000,result,Kommunikations-Test fuer SR830 und OSTECH,,,
2026-09-15,10:49:12,648,KOM_Test,OSTECH,T,LCA,0.0,result,Kommunikations-Test fuer SR830 und OSTECH,,,
2026-09-15,10:49:12,662,KOM_Test,OSTECH,T,LVA,0.0,result,Kommunikations-Test fuer SR830 und OSTECH,,,
2026-09-15,10:49:12,680,KOM_Test,OSTECH,T,XTA,20.996444702148438,result,Kommunikations-Test fuer SR830 und OSTECH,,,
2026-09-15,10:49:12,710,KOM_Test,OSTECH,T,GT,28.34477996826172,result,Kommunikations-Test fuer SR830 und OSTECH,,,
2026-09-15,10:49:12,731,KOM_Test,OSTECH,T,GS,"{'status_word': 3085, 'interlock_ok': True, 'driver_supply_ok': True, 'driver_temperature_ok': True, 'lt_sensor_ok': True, 'ct_sensor_ok': True, 'lc_on': False, 'lc_error': False}",result,Kommunikations-Test fuer SR830 und OSTECH,,,
2026-09-15,10:49:12,749,KOM_Test,OSTECH,T,LTM,25.0,result,Kommunikations-Test fuer SR830 und OSTECH,,,
2026-09-15,10:49:12,762,KOM_Test,OSTECH,T,LCA,0.0,result,Kommunikations-Test fuer SR830 und OSTECH,,,
2026-09-15,10:49:12,771,KOM_Test,SR830,T,"SNAP 1,2,3,4,10,11","0,-6.10356e-005,0,-45,0,-6.10356e-005",result,Kommunikations-Test fuer SR830 und OSTECH,,,
2026-09-15,10:49:12,781,KOM_Test,OSTECH,T,LVA,0.0,result,Kommunikations-Test fuer SR830 und OSTECH,,,
2026-09-15,10:49:12,799,KOM_Test,OSTECH,T,XTA,20.996444702148438,result,Kommunikations-Test fuer SR830 und OSTECH,,,
2026-09-15,10:49:12,810,KOM_Test,OSTECH,T,GT,28.34477996826172,result,Kommunikations-Test fuer SR830 und OSTECH,,,
2026-09-15,10:49:12,823,KOM_Test,OSTECH,T,GS,"{'status_word': 3085, 'interlock_ok': True, 'driver_supply_ok': True, 'driver_temperature_ok': True, 'lt_sensor_ok': True, 'ct_sensor_ok': True, 'lc_on': False, 'lc_error': False}",result,Kommunikations-Test fuer SR830 und OSTECH,,,
2026-09-15,10:49:12,840,KOM_Test,OSTECH,T,LTM,25.0,result,Kommunikations-Test fuer SR830 und OSTECH,,,
2026-09-15,10:49:12,858,KOM_Test,OSTECH,T,LCA,0.0,result,Kommunikations-Test fuer SR830 und OSTECH,,,
2026-09-15,10:49:12,888,KOM_Test,OSTECH,T,LVA,0.0,result,Kommunikations-Test fuer SR830 und OSTECH,,,
2026-09-15,10:49:12,895,KOM_Test,OSTECH,T,XTA,20.996444702148438,result,Kommunikations-Test fuer SR830 und OSTECH,,,
2026-09-15,10:49:12,895,KOM_Test,SR830,T,"SNAP 5,6,7,8,9","-0.000666667,0.00633333,-0.000666667,0.000666667,1000",result,Kommunikations-Test fuer SR830 und OSTECH,,,
2026-09-15,10:49:12,910,KOM_Test,OSTECH,T,GT,28.34477996826172,result,Kommunikations-Test fuer SR830 und OSTECH,,,
2026-09-15,10:49:12,918,KOM_Test,SR830,T,PHAS,0,result,Kommunikations-Test fuer SR830 und OSTECH,,,
2026-09-15,10:49:12,923,KOM_Test,OSTECH,T,GS,"{'status_word': 3085, 'interlock_ok': True, 'driver_supply_ok': True, 'driver_temperature_ok': True, 'lt_sensor_ok': True, 'ct_sensor_ok': True, 'lc_on': False, 'lc_error': False}",result,Kommunikations-Test fuer SR830 und OSTECH,,,
2026-09-15,10:49:12,940,KOM_Test,SR830,T,FREQ,1000,result,Kommunikations-Test fuer SR830 und OSTECH,,,
2026-09-15,10:49:12,940,KOM_Test,OSTECH,T,LTM,25.0,result,Kommunikations-Test fuer SR830 und OSTECH,,,
2026-09-15,10:49:12,958,KOM_Test,OSTECH,T,LCA,0.0,result,Kommunikations-Test fuer SR830 und OSTECH,,,
2026-09-15,10:49:12,982,KOM_Test,OSTECH,T,LVA,0.0,result,Kommunikations-Test fuer SR830 und OSTECH,,,
2026-09-15,10:49:12,991,KOM_Test,OSTECH,T,XTA,20.996444702148438,result,Kommunikations-Test fuer SR830 und OSTECH,,,
2026-09-15,10:49:13,006,KOM_Test,OSTECH,T,GT,28.34477996826172,result,Kommunikations-Test fuer SR830 und OSTECH,,,
2026-09-15,10:49:13,023,KOM_Test,OSTECH,T,GS,"{'status_word': 3085, 'interlock_ok': True, 'driver_supply_ok': True, 'driver_temperature_ok': True, 'lt_sensor_ok': True, 'ct_sensor_ok': True, 'lc_on': False, 'lc_error': False}",result,Kommunikations-Test fuer SR830 und OSTECH,,,
2026-09-15,10:49:13,040,KOM_Test,OSTECH,T,LTM,25.0,result,Kommunikations-Test fuer SR830 und OSTECH,,,
2026-09-15,10:49:13,076,KOM_Test,OSTECH,T,LCA,0.0,result,Kommunikations-Test fuer SR830 und OSTECH,,,
2026-09-15,10:49:13,096,KOM_Test,OSTECH,T,LVA,0.0,result,Kommunikations-Test fuer SR830 und OSTECH,,,
2026-09-15,10:49:13,108,KOM_Test,SR830,T,"SNAP 1,2,3,4,10,11","6.10356e-005,-6.10356e-005,6.10356e-005,-26.562,6.10356e-005,-6.10356e-005",result,Kommunikations-Test fuer SR830 und OSTECH,,,
2026-09-15,10:49:13,108,KOM_Test,OSTECH,T,XTA,20.999496459960938,result,Kommunikations-Test fuer SR830 und OSTECH,,,
2026-09-15,10:49:13,133,KOM_Test,OSTECH,T,GT,28.34477996826172,result,Kommunikations-Test fuer SR830 und OSTECH,,,
2026-09-15,10:49:13,140,KOM_Test,OSTECH,T,GS,"{'status_word': 3085, 'interlock_ok': True, 'driver_supply_ok': True, 'driver_temperature_ok': True, 'lt_sensor_ok': True, 'ct_sensor_ok': True, 'lc_on': False, 'lc_error': False}",result,Kommunikations-Test fuer SR830 und OSTECH,,,
2026-09-15,10:49:13,156,KOM_Test,OSTECH,T,LTM,25.0,result,Kommunikations-Test fuer SR830 und OSTECH,,,
2026-09-15,10:49:13,184,KOM_Test,OSTECH,T,LCA,0.0,result,Kommunikations-Test fuer SR830 und OSTECH,,,
2026-09-15,10:49:13,192,KOM_Test,OSTECH,T,LVA,0.0,result,Kommunikations-Test fuer SR830 und OSTECH,,,
2026-09-15,10:49:13,206,KOM_Test,OSTECH,T,XTA,20.999496459960938,result,Kommunikations-Test fuer SR830 und OSTECH,,,
2026-09-15,10:49:13,225,KOM_Test,OSTECH,T,GT,28.34477996826172,result,Kommunikations-Test fuer SR830 und OSTECH,,,
2026-09-15,10:49:13,244,KOM_Test,SR830,T,"SNAP 5,6,7,8,9","-0.00166667,0.00633333,0.000666667,-0.00233333,1000",result,Kommunikations-Test fuer SR830 und OSTECH,,,
2026-09-15,10:49:13,246,KOM_Test,OSTECH,T,GS,"{'status_word': 3085, 'interlock_ok': True, 'driver_supply_ok': True, 'driver_temperature_ok': True, 'lt_sensor_ok': True, 'ct_sensor_ok': True, 'lc_on': False, 'lc_error': False}",result,Kommunikations-Test fuer SR830 und OSTECH,,,
2026-09-15,10:49:13,257,KOM_Test,OSTECH,T,LTM,25.0,result,Kommunikations-Test fuer SR830 und OSTECH,,,
2026-09-15,10:49:13,257,KOM_Test,SR830,T,PHAS,0,result,Kommunikations-Test fuer SR830 und OSTECH,,,
2026-09-15,10:49:13,285,KOM_Test,OSTECH,T,LCA,0.0,result,Kommunikations-Test fuer SR830 und OSTECH,,,
2026-09-15,10:49:13,291,KOM_Test,SR830,T,FREQ,1000,result,Kommunikations-Test fuer SR830 und OSTECH,,,
2026-09-15,10:49:13,299,KOM_Test,OSTECH,T,LVA,0.0,result,Kommunikations-Test fuer SR830 und OSTECH,,,
2026-09-15,10:49:13,312,KOM_Test,OSTECH,T,XTA,20.999496459960938,result,Kommunikations-Test fuer SR830 und OSTECH,,,
2026-09-15,10:49:13,326,KOM_Test,OSTECH,T,GT,28.34477996826172,result,Kommunikations-Test fuer SR830 und OSTECH,,,
2026-09-15,10:49:13,339,KOM_Test,OSTECH,T,GS,"{'status_word': 3085, 'interlock_ok': True, 'driver_supply_ok': True, 'driver_temperature_ok': True, 'lt_sensor_ok': True, 'ct_sensor_ok': True, 'lc_on': False, 'lc_error': False}",result,Kommunikations-Test fuer SR830 und OSTECH,,,
2026-09-15,10:49:13,356,KOM_Test,OSTECH,T,LTM,25.0,result,Kommunikations-Test fuer SR830 und OSTECH,,,
2026-09-15,10:49:13,374,KOM_Test,SR830,T,"SNAP 1,2,3,4,10,11","0,0,0,0,0,0",result,Kommunikations-Test fuer SR830 und OSTECH,,,
2026-09-15,10:49:13,384,KOM_Test,OSTECH,T,LCA,0.0,result,Kommunikations-Test fuer SR830 und OSTECH,,,
2026-09-15,10:49:13,395,KOM_Test,OSTECH,T,LVA,0.0,result,Kommunikations-Test fuer SR830 und OSTECH,,,
2026-09-15,10:49:13,406,KOM_Test,OSTECH,T,XTA,20.999496459960938,result,Kommunikations-Test fuer SR830 und OSTECH,,,
2026-09-15,10:49:13,436,KOM_Test,OSTECH,T,GT,28.34477996826172,result,Kommunikations-Test fuer SR830 und OSTECH,,,
2026-09-15,10:49:13,443,KOM_Test,OSTECH,T,GS,"{'status_word': 3085, 'interlock_ok': True, 'driver_supply_ok': True, 'driver_temperature_ok': True, 'lt_sensor_ok': True, 'ct_sensor_ok': True, 'lc_on': False, 'lc_error': False}",result,Kommunikations-Test fuer SR830 und OSTECH,,,
2026-09-15,10:49:13,456,KOM_Test,OSTECH,T,LTM,25.0,result,Kommunikations-Test fuer SR830 und OSTECH,,,
2026-09-15,10:49:13,474,KOM_Test,OSTECH,T,LCA,0.0,result,Kommunikations-Test fuer SR830 und OSTECH,,,
2026-09-15,10:49:13,491,KOM_Test,SR830,T,"SNAP 5,6,7,8,9","-0.000333333,0.005,-0.002,-0.002,1000",result,Kommunikations-Test fuer SR830 und OSTECH,,,
2026-09-15,10:49:13,501,KOM_Test,OSTECH,T,LVA,0.0,result,Kommunikations-Test fuer SR830 und OSTECH,,,
2026-09-15,10:49:13,506,KOM_Test,SR830,T,PHAS,0,result,Kommunikations-Test fuer SR830 und OSTECH,,,
2026-09-15,10:49:13,506,KOM_Test,OSTECH,T,XTA,20.999496459960938,result,Kommunikations-Test fuer SR830 und OSTECH,,,
2026-09-15,10:49:13,536,KOM_Test,OSTECH,T,GT,28.34477996826172,result,Kommunikations-Test fuer SR830 und OSTECH,,,
2026-09-15,10:49:13,563,KOM_Test,SR830,T,FREQ,1000,result,Kommunikations-Test fuer SR830 und OSTECH,,,
2026-09-15,10:49:13,577,KOM_Test,OSTECH,T,GS,"{'status_word': 3085, 'interlock_ok': True, 'driver_supply_ok': True, 'driver_temperature_ok': True, 'lt_sensor_ok': True, 'ct_sensor_ok': True, 'lc_on': False, 'lc_error': False}",result,Kommunikations-Test fuer SR830 und OSTECH,,,
2026-09-15,10:49:13,583,KOM_Test,OSTECH,T,LTM,25.0,result,Kommunikations-Test fuer SR830 und OSTECH,,,
2026-09-15,10:49:13,588,KOM_Test,OSTECH,T,LCA,0.0,result,Kommunikations-Test fuer SR830 und OSTECH,,,
2026-09-15,10:49:13,595,KOM_Test,OSTECH,T,LVA,0.0,result,Kommunikations-Test fuer SR830 und OSTECH,,,
2026-09-15,10:49:13,626,KOM_Test,OSTECH,T,XTA,21.00218963623047,result,Kommunikations-Test fuer SR830 und OSTECH,,,
2026-09-15,10:49:13,645,KOM_Test,OSTECH,T,GT,28.34477996826172,result,Kommunikations-Test fuer SR830 und OSTECH,,,
2026-09-15,10:49:13,663,KOM_Test,OSTECH,T,GS,"{'status_word': 3085, 'interlock_ok': True, 'driver_supply_ok': True, 'driver_temperature_ok': True, 'lt_sensor_ok': True, 'ct_sensor_ok': True, 'lc_on': False, 'lc_error': False}",result,Kommunikations-Test fuer SR830 und OSTECH,,,
2026-09-15,10:49:13,673,KOM_Test,SR830,T,"SNAP 1,2,3,4,10,11","0,-0.000122071,6.10356e-005,-90,0,-0.000122071",result,Kommunikations-Test fuer SR830 und OSTECH,,,
2026-09-15,10:49:13,673,KOM_Test,OSTECH,T,LTM,25.0,result,Kommunikations-Test fuer SR830 und OSTECH,,,
2026-09-15,10:49:13,692,KOM_Test,OSTECH,T,LCA,0.0,result,Kommunikations-Test fuer SR830 und OSTECH,,,
2026-09-15,10:49:13,718,KOM_Test,OSTECH,T,LVA,0.0,result,Kommunikations-Test fuer SR830 und OSTECH,,,
2026-09-15,10:49:13,736,KOM_Test,OSTECH,T,XTA,21.00218963623047,result,Kommunikations-Test fuer SR830 und OSTECH,,,
2026-09-15,10:49:13,743,KOM_Test,OSTECH,T,GT,28.34477996826172,result,Kommunikations-Test fuer SR830 und OSTECH,,,
2026-09-15,10:49:13,765,KOM_Test,OSTECH,T,GS,"{'status_word': 3085, 'interlock_ok': True, 'driver_supply_ok': True, 'driver_temperature_ok': True, 'lt_sensor_ok': True, 'ct_sensor_ok': True, 'lc_on': False, 'lc_error': False}",result,Kommunikations-Test fuer SR830 und OSTECH,,,
2026-09-15,10:49:13,780,KOM_Test,OSTECH,T,LTM,25.0,result,Kommunikations-Test fuer SR830 und OSTECH,,,
2026-09-15,10:49:13,792,KOM_Test,SR830,T,"SNAP 5,6,7,8,9","-0.00366667,0.00466667,0.00233333,-0.001,1000",result,Kommunikations-Test fuer SR830 und OSTECH,,,
2026-09-15,10:49:13,808,KOM_Test,OSTECH,T,LCA,0.0,result,Kommunikations-Test fuer SR830 und OSTECH,,,
2026-09-15,10:49:13,818,KOM_Test,SR830,T,PHAS,0,result,Kommunikations-Test fuer SR830 und OSTECH,,,
2026-09-15,10:49:13,825,KOM_Test,OSTECH,T,LVA,0.0,result,Kommunikations-Test fuer SR830 und OSTECH,,,
2026-09-15,10:49:13,839,KOM_Test,SR830,T,FREQ,1000,result,Kommunikations-Test fuer SR830 und OSTECH,,,
2026-09-15,10:49:13,841,KOM_Test,OSTECH,T,XTA,21.00218963623047,result,Kommunikations-Test fuer SR830 und OSTECH,,,
2026-09-15,10:49:13,860,KOM_Test,OSTECH,T,GT,28.34477996826172,result,Kommunikations-Test fuer SR830 und OSTECH,,,
2026-09-15,10:49:13,873,KOM_Test,OSTECH,T,GS,"{'status_word': 3085, 'interlock_ok': True, 'driver_supply_ok': True, 'driver_temperature_ok': True, 'lt_sensor_ok': True, 'ct_sensor_ok': True, 'lc_on': False, 'lc_error': False}",result,Kommunikations-Test fuer SR830 und OSTECH,,,
2026-09-15,10:49:13,890,KOM_Test,OSTECH,T,LTM,25.0,result,Kommunikations-Test fuer SR830 und OSTECH,,,
2026-09-15,10:49:13,911,KOM_Test,OSTECH,T,LCA,0.0,result,Kommunikations-Test fuer SR830 und OSTECH,,,
2026-09-15,10:49:13,924,KOM_Test,SR830,T,"SNAP 1,2,3,4,10,11","0,0,0,90,0,0",result,Kommunikations-Test fuer SR830 und OSTECH,,,
2026-09-15,10:49:13,936,KOM_Test,OSTECH,T,LVA,0.0,result,Kommunikations-Test fuer SR830 und OSTECH,,,
2026-09-15,10:49:13,946,KOM_Test,OSTECH,T,XTA,21.00218963623047,result,Kommunikations-Test fuer SR830 und OSTECH,,,
2026-09-15,10:49:13,958,KOM_Test,OSTECH,T,GT,28.34477996826172,result,Kommunikations-Test fuer SR830 und OSTECH,,,
2026-09-15,10:49:13,974,KOM_Test,OSTECH,T,GS,"{'status_word': 3085, 'interlock_ok': True, 'driver_supply_ok': True, 'driver_temperature_ok': True, 'lt_sensor_ok': True, 'ct_sensor_ok': True, 'lc_on': False, 'lc_error': False}",result,Kommunikations-Test fuer SR830 und OSTECH,,,
2026-09-15,10:49:13,991,KOM_Test,OSTECH,T,LTM,25.0,result,Kommunikations-Test fuer SR830 und OSTECH,,,
2026-09-15,10:49:14,010,KOM_Test,OSTECH,T,LCA,0.0,result,Kommunikations-Test fuer SR830 und OSTECH,,,
2026-09-15,10:49:14,026,KOM_Test,OSTECH,T,LVA,0.0,result,Kommunikations-Test fuer SR830 und OSTECH,,,
2026-09-15,10:49:14,042,KOM_Test,OSTECH,T,XTA,21.00218963623047,result,Kommunikations-Test fuer SR830 und OSTECH,,,
2026-09-15,10:49:14,058,KOM_Test,SR830,T,"SNAP 5,6,7,8,9","-0.00166667,0.00466667,-0.000333333,-0.00566667,1000",result,Kommunikations-Test fuer SR830 und OSTECH,,,
2026-09-15,10:49:14,066,KOM_Test,OSTECH,T,GT,28.34477996826172,result,Kommunikations-Test fuer SR830 und OSTECH,,,
2026-09-15,10:49:14,080,KOM_Test,OSTECH,T,GS,"{'status_word': 3085, 'interlock_ok': True, 'driver_supply_ok': True, 'driver_temperature_ok': True, 'lt_sensor_ok': True, 'ct_sensor_ok': True, 'lc_on': False, 'lc_error': False}",result,Kommunikations-Test fuer SR830 und OSTECH,,,
2026-09-15,10:49:14,085,KOM_Test,SR830,T,PHAS,0,result,Kommunikations-Test fuer SR830 und OSTECH,,,
2026-09-15,10:49:14,090,KOM_Test,OSTECH,T,LTM,25.0,result,Kommunikations-Test fuer SR830 und OSTECH,,,
2026-09-15,10:49:14,107,KOM_Test,SR830,T,FREQ,1000,result,Kommunikations-Test fuer SR830 und OSTECH,,,
2026-09-15,10:49:14,109,KOM_Test,OSTECH,T,LCA,0.0,result,Kommunikations-Test fuer SR830 und OSTECH,,,
2026-09-15,10:49:14,126,KOM_Test,OSTECH,T,LVA,0.0,result,Kommunikations-Test fuer SR830 und OSTECH,,,
2026-09-15,10:49:14,140,KOM_Test,OSTECH,T,XTA,21.00218963623047,result,Kommunikations-Test fuer SR830 und OSTECH,,,
2026-09-15,10:49:14,177,KOM_Test,OSTECH,T,GT,28.34477996826172,result,Kommunikations-Test fuer SR830 und OSTECH,,,
2026-09-15,10:49:14,197,KOM_Test,OSTECH,T,GS,"{'status_word': 3085, 'interlock_ok': True, 'driver_supply_ok': True, 'driver_temperature_ok': True, 'lt_sensor_ok': True, 'ct_sensor_ok': True, 'lc_on': False, 'lc_error': False}",result,Kommunikations-Test fuer SR830 und OSTECH,,,
2026-09-15,10:49:14,207,KOM_Test,OSTECH,T,LTM,25.0,result,Kommunikations-Test fuer SR830 und OSTECH,,,
2026-09-15,10:49:14,227,KOM_Test,OSTECH,T,LCA,0.0,result,Kommunikations-Test fuer SR830 und OSTECH,,,
2026-09-15,10:49:14,240,KOM_Test,SR830,T,"SNAP 1,2,3,4,10,11","6.10356e-005,0,6.10356e-005,0,6.10356e-005,0",result,Kommunikations-Test fuer SR830 und OSTECH,,,
2026-09-15,10:49:14,242,KOM_Test,OSTECH,T,LVA,0.0,result,Kommunikations-Test fuer SR830 und OSTECH,,,
2026-09-15,10:49:14,259,KOM_Test,OSTECH,T,XTA,20.996231079101562,result,Kommunikations-Test fuer SR830 und OSTECH,,,
2026-09-15,10:49:14,275,KOM_Test,OSTECH,T,GT,28.34477996826172,result,Kommunikations-Test fuer SR830 und OSTECH,,,
2026-09-15,10:49:14,290,KOM_Test,OSTECH,T,GS,"{'status_word': 3085, 'interlock_ok': True, 'driver_supply_ok': True, 'driver_temperature_ok': True, 'lt_sensor_ok': True, 'ct_sensor_ok': True, 'lc_on': False, 'lc_error': False}",result,Kommunikations-Test fuer SR830 und OSTECH,,,
2026-09-15,10:49:14,307,KOM_Test,OSTECH,T,LTM,25.0,result,Kommunikations-Test fuer SR830 und OSTECH,,,
2026-09-15,10:49:14,325,KOM_Test,OSTECH,T,LCA,0.0,result,Kommunikations-Test fuer SR830 und OSTECH,,,
2026-09-15,10:49:14,356,KOM_Test,OSTECH,T,LVA,0.0,result,Kommunikations-Test fuer SR830 und OSTECH,,,
2026-09-15,10:49:14,363,KOM_Test,OSTECH,T,XTA,20.996231079101562,result,Kommunikations-Test fuer SR830 und OSTECH,,,
2026-09-15,10:49:14,373,KOM_Test,SR830,T,"SNAP 5,6,7,8,9","-0.00166667,0.00466667,0.001,0.000666667,1000",result,Kommunikations-Test fuer SR830 und OSTECH,,,
2026-09-15,10:49:14,377,KOM_Test,OSTECH,T,GT,28.34477996826172,result,Kommunikations-Test fuer SR830 und OSTECH,,,
2026-09-15,10:49:14,390,KOM_Test,OSTECH,T,GS,"{'status_word': 3085, 'interlock_ok': True, 'driver_supply_ok': True, 'driver_temperature_ok': True, 'lt_sensor_ok': True, 'ct_sensor_ok': True, 'lc_on': False, 'lc_error': False}",result,Kommunikations-Test fuer SR830 und OSTECH,,,
2026-09-15,10:49:14,402,KOM_Test,SR830,T,PHAS,0,result,Kommunikations-Test fuer SR830 und OSTECH,,,
2026-09-15,10:49:14,407,KOM_Test,OSTECH,T,LTM,25.0,result,Kommunikations-Test fuer SR830 und OSTECH,,,
2026-09-15,10:49:14,424,KOM_Test,SR830,T,FREQ,1000,result,Kommunikations-Test fuer SR830 und OSTECH,,,
2026-09-15,10:49:14,426,KOM_Test,OSTECH,T,LCA,0.0,result,Kommunikations-Test fuer SR830 und OSTECH,,,
2026-09-15,10:49:14,440,KOM_Test,OSTECH,T,LVA,0.0,result,Kommunikations-Test fuer SR830 und OSTECH,,,
2026-09-15,10:49:14,460,KOM_Test,OSTECH,T,XTA,20.996231079101562,result,Kommunikations-Test fuer SR830 und OSTECH,,,
2026-09-15,10:49:14,476,KOM_Test,OSTECH,T,GT,28.34477996826172,result,Kommunikations-Test fuer SR830 und OSTECH,,,
2026-09-15,10:49:14,490,KOM_Test,OSTECH,T,GS,"{'status_word': 3085, 'interlock_ok': True, 'driver_supply_ok': True, 'driver_temperature_ok': True, 'lt_sensor_ok': True, 'ct_sensor_ok': True, 'lc_on': False, 'lc_error': False}",result,Kommunikations-Test fuer SR830 und OSTECH,,,
2026-09-15,10:49:14,507,KOM_Test,SR830,T,"SNAP 1,2,3,4,10,11","0,0,0,90,0,0",result,Kommunikations-Test fuer SR830 und OSTECH,,,
2026-09-15,10:49:14,518,KOM_Test,OSTECH,T,LTM,25.0,result,Kommunikations-Test fuer SR830 und OSTECH,,,
2026-09-15,10:49:14,539,KOM_Test,OSTECH,T,LCA,0.0,result,Kommunikations-Test fuer SR830 und OSTECH,,,
2026-09-15,10:49:14,553,KOM_Test,OSTECH,T,LVA,0.0,result,Kommunikations-Test fuer SR830 und OSTECH,,,
2026-09-15,10:49:14,560,KOM_Test,OSTECH,T,XTA,20.996231079101562,result,Kommunikations-Test fuer SR830 und OSTECH,,,
2026-09-15,10:49:14,576,KOM_Test,OSTECH,T,GT,28.34477996826172,result,Kommunikations-Test fuer SR830 und OSTECH,,,
2026-09-15,10:49:14,590,KOM_Test,OSTECH,T,GS,"{'status_word': 3085, 'interlock_ok': True, 'driver_supply_ok': True, 'driver_temperature_ok': True, 'lt_sensor_ok': True, 'ct_sensor_ok': True, 'lc_on': False, 'lc_error': False}",result,Kommunikations-Test fuer SR830 und OSTECH,,,
2026-09-15,10:49:14,607,KOM_Test,OSTECH,T,LTM,25.0,result,Kommunikations-Test fuer SR830 und OSTECH,,,
2026-09-15,10:49:14,625,KOM_Test,SR830,T,"SNAP 5,6,7,8,9","-0.00166667,0.003,0.00233333,0.002,1000",result,Kommunikations-Test fuer SR830 und OSTECH,,,
2026-09-15,10:49:14,635,KOM_Test,OSTECH,T,LCA,0.0,result,Kommunikations-Test fuer SR830 und OSTECH,,,
2026-09-15,10:49:14,640,KOM_Test,SR830,T,PHAS,0,result,Kommunikations-Test fuer SR830 und OSTECH,,,
2026-09-15,10:49:14,640,KOM_Test,OSTECH,T,LVA,0.0,result,Kommunikations-Test fuer SR830 und OSTECH,,,
2026-09-15,10:49:14,659,KOM_Test,OSTECH,T,XTA,20.996231079101562,result,Kommunikations-Test fuer SR830 und OSTECH,,,
2026-09-15,10:49:14,674,KOM_Test,SR830,T,FREQ,1000,result,Kommunikations-Test fuer SR830 und OSTECH,,,
2026-09-15,10:49:14,676,KOM_Test,OSTECH,T,GT,28.34477996826172,result,Kommunikations-Test fuer SR830 und OSTECH,,,
2026-09-15,10:49:14,690,KOM_Test,OSTECH,T,GS,"{'status_word': 3085, 'interlock_ok': True, 'driver_supply_ok': True, 'driver_temperature_ok': True, 'lt_sensor_ok': True, 'ct_sensor_ok': True, 'lc_on': False, 'lc_error': False}",result,Kommunikations-Test fuer SR830 und OSTECH,,,
2026-09-15,10:49:14,707,KOM_Test,OSTECH,T,LTM,25.0,result,Kommunikations-Test fuer SR830 und OSTECH,,,
2026-09-15,10:49:14,728,KOM_Test,OSTECH,T,LCA,0.0,result,Kommunikations-Test fuer SR830 und OSTECH,,,
2026-09-15,10:49:14,742,KOM_Test,OSTECH,T,LVA,0.0,result,Kommunikations-Test fuer SR830 und OSTECH,,,
2026-09-15,10:49:14,757,KOM_Test,OSTECH,T,XTA,20.996231079101562,result,Kommunikations-Test fuer SR830 und OSTECH,,,
2026-09-15,10:49:14,757,KOM_Test,SR830,T,"SNAP 1,2,3,4,10,11","0,0,0,45,0,0",result,Kommunikations-Test fuer SR830 und OSTECH,,,
2026-09-15,10:49:14,776,KOM_Test,OSTECH,T,GT,28.34477996826172,result,Kommunikations-Test fuer SR830 und OSTECH,,,
2026-09-15,10:49:14,793,KOM_Test,OSTECH,T,GS,"{'status_word': 3085, 'interlock_ok': True, 'driver_supply_ok': True, 'driver_temperature_ok': True, 'lt_sensor_ok': True, 'ct_sensor_ok': True, 'lc_on': False, 'lc_error': False}",result,Kommunikations-Test fuer SR830 und OSTECH,,,
2026-09-15,10:49:14,819,KOM_Test,OSTECH,T,LTM,25.0,result,Kommunikations-Test fuer SR830 und OSTECH,,,
2026-09-15,10:49:14,835,KOM_Test,OSTECH,T,LCA,0.0,result,Kommunikations-Test fuer SR830 und OSTECH,,,
2026-09-15,10:49:14,844,KOM_Test,OSTECH,T,LVA,0.0,result,Kommunikations-Test fuer SR830 und OSTECH,,,
2026-09-15,10:49:14,857,KOM_Test,OSTECH,T,XTA,20.996231079101562,result,Kommunikations-Test fuer SR830 und OSTECH,,,
2026-09-15,10:49:14,875,KOM_Test,OSTECH,T,GT,28.34477996826172,result,Kommunikations-Test fuer SR830 und OSTECH,,,
2026-09-15,10:49:14,891,KOM_Test,SR830,T,"SNAP 5,6,7,8,9","-0.000333333,0.00666667,0.000666667,-0.00233333,1000",result,Kommunikations-Test fuer SR830 und OSTECH,,,
2026-09-15,10:49:14,906,KOM_Test,OSTECH,T,GS,"{'status_word': 3085, 'interlock_ok': True, 'driver_supply_ok': True, 'driver_temperature_ok': True, 'lt_sensor_ok': True, 'ct_sensor_ok': True, 'lc_on': False, 'lc_error': False}",result,Kommunikations-Test fuer SR830 und OSTECH,,,
2026-09-15,10:49:14,910,KOM_Test,SR830,T,PHAS,0,result,Kommunikations-Test fuer SR830 und OSTECH,,,
2026-09-15,10:49:14,920,KOM_Test,OSTECH,T,LTM,25.0,result,Kommunikations-Test fuer SR830 und OSTECH,,,
2026-09-15,10:49:14,925,KOM_Test,OSTECH,T,LCA,0.0,result,Kommunikations-Test fuer SR830 und OSTECH,,,
2026-09-15,10:49:14,941,KOM_Test,SR830,T,FREQ,1000,result,Kommunikations-Test fuer SR830 und OSTECH,,,
2026-09-15,10:49:14,947,KOM_Test,OSTECH,T,LVA,0.0,result,Kommunikations-Test fuer SR830 und OSTECH,,,
2026-09-15,10:49:14,958,KOM_Test,OSTECH,T,XTA,20.998245239257812,result,Kommunikations-Test fuer SR830 und OSTECH,,,
2026-09-15,10:49:14,977,KOM_Test,OSTECH,T,GT,28.34477996826172,result,Kommunikations-Test fuer SR830 und OSTECH,,,
2026-09-15,10:49:14,992,KOM_Test,OSTECH,T,GS,"{'status_word': 3085, 'interlock_ok': True, 'driver_supply_ok': True, 'driver_temperature_ok': True, 'lt_sensor_ok': True, 'ct_sensor_ok': True, 'lc_on': False, 'lc_error': False}",result,Kommunikations-Test fuer SR830 und OSTECH,,,
2026-09-15,10:49:15,007,KOM_Test,OSTECH,T,LTM,25.0,result,Kommunikations-Test fuer SR830 und OSTECH,,,
2026-09-15,10:49:15,027,KOM_Test,SR830,T,"SNAP 1,2,3,4,10,11","0,0,0,0,0,0",result,Kommunikations-Test fuer SR830 und OSTECH,,,
2026-09-15,10:49:15,035,KOM_Test,OSTECH,T,LCA,0.0,result,Kommunikations-Test fuer SR830 und OSTECH,,,
2026-09-15,10:49:15,046,KOM_Test,OSTECH,T,LVA,0.0,result,Kommunikations-Test fuer SR830 und OSTECH,,,
2026-09-15,10:49:15,061,KOM_Test,OSTECH,T,XTA,20.998245239257812,result,Kommunikations-Test fuer SR830 und OSTECH,,,
2026-09-15,10:49:15,077,KOM_Test,OSTECH,T,GT,28.34477996826172,result,Kommunikations-Test fuer SR830 und OSTECH,,,
2026-09-15,10:49:15,096,KOM_Test,OSTECH,T,GS,"{'status_word': 3085, 'interlock_ok': True, 'driver_supply_ok': True, 'driver_temperature_ok': True, 'lt_sensor_ok': True, 'ct_sensor_ok': True, 'lc_on': False, 'lc_error': False}",result,Kommunikations-Test fuer SR830 und OSTECH,,,
2026-09-15,10:49:15,107,KOM_Test,OSTECH,T,LTM,25.0,result,Kommunikations-Test fuer SR830 und OSTECH,,,
2026-09-15,10:49:15,127,KOM_Test,OSTECH,T,LCA,0.0,result,Kommunikations-Test fuer SR830 und OSTECH,,,
2026-09-15,10:49:15,142,KOM_Test,OSTECH,T,LVA,0.0,result,Kommunikations-Test fuer SR830 und OSTECH,,,
2026-09-15,10:49:15,158,KOM_Test,SR830,T,"SNAP 5,6,7,8,9","-0.00466667,0.00466667,-0.000333333,0.000666667,1000",result,Kommunikations-Test fuer SR830 und OSTECH,,,
2026-09-15,10:49:15,169,KOM_Test,OSTECH,T,XTA,20.998245239257812,result,Kommunikations-Test fuer SR830 und OSTECH,,,
2026-09-15,10:49:15,178,KOM_Test,OSTECH,T,GT,28.34477996826172,result,Kommunikations-Test fuer SR830 und OSTECH,,,
2026-09-15,10:49:15,185,KOM_Test,SR830,T,PHAS,0,result,Kommunikations-Test fuer SR830 und OSTECH,,,
2026-09-15,10:49:15,197,KOM_Test,OSTECH,T,GS,"{'status_word': 3085, 'interlock_ok': True, 'driver_supply_ok': True, 'driver_temperature_ok': True, 'lt_sensor_ok': True, 'ct_sensor_ok': True, 'lc_on': False, 'lc_error': False}",result,Kommunikations-Test fuer SR830 und OSTECH,,,
2026-09-15,10:49:15,208,KOM_Test,SR830,T,FREQ,1000,result,Kommunikations-Test fuer SR830 und OSTECH,,,
2026-09-15,10:49:15,213,KOM_Test,OSTECH,T,LTM,25.0,result,Kommunikations-Test fuer SR830 und OSTECH,,,
2026-09-15,10:49:15,228,KOM_Test,OSTECH,T,LCA,0.0,result,Kommunikations-Test fuer SR830 und OSTECH,,,
2026-09-15,10:49:15,244,KOM_Test,OSTECH,T,LVA,0.0,result,Kommunikations-Test fuer SR830 und OSTECH,,,
2026-09-15,10:49:15,278,KOM_Test,OSTECH,T,XTA,20.998817443847656,result,Kommunikations-Test fuer SR830 und OSTECH,,,
2026-09-15,10:49:15,291,KOM_Test,SR830,T,"SNAP 1,2,3,4,10,11","0,0,0,0,0,0",result,Kommunikations-Test fuer SR830 und OSTECH,,,
2026-09-15,10:49:15,291,KOM_Test,OSTECH,T,GT,28.34477996826172,result,Kommunikations-Test fuer SR830 und OSTECH,,,
2026-09-15,10:49:15,313,KOM_Test,OSTECH,T,GS,"{'status_word': 3085, 'interlock_ok': True, 'driver_supply_ok': True, 'driver_temperature_ok': True, 'lt_sensor_ok': True, 'ct_sensor_ok': True, 'lc_on': False, 'lc_error': False}",result,Kommunikations-Test fuer SR830 und OSTECH,,,
2026-09-15,10:49:15,329,KOM_Test,OSTECH,T,LTM,25.0,result,Kommunikations-Test fuer SR830 und OSTECH,,,
2026-09-15,10:49:15,342,KOM_Test,OSTECH,T,LCA,0.0,result,Kommunikations-Test fuer SR830 und OSTECH,,,
2026-09-15,10:49:15,360,KOM_Test,OSTECH,T,LVA,0.0,result,Kommunikations-Test fuer SR830 und OSTECH,,,
2026-09-15,10:49:15,379,KOM_Test,OSTECH,T,XTA,20.998817443847656,result,Kommunikations-Test fuer SR830 und OSTECH,,,
2026-09-15,10:49:15,393,KOM_Test,OSTECH,T,GT,28.34477996826172,result,Kommunikations-Test fuer SR830 und OSTECH,,,
2026-09-15,10:49:15,408,KOM_Test,OSTECH,T,GS,"{'status_word': 3085, 'interlock_ok': True, 'driver_supply_ok': True, 'driver_temperature_ok': True, 'lt_sensor_ok': True, 'ct_sensor_ok': True, 'lc_on': False, 'lc_error': False}",result,Kommunikations-Test fuer SR830 und OSTECH,,,
2026-09-15,10:49:15,424,KOM_Test,SR830,T,"SNAP 5,6,7,8,9","0.00266667,0.00633333,-0.000333333,-0.000666667,1000",result,Kommunikations-Test fuer SR830 und OSTECH,,,
2026-09-15,10:49:15,436,KOM_Test,OSTECH,T,LTM,25.0,result,Kommunikations-Test fuer SR830 und OSTECH,,,
2026-09-15,10:49:15,440,KOM_Test,SR830,T,PHAS,0,result,Kommunikations-Test fuer SR830 und OSTECH,,,
2026-09-15,10:49:15,457,KOM_Test,OSTECH,T,LCA,0.0,result,Kommunikations-Test fuer SR830 und OSTECH,,,
2026-09-15,10:49:15,474,KOM_Test,SR830,T,FREQ,1000,result,Kommunikations-Test fuer SR830 und OSTECH,,,
2026-09-15,10:49:15,479,KOM_Test,OSTECH,T,LVA,0.0,result,Kommunikations-Test fuer SR830 und OSTECH,,,
2026-09-15,10:49:15,492,KOM_Test,OSTECH,T,XTA,20.998817443847656,result,Kommunikations-Test fuer SR830 und OSTECH,,,
2026-09-15,10:49:15,509,KOM_Test,OSTECH,T,GT,28.34477996826172,result,Kommunikations-Test fuer SR830 und OSTECH,,,
2026-09-15,10:49:15,530,KOM_Test,OSTECH,T,GS,"{'status_word': 3085, 'interlock_ok': True, 'driver_supply_ok': True, 'driver_temperature_ok': True, 'lt_sensor_ok': True, 'ct_sensor_ok': True, 'lc_on': False, 'lc_error': False}",result,Kommunikations-Test fuer SR830 und OSTECH,,,
2026-09-15,10:49:15,549,KOM_Test,OSTECH,T,LTM,25.0,result,Kommunikations-Test fuer SR830 und OSTECH,,,
2026-09-15,10:49:15,559,KOM_Test,SR830,T,"SNAP 1,2,3,4,10,11","0,0,0,0,0,0",result,Kommunikations-Test fuer SR830 und OSTECH,,,
2026-09-15,10:49:15,570,KOM_Test,OSTECH,T,LCA,0.0,result,Kommunikations-Test fuer SR830 und OSTECH,,,
2026-09-15,10:49:15,580,KOM_Test,OSTECH,T,LVA,0.0,result,Kommunikations-Test fuer SR830 und OSTECH,,,
2026-09-15,10:49:15,592,KOM_Test,OSTECH,T,XTA,20.998817443847656,result,Kommunikations-Test fuer SR830 und OSTECH,,,
2026-09-15,10:49:15,610,KOM_Test,OSTECH,T,GT,28.34477996826172,result,Kommunikations-Test fuer SR830 und OSTECH,,,
2026-09-15,10:49:15,631,KOM_Test,OSTECH,T,GS,"{'status_word': 3085, 'interlock_ok': True, 'driver_supply_ok': True, 'driver_temperature_ok': True, 'lt_sensor_ok': True, 'ct_sensor_ok': True, 'lc_on': False, 'lc_error': False}",result,Kommunikations-Test fuer SR830 und OSTECH,,,
2026-09-15,10:49:15,642,KOM_Test,OSTECH,T,LTM,25.0,result,Kommunikations-Test fuer SR830 und OSTECH,,,
2026-09-15,10:49:15,657,KOM_Test,OSTECH,T,LCA,0.0,result,Kommunikations-Test fuer SR830 und OSTECH,,,
2026-09-15,10:49:15,681,KOM_Test,OSTECH,T,LVA,0.0,result,Kommunikations-Test fuer SR830 und OSTECH,,,
2026-09-15,10:49:15,691,KOM_Test,SR830,T,"SNAP 5,6,7,8,9","-0.00166667,0.00666667,0.000666667,-0.001,1000",result,Kommunikations-Test fuer SR830 und OSTECH,,,
2026-09-15,10:49:15,691,KOM_Test,OSTECH,T,XTA,20.998817443847656,result,Kommunikations-Test fuer SR830 und OSTECH,,,
2026-09-15,10:49:15,709,KOM_Test,OSTECH,T,GT,28.34477996826172,result,Kommunikations-Test fuer SR830 und OSTECH,,,
2026-09-15,10:49:15,720,KOM_Test,SR830,T,PHAS,0,result,Kommunikations-Test fuer SR830 und OSTECH,,,
2026-09-15,10:49:15,732,KOM_Test,OSTECH,T,GS,"{'status_word': 3085, 'interlock_ok': True, 'driver_supply_ok': True, 'driver_temperature_ok': True, 'lt_sensor_ok': True, 'ct_sensor_ok': True, 'lc_on': False, 'lc_error': False}",result,Kommunikations-Test fuer SR830 und OSTECH,,,
2026-09-15,10:49:15,741,KOM_Test,SR830,T,FREQ,1000,result,Kommunikations-Test fuer SR830 und OSTECH,,,
2026-09-15,10:49:15,741,KOM_Test,OSTECH,T,LTM,25.0,result,Kommunikations-Test fuer SR830 und OSTECH,,,
2026-09-15,10:49:15,759,KOM_Test,OSTECH,T,LCA,0.0,result,Kommunikations-Test fuer SR830 und OSTECH,,,
2026-09-15,10:49:15,782,KOM_Test,OSTECH,T,LVA,0.0,result,Kommunikations-Test fuer SR830 und OSTECH,,,
2026-09-15,10:49:15,793,KOM_Test,OSTECH,T,XTA,20.998817443847656,result,Kommunikations-Test fuer SR830 und OSTECH,,,
2026-09-15,10:49:15,827,KOM_Test,OSTECH,T,GT,28.34477996826172,result,Kommunikations-Test fuer SR830 und OSTECH,,,
2026-09-15,10:49:15,847,KOM_Test,OSTECH,T,GS,"{'status_word': 3085, 'interlock_ok': True, 'driver_supply_ok': True, 'driver_temperature_ok': True, 'lt_sensor_ok': True, 'ct_sensor_ok': True, 'lc_on': False, 'lc_error': False}",result,Kommunikations-Test fuer SR830 und OSTECH,,,
2026-09-15,10:49:15,857,KOM_Test,SR830,T,"SNAP 1,2,3,4,10,11","0,-6.10356e-005,0,-90,0,-6.10356e-005",result,Kommunikations-Test fuer SR830 und OSTECH,,,
2026-09-15,10:49:15,871,KOM_Test,OSTECH,T,LTM,25.0,result,Kommunikations-Test fuer SR830 und OSTECH,,,
2026-09-15,10:49:15,883,KOM_Test,OSTECH,T,LCA,0.0,result,Kommunikations-Test fuer SR830 und OSTECH,,,
2026-09-15,10:49:15,892,KOM_Test,OSTECH,T,LVA,0.0,result,Kommunikations-Test fuer SR830 und OSTECH,,,
2026-09-15,10:49:15,911,KOM_Test,OSTECH,T,XTA,20.995201110839844,result,Kommunikations-Test fuer SR830 und OSTECH,,,
2026-09-15,10:49:15,927,KOM_Test,OSTECH,T,GT,28.34477996826172,result,Kommunikations-Test fuer SR830 und OSTECH,,,
2026-09-15,10:49:15,941,KOM_Test,OSTECH,T,GS,"{'status_word': 3085, 'interlock_ok': True, 'driver_supply_ok': True, 'driver_temperature_ok': True, 'lt_sensor_ok': True, 'ct_sensor_ok': True, 'lc_on': False, 'lc_error': False}",result,Kommunikations-Test fuer SR830 und OSTECH,,,
2026-09-15,10:49:15,961,KOM_Test,OSTECH,T,LTM,25.0,result,Kommunikations-Test fuer SR830 und OSTECH,,,
2026-09-15,10:49:15,984,KOM_Test,OSTECH,T,LCA,0.0,result,Kommunikations-Test fuer SR830 und OSTECH,,,
2026-09-15,10:49:15,994,KOM_Test,SR830,T,"SNAP 5,6,7,8,9","-0.000666667,0.00766667,-0.000333333,-0.001,1000",result,Kommunikations-Test fuer SR830 und OSTECH,,,
2026-09-15,10:49:16,007,KOM_Test,OSTECH,T,LVA,0.0,result,Kommunikations-Test fuer SR830 und OSTECH,,,
2026-09-15,10:49:16,007,KOM_Test,SR830,T,PHAS,0,result,Kommunikations-Test fuer SR830 und OSTECH,,,
2026-09-15,10:49:16,034,KOM_Test,OSTECH,T,XTA,20.995201110839844,result,Kommunikations-Test fuer SR830 und OSTECH,,,
2026-09-15,10:49:16,041,KOM_Test,SR830,T,FREQ,1000,result,Kommunikations-Test fuer SR830 und OSTECH,,,
2026-09-15,10:49:16,043,KOM_Test,OSTECH,T,GT,28.34477996826172,result,Kommunikations-Test fuer SR830 und OSTECH,,,
2026-09-15,10:49:16,058,KOM_Test,OSTECH,T,GS,"{'status_word': 3085, 'interlock_ok': True, 'driver_supply_ok': True, 'driver_temperature_ok': True, 'lt_sensor_ok': True, 'ct_sensor_ok': True, 'lc_on': False, 'lc_error': False}",result,Kommunikations-Test fuer SR830 und OSTECH,,,
2026-09-15,10:49:16,084,KOM_Test,OSTECH,T,LTM,25.0,result,Kommunikations-Test fuer SR830 und OSTECH,,,
2026-09-15,10:49:16,093,KOM_Test,OSTECH,T,LCA,0.0,result,Kommunikations-Test fuer SR830 und OSTECH,,,
2026-09-15,10:49:16,109,KOM_Test,OSTECH,T,LVA,0.0,result,Kommunikations-Test fuer SR830 und OSTECH,,,
2026-09-15,10:49:16,124,KOM_Test,OSTECH,T,XTA,20.995201110839844,result,Kommunikations-Test fuer SR830 und OSTECH,,,
2026-09-15,10:49:16,141,KOM_Test,OSTECH,T,GT,28.34477996826172,result,Kommunikations-Test fuer SR830 und OSTECH,,,
2026-09-15,10:49:16,158,KOM_Test,OSTECH,T,GS,"{'status_word': 3085, 'interlock_ok': True, 'driver_supply_ok': True, 'driver_temperature_ok': True, 'lt_sensor_ok': True, 'ct_sensor_ok': True, 'lc_on': False, 'lc_error': False}",result,Kommunikations-Test fuer SR830 und OSTECH,,,
2026-09-15,10:49:16,185,KOM_Test,OSTECH,T,LTM,25.0,result,Kommunikations-Test fuer SR830 und OSTECH,,,
2026-09-15,10:49:16,194,KOM_Test,SR830,T,"SNAP 1,2,3,4,10,11","-6.10356e-005,-6.10356e-005,0,-135,-6.10356e-005,-6.10356e-005",result,Kommunikations-Test fuer SR830 und OSTECH,,,
2026-09-15,10:49:16,201,KOM_Test,OSTECH,T,LCA,0.0,result,Kommunikations-Test fuer SR830 und OSTECH,,,
2026-09-15,10:49:16,214,KOM_Test,OSTECH,T,LVA,0.0,result,Kommunikations-Test fuer SR830 und OSTECH,,,
2026-09-15,10:49:16,235,KOM_Test,OSTECH,T,XTA,20.995201110839844,result,Kommunikations-Test fuer SR830 und OSTECH,,,
2026-09-15,10:49:16,244,KOM_Test,OSTECH,T,GT,28.34477996826172,result,Kommunikations-Test fuer SR830 und OSTECH,,,
2026-09-15,10:49:16,258,KOM_Test,OSTECH,T,GS,"{'status_word': 3085, 'interlock_ok': True, 'driver_supply_ok': True, 'driver_temperature_ok': True, 'lt_sensor_ok': True, 'ct_sensor_ok': True, 'lc_on': False, 'lc_error': False}",result,Kommunikations-Test fuer SR830 und OSTECH,,,
2026-09-15,10:49:16,286,KOM_Test,OSTECH,T,LTM,25.0,result,Kommunikations-Test fuer SR830 und OSTECH,,,
2026-09-15,10:49:16,293,KOM_Test,OSTECH,T,LCA,0.0,result,Kommunikations-Test fuer SR830 und OSTECH,,,
2026-09-15,10:49:16,307,KOM_Test,OSTECH,T,LVA,0.0,result,Kommunikations-Test fuer SR830 und OSTECH,,,
2026-09-15,10:49:16,326,KOM_Test,SR830,T,"SNAP 5,6,7,8,9","-0.000666667,0.00366667,-0.000666667,0.000666667,1000",result,Kommunikations-Test fuer SR830 und OSTECH,,,
2026-09-15,10:49:16,335,KOM_Test,OSTECH,T,XTA,20.995201110839844,result,Kommunikations-Test fuer SR830 und OSTECH,,,
2026-09-15,10:49:16,341,KOM_Test,OSTECH,T,GT,28.34477996826172,result,Kommunikations-Test fuer SR830 und OSTECH,,,
2026-09-15,10:49:16,354,KOM_Test,SR830,T,PHAS,0,result,Kommunikations-Test fuer SR830 und OSTECH,,,
2026-09-15,10:49:16,374,KOM_Test,OSTECH,T,GS,"{'status_word': 3085, 'interlock_ok': True, 'driver_supply_ok': True, 'driver_temperature_ok': True, 'lt_sensor_ok': True, 'ct_sensor_ok': True, 'lc_on': False, 'lc_error': False}",result,Kommunikations-Test fuer SR830 und OSTECH,,,
2026-09-15,10:49:16,376,KOM_Test,SR830,T,FREQ,1000,result,Kommunikations-Test fuer SR830 und OSTECH,,,
2026-09-15,10:49:16,398,KOM_Test,OSTECH,T,LTM,25.0,result,Kommunikations-Test fuer SR830 und OSTECH,,,
2026-09-15,10:49:16,409,KOM_Test,OSTECH,T,LCA,0.0,result,Kommunikations-Test fuer SR830 und OSTECH,,,
2026-09-15,10:49:16,429,KOM_Test,OSTECH,T,LVA,0.0,result,Kommunikations-Test fuer SR830 und OSTECH,,,
2026-09-15,10:49:16,443,KOM_Test,OSTECH,T,XTA,21.001846313476562,result,Kommunikations-Test fuer SR830 und OSTECH,,,
2026-09-15,10:49:16,462,KOM_Test,OSTECH,T,GT,28.34477996826172,result,Kommunikations-Test fuer SR830 und OSTECH,,,
2026-09-15,10:49:16,474,KOM_Test,OSTECH,T,GS,"{'status_word': 3085, 'interlock_ok': True, 'driver_supply_ok': True, 'driver_temperature_ok': True, 'lt_sensor_ok': True, 'ct_sensor_ok': True, 'lc_on': False, 'lc_error': False}",result,Kommunikations-Test fuer SR830 und OSTECH,,,
2026-09-15,10:49:16,491,KOM_Test,OSTECH,T,LTM,25.0,result,Kommunikations-Test fuer SR830 und OSTECH,,,
2026-09-15,10:49:16,509,KOM_Test,OSTECH,T,LCA,0.0,result,Kommunikations-Test fuer SR830 und OSTECH,,,
2026-09-15,10:49:16,524,KOM_Test,SR830,T,"SNAP 1,2,3,4,10,11","-0.000122071,0,6.10356e-005,153.438,-0.000122071,0",result,Kommunikations-Test fuer SR830 und OSTECH,,,
2026-09-15,10:49:16,527,KOM_Test,OSTECH,T,LVA,0.0,result,Kommunikations-Test fuer SR830 und OSTECH,,,
2026-09-15,10:49:16,557,KOM_Test,OSTECH,T,XTA,21.001846313476562,result,Kommunikations-Test fuer SR830 und OSTECH,,,
2026-09-15,10:49:16,580,KOM_Test,OSTECH,T,GT,28.34477996826172,result,Kommunikations-Test fuer SR830 und OSTECH,,,
2026-09-15,10:49:16,591,KOM_Test,OSTECH,T,GS,"{'status_word': 3085, 'interlock_ok': True, 'driver_supply_ok': True, 'driver_temperature_ok': True, 'lt_sensor_ok': True, 'ct_sensor_ok': True, 'lc_on': False, 'lc_error': False}",result,Kommunikations-Test fuer SR830 und OSTECH,,,
2026-09-15,10:49:16,614,KOM_Test,OSTECH,T,LTM,25.0,result,Kommunikations-Test fuer SR830 und OSTECH,,,
2026-09-15,10:49:16,630,KOM_Test,OSTECH,T,LCA,0.0,result,Kommunikations-Test fuer SR830 und OSTECH,,,
2026-09-15,10:49:16,642,KOM_Test,SR830,T,"SNAP 5,6,7,8,9","0.001,0.00766667,-0.000333333,-0.001,1000",result,Kommunikations-Test fuer SR830 und OSTECH,,,
2026-09-15,10:49:16,653,KOM_Test,OSTECH,T,LVA,0.0,result,Kommunikations-Test fuer SR830 und OSTECH,,,
2026-09-15,10:49:16,658,KOM_Test,SR830,T,PHAS,0,result,Kommunikations-Test fuer SR830 und OSTECH,,,
2026-09-15,10:49:16,658,KOM_Test,OSTECH,T,XTA,21.001846313476562,result,Kommunikations-Test fuer SR830 und OSTECH,,,
2026-09-15,10:49:16,676,KOM_Test,OSTECH,T,GT,28.34477996826172,result,Kommunikations-Test fuer SR830 und OSTECH,,,
2026-09-15,10:49:16,691,KOM_Test,SR830,T,FREQ,1000,result,Kommunikations-Test fuer SR830 und OSTECH,,,
2026-09-15,10:49:16,692,KOM_Test,OSTECH,T,GS,"{'status_word': 3085, 'interlock_ok': True, 'driver_supply_ok': True, 'driver_temperature_ok': True, 'lt_sensor_ok': True, 'ct_sensor_ok': True, 'lc_on': False, 'lc_error': False}",result,Kommunikations-Test fuer SR830 und OSTECH,,,
2026-09-15,10:49:16,709,KOM_Test,OSTECH,T,LTM,25.0,result,Kommunikations-Test fuer SR830 und OSTECH,,,
2026-09-15,10:49:16,740,KOM_Test,OSTECH,T,LCA,0.0,result,Kommunikations-Test fuer SR830 und OSTECH,,,
2026-09-15,10:49:16,747,KOM_Test,OSTECH,T,LVA,0.0,result,Kommunikations-Test fuer SR830 und OSTECH,,,
2026-09-15,10:49:16,764,KOM_Test,OSTECH,T,XTA,21.001846313476562,result,Kommunikations-Test fuer SR830 und OSTECH,,,
2026-09-15,10:49:16,777,KOM_Test,SR830,T,"SNAP 1,2,3,4,10,11","0,0,0,0,0,0",result,Kommunikations-Test fuer SR830 und OSTECH,,,
2026-09-15,10:49:16,784,KOM_Test,OSTECH,T,GT,28.34477996826172,result,Kommunikations-Test fuer SR830 und OSTECH,,,
2026-09-15,10:49:16,797,KOM_Test,OSTECH,T,GS,"{'status_word': 3085, 'interlock_ok': True, 'driver_supply_ok': True, 'driver_temperature_ok': True, 'lt_sensor_ok': True, 'ct_sensor_ok': True, 'lc_on': False, 'lc_error': False}",result,Kommunikations-Test fuer SR830 und OSTECH,,,
2026-09-15,10:49:16,808,KOM_Test,OSTECH,T,LTM,25.0,result,Kommunikations-Test fuer SR830 und OSTECH,,,
2026-09-15,10:49:16,827,KOM_Test,OSTECH,T,LCA,0.0,result,Kommunikations-Test fuer SR830 und OSTECH,,,
2026-09-15,10:49:16,842,KOM_Test,OSTECH,T,LVA,0.0,result,Kommunikations-Test fuer SR830 und OSTECH,,,
2026-09-15,10:49:16,860,KOM_Test,OSTECH,T,XTA,21.001846313476562,result,Kommunikations-Test fuer SR830 und OSTECH,,,
2026-09-15,10:49:16,876,KOM_Test,OSTECH,T,GT,28.34477996826172,result,Kommunikations-Test fuer SR830 und OSTECH,,,
2026-09-15,10:49:16,891,KOM_Test,OSTECH,T,GS,"{'status_word': 3085, 'interlock_ok': True, 'driver_supply_ok': True, 'driver_temperature_ok': True, 'lt_sensor_ok': True, 'ct_sensor_ok': True, 'lc_on': False, 'lc_error': False}",result,Kommunikations-Test fuer SR830 und OSTECH,,,
2026-09-15,10:49:16,902,KOM_Test,SR830,T,"SNAP 5,6,7,8,9","-0.00366667,0.00666667,0.00266667,0.002,1000",result,Kommunikations-Test fuer SR830 und OSTECH,,,
2026-09-15,10:49:16,914,KOM_Test,SR830,T,PHAS,0,result,Kommunikations-Test fuer SR830 und OSTECH,,,
2026-09-15,10:49:16,925,KOM_Test,OSTECH,T,LTM,25.0,result,Kommunikations-Test fuer SR830 und OSTECH,,,
2026-09-15,10:49:16,942,KOM_Test,SR830,T,FREQ,1000,result,Kommunikations-Test fuer SR830 und OSTECH,,,
2026-09-15,10:49:16,942,KOM_Test,OSTECH,T,LCA,0.0,result,Kommunikations-Test fuer SR830 und OSTECH,,,
2026-09-15,10:49:16,958,KOM_Test,OSTECH,T,LVA,0.0,result,Kommunikations-Test fuer SR830 und OSTECH,,,
2026-09-15,10:49:16,974,KOM_Test,OSTECH,T,XTA,20.998245239257812,result,Kommunikations-Test fuer SR830 und OSTECH,,,
2026-09-15,10:49:16,993,KOM_Test,OSTECH,T,GT,28.34477996826172,result,Kommunikations-Test fuer SR830 und OSTECH,,,
2026-09-15,10:49:17,008,KOM_Test,OSTECH,T,GS,"{'status_word': 3085, 'interlock_ok': True, 'driver_supply_ok': True, 'driver_temperature_ok': True, 'lt_sensor_ok': True, 'ct_sensor_ok': True, 'lc_on': False, 'lc_error': False}",result,Kommunikations-Test fuer SR830 und OSTECH,,,
2026-09-15,10:49:17,027,KOM_Test,OSTECH,T,LTM,25.0,result,Kommunikations-Test fuer SR830 und OSTECH,,,
2026-09-15,10:49:17,042,KOM_Test,OSTECH,T,LCA,0.0,result,Kommunikations-Test fuer SR830 und OSTECH,,,
2026-09-15,10:49:17,063,KOM_Test,SR830,T,"SNAP 1,2,3,4,10,11","0,-6.10356e-005,0,-90,0,-6.10356e-005",result,Kommunikations-Test fuer SR830 und OSTECH,,,
2026-09-15,10:49:17,069,KOM_Test,OSTECH,T,LVA,0.0,result,Kommunikations-Test fuer SR830 und OSTECH,,,
2026-09-15,10:49:17,081,KOM_Test,OSTECH,T,XTA,20.998245239257812,result,Kommunikations-Test fuer SR830 und OSTECH,,,
2026-09-15,10:49:17,113,KOM_Test,OSTECH,T,GT,28.343595504760742,result,Kommunikations-Test fuer SR830 und OSTECH,,,
2026-09-15,10:49:17,125,KOM_Test,OSTECH,T,GS,"{'status_word': 3085, 'interlock_ok': True, 'driver_supply_ok': True, 'driver_temperature_ok': True, 'lt_sensor_ok': True, 'ct_sensor_ok': True, 'lc_on': False, 'lc_error': False}",result,Kommunikations-Test fuer SR830 und OSTECH,,,
2026-09-15,10:49:17,145,KOM_Test,OSTECH,T,LTM,25.0,result,Kommunikations-Test fuer SR830 und OSTECH,,,
2026-09-15,10:49:17,161,KOM_Test,OSTECH,T,LCA,0.0,result,Kommunikations-Test fuer SR830 und OSTECH,,,
2026-09-15,10:49:17,175,KOM_Test,SR830,T,"SNAP 5,6,7,8,9","-0.00333333,0.003,-0.000666667,-0.00233333,1000",result,Kommunikations-Test fuer SR830 und OSTECH,,,
2026-09-15,10:49:17,186,KOM_Test,OSTECH,T,LVA,0.0,result,Kommunikations-Test fuer SR830 und OSTECH,,,
2026-09-15,10:49:17,197,KOM_Test,OSTECH,T,XTA,20.998245239257812,result,Kommunikations-Test fuer SR830 und OSTECH,,,
2026-09-15,10:49:17,197,KOM_Test,SR830,T,PHAS,0,result,Kommunikations-Test fuer SR830 und OSTECH,,,
2026-09-15,10:49:17,208,KOM_Test,OSTECH,T,GT,28.343595504760742,result,Kommunikations-Test fuer SR830 und OSTECH,,,
2026-09-15,10:49:17,224,KOM_Test,SR830,T,FREQ,1000,result,Kommunikations-Test fuer SR830 und OSTECH,,,
2026-09-15,10:49:17,225,KOM_Test,OSTECH,T,GS,"{'status_word': 3085, 'interlock_ok': True, 'driver_supply_ok': True, 'driver_temperature_ok': True, 'lt_sensor_ok': True, 'ct_sensor_ok': True, 'lc_on': False, 'lc_error': False}",result,Kommunikations-Test fuer SR830 und OSTECH,,,
2026-09-15,10:49:17,244,KOM_Test,OSTECH,T,LTM,25.0,result,Kommunikations-Test fuer SR830 und OSTECH,,,
2026-09-15,10:49:17,258,KOM_Test,OSTECH,T,LCA,0.0,result,Kommunikations-Test fuer SR830 und OSTECH,,,
2026-09-15,10:49:17,291,KOM_Test,OSTECH,T,LVA,0.0,result,Kommunikations-Test fuer SR830 und OSTECH,,,
2026-09-15,10:49:17,308,KOM_Test,SR830,T,"SNAP 1,2,3,4,10,11","0,0,0,0,0,0",result,Kommunikations-Test fuer SR830 und OSTECH,,,
2026-09-15,10:49:17,314,KOM_Test,OSTECH,T,XTA,20.998245239257812,result,Kommunikations-Test fuer SR830 und OSTECH,,,
2026-09-15,10:49:17,325,KOM_Test,OSTECH,T,GT,28.343595504760742,result,Kommunikations-Test fuer SR830 und OSTECH,,,
2026-09-15,10:49:17,345,KOM_Test,OSTECH,T,GS,"{'status_word': 3085, 'interlock_ok': True, 'driver_supply_ok': True, 'driver_temperature_ok': True, 'lt_sensor_ok': True, 'ct_sensor_ok': True, 'lc_on': False, 'lc_error': False}",result,Kommunikations-Test fuer SR830 und OSTECH,,,
2026-09-15,10:49:17,358,KOM_Test,OSTECH,T,LTM,25.0,result,Kommunikations-Test fuer SR830 und OSTECH,,,
2026-09-15,10:49:17,378,KOM_Test,OSTECH,T,LCA,0.0,result,Kommunikations-Test fuer SR830 und OSTECH,,,
2026-09-15,10:49:17,395,KOM_Test,OSTECH,T,LVA,0.0,result,Kommunikations-Test fuer SR830 und OSTECH,,,
2026-09-15,10:49:17,411,KOM_Test,OSTECH,T,XTA,20.998245239257812,result,Kommunikations-Test fuer SR830 und OSTECH,,,
2026-09-15,10:49:17,427,KOM_Test,OSTECH,T,GT,28.343595504760742,result,Kommunikations-Test fuer SR830 und OSTECH,,,
2026-09-15,10:49:17,437,KOM_Test,SR830,T,"SNAP 5,6,7,8,9","0.001,0.00466667,0.000666667,-0.001,1000",result,Kommunikations-Test fuer SR830 und OSTECH,,,
2026-09-15,10:49:17,446,KOM_Test,OSTECH,T,GS,"{'status_word': 3085, 'interlock_ok': True, 'driver_supply_ok': True, 'driver_temperature_ok': True, 'lt_sensor_ok': True, 'ct_sensor_ok': True, 'lc_on': False, 'lc_error': False}",result,Kommunikations-Test fuer SR830 und OSTECH,,,
2026-09-15,10:49:17,454,KOM_Test,SR830,T,PHAS,0,result,Kommunikations-Test fuer SR830 und OSTECH,,,
2026-09-15,10:49:17,476,KOM_Test,SR830,T,FREQ,1000,result,Kommunikations-Test fuer SR830 und OSTECH,,,
2026-09-15,10:49:17,478,KOM_Test,OSTECH,T,LTM,25.0,result,Kommunikations-Test fuer SR830 und OSTECH,,,
2026-09-15,10:49:17,491,KOM_Test,OSTECH,T,LCA,0.0,result,Kommunikations-Test fuer SR830 und OSTECH,,,
2026-09-15,10:49:17,513,KOM_Test,OSTECH,T,LVA,0.0,result,Kommunikations-Test fuer SR830 und OSTECH,,,
2026-09-15,10:49:17,526,KOM_Test,OSTECH,T,XTA,20.99925994873047,result,Kommunikations-Test fuer SR830 und OSTECH,,,
2026-09-15,10:49:17,551,KOM_Test,OSTECH,T,GT,28.343595504760742,result,Kommunikations-Test fuer SR830 und OSTECH,,,
2026-09-15,10:49:17,559,KOM_Test,SR830,T,"SNAP 1,2,3,4,10,11","0,0,0,45,0,0",result,Kommunikations-Test fuer SR830 und OSTECH,,,
2026-09-15,10:49:17,561,KOM_Test,OSTECH,T,GS,"{'status_word': 3085, 'interlock_ok': True, 'driver_supply_ok': True, 'driver_temperature_ok': True, 'lt_sensor_ok': True, 'ct_sensor_ok': True, 'lc_on': False, 'lc_error': False}",result,Kommunikations-Test fuer SR830 und OSTECH,,,
2026-09-15,10:49:17,597,KOM_Test,OSTECH,T,LTM,25.0,result,Kommunikations-Test fuer SR830 und OSTECH,,,
2026-09-15,10:49:17,611,KOM_Test,OSTECH,T,LCA,0.0,result,Kommunikations-Test fuer SR830 und OSTECH,,,
2026-09-15,10:49:17,626,KOM_Test,OSTECH,T,LVA,0.0,result,Kommunikations-Test fuer SR830 und OSTECH,,,
2026-09-15,10:49:17,659,KOM_Test,OSTECH,T,XTA,20.99925994873047,result,Kommunikations-Test fuer SR830 und OSTECH,,,
2026-09-15,10:49:17,673,KOM_Test,SR830,T,"SNAP 5,6,7,8,9","0.00266667,0.008,0.001,0.00266667,1000",result,Kommunikations-Test fuer SR830 und OSTECH,,,
2026-09-15,10:49:17,681,KOM_Test,OSTECH,T,GT,28.343595504760742,result,Kommunikations-Test fuer SR830 und OSTECH,,,
2026-09-15,10:49:17,688,KOM_Test,SR830,T,PHAS,0,result,Kommunikations-Test fuer SR830 und OSTECH,,,
2026-09-15,10:49:17,697,KOM_Test,OSTECH,T,GS,"{'status_word': 3085, 'interlock_ok': True, 'driver_supply_ok': True, 'driver_temperature_ok': True, 'lt_sensor_ok': True, 'ct_sensor_ok': True, 'lc_on': False, 'lc_error': False}",result,Kommunikations-Test fuer SR830 und OSTECH,,,
2026-09-15,10:49:17,711,KOM_Test,SR830,T,FREQ,1000,result,Kommunikations-Test fuer SR830 und OSTECH,,,
2026-09-15,10:49:17,720,KOM_Test,OSTECH,T,LTM,25.0,result,Kommunikations-Test fuer SR830 und OSTECH,,,
2026-09-15,10:49:17,737,KOM_Test,OSTECH,T,LCA,0.0,result,Kommunikations-Test fuer SR830 und OSTECH,,,
2026-09-15,10:49:17,748,KOM_Test,OSTECH,T,LVA,0.0,result,Kommunikations-Test fuer SR830 und OSTECH,,,
2026-09-15,10:49:17,761,KOM_Test,OSTECH,T,XTA,20.99925994873047,result,Kommunikations-Test fuer SR830 und OSTECH,,,
2026-09-15,10:49:17,777,KOM_Test,OSTECH,T,GT,28.343595504760742,result,Kommunikations-Test fuer SR830 und OSTECH,,,
2026-09-15,10:49:17,798,KOM_Test,OSTECH,T,GS,"{'status_word': 3085, 'interlock_ok': True, 'driver_supply_ok': True, 'driver_temperature_ok': True, 'lt_sensor_ok': True, 'ct_sensor_ok': True, 'lc_on': False, 'lc_error': False}",result,Kommunikations-Test fuer SR830 und OSTECH,,,
2026-09-15,10:49:17,808,KOM_Test,OSTECH,T,LTM,25.0,result,Kommunikations-Test fuer SR830 und OSTECH,,,
2026-09-15,10:49:17,840,KOM_Test,OSTECH,T,LCA,0.0,result,Kommunikations-Test fuer SR830 und OSTECH,,,
2026-09-15,10:49:17,849,KOM_Test,SR830,T,"SNAP 1,2,3,4,10,11","6.10356e-005,0,6.10356e-005,26.562,6.10356e-005,0",result,Kommunikations-Test fuer SR830 und OSTECH,,,
2026-09-15,10:49:17,853,KOM_Test,OSTECH,T,LVA,0.0,result,Kommunikations-Test fuer SR830 und OSTECH,,,
2026-09-15,10:49:17,858,KOM_Test,OSTECH,T,XTA,20.99925994873047,result,Kommunikations-Test fuer SR830 und OSTECH,,,
2026-09-15,10:49:17,876,KOM_Test,OSTECH,T,GT,28.343595504760742,result,Kommunikations-Test fuer SR830 und OSTECH,,,
2026-09-15,10:49:17,892,KOM_Test,OSTECH,T,GS,"{'status_word': 3085, 'interlock_ok': True, 'driver_supply_ok': True, 'driver_temperature_ok': True, 'lt_sensor_ok': True, 'ct_sensor_ok': True, 'lc_on': False, 'lc_error': False}",result,Kommunikations-Test fuer SR830 und OSTECH,,,
2026-09-15,10:49:17,911,KOM_Test,OSTECH,T,LTM,25.0,result,Kommunikations-Test fuer SR830 und OSTECH,,,
2026-09-15,10:49:17,927,KOM_Test,OSTECH,T,LCA,0.0,result,Kommunikations-Test fuer SR830 und OSTECH,,,
2026-09-15,10:49:17,950,KOM_Test,OSTECH,T,LVA,0.0,result,Kommunikations-Test fuer SR830 und OSTECH,,,
2026-09-15,10:49:17,962,KOM_Test,SR830,T,"SNAP 5,6,7,8,9","-0.002,0.005,0.001,-0.000666667,1000",result,Kommunikations-Test fuer SR830 und OSTECH,,,
2026-09-15,10:49:17,969,KOM_Test,OSTECH,T,XTA,20.99925994873047,result,Kommunikations-Test fuer SR830 und OSTECH,,,
2026-09-15,10:49:17,981,KOM_Test,OSTECH,T,GT,28.343595504760742,result,Kommunikations-Test fuer SR830 und OSTECH,,,
2026-09-15,10:49:17,981,KOM_Test,SR830,T,PHAS,0,result,Kommunikations-Test fuer SR830 und OSTECH,,,
2026-09-15,10:49:18,000,KOM_Test,OSTECH,T,GS,"{'status_word': 3085, 'interlock_ok': True, 'driver_supply_ok': True, 'driver_temperature_ok': True, 'lt_sensor_ok': True, 'ct_sensor_ok': True, 'lc_on': False, 'lc_error': False}",result,Kommunikations-Test fuer SR830 und OSTECH,,,
2026-09-15,10:49:18,008,KOM_Test,SR830,T,FREQ,1000,result,Kommunikations-Test fuer SR830 und OSTECH,,,
2026-09-15,10:49:18,025,KOM_Test,OSTECH,T,LTM,25.0,result,Kommunikations-Test fuer SR830 und OSTECH,,,
2026-09-15,10:49:18,050,KOM_Test,OSTECH,T,LCA,0.0,result,Kommunikations-Test fuer SR830 und OSTECH,,,
2026-09-15,10:49:18,060,KOM_Test,OSTECH,T,LVA,0.0,result,Kommunikations-Test fuer SR830 und OSTECH,,,
2026-09-15,10:49:18,076,KOM_Test,OSTECH,T,XTA,20.997459411621094,result,Kommunikations-Test fuer SR830 und OSTECH,,,
2026-09-15,10:49:18,100,KOM_Test,OSTECH,T,GT,28.343595504760742,result,Kommunikations-Test fuer SR830 und OSTECH,,,
2026-09-15,10:49:18,110,KOM_Test,OSTECH,T,GS,"{'status_word': 3085, 'interlock_ok': True, 'driver_supply_ok': True, 'driver_temperature_ok': True, 'lt_sensor_ok': True, 'ct_sensor_ok': True, 'lc_on': False, 'lc_error': False}",result,Kommunikations-Test fuer SR830 und OSTECH,,,
2026-09-15,10:49:18,125,KOM_Test,OSTECH,T,LTM,25.0,result,Kommunikations-Test fuer SR830 und OSTECH,,,
2026-09-15,10:49:18,151,KOM_Test,OSTECH,T,LCA,0.0,result,Kommunikations-Test fuer SR830 und OSTECH,,,
2026-09-15,10:49:18,155,KOM_Test,SR830,T,"SNAP 1,2,3,4,10,11","6.10356e-005,0,6.10356e-005,26.562,6.10356e-005,0",result,Kommunikations-Test fuer SR830 und OSTECH,,,
2026-09-15,10:49:18,158,KOM_Test,OSTECH,T,LVA,0.0,result,Kommunikations-Test fuer SR830 und OSTECH,,,
2026-09-15,10:49:18,177,KOM_Test,OSTECH,T,XTA,20.997459411621094,result,Kommunikations-Test fuer SR830 und OSTECH,,,
2026-09-15,10:49:18,208,KOM_Test,OSTECH,T,GT,28.343595504760742,result,Kommunikations-Test fuer SR830 und OSTECH,,,
2026-09-15,10:49:18,232,KOM_Test,OSTECH,T,GS,"{'status_word': 3085, 'interlock_ok': True, 'driver_supply_ok': True, 'driver_temperature_ok': True, 'lt_sensor_ok': True, 'ct_sensor_ok': True, 'lc_on': False, 'lc_error': False}",result,Kommunikations-Test fuer SR830 und OSTECH,,,
2026-09-15,10:49:18,252,KOM_Test,OSTECH,T,LTM,25.0,result,Kommunikations-Test fuer SR830 und OSTECH,,,
2026-09-15,10:49:18,261,KOM_Test,OSTECH,T,LCA,0.0,result,Kommunikations-Test fuer SR830 und OSTECH,,,
2026-09-15,10:49:18,276,KOM_Test,SR830,T,"SNAP 5,6,7,8,9","-0.00666667,0.00633333,-0.000666667,0.000666667,1000",result,Kommunikations-Test fuer SR830 und OSTECH,,,
2026-09-15,10:49:18,286,KOM_Test,OSTECH,T,LVA,0.0,result,Kommunikations-Test fuer SR830 und OSTECH,,,
2026-09-15,10:49:18,302,KOM_Test,SR830,T,PHAS,0,result,Kommunikations-Test fuer SR830 und OSTECH,,,
2026-09-15,10:49:18,302,KOM_Test,OSTECH,T,XTA,20.997459411621094,result,Kommunikations-Test fuer SR830 und OSTECH,,,
2026-09-15,10:49:18,314,KOM_Test,OSTECH,T,GT,28.343595504760742,result,Kommunikations-Test fuer SR830 und OSTECH,,,
2026-09-15,10:49:18,326,KOM_Test,SR830,T,FREQ,1000,result,Kommunikations-Test fuer SR830 und OSTECH,,,
2026-09-15,10:49:18,332,KOM_Test,OSTECH,T,GS,"{'status_word': 3085, 'interlock_ok': True, 'driver_supply_ok': True, 'driver_temperature_ok': True, 'lt_sensor_ok': True, 'ct_sensor_ok': True, 'lc_on': False, 'lc_error': False}",result,Kommunikations-Test fuer SR830 und OSTECH,,,
2026-09-15,10:49:18,352,KOM_Test,OSTECH,T,LTM,25.0,result,Kommunikations-Test fuer SR830 und OSTECH,,,
2026-09-15,10:49:18,361,KOM_Test,OSTECH,T,LCA,0.0,result,Kommunikations-Test fuer SR830 und OSTECH,,,
2026-09-15,10:49:18,390,KOM_Test,OSTECH,T,LVA,0.0,result,Kommunikations-Test fuer SR830 und OSTECH,,,
2026-09-15,10:49:18,403,KOM_Test,OSTECH,T,XTA,20.997459411621094,result,Kommunikations-Test fuer SR830 und OSTECH,,,
2026-09-15,10:49:18,412,KOM_Test,OSTECH,T,GT,28.343595504760742,result,Kommunikations-Test fuer SR830 und OSTECH,,,
2026-09-15,10:49:18,427,KOM_Test,OSTECH,T,GS,"{'status_word': 3085, 'interlock_ok': True, 'driver_supply_ok': True, 'driver_temperature_ok': True, 'lt_sensor_ok': True, 'ct_sensor_ok': True, 'lc_on': False, 'lc_error': False}",result,Kommunikations-Test fuer SR830 und OSTECH,,,
2026-09-15,10:49:18,442,KOM_Test,SR830,T,"SNAP 1,2,3,4,10,11","-6.10356e-005,0,0,180,-6.10356e-005,0",result,Kommunikations-Test fuer SR830 und OSTECH,,,
2026-09-15,10:49:18,454,KOM_Test,OSTECH,T,LTM,25.0,result,Kommunikations-Test fuer SR830 und OSTECH,,,
2026-09-15,10:49:18,458,KOM_Test,OSTECH,T,LCA,0.0,result,Kommunikations-Test fuer SR830 und OSTECH,,,
2026-09-15,10:49:18,475,KOM_Test,OSTECH,T,LVA,0.0,result,Kommunikations-Test fuer SR830 und OSTECH,,,
2026-09-15,10:49:18,493,KOM_Test,OSTECH,T,XTA,20.997459411621094,result,Kommunikations-Test fuer SR830 und OSTECH,,,
2026-09-15,10:49:18,509,KOM_Test,OSTECH,T,GT,28.343595504760742,result,Kommunikations-Test fuer SR830 und OSTECH,,,
2026-09-15,10:49:18,525,KOM_Test,OSTECH,T,GS,"{'status_word': 3085, 'interlock_ok': True, 'driver_supply_ok': True, 'driver_temperature_ok': True, 'lt_sensor_ok': True, 'ct_sensor_ok': True, 'lc_on': False, 'lc_error': False}",result,Kommunikations-Test fuer SR830 und OSTECH,,,
2026-09-15,10:49:18,550,KOM_Test,OSTECH,T,LTM,25.0,result,Kommunikations-Test fuer SR830 und OSTECH,,,
2026-09-15,10:49:18,575,KOM_Test,SR830,T,"SNAP 5,6,7,8,9","-0.002,0.00633333,-0.000333333,-0.000666667,1000",result,Kommunikations-Test fuer SR830 und OSTECH,,,
2026-09-15,10:49:18,576,KOM_Test,OSTECH,T,LCA,0.0,result,Kommunikations-Test fuer SR830 und OSTECH,,,
2026-09-15,10:49:18,592,KOM_Test,SR830,T,PHAS,0,result,Kommunikations-Test fuer SR830 und OSTECH,,,
2026-09-15,10:49:18,592,KOM_Test,OSTECH,T,LVA,0.0,result,Kommunikations-Test fuer SR830 und OSTECH,,,
2026-09-15,10:49:18,610,KOM_Test,OSTECH,T,XTA,21.001953125,result,Kommunikations-Test fuer SR830 und OSTECH,,,
2026-09-15,10:49:18,625,KOM_Test,SR830,T,FREQ,1000,result,Kommunikations-Test fuer SR830 und OSTECH,,,
2026-09-15,10:49:18,627,KOM_Test,OSTECH,T,GT,28.343595504760742,result,Kommunikations-Test fuer SR830 und OSTECH,,,
2026-09-15,10:49:18,642,KOM_Test,OSTECH,T,GS,"{'status_word': 3085, 'interlock_ok': True, 'driver_supply_ok': True, 'driver_temperature_ok': True, 'lt_sensor_ok': True, 'ct_sensor_ok': True, 'lc_on': False, 'lc_error': False}",result,Kommunikations-Test fuer SR830 und OSTECH,,,
2026-09-15,10:49:18,659,KOM_Test,OSTECH,T,LTM,25.0,result,Kommunikations-Test fuer SR830 und OSTECH,,,
2026-09-15,10:49:18,677,KOM_Test,OSTECH,T,LCA,0.0,result,Kommunikations-Test fuer SR830 und OSTECH,,,
2026-09-15,10:49:18,692,KOM_Test,OSTECH,T,LVA,0.0,result,Kommunikations-Test fuer SR830 und OSTECH,,,
2026-09-15,10:49:18,710,KOM_Test,SR830,T,"SNAP 1,2,3,4,10,11","0,0,0,90,0,0",result,Kommunikations-Test fuer SR830 und OSTECH,,,
2026-09-15,10:49:18,710,KOM_Test,OSTECH,T,XTA,21.001953125,result,Kommunikations-Test fuer SR830 und OSTECH,,,
2026-09-15,10:49:18,732,KOM_Test,OSTECH,T,GT,28.343595504760742,result,Kommunikations-Test fuer SR830 und OSTECH,,,
2026-09-15,10:49:18,768,KOM_Test,OSTECH,T,GS,"{'status_word': 3085, 'interlock_ok': True, 'driver_supply_ok': True, 'driver_temperature_ok': True, 'lt_sensor_ok': True, 'ct_sensor_ok': True, 'lc_on': False, 'lc_error': False}",result,Kommunikations-Test fuer SR830 und OSTECH,,,
2026-09-15,10:49:18,780,KOM_Test,OSTECH,T,LTM,25.0,result,Kommunikations-Test fuer SR830 und OSTECH,,,
2026-09-15,10:49:18,786,KOM_Test,OSTECH,T,LCA,0.0,result,Kommunikations-Test fuer SR830 und OSTECH,,,
2026-09-15,10:49:18,801,KOM_Test,OSTECH,T,LVA,0.0,result,Kommunikations-Test fuer SR830 und OSTECH,,,
2026-09-15,10:49:18,821,KOM_Test,OSTECH,T,XTA,21.001953125,result,Kommunikations-Test fuer SR830 und OSTECH,,,
2026-09-15,10:49:18,842,KOM_Test,OSTECH,T,GT,28.343595504760742,result,Kommunikations-Test fuer SR830 und OSTECH,,,
2026-09-15,10:49:18,842,KOM_Test,SR830,T,"SNAP 5,6,7,8,9","-0.000666667,0.00633333,0.000666667,0.000666667,1000",result,Kommunikations-Test fuer SR830 und OSTECH,,,
2026-09-15,10:49:18,864,KOM_Test,OSTECH,T,GS,"{'status_word': 3085, 'interlock_ok': True, 'driver_supply_ok': True, 'driver_temperature_ok': True, 'lt_sensor_ok': True, 'ct_sensor_ok': True, 'lc_on': False, 'lc_error': False}",result,Kommunikations-Test fuer SR830 und OSTECH,,,
2026-09-15,10:49:18,869,KOM_Test,SR830,T,PHAS,0,result,Kommunikations-Test fuer SR830 und OSTECH,,,
2026-09-15,10:49:18,882,KOM_Test,OSTECH,T,LTM,25.0,result,Kommunikations-Test fuer SR830 und OSTECH,,,
2026-09-15,10:49:18,891,KOM_Test,SR830,T,FREQ,1000,result,Kommunikations-Test fuer SR830 und OSTECH,,,
2026-09-15,10:49:18,899,KOM_Test,OSTECH,T,LCA,0.0,result,Kommunikations-Test fuer SR830 und OSTECH,,,
2026-09-15,10:49:18,912,KOM_Test,OSTECH,T,LVA,0.0,result,Kommunikations-Test fuer SR830 und OSTECH,,,
2026-09-15,10:49:18,943,KOM_Test,OSTECH,T,XTA,21.001953125,result,Kommunikations-Test fuer SR830 und OSTECH,,,
2026-09-15,10:49:18,966,KOM_Test,OSTECH,T,GT,28.343595504760742,result,Kommunikations-Test fuer SR830 und OSTECH,,,
2026-09-15,10:49:18,979,KOM_Test,OSTECH,T,GS,"{'status_word': 3085, 'interlock_ok': True, 'driver_supply_ok': True, 'driver_temperature_ok': True, 'lt_sensor_ok': True, 'ct_sensor_ok': True, 'lc_on': False, 'lc_error': False}",result,Kommunikations-Test fuer SR830 und OSTECH,,,
2026-09-15,10:49:18,992,KOM_Test,OSTECH,T,LTM,25.0,result,Kommunikations-Test fuer SR830 und OSTECH,,,
2026-09-15,10:49:19,012,KOM_Test,OSTECH,T,LCA,0.0,result,Kommunikations-Test fuer SR830 und OSTECH,,,
2026-09-15,10:49:19,030,KOM_Test,OSTECH,T,LVA,0.0,result,Kommunikations-Test fuer SR830 und OSTECH,,,
2026-09-15,10:49:19,042,KOM_Test,SR830,T,"SNAP 1,2,3,4,10,11","-6.10356e-005,-6.10356e-005,0,-135,-6.10356e-005,-6.10356e-005",result,Kommunikations-Test fuer SR830 und OSTECH,,,
2026-09-15,10:49:19,044,KOM_Test,OSTECH,T,XTA,21.001953125,result,Kommunikations-Test fuer SR830 und OSTECH,,,
2026-09-15,10:49:19,060,KOM_Test,OSTECH,T,GT,28.343595504760742,result,Kommunikations-Test fuer SR830 und OSTECH,,,
2026-09-15,10:49:19,080,KOM_Test,OSTECH,T,GS,"{'status_word': 3085, 'interlock_ok': True, 'driver_supply_ok': True, 'driver_temperature_ok': True, 'lt_sensor_ok': True, 'ct_sensor_ok': True, 'lc_on': False, 'lc_error': False}",result,Kommunikations-Test fuer SR830 und OSTECH,,,
2026-09-15,10:49:19,098,KOM_Test,OSTECH,T,LTM,25.0,result,Kommunikations-Test fuer SR830 und OSTECH,,,
2026-09-15,10:49:19,124,KOM_Test,OSTECH,T,LCA,0.0,result,Kommunikations-Test fuer SR830 und OSTECH,,,
2026-09-15,10:49:19,131,KOM_Test,OSTECH,T,LVA,0.0,result,Kommunikations-Test fuer SR830 und OSTECH,,,
2026-09-15,10:49:19,145,KOM_Test,OSTECH,T,XTA,21.001953125,result,Kommunikations-Test fuer SR830 und OSTECH,,,
2026-09-15,10:49:19,159,KOM_Test,SR830,T,"SNAP 5,6,7,8,9","-0.002,0.003,0.00233333,-0.00233333,1000",result,Kommunikations-Test fuer SR830 und OSTECH,,,
2026-09-15,10:49:19,168,KOM_Test,OSTECH,T,GT,28.343595504760742,result,Kommunikations-Test fuer SR830 und OSTECH,,,
2026-09-15,10:49:19,180,KOM_Test,OSTECH,T,GS,"{'status_word': 3085, 'interlock_ok': True, 'driver_supply_ok': True, 'driver_temperature_ok': True, 'lt_sensor_ok': True, 'ct_sensor_ok': True, 'lc_on': False, 'lc_error': False}",result,Kommunikations-Test fuer SR830 und OSTECH,,,
2026-09-15,10:49:19,187,KOM_Test,SR830,T,PHAS,0,result,Kommunikations-Test fuer SR830 und OSTECH,,,
2026-09-15,10:49:19,201,KOM_Test,OSTECH,T,LTM,25.0,result,Kommunikations-Test fuer SR830 und OSTECH,,,
2026-09-15,10:49:19,207,KOM_Test,SR830,T,FREQ,1000,result,Kommunikations-Test fuer SR830 und OSTECH,,,
2026-09-15,10:49:19,219,KOM_Test,OSTECH,T,LCA,0.0,result,Kommunikations-Test fuer SR830 und OSTECH,,,
2026-09-15,10:49:19,236,KOM_Test,OSTECH,T,LVA,0.0,result,Kommunikations-Test fuer SR830 und OSTECH,,,
2026-09-15,10:49:19,245,KOM_Test,OSTECH,T,XTA,21.001953125,result,Kommunikations-Test fuer SR830 und OSTECH,,,
2026-09-15,10:49:19,259,KOM_Test,OSTECH,T,GT,28.343595504760742,result,Kommunikations-Test fuer SR830 und OSTECH,,,
2026-09-15,10:49:19,278,KOM_Test,OSTECH,T,GS,"{'status_word': 3085, 'interlock_ok': True, 'driver_supply_ok': True, 'driver_temperature_ok': True, 'lt_sensor_ok': True, 'ct_sensor_ok': True, 'lc_on': False, 'lc_error': False}",result,Kommunikations-Test fuer SR830 und OSTECH,,,
2026-09-15,10:49:19,282,KOM_Test,SR830,T,"SNAP 1,2,3,4,10,11","0,0,0,0,0,0",result,Kommunikations-Test fuer SR830 und OSTECH,,,
2026-09-15,10:49:19,312,KOM_Test,OSTECH,T,LTM,25.0,result,Kommunikations-Test fuer SR830 und OSTECH,,,
2026-09-15,10:49:19,331,KOM_Test,OSTECH,T,LCA,0.0,result,Kommunikations-Test fuer SR830 und OSTECH,,,
2026-09-15,10:49:19,345,KOM_Test,OSTECH,T,LVA,0.0,result,Kommunikations-Test fuer SR830 und OSTECH,,,
2026-09-15,10:49:19,362,KOM_Test,OSTECH,T,XTA,20.998687744140625,result,Kommunikations-Test fuer SR830 und OSTECH,,,
2026-09-15,10:49:19,382,KOM_Test,OSTECH,T,GT,28.343595504760742,result,Kommunikations-Test fuer SR830 und OSTECH,,,
2026-09-15,10:49:19,392,KOM_Test,OSTECH,T,GS,"{'status_word': 3085, 'interlock_ok': True, 'driver_supply_ok': True, 'driver_temperature_ok': True, 'lt_sensor_ok': True, 'ct_sensor_ok': True, 'lc_on': False, 'lc_error': False}",result,Kommunikations-Test fuer SR830 und OSTECH,,,
2026-09-15,10:49:19,408,KOM_Test,SR830,T,"SNAP 5,6,7,8,9","-0.000666667,0.00666667,-0.000333333,-0.000666667,1000",result,Kommunikations-Test fuer SR830 und OSTECH,,,
2026-09-15,10:49:19,419,KOM_Test,OSTECH,T,LTM,25.0,result,Kommunikations-Test fuer SR830 und OSTECH,,,
2026-09-15,10:49:19,432,KOM_Test,OSTECH,T,LCA,0.0,result,Kommunikations-Test fuer SR830 und OSTECH,,,
2026-09-15,10:49:19,432,KOM_Test,SR830,T,PHAS,0,result,Kommunikations-Test fuer SR830 und OSTECH,,,
2026-09-15,10:49:19,448,KOM_Test,OSTECH,T,LVA,0.0,result,Kommunikations-Test fuer SR830 und OSTECH,,,
2026-09-15,10:49:19,460,KOM_Test,SR830,T,FREQ,1000,result,Kommunikations-Test fuer SR830 und OSTECH,,,
2026-09-15,10:49:19,461,KOM_Test,OSTECH,T,XTA,20.998687744140625,result,Kommunikations-Test fuer SR830 und OSTECH,,,
2026-09-15,10:49:19,483,KOM_Test,OSTECH,T,GT,28.343595504760742,result,Kommunikations-Test fuer SR830 und OSTECH,,,
2026-09-15,10:49:19,497,KOM_Test,OSTECH,T,GS,"{'status_word': 3085, 'interlock_ok': True, 'driver_supply_ok': True, 'driver_temperature_ok': True, 'lt_sensor_ok': True, 'ct_sensor_ok': True, 'lc_on': False, 'lc_error': False}",result,Kommunikations-Test fuer SR830 und OSTECH,,,
2026-09-15,10:49:19,509,KOM_Test,OSTECH,T,LTM,25.0,result,Kommunikations-Test fuer SR830 und OSTECH,,,
2026-09-15,10:49:19,533,KOM_Test,OSTECH,T,LCA,0.0,result,Kommunikations-Test fuer SR830 und OSTECH,,,
2026-09-15,10:49:19,551,KOM_Test,OSTECH,T,LVA,0.0,result,Kommunikations-Test fuer SR830 und OSTECH,,,
2026-09-15,10:49:19,561,KOM_Test,OSTECH,T,XTA,20.998687744140625,result,Kommunikations-Test fuer SR830 und OSTECH,,,
2026-09-15,10:49:19,583,KOM_Test,OSTECH,T,GT,28.343595504760742,result,Kommunikations-Test fuer SR830 und OSTECH,,,
2026-09-15,10:49:19,594,KOM_Test,OSTECH,T,GS,"{'status_word': 3085, 'interlock_ok': True, 'driver_supply_ok': True, 'driver_temperature_ok': True, 'lt_sensor_ok': True, 'ct_sensor_ok': True, 'lc_on': False, 'lc_error': False}",result,Kommunikations-Test fuer SR830 und OSTECH,,,
2026-09-15,10:49:19,607,KOM_Test,SR830,T,"SNAP 1,2,3,4,10,11","-0.000122071,0,6.10356e-005,153.438,-0.000122071,0",result,Kommunikations-Test fuer SR830 und OSTECH,,,
2026-09-15,10:49:19,609,KOM_Test,OSTECH,T,LTM,25.0,result,Kommunikations-Test fuer SR830 und OSTECH,,,
2026-09-15,10:49:19,634,KOM_Test,OSTECH,T,LCA,0.0,result,Kommunikations-Test fuer SR830 und OSTECH,,,
2026-09-15,10:49:19,644,KOM_Test,OSTECH,T,LVA,0.0,result,Kommunikations-Test fuer SR830 und OSTECH,,,
2026-09-15,10:49:19,681,KOM_Test,OSTECH,T,XTA,21.001724243164062,result,Kommunikations-Test fuer SR830 und OSTECH,,,
2026-09-15,10:49:19,692,KOM_Test,OSTECH,T,GT,28.343595504760742,result,Kommunikations-Test fuer SR830 und OSTECH,,,
2026-09-15,10:49:19,714,KOM_Test,OSTECH,T,GS,"{'status_word': 3085, 'interlock_ok': True, 'driver_supply_ok': True, 'driver_temperature_ok': True, 'lt_sensor_ok': True, 'ct_sensor_ok': True, 'lc_on': False, 'lc_error': False}",result,Kommunikations-Test fuer SR830 und OSTECH,,,
2026-09-15,10:49:19,734,KOM_Test,SR830,T,"SNAP 5,6,7,8,9","-0.000666667,0.00633333,0.00233333,0.000666667,1000",result,Kommunikations-Test fuer SR830 und OSTECH,,,
2026-09-15,10:49:19,737,KOM_Test,OSTECH,T,LTM,25.0,result,Kommunikations-Test fuer SR830 und OSTECH,,,
2026-09-15,10:49:19,749,KOM_Test,OSTECH,T,LCA,0.0,result,Kommunikations-Test fuer SR830 und OSTECH,,,
2026-09-15,10:49:19,749,KOM_Test,SR830,T,PHAS,0,result,Kommunikations-Test fuer SR830 und OSTECH,,,
2026-09-15,10:49:19,759,KOM_Test,OSTECH,T,LVA,0.0,result,Kommunikations-Test fuer SR830 und OSTECH,,,
2026-09-15,10:49:19,775,KOM_Test,SR830,T,FREQ,1000,result,Kommunikations-Test fuer SR830 und OSTECH,,,
2026-09-15,10:49:19,785,KOM_Test,OSTECH,T,XTA,21.001724243164062,result,Kommunikations-Test fuer SR830 und OSTECH,,,
2026-09-15,10:49:19,792,KOM_Test,OSTECH,T,GT,28.343595504760742,result,Kommunikations-Test fuer SR830 und OSTECH,,,
2026-09-15,10:49:19,809,KOM_Test,OSTECH,T,GS,"{'status_word': 3085, 'interlock_ok': True, 'driver_supply_ok': True, 'driver_temperature_ok': True, 'lt_sensor_ok': True, 'ct_sensor_ok': True, 'lc_on': False, 'lc_error': False}",result,Kommunikations-Test fuer SR830 und OSTECH,,,
2026-09-15,10:49:19,835,KOM_Test,OSTECH,T,LTM,25.0,result,Kommunikations-Test fuer SR830 und OSTECH,,,
2026-09-15,10:49:19,857,KOM_Test,OSTECH,T,LCA,0.0,result,Kommunikations-Test fuer SR830 und OSTECH,,,
2026-09-15,10:49:19,858,KOM_Test,SR830,T,"SNAP 1,2,3,4,10,11","0,0,0,45,0,0",result,Kommunikations-Test fuer SR830 und OSTECH,,,
2026-09-15,10:49:19,865,KOM_Test,OSTECH,T,LVA,0.0,result,Kommunikations-Test fuer SR830 und OSTECH,,,
2026-09-15,10:49:19,886,KOM_Test,OSTECH,T,XTA,21.001724243164062,result,Kommunikations-Test fuer SR830 und OSTECH,,,
2026-09-15,10:49:19,895,KOM_Test,OSTECH,T,GT,28.343595504760742,result,Kommunikations-Test fuer SR830 und OSTECH,,,
2026-09-15,10:49:19,911,KOM_Test,OSTECH,T,GS,"{'status_word': 3085, 'interlock_ok': True, 'driver_supply_ok': True, 'driver_temperature_ok': True, 'lt_sensor_ok': True, 'ct_sensor_ok': True, 'lc_on': False, 'lc_error': False}",result,Kommunikations-Test fuer SR830 und OSTECH,,,
2026-09-15,10:49:19,936,KOM_Test,OSTECH,T,LTM,25.0,result,Kommunikations-Test fuer SR830 und OSTECH,,,
2026-09-15,10:49:19,945,KOM_Test,OSTECH,T,LCA,0.0,result,Kommunikations-Test fuer SR830 und OSTECH,,,
2026-09-15,10:49:19,960,KOM_Test,OSTECH,T,LVA,0.0,result,Kommunikations-Test fuer SR830 und OSTECH,,,
2026-09-15,10:49:19,987,KOM_Test,OSTECH,T,XTA,21.001724243164062,result,Kommunikations-Test fuer SR830 und OSTECH,,,
2026-09-15,10:49:19,987,KOM_Test,SR830,T,"SNAP 5,6,7,8,9","-0.00366667,0.005,0.000666667,-0.002,1000",result,Kommunikations-Test fuer SR830 und OSTECH,,,
2026-09-15,10:49:19,994,KOM_Test,OSTECH,T,GT,28.343595504760742,result,Kommunikations-Test fuer SR830 und OSTECH,,,
2026-09-15,10:49:19,994,KOM_Test,SR830,T,PHAS,0,result,Kommunikations-Test fuer SR830 und OSTECH,,,
2026-09-15,10:49:20,015,KOM_Test,OSTECH,T,GS,"{'status_word': 3085, 'interlock_ok': True, 'driver_supply_ok': True, 'driver_temperature_ok': True, 'lt_sensor_ok': True, 'ct_sensor_ok': True, 'lc_on': False, 'lc_error': False}",result,Kommunikations-Test fuer SR830 und OSTECH,,,
2026-09-15,10:49:20,026,KOM_Test,SR830,T,FREQ,1000,result,Kommunikations-Test fuer SR830 und OSTECH,,,
2026-09-15,10:49:20,037,KOM_Test,OSTECH,T,LTM,25.0,result,Kommunikations-Test fuer SR830 und OSTECH,,,
2026-09-15,10:49:20,048,KOM_Test,OSTECH,T,LCA,0.0,result,Kommunikations-Test fuer SR830 und OSTECH,,,
2026-09-15,10:49:20,061,KOM_Test,OSTECH,T,LVA,0.0,result,Kommunikations-Test fuer SR830 und OSTECH,,,
2026-09-15,10:49:20,087,KOM_Test,OSTECH,T,XTA,21.001724243164062,result,Kommunikations-Test fuer SR830 und OSTECH,,,
2026-09-15,10:49:20,095,KOM_Test,OSTECH,T,GT,28.343595504760742,result,Kommunikations-Test fuer SR830 und OSTECH,,,
2026-09-15,10:49:20,109,KOM_Test,OSTECH,T,GS,"{'status_word': 3085, 'interlock_ok': True, 'driver_supply_ok': True, 'driver_temperature_ok': True, 'lt_sensor_ok': True, 'ct_sensor_ok': True, 'lc_on': False, 'lc_error': False}",result,Kommunikations-Test fuer SR830 und OSTECH,,,
2026-09-15,10:49:20,137,KOM_Test,OSTECH,T,LTM,25.0,result,Kommunikations-Test fuer SR830 und OSTECH,,,
2026-09-15,10:49:20,145,KOM_Test,OSTECH,T,LCA,0.0,result,Kommunikations-Test fuer SR830 und OSTECH,,,
2026-09-15,10:49:20,159,KOM_Test,OSTECH,T,LVA,0.0,result,Kommunikations-Test fuer SR830 und OSTECH,,,
2026-09-15,10:49:20,177,KOM_Test,OSTECH,T,XTA,21.001724243164062,result,Kommunikations-Test fuer SR830 und OSTECH,,,
2026-09-15,10:49:20,194,KOM_Test,OSTECH,T,GT,28.343595504760742,result,Kommunikations-Test fuer SR830 und OSTECH,,,
2026-09-15,10:49:20,205,KOM_Test,SR830,T,"SNAP 1,2,3,4,10,11","6.10356e-005,-6.10356e-005,6.10356e-005,-26.562,6.10356e-005,-6.10356e-005",result,Kommunikations-Test fuer SR830 und OSTECH,,,
2026-09-15,10:49:20,226,KOM_Test,OSTECH,T,GS,"{'status_word': 3085, 'interlock_ok': True, 'driver_supply_ok': True, 'driver_temperature_ok': True, 'lt_sensor_ok': True, 'ct_sensor_ok': True, 'lc_on': False, 'lc_error': False}",result,Kommunikations-Test fuer SR830 und OSTECH,,,
2026-09-15,10:49:20,248,KOM_Test,OSTECH,T,LTM,25.0,result,Kommunikations-Test fuer SR830 und OSTECH,,,
2026-09-15,10:49:20,270,KOM_Test,OSTECH,T,LCA,0.0,result,Kommunikations-Test fuer SR830 und OSTECH,,,
2026-09-15,10:49:20,288,KOM_Test,OSTECH,T,LVA,0.0,result,Kommunikations-Test fuer SR830 und OSTECH,,,
2026-09-15,10:49:20,296,KOM_Test,OSTECH,T,XTA,20.99859619140625,result,Kommunikations-Test fuer SR830 und OSTECH,,,
2026-09-15,10:49:20,311,KOM_Test,OSTECH,T,GT,28.343595504760742,result,Kommunikations-Test fuer SR830 und OSTECH,,,
2026-09-15,10:49:20,327,KOM_Test,SR830,T,"SNAP 5,6,7,8,9","-0.002,0.00633333,-0.000666667,-0.00233333,1000",result,Kommunikations-Test fuer SR830 und OSTECH,,,
2026-09-15,10:49:20,332,KOM_Test,OSTECH,T,GS,"{'status_word': 3085, 'interlock_ok': True, 'driver_supply_ok': True, 'driver_temperature_ok': True, 'lt_sensor_ok': True, 'ct_sensor_ok': True, 'lc_on': False, 'lc_error': False}",result,Kommunikations-Test fuer SR830 und OSTECH,,,
2026-09-15,10:49:20,348,KOM_Test,SR830,T,PHAS,0,result,Kommunikations-Test fuer SR830 und OSTECH,,,
2026-09-15,10:49:20,355,KOM_Test,OSTECH,T,LTM,25.0,result,Kommunikations-Test fuer SR830 und OSTECH,,,
2026-09-15,10:49:20,360,KOM_Test,OSTECH,T,LCA,0.0,result,Kommunikations-Test fuer SR830 und OSTECH,,,
2026-09-15,10:49:20,375,KOM_Test,SR830,T,FREQ,1000,result,Kommunikations-Test fuer SR830 und OSTECH,,,
2026-09-15,10:49:20,376,KOM_Test,OSTECH,T,LVA,0.0,result,Kommunikations-Test fuer SR830 und OSTECH,,,
2026-09-15,10:49:20,412,KOM_Test,OSTECH,T,XTA,20.99859619140625,result,Kommunikations-Test fuer SR830 und OSTECH,,,
2026-09-15,10:49:20,431,KOM_Test,OSTECH,T,GT,28.343595504760742,result,Kommunikations-Test fuer SR830 und OSTECH,,,
2026-09-15,10:49:20,442,KOM_Test,OSTECH,T,GS,"{'status_word': 3085, 'interlock_ok': True, 'driver_supply_ok': True, 'driver_temperature_ok': True, 'lt_sensor_ok': True, 'ct_sensor_ok': True, 'lc_on': False, 'lc_error': False}",result,Kommunikations-Test fuer SR830 und OSTECH,,,
2026-09-15,10:49:20,466,KOM_Test,OSTECH,T,LTM,25.0,result,Kommunikations-Test fuer SR830 und OSTECH,,,
2026-09-15,10:49:20,482,KOM_Test,OSTECH,T,LCA,0.0,result,Kommunikations-Test fuer SR830 und OSTECH,,,
2026-09-15,10:49:20,496,KOM_Test,OSTECH,T,LVA,0.0,result,Kommunikations-Test fuer SR830 und OSTECH,,,
2026-09-15,10:49:20,507,KOM_Test,SR830,T,"SNAP 1,2,3,4,10,11","6.10356e-005,0,6.10356e-005,0,6.10356e-005,0",result,Kommunikations-Test fuer SR830 und OSTECH,,,
2026-09-15,10:49:20,510,KOM_Test,OSTECH,T,XTA,20.99859619140625,result,Kommunikations-Test fuer SR830 und OSTECH,,,
2026-09-15,10:49:20,529,KOM_Test,OSTECH,T,GT,28.343595504760742,result,Kommunikations-Test fuer SR830 und OSTECH,,,
2026-09-15,10:49:20,551,KOM_Test,OSTECH,T,GS,"{'status_word': 3085, 'interlock_ok': True, 'driver_supply_ok': True, 'driver_temperature_ok': True, 'lt_sensor_ok': True, 'ct_sensor_ok': True, 'lc_on': False, 'lc_error': False}",result,Kommunikations-Test fuer SR830 und OSTECH,,,
2026-09-15,10:49:20,561,KOM_Test,OSTECH,T,LTM,25.0,result,Kommunikations-Test fuer SR830 und OSTECH,,,
2026-09-15,10:49:20,578,KOM_Test,OSTECH,T,LCA,0.0,result,Kommunikations-Test fuer SR830 und OSTECH,,,
2026-09-15,10:49:20,598,KOM_Test,OSTECH,T,LVA,0.0,result,Kommunikations-Test fuer SR830 und OSTECH,,,
2026-09-15,10:49:20,624,KOM_Test,OSTECH,T,XTA,20.99859619140625,result,Kommunikations-Test fuer SR830 und OSTECH,,,
2026-09-15,10:49:20,628,KOM_Test,SR830,T,"SNAP 5,6,7,8,9","-0.000333333,0.00766667,0.001,0.00266667,1000",result,Kommunikations-Test fuer SR830 und OSTECH,,,
2026-09-15,10:49:20,632,KOM_Test,OSTECH,T,GT,28.343595504760742,result,Kommunikations-Test fuer SR830 und OSTECH,,,
2026-09-15,10:49:20,644,KOM_Test,OSTECH,T,GS,"{'status_word': 3085, 'interlock_ok': True, 'driver_supply_ok': True, 'driver_temperature_ok': True, 'lt_sensor_ok': True, 'ct_sensor_ok': True, 'lc_on': False, 'lc_error': False}",result,Kommunikations-Test fuer SR830 und OSTECH,,,
2026-09-15,10:49:20,657,KOM_Test,SR830,T,PHAS,0,result,Kommunikations-Test fuer SR830 und OSTECH,,,
2026-09-15,10:49:20,660,KOM_Test,OSTECH,T,LTM,25.0,result,Kommunikations-Test fuer SR830 und OSTECH,,,
2026-09-15,10:49:20,678,KOM_Test,SR830,T,FREQ,1000,result,Kommunikations-Test fuer SR830 und OSTECH,,,
2026-09-15,10:49:20,679,KOM_Test,OSTECH,T,LCA,0.0,result,Kommunikations-Test fuer SR830 und OSTECH,,,
2026-09-15,10:49:20,694,KOM_Test,OSTECH,T,LVA,0.0,result,Kommunikations-Test fuer SR830 und OSTECH,,,
2026-09-15,10:49:20,711,KOM_Test,OSTECH,T,XTA,20.99859619140625,result,Kommunikations-Test fuer SR830 und OSTECH,,,
2026-09-15,10:49:20,737,KOM_Test,OSTECH,T,GT,28.343595504760742,result,Kommunikations-Test fuer SR830 und OSTECH,,,
2026-09-15,10:49:20,744,KOM_Test,OSTECH,T,GS,"{'status_word': 3085, 'interlock_ok': True, 'driver_supply_ok': True, 'driver_temperature_ok': True, 'lt_sensor_ok': True, 'ct_sensor_ok': True, 'lc_on': False, 'lc_error': False}",result,Kommunikations-Test fuer SR830 und OSTECH,,,
2026-09-15,10:49:20,759,KOM_Test,SR830,T,"SNAP 1,2,3,4,10,11","0,0,0,45,0,0",result,Kommunikations-Test fuer SR830 und OSTECH,,,
2026-09-15,10:49:20,777,KOM_Test,OSTECH,T,LTM,25.0,result,Kommunikations-Test fuer SR830 und OSTECH,,,
2026-09-15,10:49:20,793,KOM_Test,OSTECH,T,LCA,0.0,result,Kommunikations-Test fuer SR830 und OSTECH,,,
2026-09-15,10:49:20,816,KOM_Test,OSTECH,T,LVA,0.0,result,Kommunikations-Test fuer SR830 und OSTECH,,,
2026-09-15,10:49:20,826,KOM_Test,OSTECH,T,XTA,20.999046325683594,result,Kommunikations-Test fuer SR830 und OSTECH,,,
2026-09-15,10:49:20,847,KOM_Test,OSTECH,T,GT,28.343595504760742,result,Kommunikations-Test fuer SR830 und OSTECH,,,
2026-09-15,10:49:20,861,KOM_Test,OSTECH,T,GS,"{'status_word': 3085, 'interlock_ok': True, 'driver_supply_ok': True, 'driver_temperature_ok': True, 'lt_sensor_ok': True, 'ct_sensor_ok': True, 'lc_on': False, 'lc_error': False}",result,Kommunikations-Test fuer SR830 und OSTECH,,,
2026-09-15,10:49:20,876,KOM_Test,OSTECH,T,LTM,25.0,result,Kommunikations-Test fuer SR830 und OSTECH,,,
2026-09-15,10:49:20,896,KOM_Test,SR830,T,"SNAP 5,6,7,8,9","-0.00333333,0.00466667,-0.000666667,0.000666667,1000",result,Kommunikations-Test fuer SR830 und OSTECH,,,
2026-09-15,10:49:20,904,KOM_Test,OSTECH,T,LCA,0.0,result,Kommunikations-Test fuer SR830 und OSTECH,,,
2026-09-15,10:49:20,913,KOM_Test,SR830,T,PHAS,0,result,Kommunikations-Test fuer SR830 und OSTECH,,,
2026-09-15,10:49:20,915,KOM_Test,OSTECH,T,LVA,0.0,result,Kommunikations-Test fuer SR830 und OSTECH,,,
2026-09-15,10:49:20,928,KOM_Test,OSTECH,T,XTA,20.999046325683594,result,Kommunikations-Test fuer SR830 und OSTECH,,,
2026-09-15,10:49:20,941,KOM_Test,SR830,T,FREQ,1000,result,Kommunikations-Test fuer SR830 und OSTECH,,,
2026-09-15,10:49:20,958,KOM_Test,OSTECH,T,GT,28.343595504760742,result,Kommunikations-Test fuer SR830 und OSTECH,,,
2026-09-15,10:49:20,968,KOM_Test,OSTECH,T,GS,"{'status_word': 3085, 'interlock_ok': True, 'driver_supply_ok': True, 'driver_temperature_ok': True, 'lt_sensor_ok': True, 'ct_sensor_ok': True, 'lc_on': False, 'lc_error': False}",result,Kommunikations-Test fuer SR830 und OSTECH,,,
2026-09-15,10:49:20,983,KOM_Test,OSTECH,T,LTM,25.0,result,Kommunikations-Test fuer SR830 und OSTECH,,,
2026-09-15,10:49:21,009,KOM_Test,OSTECH,T,LCA,0.0,result,Kommunikations-Test fuer SR830 und OSTECH,,,
2026-09-15,10:49:21,025,KOM_Test,OSTECH,T,LVA,0.0,result,Kommunikations-Test fuer SR830 und OSTECH,,,
2026-09-15,10:49:21,043,KOM_Test,OSTECH,T,XTA,20.999046325683594,result,Kommunikations-Test fuer SR830 und OSTECH,,,
2026-09-15,10:49:21,050,KOM_Test,OSTECH,T,GT,28.343595504760742,result,Kommunikations-Test fuer SR830 und OSTECH,,,
2026-09-15,10:49:21,066,KOM_Test,OSTECH,T,GS,"{'status_word': 3085, 'interlock_ok': True, 'driver_supply_ok': True, 'driver_temperature_ok': True, 'lt_sensor_ok': True, 'ct_sensor_ok': True, 'lc_on': False, 'lc_error': False}",result,Kommunikations-Test fuer SR830 und OSTECH,,,
2026-09-15,10:49:21,076,KOM_Test,OSTECH,T,LTM,25.0,result,Kommunikations-Test fuer SR830 und OSTECH,,,
2026-09-15,10:49:21,096,KOM_Test,SR830,T,"SNAP 1,2,3,4,10,11","-6.10356e-005,-6.10356e-005,0,-135,-6.10356e-005,-6.10356e-005",result,Kommunikations-Test fuer SR830 und OSTECH,,,
2026-09-15,10:49:21,096,KOM_Test,OSTECH,T,LCA,0.0,result,Kommunikations-Test fuer SR830 und OSTECH,,,
2026-09-15,10:49:21,111,KOM_Test,OSTECH,T,LVA,0.0,result,Kommunikations-Test fuer SR830 und OSTECH,,,
2026-09-15,10:49:21,134,KOM_Test,OSTECH,T,XTA,20.999046325683594,result,Kommunikations-Test fuer SR830 und OSTECH,,,
2026-09-15,10:49:21,144,KOM_Test,OSTECH,T,GT,28.343595504760742,result,Kommunikations-Test fuer SR830 und OSTECH,,,
2026-09-15,10:49:21,160,KOM_Test,OSTECH,T,GS,"{'status_word': 3085, 'interlock_ok': True, 'driver_supply_ok': True, 'driver_temperature_ok': True, 'lt_sensor_ok': True, 'ct_sensor_ok': True, 'lc_on': False, 'lc_error': False}",result,Kommunikations-Test fuer SR830 und OSTECH,,,
2026-09-15,10:49:21,177,KOM_Test,OSTECH,T,LTM,25.0,result,Kommunikations-Test fuer SR830 und OSTECH,,,
2026-09-15,10:49:21,196,KOM_Test,OSTECH,T,LCA,0.0,result,Kommunikations-Test fuer SR830 und OSTECH,,,
2026-09-15,10:49:21,210,KOM_Test,OSTECH,T,LVA,0.0,result,Kommunikations-Test fuer SR830 und OSTECH,,,
2026-09-15,10:49:21,228,KOM_Test,SR830,T,"SNAP 5,6,7,8,9","-0.002,0.00466667,0.000666667,-0.000666667,1000",result,Kommunikations-Test fuer SR830 und OSTECH,,,
2026-09-15,10:49:21,228,KOM_Test,OSTECH,T,XTA,20.999046325683594,result,Kommunikations-Test fuer SR830 und OSTECH,,,
2026-09-15,10:49:21,246,KOM_Test,OSTECH,T,GT,28.343595504760742,result,Kommunikations-Test fuer SR830 und OSTECH,,,
2026-09-15,10:49:21,255,KOM_Test,SR830,T,PHAS,0,result,Kommunikations-Test fuer SR830 und OSTECH,,,
2026-09-15,10:49:21,267,KOM_Test,OSTECH,T,GS,"{'status_word': 3085, 'interlock_ok': True, 'driver_supply_ok': True, 'driver_temperature_ok': True, 'lt_sensor_ok': True, 'ct_sensor_ok': True, 'lc_on': False, 'lc_error': False}",result,Kommunikations-Test fuer SR830 und OSTECH,,,
2026-09-15,10:49:21,277,KOM_Test,SR830,T,FREQ,1000,result,Kommunikations-Test fuer SR830 und OSTECH,,,
2026-09-15,10:49:21,277,KOM_Test,OSTECH,T,LTM,25.0,result,Kommunikations-Test fuer SR830 und OSTECH,,,
2026-09-15,10:49:21,297,KOM_Test,OSTECH,T,LCA,0.0,result,Kommunikations-Test fuer SR830 und OSTECH,,,
2026-09-15,10:49:21,331,KOM_Test,OSTECH,T,LVA,0.0,result,Kommunikations-Test fuer SR830 und OSTECH,,,
2026-09-15,10:49:21,345,KOM_Test,OSTECH,T,XTA,20.99915313720703,result,Kommunikations-Test fuer SR830 und OSTECH,,,
2026-09-15,10:49:21,365,KOM_Test,OSTECH,T,GT,28.343595504760742,result,Kommunikations-Test fuer SR830 und OSTECH,,,
2026-09-15,10:49:21,383,KOM_Test,OSTECH,T,GS,"{'status_word': 3085, 'interlock_ok': True, 'driver_supply_ok': True, 'driver_temperature_ok': True, 'lt_sensor_ok': True, 'ct_sensor_ok': True, 'lc_on': False, 'lc_error': False}",result,Kommunikations-Test fuer SR830 und OSTECH,,,
2026-09-15,10:49:21,408,KOM_Test,OSTECH,T,LTM,25.0,result,Kommunikations-Test fuer SR830 und OSTECH,,,
2026-09-15,10:49:21,424,KOM_Test,OSTECH,T,LCA,0.0,result,Kommunikations-Test fuer SR830 und OSTECH,,,
2026-09-15,10:49:21,442,KOM_Test,OSTECH,T,LVA,0.0,result,Kommunikations-Test fuer SR830 und OSTECH,,,
2026-09-15,10:49:21,452,KOM_Test,SR830,T,"SNAP 1,2,3,4,10,11","-0.000122071,-6.10356e-005,6.10356e-005,-153.438,-0.000122071,-6.10356e-005",result,Kommunikations-Test fuer SR830 und OSTECH,,,
2026-09-15,10:49:21,458,KOM_Test,OSTECH,T,XTA,20.99915313720703,result,Kommunikations-Test fuer SR830 und OSTECH,,,
2026-09-15,10:49:21,463,KOM_Test,OSTECH,T,GT,28.343595504760742,result,Kommunikations-Test fuer SR830 und OSTECH,,,
2026-09-15,10:49:21,478,KOM_Test,OSTECH,T,GS,"{'status_word': 3085, 'interlock_ok': True, 'driver_supply_ok': True, 'driver_temperature_ok': True, 'lt_sensor_ok': True, 'ct_sensor_ok': True, 'lc_on': False, 'lc_error': False}",result,Kommunikations-Test fuer SR830 und OSTECH,,,
2026-09-15,10:49:21,514,KOM_Test,OSTECH,T,LTM,25.0,result,Kommunikations-Test fuer SR830 und OSTECH,,,
2026-09-15,10:49:21,526,KOM_Test,OSTECH,T,LCA,0.0,result,Kommunikations-Test fuer SR830 und OSTECH,,,
2026-09-15,10:49:21,554,KOM_Test,OSTECH,T,LVA,0.0,result,Kommunikations-Test fuer SR830 und OSTECH,,,
2026-09-15,10:49:21,563,KOM_Test,OSTECH,T,XTA,20.99915313720703,result,Kommunikations-Test fuer SR830 und OSTECH,,,
2026-09-15,10:49:21,563,KOM_Test,SR830,T,"SNAP 5,6,7,8,9","-0.00366667,0.00966667,0.00233333,-0.002,1000",result,Kommunikations-Test fuer SR830 und OSTECH,,,
2026-09-15,10:49:21,577,KOM_Test,OSTECH,T,GT,28.34302520751953,result,Kommunikations-Test fuer SR830 und OSTECH,,,
2026-09-15,10:49:21,587,KOM_Test,SR830,T,PHAS,0,result,Kommunikations-Test fuer SR830 und OSTECH,,,
2026-09-15,10:49:21,597,KOM_Test,OSTECH,T,GS,"{'status_word': 3085, 'interlock_ok': True, 'driver_supply_ok': True, 'driver_temperature_ok': True, 'lt_sensor_ok': True, 'ct_sensor_ok': True, 'lc_on': False, 'lc_error': False}",result,Kommunikations-Test fuer SR830 und OSTECH,,,
2026-09-15,10:49:21,615,KOM_Test,SR830,T,FREQ,1000,result,Kommunikations-Test fuer SR830 und OSTECH,,,
2026-09-15,10:49:21,621,KOM_Test,OSTECH,T,LTM,25.0,result,Kommunikations-Test fuer SR830 und OSTECH,,,
2026-09-15,10:49:21,632,KOM_Test,OSTECH,T,LCA,0.0,result,Kommunikations-Test fuer SR830 und OSTECH,,,
2026-09-15,10:49:21,647,KOM_Test,OSTECH,T,LVA,0.0,result,Kommunikations-Test fuer SR830 und OSTECH,,,
2026-09-15,10:49:21,664,KOM_Test,OSTECH,T,XTA,20.99915313720703,result,Kommunikations-Test fuer SR830 und OSTECH,,,
2026-09-15,10:49:21,692,KOM_Test,OSTECH,T,GT,28.34302520751953,result,Kommunikations-Test fuer SR830 und OSTECH,,,
2026-09-15,10:49:21,698,KOM_Test,OSTECH,T,GS,"{'status_word': 3085, 'interlock_ok': True, 'driver_supply_ok': True, 'driver_temperature_ok': True, 'lt_sensor_ok': True, 'ct_sensor_ok': True, 'lc_on': False, 'lc_error': False}",result,Kommunikations-Test fuer SR830 und OSTECH,,,
2026-09-15,10:49:21,705,KOM_Test,SR830,T,"SNAP 1,2,3,4,10,11","0,0,0,45,0,0",result,Kommunikations-Test fuer SR830 und OSTECH,,,
2026-09-15,10:49:21,717,KOM_Test,OSTECH,T,LTM,25.0,result,Kommunikations-Test fuer SR830 und OSTECH,,,
2026-09-15,10:49:21,737,KOM_Test,OSTECH,T,LCA,0.0,result,Kommunikations-Test fuer SR830 und OSTECH,,,
2026-09-15,10:49:21,748,KOM_Test,OSTECH,T,LVA,0.0,result,Kommunikations-Test fuer SR830 und OSTECH,,,
2026-09-15,10:49:21,760,KOM_Test,OSTECH,T,XTA,20.99915313720703,result,Kommunikations-Test fuer SR830 und OSTECH,,,
2026-09-15,10:49:21,781,KOM_Test,OSTECH,T,GT,28.34302520751953,result,Kommunikations-Test fuer SR830 und OSTECH,,,
2026-09-15,10:49:21,798,KOM_Test,OSTECH,T,GS,"{'status_word': 3085, 'interlock_ok': True, 'driver_supply_ok': True, 'driver_temperature_ok': True, 'lt_sensor_ok': True, 'ct_sensor_ok': True, 'lc_on': False, 'lc_error': False}",result,Kommunikations-Test fuer SR830 und OSTECH,,,
2026-09-15,10:49:21,809,KOM_Test,OSTECH,T,LTM,25.0,result,Kommunikations-Test fuer SR830 und OSTECH,,,
2026-09-15,10:49:21,809,KOM_Test,SR830,T,"SNAP 5,6,7,8,9","-0.002,0.00366667,-0.000333333,0.00566667,1000",result,Kommunikations-Test fuer SR830 und OSTECH,,,
2026-09-15,10:49:21,830,KOM_Test,OSTECH,T,LCA,0.0,result,Kommunikations-Test fuer SR830 und OSTECH,,,
2026-09-15,10:49:21,830,KOM_Test,SR830,T,PHAS,0,result,Kommunikations-Test fuer SR830 und OSTECH,,,
2026-09-15,10:49:21,848,KOM_Test,OSTECH,T,LVA,0.0,result,Kommunikations-Test fuer SR830 und OSTECH,,,
2026-09-15,10:49:21,861,KOM_Test,SR830,T,FREQ,1000,result,Kommunikations-Test fuer SR830 und OSTECH,,,
2026-09-15,10:49:21,882,KOM_Test,OSTECH,T,XTA,21.003868103027344,result,Kommunikations-Test fuer SR830 und OSTECH,,,
2026-09-15,10:49:21,899,KOM_Test,OSTECH,T,GT,28.34302520751953,result,Kommunikations-Test fuer SR830 und OSTECH,,,
2026-09-15,10:49:21,910,KOM_Test,OSTECH,T,GS,"{'status_word': 3085, 'interlock_ok': True, 'driver_supply_ok': True, 'driver_temperature_ok': True, 'lt_sensor_ok': True, 'ct_sensor_ok': True, 'lc_on': False, 'lc_error': False}",result,Kommunikations-Test fuer SR830 und OSTECH,,,
2026-09-15,10:49:21,926,KOM_Test,OSTECH,T,LTM,25.0,result,Kommunikations-Test fuer SR830 und OSTECH,,,
2026-09-15,10:49:21,949,KOM_Test,OSTECH,T,LCA,0.0,result,Kommunikations-Test fuer SR830 und OSTECH,,,
2026-09-15,10:49:21,962,KOM_Test,OSTECH,T,LVA,0.0,result,Kommunikations-Test fuer SR830 und OSTECH,,,
2026-09-15,10:49:21,994,KOM_Test,SR830,T,"SNAP 1,2,3,4,10,11","0,-6.10356e-005,0,-90,0,-6.10356e-005",result,Kommunikations-Test fuer SR830 und OSTECH,,,
2026-09-15,10:49:22,020,KOM_Test,OSTECH,T,XTA,21.003868103027344,result,Kommunikations-Test fuer SR830 und OSTECH,,,
2026-09-15,10:49:22,029,KOM_Test,OSTECH,T,GT,28.34302520751953,result,Kommunikations-Test fuer SR830 und OSTECH,,,
2026-09-15,10:49:22,034,KOM_Test,OSTECH,T,GS,"{'status_word': 3085, 'interlock_ok': True, 'driver_supply_ok': True, 'driver_temperature_ok': True, 'lt_sensor_ok': True, 'ct_sensor_ok': True, 'lc_on': False, 'lc_error': False}",result,Kommunikations-Test fuer SR830 und OSTECH,,,
2026-09-15,10:49:22,038,KOM_Test,OSTECH,T,LTM,25.0,result,Kommunikations-Test fuer SR830 und OSTECH,,,
2026-09-15,10:49:22,059,KOM_Test,OSTECH,T,LCA,0.0,result,Kommunikations-Test fuer SR830 und OSTECH,,,
2026-09-15,10:49:22,075,KOM_Test,OSTECH,T,LVA,0.0,result,Kommunikations-Test fuer SR830 und OSTECH,,,
2026-09-15,10:49:22,084,KOM_Test,OSTECH,T,XTA,21.003868103027344,result,Kommunikations-Test fuer SR830 und OSTECH,,,
2026-09-15,10:49:22,100,KOM_Test,OSTECH,T,GT,28.34302520751953,result,Kommunikations-Test fuer SR830 und OSTECH,,,
2026-09-15,10:49:22,107,KOM_Test,SR830,T,"SNAP 5,6,7,8,9","-0.00333333,0.00633333,0.001,0.00566667,1000",result,Kommunikations-Test fuer SR830 und OSTECH,,,
2026-09-15,10:49:22,114,KOM_Test,OSTECH,T,GS,"{'status_word': 3085, 'interlock_ok': True, 'driver_supply_ok': True, 'driver_temperature_ok': True, 'lt_sensor_ok': True, 'ct_sensor_ok': True, 'lc_on': False, 'lc_error': False}",result,Kommunikations-Test fuer SR830 und OSTECH,,,
2026-09-15,10:49:22,122,KOM_Test,SR830,T,PHAS,0,result,Kommunikations-Test fuer SR830 und OSTECH,,,
2026-09-15,10:49:22,136,KOM_Test,OSTECH,T,LTM,25.0,result,Kommunikations-Test fuer SR830 und OSTECH,,,
2026-09-15,10:49:22,144,KOM_Test,SR830,T,FREQ,1000,result,Kommunikations-Test fuer SR830 und OSTECH,,,
2026-09-15,10:49:22,154,KOM_Test,OSTECH,T,LCA,0.0,result,Kommunikations-Test fuer SR830 und OSTECH,,,
2026-09-15,10:49:22,167,KOM_Test,OSTECH,T,LVA,0.0,result,Kommunikations-Test fuer SR830 und OSTECH,,,
2026-09-15,10:49:22,192,KOM_Test,OSTECH,T,XTA,21.003868103027344,result,Kommunikations-Test fuer SR830 und OSTECH,,,
2026-09-15,10:49:22,202,KOM_Test,OSTECH,T,GT,28.34302520751953,result,Kommunikations-Test fuer SR830 und OSTECH,,,
2026-09-15,10:49:22,219,KOM_Test,SR830,T,"SNAP 1,2,3,4,10,11","0,0,0,0,0,0",result,Kommunikations-Test fuer SR830 und OSTECH,,,
2026-09-15,10:49:22,219,KOM_Test,OSTECH,T,GS,"{'status_word': 3085, 'interlock_ok': True, 'driver_supply_ok': True, 'driver_temperature_ok': True, 'lt_sensor_ok': True, 'ct_sensor_ok': True, 'lc_on': False, 'lc_error': False}",result,Kommunikations-Test fuer SR830 und OSTECH,,,
2026-09-15,10:49:22,243,KOM_Test,OSTECH,T,LTM,25.0,result,Kommunikations-Test fuer SR830 und OSTECH,,,
2026-09-15,10:49:22,259,KOM_Test,OSTECH,T,LCA,0.0,result,Kommunikations-Test fuer SR830 und OSTECH,,,
2026-09-15,10:49:22,275,KOM_Test,OSTECH,T,LVA,0.0,result,Kommunikations-Test fuer SR830 und OSTECH,,,
2026-09-15,10:49:22,293,KOM_Test,OSTECH,T,XTA,21.003868103027344,result,Kommunikations-Test fuer SR830 und OSTECH,,,
2026-09-15,10:49:22,301,KOM_Test,OSTECH,T,GT,28.34302520751953,result,Kommunikations-Test fuer SR830 und OSTECH,,,
2026-09-15,10:49:22,315,KOM_Test,OSTECH,T,GS,"{'status_word': 3085, 'interlock_ok': True, 'driver_supply_ok': True, 'driver_temperature_ok': True, 'lt_sensor_ok': True, 'ct_sensor_ok': True, 'lc_on': False, 'lc_error': False}",result,Kommunikations-Test fuer SR830 und OSTECH,,,
2026-09-15,10:49:22,328,KOM_Test,OSTECH,T,LTM,25.0,result,Kommunikations-Test fuer SR830 und OSTECH,,,
2026-09-15,10:49:22,346,KOM_Test,SR830,T,"SNAP 5,6,7,8,9","-0.00166667,0.00466667,-0.000333333,0.000666667,1000",result,Kommunikations-Test fuer SR830 und OSTECH,,,
2026-09-15,10:49:22,356,KOM_Test,OSTECH,T,LCA,0.0,result,Kommunikations-Test fuer SR830 und OSTECH,,,
2026-09-15,10:49:22,365,KOM_Test,SR830,T,PHAS,0,result,Kommunikations-Test fuer SR830 und OSTECH,,,
2026-09-15,10:49:22,365,KOM_Test,OSTECH,T,LVA,0.0,result,Kommunikations-Test fuer SR830 und OSTECH,,,
2026-09-15,10:49:22,379,KOM_Test,OSTECH,T,XTA,21.003868103027344,result,Kommunikations-Test fuer SR830 und OSTECH,,,
2026-09-15,10:49:22,393,KOM_Test,SR830,T,FREQ,1000,result,Kommunikations-Test fuer SR830 und OSTECH,,,
2026-09-15,10:49:22,396,KOM_Test,OSTECH,T,GT,28.34302520751953,result,Kommunikations-Test fuer SR830 und OSTECH,,,
2026-09-15,10:49:22,427,KOM_Test,OSTECH,T,GS,"{'status_word': 3085, 'interlock_ok': True, 'driver_supply_ok': True, 'driver_temperature_ok': True, 'lt_sensor_ok': True, 'ct_sensor_ok': True, 'lc_on': False, 'lc_error': False}",result,Kommunikations-Test fuer SR830 und OSTECH,,,
2026-09-15,10:49:22,451,KOM_Test,OSTECH,T,LTM,25.0,result,Kommunikations-Test fuer SR830 und OSTECH,,,
2026-09-15,10:49:22,466,KOM_Test,OSTECH,T,LCA,0.0,result,Kommunikations-Test fuer SR830 und OSTECH,,,
2026-09-15,10:49:22,477,KOM_Test,OSTECH,T,LVA,0.0,result,Kommunikations-Test fuer SR830 und OSTECH,,,
2026-09-15,10:49:22,497,KOM_Test,SR830,T,"SNAP 1,2,3,4,10,11","0,-6.10356e-005,0,-90,0,-6.10356e-005",result,Kommunikations-Test fuer SR830 und OSTECH,,,
2026-09-15,10:49:22,505,KOM_Test,OSTECH,T,XTA,20.996124267578125,result,Kommunikations-Test fuer SR830 und OSTECH,,,
2026-09-15,10:49:22,517,KOM_Test,OSTECH,T,GT,28.34302520751953,result,Kommunikations-Test fuer SR830 und OSTECH,,,
2026-09-15,10:49:22,528,KOM_Test,OSTECH,T,GS,"{'status_word': 3085, 'interlock_ok': True, 'driver_supply_ok': True, 'driver_temperature_ok': True, 'lt_sensor_ok': True, 'ct_sensor_ok': True, 'lc_on': False, 'lc_error': False}",result,Kommunikations-Test fuer SR830 und OSTECH,,,
2026-09-15,10:49:22,554,KOM_Test,OSTECH,T,LTM,25.0,result,Kommunikations-Test fuer SR830 und OSTECH,,,
2026-09-15,10:49:22,583,KOM_Test,OSTECH,T,LCA,0.0,result,Kommunikations-Test fuer SR830 und OSTECH,,,
2026-09-15,10:49:22,612,KOM_Test,OSTECH,T,LVA,0.0,result,Kommunikations-Test fuer SR830 und OSTECH,,,
2026-09-15,10:49:22,626,KOM_Test,OSTECH,T,XTA,20.996124267578125,result,Kommunikations-Test fuer SR830 und OSTECH,,,
2026-09-15,10:49:22,629,KOM_Test,SR830,T,"SNAP 5,6,7,8,9","-0.000666667,0.00466667,0.000666667,-0.001,1000",result,Kommunikations-Test fuer SR830 und OSTECH,,,
2026-09-15,10:49:22,634,KOM_Test,OSTECH,T,GT,28.34302520751953,result,Kommunikations-Test fuer SR830 und OSTECH,,,
2026-09-15,10:49:22,646,KOM_Test,OSTECH,T,GS,"{'status_word': 3085, 'interlock_ok': True, 'driver_supply_ok': True, 'driver_temperature_ok': True, 'lt_sensor_ok': True, 'ct_sensor_ok': True, 'lc_on': False, 'lc_error': False}",result,Kommunikations-Test fuer SR830 und OSTECH,,,
2026-09-15,10:49:22,657,KOM_Test,SR830,T,PHAS,0,result,Kommunikations-Test fuer SR830 und OSTECH,,,
2026-09-15,10:49:22,667,KOM_Test,OSTECH,T,LTM,25.0,result,Kommunikations-Test fuer SR830 und OSTECH,,,
2026-09-15,10:49:22,679,KOM_Test,SR830,T,FREQ,1000,result,Kommunikations-Test fuer SR830 und OSTECH,,,
2026-09-15,10:49:22,683,KOM_Test,OSTECH,T,LCA,0.0,result,Kommunikations-Test fuer SR830 und OSTECH,,,
2026-09-15,10:49:22,696,KOM_Test,OSTECH,T,LVA,0.0,result,Kommunikations-Test fuer SR830 und OSTECH,,,
2026-09-15,10:49:22,717,KOM_Test,OSTECH,T,XTA,20.996124267578125,result,Kommunikations-Test fuer SR830 und OSTECH,,,
2026-09-15,10:49:22,737,KOM_Test,OSTECH,T,GT,28.34302520751953,result,Kommunikations-Test fuer SR830 und OSTECH,,,
2026-09-15,10:49:22,750,KOM_Test,OSTECH,T,GS,"{'status_word': 3085, 'interlock_ok': True, 'driver_supply_ok': True, 'driver_temperature_ok': True, 'lt_sensor_ok': True, 'ct_sensor_ok': True, 'lc_on': False, 'lc_error': False}",result,Kommunikations-Test fuer SR830 und OSTECH,,,
2026-09-15,10:49:22,765,KOM_Test,SR830,T,"SNAP 1,2,3,4,10,11","0,0,0,0,0,0",result,Kommunikations-Test fuer SR830 und OSTECH,,,
2026-09-15,10:49:22,777,KOM_Test,OSTECH,T,LTM,25.0,result,Kommunikations-Test fuer SR830 und OSTECH,,,
2026-09-15,10:49:22,798,KOM_Test,OSTECH,T,LCA,0.0,result,Kommunikations-Test fuer SR830 und OSTECH,,,
2026-09-15,10:49:22,822,KOM_Test,OSTECH,T,LVA,0.0,result,Kommunikations-Test fuer SR830 und OSTECH,,,
2026-09-15,10:49:22,834,KOM_Test,OSTECH,T,XTA,20.996124267578125,result,Kommunikations-Test fuer SR830 und OSTECH,,,
2026-09-15,10:49:22,851,KOM_Test,OSTECH,T,GT,28.34302520751953,result,Kommunikations-Test fuer SR830 und OSTECH,,,
2026-09-15,10:49:22,868,KOM_Test,OSTECH,T,GS,"{'status_word': 3085, 'interlock_ok': True, 'driver_supply_ok': True, 'driver_temperature_ok': True, 'lt_sensor_ok': True, 'ct_sensor_ok': True, 'lc_on': False, 'lc_error': False}",result,Kommunikations-Test fuer SR830 und OSTECH,,,
2026-09-15,10:49:22,878,KOM_Test,OSTECH,T,LTM,25.0,result,Kommunikations-Test fuer SR830 und OSTECH,,,
2026-09-15,10:49:22,893,KOM_Test,SR830,T,"SNAP 5,6,7,8,9","-0.00333333,0.00766667,0.001,-0.000666667,1000",result,Kommunikations-Test fuer SR830 und OSTECH,,,
2026-09-15,10:49:22,897,KOM_Test,OSTECH,T,LCA,0.0,result,Kommunikations-Test fuer SR830 und OSTECH,,,
2026-09-15,10:49:22,907,KOM_Test,SR830,T,PHAS,0,result,Kommunikations-Test fuer SR830 und OSTECH,,,
2026-09-15,10:49:22,919,KOM_Test,OSTECH,T,LVA,0.0,result,Kommunikations-Test fuer SR830 und OSTECH,,,
2026-09-15,10:49:22,928,KOM_Test,SR830,T,FREQ,1000,result,Kommunikations-Test fuer SR830 und OSTECH,,,
2026-09-15,10:49:22,929,KOM_Test,OSTECH,T,XTA,20.996124267578125,result,Kommunikations-Test fuer SR830 und OSTECH,,,
2026-09-15,10:49:22,947,KOM_Test,OSTECH,T,GT,28.34302520751953,result,Kommunikations-Test fuer SR830 und OSTECH,,,
2026-09-15,10:49:22,982,KOM_Test,OSTECH,T,GS,"{'status_word': 3085, 'interlock_ok': True, 'driver_supply_ok': True, 'driver_temperature_ok': True, 'lt_sensor_ok': True, 'ct_sensor_ok': True, 'lc_on': False, 'lc_error': False}",result,Kommunikations-Test fuer SR830 und OSTECH,,,
2026-09-15,10:49:22,994,KOM_Test,OSTECH,T,LTM,25.0,result,Kommunikations-Test fuer SR830 und OSTECH,,,
2026-09-15,10:49:22,994,KOM_Test,SR830,T,"SNAP 1,2,3,4,10,11","0,0,0,90,0,0",result,Kommunikations-Test fuer SR830 und OSTECH,,,
2026-09-15,10:49:23,019,KOM_Test,OSTECH,T,LCA,0.0,result,Kommunikations-Test fuer SR830 und OSTECH,,,
2026-09-15,10:49:23,029,KOM_Test,OSTECH,T,LVA,0.0,result,Kommunikations-Test fuer SR830 und OSTECH,,,
2026-09-15,10:49:23,047,KOM_Test,OSTECH,T,XTA,21.001953125,result,Kommunikations-Test fuer SR830 und OSTECH,,,
2026-09-15,10:49:23,070,KOM_Test,OSTECH,T,GT,28.34302520751953,result,Kommunikations-Test fuer SR830 und OSTECH,,,
2026-09-15,10:49:23,079,KOM_Test,OSTECH,T,GS,"{'status_word': 3085, 'interlock_ok': True, 'driver_supply_ok': True, 'driver_temperature_ok': True, 'lt_sensor_ok': True, 'ct_sensor_ok': True, 'lc_on': False, 'lc_error': False}",result,Kommunikations-Test fuer SR830 und OSTECH,,,
2026-09-15,10:49:23,094,KOM_Test,OSTECH,T,LTM,25.0,result,Kommunikations-Test fuer SR830 und OSTECH,,,
2026-09-15,10:49:23,120,KOM_Test,SR830,T,"SNAP 5,6,7,8,9","-0.00166667,0.003,0.00233333,0.00266667,1000",result,Kommunikations-Test fuer SR830 und OSTECH,,,
2026-09-15,10:49:23,120,KOM_Test,OSTECH,T,LCA,0.0,result,Kommunikations-Test fuer SR830 und OSTECH,,,
2026-09-15,10:49:23,135,KOM_Test,SR830,T,PHAS,0,result,Kommunikations-Test fuer SR830 und OSTECH,,,
2026-09-15,10:49:23,135,KOM_Test,OSTECH,T,LVA,0.0,result,Kommunikations-Test fuer SR830 und OSTECH,,,
2026-09-15,10:49:23,160,KOM_Test,SR830,T,FREQ,1000,result,Kommunikations-Test fuer SR830 und OSTECH,,,
2026-09-15,10:49:23,161,KOM_Test,OSTECH,T,XTA,21.001953125,result,Kommunikations-Test fuer SR830 und OSTECH,,,
2026-09-15,10:49:23,185,KOM_Test,OSTECH,T,GT,28.34302520751953,result,Kommunikations-Test fuer SR830 und OSTECH,,,
2026-09-15,10:49:23,194,KOM_Test,OSTECH,T,GS,"{'status_word': 3085, 'interlock_ok': True, 'driver_supply_ok': True, 'driver_temperature_ok': True, 'lt_sensor_ok': True, 'ct_sensor_ok': True, 'lc_on': False, 'lc_error': False}",result,Kommunikations-Test fuer SR830 und OSTECH,,,
2026-09-15,10:49:23,212,KOM_Test,OSTECH,T,LTM,25.0,result,Kommunikations-Test fuer SR830 und OSTECH,,,
2026-09-15,10:49:23,234,KOM_Test,OSTECH,T,LCA,0.0,result,Kommunikations-Test fuer SR830 und OSTECH,,,
2026-09-15,10:49:23,250,KOM_Test,OSTECH,T,LVA,0.0,result,Kommunikations-Test fuer SR830 und OSTECH,,,
2026-09-15,10:49:23,271,KOM_Test,OSTECH,T,XTA,21.001953125,result,Kommunikations-Test fuer SR830 und OSTECH,,,
2026-09-15,10:49:23,280,KOM_Test,SR830,T,"SNAP 1,2,3,4,10,11","-6.10356e-005,0,0,180,-6.10356e-005,0",result,Kommunikations-Test fuer SR830 und OSTECH,,,
2026-09-15,10:49:23,288,KOM_Test,OSTECH,T,GT,28.34302520751953,result,Kommunikations-Test fuer SR830 und OSTECH,,,
2026-09-15,10:49:23,300,KOM_Test,OSTECH,T,GS,"{'status_word': 3085, 'interlock_ok': True, 'driver_supply_ok': True, 'driver_temperature_ok': True, 'lt_sensor_ok': True, 'ct_sensor_ok': True, 'lc_on': False, 'lc_error': False}",result,Kommunikations-Test fuer SR830 und OSTECH,,,
2026-09-15,10:49:23,322,KOM_Test,OSTECH,T,LTM,25.0,result,Kommunikations-Test fuer SR830 und OSTECH,,,
2026-09-15,10:49:23,343,KOM_Test,OSTECH,T,LCA,0.0,result,Kommunikations-Test fuer SR830 und OSTECH,,,
2026-09-15,10:49:23,367,KOM_Test,OSTECH,T,LVA,0.0,result,Kommunikations-Test fuer SR830 und OSTECH,,,
2026-09-15,10:49:23,378,KOM_Test,OSTECH,T,XTA,21.001953125,result,Kommunikations-Test fuer SR830 und OSTECH,,,
2026-09-15,10:49:23,397,KOM_Test,OSTECH,T,GT,28.34302520751953,result,Kommunikations-Test fuer SR830 und OSTECH,,,
2026-09-15,10:49:23,397,KOM_Test,SR830,T,"SNAP 5,6,7,8,9","0.00133333,0.003,-0.000333333,-0.001,1000",result,Kommunikations-Test fuer SR830 und OSTECH,,,
2026-09-15,10:49:23,418,KOM_Test,OSTECH,T,GS,"{'status_word': 3085, 'interlock_ok': True, 'driver_supply_ok': True, 'driver_temperature_ok': True, 'lt_sensor_ok': True, 'ct_sensor_ok': True, 'lc_on': False, 'lc_error': False}",result,Kommunikations-Test fuer SR830 und OSTECH,,,
2026-09-15,10:49:23,422,KOM_Test,SR830,T,PHAS,0,result,Kommunikations-Test fuer SR830 und OSTECH,,,
2026-09-15,10:49:23,433,KOM_Test,OSTECH,T,LTM,25.0,result,Kommunikations-Test fuer SR830 und OSTECH,,,
2026-09-15,10:49:23,446,KOM_Test,SR830,T,FREQ,1000,result,Kommunikations-Test fuer SR830 und OSTECH,,,
2026-09-15,10:49:23,447,KOM_Test,OSTECH,T,LCA,0.0,result,Kommunikations-Test fuer SR830 und OSTECH,,,
2026-09-15,10:49:23,461,KOM_Test,OSTECH,T,LVA,0.0,result,Kommunikations-Test fuer SR830 und OSTECH,,,
2026-09-15,10:49:23,480,KOM_Test,OSTECH,T,XTA,21.001953125,result,Kommunikations-Test fuer SR830 und OSTECH,,,
2026-09-15,10:49:23,504,KOM_Test,OSTECH,T,GT,28.34302520751953,result,Kommunikations-Test fuer SR830 und OSTECH,,,
2026-09-15,10:49:23,521,KOM_Test,OSTECH,T,GS,"{'status_word': 3085, 'interlock_ok': True, 'driver_supply_ok': True, 'driver_temperature_ok': True, 'lt_sensor_ok': True, 'ct_sensor_ok': True, 'lc_on': False, 'lc_error': False}",result,Kommunikations-Test fuer SR830 und OSTECH,,,
2026-09-15,10:49:23,535,KOM_Test,OSTECH,T,LTM,25.0,result,Kommunikations-Test fuer SR830 und OSTECH,,,
2026-09-15,10:49:23,560,KOM_Test,OSTECH,T,LCA,0.0,result,Kommunikations-Test fuer SR830 und OSTECH,,,
2026-09-15,10:49:23,575,KOM_Test,SR830,T,"SNAP 1,2,3,4,10,11","0,-6.10356e-005,0,-45,0,-6.10356e-005",result,Kommunikations-Test fuer SR830 und OSTECH,,,
2026-09-15,10:49:23,587,KOM_Test,OSTECH,T,LVA,0.0,result,Kommunikations-Test fuer SR830 und OSTECH,,,
2026-09-15,10:49:23,602,KOM_Test,OSTECH,T,XTA,21.001953125,result,Kommunikations-Test fuer SR830 und OSTECH,,,
2026-09-15,10:49:23,621,KOM_Test,OSTECH,T,GT,28.34302520751953,result,Kommunikations-Test fuer SR830 und OSTECH,,,
2026-09-15,10:49:23,635,KOM_Test,OSTECH,T,GS,"{'status_word': 3085, 'interlock_ok': True, 'driver_supply_ok': True, 'driver_temperature_ok': True, 'lt_sensor_ok': True, 'ct_sensor_ok': True, 'lc_on': False, 'lc_error': False}",result,Kommunikations-Test fuer SR830 und OSTECH,,,
2026-09-15,10:49:23,653,KOM_Test,OSTECH,T,LTM,25.0,result,Kommunikations-Test fuer SR830 und OSTECH,,,
2026-09-15,10:49:23,669,KOM_Test,OSTECH,T,LCA,0.0,result,Kommunikations-Test fuer SR830 und OSTECH,,,
2026-09-15,10:49:23,685,KOM_Test,OSTECH,T,LVA,0.0,result,Kommunikations-Test fuer SR830 und OSTECH,,,
2026-09-15,10:49:23,686,KOM_Test,SR830,T,"SNAP 5,6,7,8,9","-0.00166667,0.00466667,-0.002,-0.002,1000",result,Kommunikations-Test fuer SR830 und OSTECH,,,
2026-09-15,10:49:23,715,KOM_Test,SR830,T,PHAS,0,result,Kommunikations-Test fuer SR830 und OSTECH,,,
2026-09-15,10:49:23,716,KOM_Test,OSTECH,T,XTA,21.001724243164062,result,Kommunikations-Test fuer SR830 und OSTECH,,,
2026-09-15,10:49:23,732,KOM_Test,OSTECH,T,GT,28.34302520751953,result,Kommunikations-Test fuer SR830 und OSTECH,,,
2026-09-15,10:49:23,740,KOM_Test,SR830,T,FREQ,1000,result,Kommunikations-Test fuer SR830 und OSTECH,,,
2026-09-15,10:49:23,746,KOM_Test,OSTECH,T,GS,"{'status_word': 3085, 'interlock_ok': True, 'driver_supply_ok': True, 'driver_temperature_ok': True, 'lt_sensor_ok': True, 'ct_sensor_ok': True, 'lc_on': False, 'lc_error': False}",result,Kommunikations-Test fuer SR830 und OSTECH,,,
2026-09-15,10:49:23,767,KOM_Test,OSTECH,T,LTM,25.0,result,Kommunikations-Test fuer SR830 und OSTECH,,,
2026-09-15,10:49:23,788,KOM_Test,OSTECH,T,LCA,0.0,result,Kommunikations-Test fuer SR830 und OSTECH,,,
2026-09-15,10:49:23,803,KOM_Test,OSTECH,T,LVA,0.0,result,Kommunikations-Test fuer SR830 und OSTECH,,,
2026-09-15,10:49:23,823,KOM_Test,OSTECH,T,XTA,21.001724243164062,result,Kommunikations-Test fuer SR830 und OSTECH,,,
2026-09-15,10:49:23,838,KOM_Test,OSTECH,T,GT,28.34302520751953,result,Kommunikations-Test fuer SR830 und OSTECH,,,
2026-09-15,10:49:23,852,KOM_Test,OSTECH,T,GS,"{'status_word': 3085, 'interlock_ok': True, 'driver_supply_ok': True, 'driver_temperature_ok': True, 'lt_sensor_ok': True, 'ct_sensor_ok': True, 'lc_on': False, 'lc_error': False}",result,Kommunikations-Test fuer SR830 und OSTECH,,,
2026-09-15,10:49:23,873,KOM_Test,OSTECH,T,LTM,25.0,result,Kommunikations-Test fuer SR830 und OSTECH,,,
2026-09-15,10:49:23,894,KOM_Test,OSTECH,T,LCA,0.0,result,Kommunikations-Test fuer SR830 und OSTECH,,,
2026-09-15,10:49:23,902,KOM_Test,SR830,T,"SNAP 1,2,3,4,10,11","-6.10356e-005,-6.10356e-005,0,-135,-6.10356e-005,-6.10356e-005",result,Kommunikations-Test fuer SR830 und OSTECH,,,
2026-09-15,10:49:23,915,KOM_Test,OSTECH,T,LVA,0.0,result,Kommunikations-Test fuer SR830 und OSTECH,,,
2026-09-15,10:49:23,930,KOM_Test,OSTECH,T,XTA,21.001724243164062,result,Kommunikations-Test fuer SR830 und OSTECH,,,
2026-09-15,10:49:23,944,KOM_Test,OSTECH,T,GT,28.34302520751953,result,Kommunikations-Test fuer SR830 und OSTECH,,,
2026-09-15,10:49:23,957,KOM_Test,OSTECH,T,GS,"{'status_word': 3085, 'interlock_ok': True, 'driver_supply_ok': True, 'driver_temperature_ok': True, 'lt_sensor_ok': True, 'ct_sensor_ok': True, 'lc_on': False, 'lc_error': False}",result,Kommunikations-Test fuer SR830 und OSTECH,,,
2026-09-15,10:49:23,971,KOM_Test,OSTECH,T,LTM,25.0,result,Kommunikations-Test fuer SR830 und OSTECH,,,
2026-09-15,10:49:23,985,KOM_Test,OSTECH,T,LCA,0.0,result,Kommunikations-Test fuer SR830 und OSTECH,,,
2026-09-15,10:49:24,000,KOM_Test,OSTECH,T,LVA,0.0,result,Kommunikations-Test fuer SR830 und OSTECH,,,
2026-09-15,10:49:24,026,KOM_Test,OSTECH,T,XTA,21.001724243164062,result,Kommunikations-Test fuer SR830 und OSTECH,,,
2026-09-15,10:49:24,036,KOM_Test,SR830,T,"SNAP 5,6,7,8,9","0.00133333,0.00666667,0.00233333,0.000666667,1000",result,Kommunikations-Test fuer SR830 und OSTECH,,,
2026-09-15,10:49:24,047,KOM_Test,OSTECH,T,GT,28.34302520751953,result,Kommunikations-Test fuer SR830 und OSTECH,,,
2026-09-15,10:49:24,060,KOM_Test,OSTECH,T,GS,"{'status_word': 3085, 'interlock_ok': True, 'driver_supply_ok': True, 'driver_temperature_ok': True, 'lt_sensor_ok': True, 'ct_sensor_ok': True, 'lc_on': False, 'lc_error': False}",result,Kommunikations-Test fuer SR830 und OSTECH,,,
2026-09-15,10:49:24,065,KOM_Test,SR830,T,PHAS,0,result,Kommunikations-Test fuer SR830 und OSTECH,,,
2026-09-15,10:49:24,088,KOM_Test,OSTECH,T,LTM,25.0,result,Kommunikations-Test fuer SR830 und OSTECH,,,
2026-09-15,10:49:24,098,KOM_Test,SR830,T,FREQ,1000,result,Kommunikations-Test fuer SR830 und OSTECH,,,
2026-09-15,10:49:24,102,KOM_Test,OSTECH,T,LCA,0.0,result,Kommunikations-Test fuer SR830 und OSTECH,,,
2026-09-15,10:49:24,129,KOM_Test,OSTECH,T,LVA,0.0,result,Kommunikations-Test fuer SR830 und OSTECH,,,
2026-09-15,10:49:24,144,KOM_Test,OSTECH,T,XTA,21.000038146972656,result,Kommunikations-Test fuer SR830 und OSTECH,,,
2026-09-15,10:49:24,158,KOM_Test,OSTECH,T,GT,28.34302520751953,result,Kommunikations-Test fuer SR830 und OSTECH,,,
2026-09-15,10:49:24,173,KOM_Test,OSTECH,T,GS,"{'status_word': 3085, 'interlock_ok': True, 'driver_supply_ok': True, 'driver_temperature_ok': True, 'lt_sensor_ok': True, 'ct_sensor_ok': True, 'lc_on': False, 'lc_error': False}",result,Kommunikations-Test fuer SR830 und OSTECH,,,
2026-09-15,10:49:24,202,KOM_Test,OSTECH,T,LTM,25.0,result,Kommunikations-Test fuer SR830 und OSTECH,,,
2026-09-15,10:49:24,215,KOM_Test,SR830,T,"SNAP 1,2,3,4,10,11","0,-6.10356e-005,0,-45,0,-6.10356e-005",result,Kommunikations-Test fuer SR830 und OSTECH,,,
2026-09-15,10:49:24,228,KOM_Test,OSTECH,T,LCA,0.0,result,Kommunikations-Test fuer SR830 und OSTECH,,,
2026-09-15,10:49:24,246,KOM_Test,OSTECH,T,LVA,0.0,result,Kommunikations-Test fuer SR830 und OSTECH,,,
2026-09-15,10:49:24,272,KOM_Test,OSTECH,T,XTA,21.000038146972656,result,Kommunikations-Test fuer SR830 und OSTECH,,,
2026-09-15,10:49:24,285,KOM_Test,OSTECH,T,GT,28.34302520751953,result,Kommunikations-Test fuer SR830 und OSTECH,,,
2026-09-15,10:49:24,296,KOM_Test,OSTECH,T,GS,"{'status_word': 3085, 'interlock_ok': True, 'driver_supply_ok': True, 'driver_temperature_ok': True, 'lt_sensor_ok': True, 'ct_sensor_ok': True, 'lc_on': False, 'lc_error': False}",result,Kommunikations-Test fuer SR830 und OSTECH,,,
2026-09-15,10:49:24,310,KOM_Test,OSTECH,T,LTM,25.0,result,Kommunikations-Test fuer SR830 und OSTECH,,,
2026-09-15,10:49:24,325,KOM_Test,OSTECH,T,LCA,0.0,result,Kommunikations-Test fuer SR830 und OSTECH,,,
2026-09-15,10:49:24,341,KOM_Test,OSTECH,T,LVA,0.0,result,Kommunikations-Test fuer SR830 und OSTECH,,,
2026-09-15,10:49:24,344,KOM_Test,SR830,T,"SNAP 5,6,7,8,9","-0.000666667,0.00466667,0.000666667,-0.00233333,1000",result,Kommunikations-Test fuer SR830 und OSTECH,,,
2026-09-15,10:49:24,357,KOM_Test,OSTECH,T,XTA,21.000038146972656,result,Kommunikations-Test fuer SR830 und OSTECH,,,
2026-09-15,10:49:24,370,KOM_Test,OSTECH,T,GT,28.34302520751953,result,Kommunikations-Test fuer SR830 und OSTECH,,,
2026-09-15,10:49:24,373,KOM_Test,SR830,T,PHAS,0,result,Kommunikations-Test fuer SR830 und OSTECH,,,
2026-09-15,10:49:24,382,KOM_Test,OSTECH,T,GS,"{'status_word': 3085, 'interlock_ok': True, 'driver_supply_ok': True, 'driver_temperature_ok': True, 'lt_sensor_ok': True, 'ct_sensor_ok': True, 'lc_on': False, 'lc_error': False}",result,Kommunikations-Test fuer SR830 und OSTECH,,,
2026-09-15,10:49:24,392,KOM_Test,SR830,T,FREQ,1000,result,Kommunikations-Test fuer SR830 und OSTECH,,,
2026-09-15,10:49:24,397,KOM_Test,OSTECH,T,LTM,25.0,result,Kommunikations-Test fuer SR830 und OSTECH,,,
2026-09-15,10:49:24,417,KOM_Test,OSTECH,T,LCA,0.0,result,Kommunikations-Test fuer SR830 und OSTECH,,,
2026-09-15,10:49:24,433,KOM_Test,OSTECH,T,LVA,0.0,result,Kommunikations-Test fuer SR830 und OSTECH,,,
2026-09-15,10:49:24,454,KOM_Test,OSTECH,T,XTA,21.000038146972656,result,Kommunikations-Test fuer SR830 und OSTECH,,,
2026-09-15,10:49:24,480,KOM_Test,OSTECH,T,GT,28.34302520751953,result,Kommunikations-Test fuer SR830 und OSTECH,,,
2026-09-15,10:49:24,493,KOM_Test,OSTECH,T,GS,"{'status_word': 3085, 'interlock_ok': True, 'driver_supply_ok': True, 'driver_temperature_ok': True, 'lt_sensor_ok': True, 'ct_sensor_ok': True, 'lc_on': False, 'lc_error': False}",result,Kommunikations-Test fuer SR830 und OSTECH,,,
2026-09-15,10:49:24,507,KOM_Test,SR830,T,"SNAP 1,2,3,4,10,11","0,-6.10356e-005,0,-90,0,-6.10356e-005",result,Kommunikations-Test fuer SR830 und OSTECH,,,
2026-09-15,10:49:24,513,KOM_Test,OSTECH,T,LTM,25.0,result,Kommunikations-Test fuer SR830 und OSTECH,,,
2026-09-15,10:49:24,536,KOM_Test,OSTECH,T,LCA,0.0,result,Kommunikations-Test fuer SR830 und OSTECH,,,
2026-09-15,10:49:24,561,KOM_Test,OSTECH,T,LVA,0.0,result,Kommunikations-Test fuer SR830 und OSTECH,,,
2026-09-15,10:49:24,576,KOM_Test,OSTECH,T,XTA,21.000038146972656,result,Kommunikations-Test fuer SR830 und OSTECH,,,
2026-09-15,10:49:24,593,KOM_Test,OSTECH,T,GT,28.34302520751953,result,Kommunikations-Test fuer SR830 und OSTECH,,,
2026-09-15,10:49:24,599,KOM_Test,OSTECH,T,GS,"{'status_word': 3085, 'interlock_ok': True, 'driver_supply_ok': True, 'driver_temperature_ok': True, 'lt_sensor_ok': True, 'ct_sensor_ok': True, 'lc_on': False, 'lc_error': False}",result,Kommunikations-Test fuer SR830 und OSTECH,,,
2026-09-15,10:49:24,615,KOM_Test,SR830,T,"SNAP 5,6,7,8,9","-0.000666667,0.00633333,-0.002,0.00266667,1000",result,Kommunikations-Test fuer SR830 und OSTECH,,,
2026-09-15,10:49:24,626,KOM_Test,OSTECH,T,LTM,25.0,result,Kommunikations-Test fuer SR830 und OSTECH,,,
2026-09-15,10:49:24,632,KOM_Test,SR830,T,PHAS,0,result,Kommunikations-Test fuer SR830 und OSTECH,,,
2026-09-15,10:49:24,648,KOM_Test,OSTECH,T,LCA,0.0,result,Kommunikations-Test fuer SR830 und OSTECH,,,
2026-09-15,10:49:24,663,KOM_Test,SR830,T,FREQ,1000,result,Kommunikations-Test fuer SR830 und OSTECH,,,
2026-09-15,10:49:24,665,KOM_Test,OSTECH,T,LVA,0.0,result,Kommunikations-Test fuer SR830 und OSTECH,,,
2026-09-15,10:49:24,682,KOM_Test,OSTECH,T,XTA,21.000595092773438,result,Kommunikations-Test fuer SR830 und OSTECH,,,
2026-09-15,10:49:24,698,KOM_Test,OSTECH,T,GT,28.34302520751953,result,Kommunikations-Test fuer SR830 und OSTECH,,,
2026-09-15,10:49:24,716,KOM_Test,OSTECH,T,GS,"{'status_word': 3085, 'interlock_ok': True, 'driver_supply_ok': True, 'driver_temperature_ok': True, 'lt_sensor_ok': True, 'ct_sensor_ok': True, 'lc_on': False, 'lc_error': False}",result,Kommunikations-Test fuer SR830 und OSTECH,,,
2026-09-15,10:49:24,744,KOM_Test,OSTECH,T,LTM,25.0,result,Kommunikations-Test fuer SR830 und OSTECH,,,
2026-09-15,10:49:24,745,KOM_Test,SR830,T,"SNAP 1,2,3,4,10,11","0,0,0,0,0,0",result,Kommunikations-Test fuer SR830 und OSTECH,,,
2026-09-15,10:49:24,760,KOM_Test,OSTECH,T,LCA,0.0,result,Kommunikations-Test fuer SR830 und OSTECH,,,
2026-09-15,10:49:24,783,KOM_Test,OSTECH,T,LVA,0.0,result,Kommunikations-Test fuer SR830 und OSTECH,,,
2026-09-15,10:49:24,797,KOM_Test,OSTECH,T,XTA,21.000595092773438,result,Kommunikations-Test fuer SR830 und OSTECH,,,
2026-09-15,10:49:24,827,KOM_Test,OSTECH,T,GT,28.34302520751953,result,Kommunikations-Test fuer SR830 und OSTECH,,,
2026-09-15,10:49:24,846,KOM_Test,OSTECH,T,GS,"{'status_word': 3085, 'interlock_ok': True, 'driver_supply_ok': True, 'driver_temperature_ok': True, 'lt_sensor_ok': True, 'ct_sensor_ok': True, 'lc_on': False, 'lc_error': False}",result,Kommunikations-Test fuer SR830 und OSTECH,,,
2026-09-15,10:49:24,875,KOM_Test,OSTECH,T,LTM,25.0,result,Kommunikations-Test fuer SR830 und OSTECH,,,
2026-09-15,10:49:24,876,KOM_Test,SR830,T,"SNAP 5,6,7,8,9","-0.00166667,0.005,-0.00233333,-0.00233333,1000",result,Kommunikations-Test fuer SR830 und OSTECH,,,
2026-09-15,10:49:24,890,KOM_Test,OSTECH,T,LCA,0.0,result,Kommunikations-Test fuer SR830 und OSTECH,,,
2026-09-15,10:49:24,890,KOM_Test,SR830,T,PHAS,0,result,Kommunikations-Test fuer SR830 und OSTECH,,,
2026-09-15,10:49:24,905,KOM_Test,OSTECH,T,LVA,0.0,result,Kommunikations-Test fuer SR830 und OSTECH,,,
2026-09-15,10:49:24,910,KOM_Test,SR830,T,FREQ,1000,result,Kommunikations-Test fuer SR830 und OSTECH,,,
2026-09-15,10:49:24,921,KOM_Test,OSTECH,T,XTA,21.000595092773438,result,Kommunikations-Test fuer SR830 und OSTECH,,,
2026-09-15,10:49:24,933,KOM_Test,OSTECH,T,GT,28.34302520751953,result,Kommunikations-Test fuer SR830 und OSTECH,,,
2026-09-15,10:49:24,945,KOM_Test,OSTECH,T,GS,"{'status_word': 3085, 'interlock_ok': True, 'driver_supply_ok': True, 'driver_temperature_ok': True, 'lt_sensor_ok': True, 'ct_sensor_ok': True, 'lc_on': False, 'lc_error': False}",result,Kommunikations-Test fuer SR830 und OSTECH,,,
2026-09-15,10:49:24,958,KOM_Test,OSTECH,T,LTM,25.0,result,Kommunikations-Test fuer SR830 und OSTECH,,,
2026-09-15,10:49:24,984,KOM_Test,OSTECH,T,LCA,0.0,result,Kommunikations-Test fuer SR830 und OSTECH,,,
2026-09-15,10:49:24,989,KOM_Test,SR830,T,"SNAP 1,2,3,4,10,11","0,0,0,0,0,0",result,Kommunikations-Test fuer SR830 und OSTECH,,,
2026-09-15,10:49:25,005,KOM_Test,OSTECH,T,LVA,0.0,result,Kommunikations-Test fuer SR830 und OSTECH,,,
2026-09-15,10:49:25,027,KOM_Test,OSTECH,T,XTA,21.000595092773438,result,Kommunikations-Test fuer SR830 und OSTECH,,,
2026-09-15,10:49:25,034,KOM_Test,OSTECH,T,GT,28.34302520751953,result,Kommunikations-Test fuer SR830 und OSTECH,,,
2026-09-15,10:49:25,050,KOM_Test,OSTECH,T,GS,"{'status_word': 3085, 'interlock_ok': True, 'driver_supply_ok': True, 'driver_temperature_ok': True, 'lt_sensor_ok': True, 'ct_sensor_ok': True, 'lc_on': False, 'lc_error': False}",result,Kommunikations-Test fuer SR830 und OSTECH,,,
2026-09-15,10:49:25,078,KOM_Test,OSTECH,T,LTM,25.0,result,Kommunikations-Test fuer SR830 und OSTECH,,,
2026-09-15,10:49:25,094,KOM_Test,OSTECH,T,LCA,0.0,result,Kommunikations-Test fuer SR830 und OSTECH,,,
2026-09-15,10:49:25,109,KOM_Test,OSTECH,T,LVA,0.0,result,Kommunikations-Test fuer SR830 und OSTECH,,,
2026-09-15,10:49:25,113,KOM_Test,SR830,T,"SNAP 5,6,7,8,9","-0.00166667,0.003,-0.00233333,-0.001,1000",result,Kommunikations-Test fuer SR830 und OSTECH,,,
2026-09-15,10:49:25,115,KOM_Test,OSTECH,T,XTA,21.000595092773438,result,Kommunikations-Test fuer SR830 und OSTECH,,,
2026-09-15,10:49:25,127,KOM_Test,SR830,T,PHAS,0,result,Kommunikations-Test fuer SR830 und OSTECH,,,
2026-09-15,10:49:25,135,KOM_Test,OSTECH,T,GT,28.34302520751953,result,Kommunikations-Test fuer SR830 und OSTECH,,,
2026-09-15,10:49:25,148,KOM_Test,SR830,T,FREQ,1000,result,Kommunikations-Test fuer SR830 und OSTECH,,,
2026-09-15,10:49:25,153,KOM_Test,OSTECH,T,GS,"{'status_word': 3085, 'interlock_ok': True, 'driver_supply_ok': True, 'driver_temperature_ok': True, 'lt_sensor_ok': True, 'ct_sensor_ok': True, 'lc_on': False, 'lc_error': False}",result,Kommunikations-Test fuer SR830 und OSTECH,,,
2026-09-15,10:49:25,173,KOM_Test,OSTECH,T,LTM,25.0,result,Kommunikations-Test fuer SR830 und OSTECH,,,
2026-09-15,10:49:25,200,KOM_Test,OSTECH,T,LCA,0.0,result,Kommunikations-Test fuer SR830 und OSTECH,,,
2026-09-15,10:49:25,209,KOM_Test,OSTECH,T,LVA,0.0,result,Kommunikations-Test fuer SR830 und OSTECH,,,
2026-09-15,10:49:25,236,KOM_Test,OSTECH,T,XTA,21.000152587890625,result,Kommunikations-Test fuer SR830 und OSTECH,,,
2026-09-15,10:49:25,241,KOM_Test,OSTECH,T,GT,28.34302520751953,result,Kommunikations-Test fuer SR830 und OSTECH,,,
2026-09-15,10:49:25,257,KOM_Test,OSTECH,T,GS,"{'status_word': 3085, 'interlock_ok': True, 'driver_supply_ok': True, 'driver_temperature_ok': True, 'lt_sensor_ok': True, 'ct_sensor_ok': True, 'lc_on': False, 'lc_error': False}",result,Kommunikations-Test fuer SR830 und OSTECH,,,
2026-09-15,10:49:25,283,KOM_Test,SR830,T,"SNAP 1,2,3,4,10,11","-0.000122071,0,6.10356e-005,180,-0.000122071,0",result,Kommunikations-Test fuer SR830 und OSTECH,,,
2026-09-15,10:49:25,284,KOM_Test,OSTECH,T,LTM,25.0,result,Kommunikations-Test fuer SR830 und OSTECH,,,
2026-09-15,10:49:25,297,KOM_Test,OSTECH,T,LCA,0.0,result,Kommunikations-Test fuer SR830 und OSTECH,,,
2026-09-15,10:49:25,312,KOM_Test,OSTECH,T,LVA,0.0,result,Kommunikations-Test fuer SR830 und OSTECH,,,
2026-09-15,10:49:25,341,KOM_Test,OSTECH,T,XTA,21.000152587890625,result,Kommunikations-Test fuer SR830 und OSTECH,,,
2026-09-15,10:49:25,355,KOM_Test,OSTECH,T,GT,28.34302520751953,result,Kommunikations-Test fuer SR830 und OSTECH,,,
2026-09-15,10:49:25,372,KOM_Test,OSTECH,T,GS,"{'status_word': 3085, 'interlock_ok': True, 'driver_supply_ok': True, 'driver_temperature_ok': True, 'lt_sensor_ok': True, 'ct_sensor_ok': True, 'lc_on': False, 'lc_error': False}",result,Kommunikations-Test fuer SR830 und OSTECH,,,
2026-09-15,10:49:25,388,KOM_Test,OSTECH,T,LTM,25.0,result,Kommunikations-Test fuer SR830 und OSTECH,,,
2026-09-15,10:49:25,393,KOM_Test,OSTECH,T,LCA,0.0,result,Kommunikations-Test fuer SR830 und OSTECH,,,
2026-09-15,10:49:25,408,KOM_Test,SR830,T,"SNAP 5,6,7,8,9","-0.000666667,0.00466667,0.00233333,-0.000666667,1000",result,Kommunikations-Test fuer SR830 und OSTECH,,,
2026-09-15,10:49:25,408,KOM_Test,OSTECH,T,LVA,0.0,result,Kommunikations-Test fuer SR830 und OSTECH,,,
2026-09-15,10:49:25,437,KOM_Test,OSTECH,T,XTA,21.000152587890625,result,Kommunikations-Test fuer SR830 und OSTECH,,,
2026-09-15,10:49:25,437,KOM_Test,SR830,T,PHAS,0,result,Kommunikations-Test fuer SR830 und OSTECH,,,
2026-09-15,10:49:25,440,KOM_Test,OSTECH,T,GT,28.34302520751953,result,Kommunikations-Test fuer SR830 und OSTECH,,,
2026-09-15,10:49:25,456,KOM_Test,SR830,T,FREQ,1000,result,Kommunikations-Test fuer SR830 und OSTECH,,,
2026-09-15,10:49:25,456,KOM_Test,OSTECH,T,GS,"{'status_word': 3085, 'interlock_ok': True, 'driver_supply_ok': True, 'driver_temperature_ok': True, 'lt_sensor_ok': True, 'ct_sensor_ok': True, 'lc_on': False, 'lc_error': False}",result,Kommunikations-Test fuer SR830 und OSTECH,,,
2026-09-15,10:49:25,472,KOM_Test,OSTECH,T,LTM,25.0,result,Kommunikations-Test fuer SR830 und OSTECH,,,
2026-09-15,10:49:25,490,KOM_Test,OSTECH,T,LCA,0.0,result,Kommunikations-Test fuer SR830 und OSTECH,,,
2026-09-15,10:49:25,516,KOM_Test,OSTECH,T,LVA,0.0,result,Kommunikations-Test fuer SR830 und OSTECH,,,
2026-09-15,10:49:25,538,KOM_Test,OSTECH,T,XTA,21.000152587890625,result,Kommunikations-Test fuer SR830 und OSTECH,,,
2026-09-15,10:49:25,542,KOM_Test,OSTECH,T,GT,28.34302520751953,result,Kommunikations-Test fuer SR830 und OSTECH,,,
2026-09-15,10:49:25,558,KOM_Test,OSTECH,T,GS,"{'status_word': 3085, 'interlock_ok': True, 'driver_supply_ok': True, 'driver_temperature_ok': True, 'lt_sensor_ok': True, 'ct_sensor_ok': True, 'lc_on': False, 'lc_error': False}",result,Kommunikations-Test fuer SR830 und OSTECH,,,
2026-09-15,10:49:25,583,KOM_Test,OSTECH,T,LTM,25.0,result,Kommunikations-Test fuer SR830 und OSTECH,,,
2026-09-15,10:49:25,589,KOM_Test,OSTECH,T,LCA,0.0,result,Kommunikations-Test fuer SR830 und OSTECH,,,
2026-09-15,10:49:25,617,KOM_Test,OSTECH,T,LVA,0.0,result,Kommunikations-Test fuer SR830 und OSTECH,,,
2026-09-15,10:49:25,624,KOM_Test,SR830,T,"SNAP 1,2,3,4,10,11","-6.10356e-005,-6.10356e-005,0,-135,-6.10356e-005,-6.10356e-005",result,Kommunikations-Test fuer SR830 und OSTECH,,,
2026-09-15,10:49:25,626,KOM_Test,OSTECH,T,XTA,21.000152587890625,result,Kommunikations-Test fuer SR830 und OSTECH,,,
2026-09-15,10:49:25,642,KOM_Test,OSTECH,T,GT,28.34302520751953,result,Kommunikations-Test fuer SR830 und OSTECH,,,
2026-09-15,10:49:25,657,KOM_Test,OSTECH,T,GS,"{'status_word': 3085, 'interlock_ok': True, 'driver_supply_ok': True, 'driver_temperature_ok': True, 'lt_sensor_ok': True, 'ct_sensor_ok': True, 'lc_on': False, 'lc_error': False}",result,Kommunikations-Test fuer SR830 und OSTECH,,,
2026-09-15,10:49:25,673,KOM_Test,OSTECH,T,LTM,25.0,result,Kommunikations-Test fuer SR830 und OSTECH,,,
2026-09-15,10:49:25,689,KOM_Test,OSTECH,T,LCA,0.0,result,Kommunikations-Test fuer SR830 und OSTECH,,,
2026-09-15,10:49:25,718,KOM_Test,OSTECH,T,LVA,0.0,result,Kommunikations-Test fuer SR830 und OSTECH,,,
2026-09-15,10:49:25,747,KOM_Test,OSTECH,T,XTA,20.997238159179688,result,Kommunikations-Test fuer SR830 und OSTECH,,,
2026-09-15,10:49:25,751,KOM_Test,SR830,T,"SNAP 5,6,7,8,9","-0.00166667,0.00466667,-0.000333333,0.000666667,1000",result,Kommunikations-Test fuer SR830 und OSTECH,,,
2026-09-15,10:49:25,770,KOM_Test,OSTECH,T,GT,28.34302520751953,result,Kommunikations-Test fuer SR830 und OSTECH,,,
2026-09-15,10:49:25,773,KOM_Test,SR830,T,PHAS,0,result,Kommunikations-Test fuer SR830 und OSTECH,,,
2026-09-15,10:49:25,776,KOM_Test,OSTECH,T,GS,"{'status_word': 3085, 'interlock_ok': True, 'driver_supply_ok': True, 'driver_temperature_ok': True, 'lt_sensor_ok': True, 'ct_sensor_ok': True, 'lc_on': False, 'lc_error': False}",result,Kommunikations-Test fuer SR830 und OSTECH,,,
2026-09-15,10:49:25,793,KOM_Test,SR830,T,FREQ,1000,result,Kommunikations-Test fuer SR830 und OSTECH,,,
2026-09-15,10:49:25,804,KOM_Test,OSTECH,T,LTM,25.0,result,Kommunikations-Test fuer SR830 und OSTECH,,,
2026-09-15,10:49:25,820,KOM_Test,OSTECH,T,LCA,0.0,result,Kommunikations-Test fuer SR830 und OSTECH,,,
2026-09-15,10:49:25,839,KOM_Test,OSTECH,T,LVA,0.0,result,Kommunikations-Test fuer SR830 und OSTECH,,,
2026-09-15,10:49:25,848,KOM_Test,OSTECH,T,XTA,20.997238159179688,result,Kommunikations-Test fuer SR830 und OSTECH,,,
2026-09-15,10:49:25,863,KOM_Test,OSTECH,T,GT,28.34302520751953,result,Kommunikations-Test fuer SR830 und OSTECH,,,
2026-09-15,10:49:25,887,KOM_Test,OSTECH,T,GS,"{'status_word': 3085, 'interlock_ok': True, 'driver_supply_ok': True, 'driver_temperature_ok': True, 'lt_sensor_ok': True, 'ct_sensor_ok': True, 'lc_on': False, 'lc_error': False}",result,Kommunikations-Test fuer SR830 und OSTECH,,,
2026-09-15,10:49:25,906,KOM_Test,OSTECH,T,LTM,25.0,result,Kommunikations-Test fuer SR830 und OSTECH,,,
2026-09-15,10:49:25,917,KOM_Test,SR830,T,"SNAP 1,2,3,4,10,11","0,-6.10356e-005,0,-90,0,-6.10356e-005",result,Kommunikations-Test fuer SR830 und OSTECH,,,
2026-09-15,10:49:25,930,KOM_Test,OSTECH,T,LCA,0.0,result,Kommunikations-Test fuer SR830 und OSTECH,,,
2026-09-15,10:49:25,958,KOM_Test,OSTECH,T,LVA,0.0,result,Kommunikations-Test fuer SR830 und OSTECH,,,
2026-09-15,10:49:25,966,KOM_Test,OSTECH,T,XTA,20.997238159179688,result,Kommunikations-Test fuer SR830 und OSTECH,,,
2026-09-15,10:49:25,980,KOM_Test,OSTECH,T,GT,28.3417911529541,result,Kommunikations-Test fuer SR830 und OSTECH,,,
2026-09-15,10:49:25,993,KOM_Test,OSTECH,T,GS,"{'status_word': 3085, 'interlock_ok': True, 'driver_supply_ok': True, 'driver_temperature_ok': True, 'lt_sensor_ok': True, 'ct_sensor_ok': True, 'lc_on': False, 'lc_error': False}",result,Kommunikations-Test fuer SR830 und OSTECH,,,
2026-09-15,10:49:26,021,KOM_Test,OSTECH,T,LTM,25.0,result,Kommunikations-Test fuer SR830 und OSTECH,,,
2026-09-15,10:49:26,027,KOM_Test,OSTECH,T,LCA,0.0,result,Kommunikations-Test fuer SR830 und OSTECH,,,
2026-09-15,10:49:26,053,KOM_Test,OSTECH,T,LVA,0.0,result,Kommunikations-Test fuer SR830 und OSTECH,,,
2026-09-15,10:49:26,054,KOM_Test,SR830,T,"SNAP 5,6,7,8,9","-0.000666667,0.00633333,-0.000666667,0.000666667,1000",result,Kommunikations-Test fuer SR830 und OSTECH,,,
2026-09-15,10:49:26,092,KOM_Test,OSTECH,T,XTA,20.997238159179688,result,Kommunikations-Test fuer SR830 und OSTECH,,,
2026-09-15,10:49:26,138,KOM_Test,SR830,T,PHAS,0,result,Kommunikations-Test fuer SR830 und OSTECH,,,
2026-09-15,10:49:26,138,KOM_Test,OSTECH,T,GT,28.3417911529541,result,Kommunikations-Test fuer SR830 und OSTECH,,,
2026-09-15,10:49:26,139,KOM_Test,SR830,T,FREQ,1000,result,Kommunikations-Test fuer SR830 und OSTECH,,,
2026-09-15,10:49:26,141,KOM_Test,OSTECH,T,GS,"{'status_word': 3085, 'interlock_ok': True, 'driver_supply_ok': True, 'driver_temperature_ok': True, 'lt_sensor_ok': True, 'ct_sensor_ok': True, 'lc_on': False, 'lc_error': False}",result,Kommunikations-Test fuer SR830 und OSTECH,,,
2026-09-15,10:49:26,142,KOM_Test,OSTECH,T,LTM,25.0,result,Kommunikations-Test fuer SR830 und OSTECH,,,
2026-09-15,10:49:26,144,KOM_Test,OSTECH,T,LCA,0.0,result,Kommunikations-Test fuer SR830 und OSTECH,,,
2026-09-15,10:49:26,166,KOM_Test,OSTECH,T,LVA,0.0,result,Kommunikations-Test fuer SR830 und OSTECH,,,
2026-09-15,10:49:26,168,KOM_Test,SR830,T,"SNAP 1,2,3,4,10,11","0,0,0,0,0,0",result,Kommunikations-Test fuer SR830 und OSTECH,,,
2026-09-15,10:49:26,171,KOM_Test,OSTECH,T,XTA,20.997238159179688,result,Kommunikations-Test fuer SR830 und OSTECH,,,
2026-09-15,10:49:26,185,KOM_Test,OSTECH,T,GT,28.3417911529541,result,Kommunikations-Test fuer SR830 und OSTECH,,,
2026-09-15,10:49:26,197,KOM_Test,OSTECH,T,GS,"{'status_word': 3085, 'interlock_ok': True, 'driver_supply_ok': True, 'driver_temperature_ok': True, 'lt_sensor_ok': True, 'ct_sensor_ok': True, 'lc_on': False, 'lc_error': False}",result,Kommunikations-Test fuer SR830 und OSTECH,,,
2026-09-15,10:49:26,225,KOM_Test,OSTECH,T,LTM,25.0,result,Kommunikations-Test fuer SR830 und OSTECH,,,
2026-09-15,10:49:26,241,KOM_Test,OSTECH,T,LCA,0.0,result,Kommunikations-Test fuer SR830 und OSTECH,,,
2026-09-15,10:49:26,258,KOM_Test,OSTECH,T,LVA,0.0,result,Kommunikations-Test fuer SR830 und OSTECH,,,
2026-09-15,10:49:26,274,KOM_Test,OSTECH,T,XTA,20.997238159179688,result,Kommunikations-Test fuer SR830 und OSTECH,,,
2026-09-15,10:49:26,298,KOM_Test,SR830,T,"SNAP 5,6,7,8,9","-0.000666667,0.00633333,-0.000333333,0.000666667,1000",result,Kommunikations-Test fuer SR830 und OSTECH,,,
2026-09-15,10:49:26,302,KOM_Test,OSTECH,T,GT,28.3417911529541,result,Kommunikations-Test fuer SR830 und OSTECH,,,
2026-09-15,10:49:26,316,KOM_Test,OSTECH,T,GS,"{'status_word': 3085, 'interlock_ok': True, 'driver_supply_ok': True, 'driver_temperature_ok': True, 'lt_sensor_ok': True, 'ct_sensor_ok': True, 'lc_on': False, 'lc_error': False}",result,Kommunikations-Test fuer SR830 und OSTECH,,,
2026-09-15,10:49:26,320,KOM_Test,SR830,T,PHAS,0,result,Kommunikations-Test fuer SR830 und OSTECH,,,
2026-09-15,10:49:26,337,KOM_Test,OSTECH,T,LTM,25.0,result,Kommunikations-Test fuer SR830 und OSTECH,,,
2026-09-15,10:49:26,344,KOM_Test,SR830,T,FREQ,1000,result,Kommunikations-Test fuer SR830 und OSTECH,,,
2026-09-15,10:49:26,353,KOM_Test,OSTECH,T,LCA,0.0,result,Kommunikations-Test fuer SR830 und OSTECH,,,
2026-09-15,10:49:26,368,KOM_Test,OSTECH,T,LVA,0.0,result,Kommunikations-Test fuer SR830 und OSTECH,,,
2026-09-15,10:49:26,386,KOM_Test,OSTECH,T,XTA,21.003074645996094,result,Kommunikations-Test fuer SR830 und OSTECH,,,
2026-09-15,10:49:26,400,KOM_Test,OSTECH,T,GT,28.3417911529541,result,Kommunikations-Test fuer SR830 und OSTECH,,,
2026-09-15,10:49:26,412,KOM_Test,OSTECH,T,GS,"{'status_word': 3085, 'interlock_ok': True, 'driver_supply_ok': True, 'driver_temperature_ok': True, 'lt_sensor_ok': True, 'ct_sensor_ok': True, 'lc_on': False, 'lc_error': False}",result,Kommunikations-Test fuer SR830 und OSTECH,,,
2026-09-15,10:49:26,432,KOM_Test,OSTECH,T,LTM,25.0,result,Kommunikations-Test fuer SR830 und OSTECH,,,
2026-09-15,10:49:26,443,KOM_Test,OSTECH,T,LCA,0.0,result,Kommunikations-Test fuer SR830 und OSTECH,,,
2026-09-15,10:49:26,468,KOM_Test,SR830,T,"SNAP 1,2,3,4,10,11","0,-6.10356e-005,0,-45,0,-6.10356e-005",result,Kommunikations-Test fuer SR830 und OSTECH,,,
2026-09-15,10:49:26,477,KOM_Test,OSTECH,T,LVA,0.0,result,Kommunikations-Test fuer SR830 und OSTECH,,,
2026-09-15,10:49:26,496,KOM_Test,OSTECH,T,XTA,21.003074645996094,result,Kommunikations-Test fuer SR830 und OSTECH,,,
2026-09-15,10:49:26,510,KOM_Test,OSTECH,T,GT,28.3417911529541,result,Kommunikations-Test fuer SR830 und OSTECH,,,
2026-09-15,10:49:26,529,KOM_Test,OSTECH,T,GS,"{'status_word': 3085, 'interlock_ok': True, 'driver_supply_ok': True, 'driver_temperature_ok': True, 'lt_sensor_ok': True, 'ct_sensor_ok': True, 'lc_on': False, 'lc_error': False}",result,Kommunikations-Test fuer SR830 und OSTECH,,,
2026-09-15,10:49:26,544,KOM_Test,OSTECH,T,LTM,25.0,result,Kommunikations-Test fuer SR830 und OSTECH,,,
2026-09-15,10:49:26,559,KOM_Test,OSTECH,T,LCA,0.0,result,Kommunikations-Test fuer SR830 und OSTECH,,,
2026-09-15,10:49:26,575,KOM_Test,OSTECH,T,LVA,0.0,result,Kommunikations-Test fuer SR830 und OSTECH,,,
2026-09-15,10:49:26,591,KOM_Test,SR830,T,"SNAP 5,6,7,8,9","-0.000333333,0.00633333,-0.000666667,-0.001,1000",result,Kommunikations-Test fuer SR830 und OSTECH,,,
2026-09-15,10:49:26,591,KOM_Test,OSTECH,T,XTA,21.003074645996094,result,Kommunikations-Test fuer SR830 und OSTECH,,,
2026-09-15,10:49:26,607,KOM_Test,OSTECH,T,GT,28.3417911529541,result,Kommunikations-Test fuer SR830 und OSTECH,,,
2026-09-15,10:49:26,607,KOM_Test,SR830,T,PHAS,0,result,Kommunikations-Test fuer SR830 und OSTECH,,,
2026-09-15,10:49:26,626,KOM_Test,OSTECH,T,GS,"{'status_word': 3085, 'interlock_ok': True, 'driver_supply_ok': True, 'driver_temperature_ok': True, 'lt_sensor_ok': True, 'ct_sensor_ok': True, 'lc_on': False, 'lc_error': False}",result,Kommunikations-Test fuer SR830 und OSTECH,,,
2026-09-15,10:49:26,626,KOM_Test,SR830,T,FREQ,1000,result,Kommunikations-Test fuer SR830 und OSTECH,,,
2026-09-15,10:49:26,660,KOM_Test,OSTECH,T,LTM,25.0,result,Kommunikations-Test fuer SR830 und OSTECH,,,
2026-09-15,10:49:26,677,KOM_Test,OSTECH,T,LCA,0.0,result,Kommunikations-Test fuer SR830 und OSTECH,,,
2026-09-15,10:49:26,696,KOM_Test,OSTECH,T,LVA,0.0,result,Kommunikations-Test fuer SR830 und OSTECH,,,
2026-09-15,10:49:26,718,KOM_Test,SR830,T,"SNAP 1,2,3,4,10,11","0,0,0,90,0,0",result,Kommunikations-Test fuer SR830 und OSTECH,,,
2026-09-15,10:49:26,723,KOM_Test,OSTECH,T,XTA,21.003074645996094,result,Kommunikations-Test fuer SR830 und OSTECH,,,
2026-09-15,10:49:26,737,KOM_Test,OSTECH,T,GT,28.3417911529541,result,Kommunikations-Test fuer SR830 und OSTECH,,,
2026-09-15,10:49:26,750,KOM_Test,OSTECH,T,GS,"{'status_word': 3085, 'interlock_ok': True, 'driver_supply_ok': True, 'driver_temperature_ok': True, 'lt_sensor_ok': True, 'ct_sensor_ok': True, 'lc_on': False, 'lc_error': False}",result,Kommunikations-Test fuer SR830 und OSTECH,,,
2026-09-15,10:49:26,760,KOM_Test,OSTECH,T,LTM,25.0,result,Kommunikations-Test fuer SR830 und OSTECH,,,
2026-09-15,10:49:26,776,KOM_Test,OSTECH,T,LCA,0.0,result,Kommunikations-Test fuer SR830 und OSTECH,,,
2026-09-15,10:49:26,792,KOM_Test,OSTECH,T,LVA,0.0,result,Kommunikations-Test fuer SR830 und OSTECH,,,
2026-09-15,10:49:26,808,KOM_Test,OSTECH,T,XTA,21.003074645996094,result,Kommunikations-Test fuer SR830 und OSTECH,,,
2026-09-15,10:49:26,841,KOM_Test,SR830,T,"SNAP 5,6,7,8,9","-0.00533333,0.00466667,-0.000333333,-0.001,1000",result,Kommunikations-Test fuer SR830 und OSTECH,,,
2026-09-15,10:49:26,846,KOM_Test,OSTECH,T,GT,28.3417911529541,result,Kommunikations-Test fuer SR830 und OSTECH,,,
2026-09-15,10:49:26,856,KOM_Test,SR830,T,PHAS,0,result,Kommunikations-Test fuer SR830 und OSTECH,,,
2026-09-15,10:49:26,867,KOM_Test,OSTECH,T,GS,"{'status_word': 3085, 'interlock_ok': True, 'driver_supply_ok': True, 'driver_temperature_ok': True, 'lt_sensor_ok': True, 'ct_sensor_ok': True, 'lc_on': False, 'lc_error': False}",result,Kommunikations-Test fuer SR830 und OSTECH,,,
2026-09-15,10:49:26,876,KOM_Test,SR830,T,FREQ,1000,result,Kommunikations-Test fuer SR830 und OSTECH,,,
2026-09-15,10:49:26,882,KOM_Test,OSTECH,T,LTM,25.0,result,Kommunikations-Test fuer SR830 und OSTECH,,,
2026-09-15,10:49:26,903,KOM_Test,OSTECH,T,LCA,0.0,result,Kommunikations-Test fuer SR830 und OSTECH,,,
2026-09-15,10:49:26,921,KOM_Test,OSTECH,T,LVA,0.0,result,Kommunikations-Test fuer SR830 und OSTECH,,,
2026-09-15,10:49:26,938,KOM_Test,OSTECH,T,XTA,20.998687744140625,result,Kommunikations-Test fuer SR830 und OSTECH,,,
2026-09-15,10:49:26,952,KOM_Test,OSTECH,T,GT,28.3417911529541,result,Kommunikations-Test fuer SR830 und OSTECH,,,
2026-09-15,10:49:26,968,KOM_Test,OSTECH,T,GS,"{'status_word': 3085, 'interlock_ok': True, 'driver_supply_ok': True, 'driver_temperature_ok': True, 'lt_sensor_ok': True, 'ct_sensor_ok': True, 'lc_on': False, 'lc_error': False}",result,Kommunikations-Test fuer SR830 und OSTECH,,,
2026-09-15,10:49:26,976,KOM_Test,OSTECH,T,LTM,25.0,result,Kommunikations-Test fuer SR830 und OSTECH,,,
2026-09-15,10:49:27,000,KOM_Test,SR830,T,"SNAP 1,2,3,4,10,11","0,-6.10356e-005,0,-90,0,-6.10356e-005",result,Kommunikations-Test fuer SR830 und OSTECH,,,
2026-09-15,10:49:27,004,KOM_Test,OSTECH,T,LCA,0.0,result,Kommunikations-Test fuer SR830 und OSTECH,,,
2026-09-15,10:49:27,026,KOM_Test,OSTECH,T,LVA,0.0,result,Kommunikations-Test fuer SR830 und OSTECH,,,
2026-09-15,10:49:27,043,KOM_Test,OSTECH,T,XTA,20.998687744140625,result,Kommunikations-Test fuer SR830 und OSTECH,,,
2026-09-15,10:49:27,058,KOM_Test,OSTECH,T,GT,28.3417911529541,result,Kommunikations-Test fuer SR830 und OSTECH,,,
2026-09-15,10:49:27,076,KOM_Test,OSTECH,T,GS,"{'status_word': 3085, 'interlock_ok': True, 'driver_supply_ok': True, 'driver_temperature_ok': True, 'lt_sensor_ok': True, 'ct_sensor_ok': True, 'lc_on': False, 'lc_error': False}",result,Kommunikations-Test fuer SR830 und OSTECH,,,
2026-09-15,10:49:27,090,KOM_Test,OSTECH,T,LTM,25.0,result,Kommunikations-Test fuer SR830 und OSTECH,,,
2026-09-15,10:49:27,106,KOM_Test,OSTECH,T,LCA,0.0,result,Kommunikations-Test fuer SR830 und OSTECH,,,
2026-09-15,10:49:27,127,KOM_Test,OSTECH,T,LVA,0.0,result,Kommunikations-Test fuer SR830 und OSTECH,,,
2026-09-15,10:49:27,134,KOM_Test,SR830,T,"SNAP 5,6,7,8,9","-0.00166667,0.00366667,0.000666667,0.000666667,1000",result,Kommunikations-Test fuer SR830 und OSTECH,,,
2026-09-15,10:49:27,150,KOM_Test,OSTECH,T,XTA,20.998687744140625,result,Kommunikations-Test fuer SR830 und OSTECH,,,
2026-09-15,10:49:27,150,KOM_Test,SR830,T,PHAS,0,result,Kommunikations-Test fuer SR830 und OSTECH,,,
2026-09-15,10:49:27,164,KOM_Test,OSTECH,T,GT,28.3417911529541,result,Kommunikations-Test fuer SR830 und OSTECH,,,
2026-09-15,10:49:27,179,KOM_Test,SR830,T,FREQ,1000,result,Kommunikations-Test fuer SR830 und OSTECH,,,
2026-09-15,10:49:27,185,KOM_Test,OSTECH,T,GS,"{'status_word': 3085, 'interlock_ok': True, 'driver_supply_ok': True, 'driver_temperature_ok': True, 'lt_sensor_ok': True, 'ct_sensor_ok': True, 'lc_on': False, 'lc_error': False}",result,Kommunikations-Test fuer SR830 und OSTECH,,,
2026-09-15,10:49:27,193,KOM_Test,OSTECH,T,LTM,25.0,result,Kommunikations-Test fuer SR830 und OSTECH,,,
2026-09-15,10:49:27,221,KOM_Test,OSTECH,T,LCA,0.0,result,Kommunikations-Test fuer SR830 und OSTECH,,,
2026-09-15,10:49:27,239,KOM_Test,OSTECH,T,LVA,0.0,result,Kommunikations-Test fuer SR830 und OSTECH,,,
2026-09-15,10:49:27,254,KOM_Test,OSTECH,T,XTA,20.998687744140625,result,Kommunikations-Test fuer SR830 und OSTECH,,,
2026-09-15,10:49:27,268,KOM_Test,OSTECH,T,GT,28.3417911529541,result,Kommunikations-Test fuer SR830 und OSTECH,,,
2026-09-15,10:49:27,285,KOM_Test,OSTECH,T,GS,"{'status_word': 3085, 'interlock_ok': True, 'driver_supply_ok': True, 'driver_temperature_ok': True, 'lt_sensor_ok': True, 'ct_sensor_ok': True, 'lc_on': False, 'lc_error': False}",result,Kommunikations-Test fuer SR830 und OSTECH,,,
2026-09-15,10:49:27,304,KOM_Test,OSTECH,T,LTM,25.0,result,Kommunikations-Test fuer SR830 und OSTECH,,,
2026-09-15,10:49:27,316,KOM_Test,SR830,T,"SNAP 1,2,3,4,10,11","0,-0.000122071,6.10356e-005,-90,0,-0.000122071",result,Kommunikations-Test fuer SR830 und OSTECH,,,
2026-09-15,10:49:27,320,KOM_Test,OSTECH,T,LCA,0.0,result,Kommunikations-Test fuer SR830 und OSTECH,,,
2026-09-15,10:49:27,335,KOM_Test,OSTECH,T,LVA,0.0,result,Kommunikations-Test fuer SR830 und OSTECH,,,
2026-09-15,10:49:27,351,KOM_Test,OSTECH,T,XTA,20.998687744140625,result,Kommunikations-Test fuer SR830 und OSTECH,,,
2026-09-15,10:49:27,369,KOM_Test,OSTECH,T,GT,28.3417911529541,result,Kommunikations-Test fuer SR830 und OSTECH,,,
2026-09-15,10:49:27,392,KOM_Test,OSTECH,T,GS,"{'status_word': 3085, 'interlock_ok': True, 'driver_supply_ok': True, 'driver_temperature_ok': True, 'lt_sensor_ok': True, 'ct_sensor_ok': True, 'lc_on': False, 'lc_error': False}",result,Kommunikations-Test fuer SR830 und OSTECH,,,
2026-09-15,10:49:27,421,KOM_Test,OSTECH,T,LTM,25.0,result,Kommunikations-Test fuer SR830 und OSTECH,,,
2026-09-15,10:49:27,438,KOM_Test,OSTECH,T,LCA,0.0,result,Kommunikations-Test fuer SR830 und OSTECH,,,
2026-09-15,10:49:27,439,KOM_Test,SR830,T,"SNAP 5,6,7,8,9","-0.000666667,0.005,-0.000333333,0.00566667,1000",result,Kommunikations-Test fuer SR830 und OSTECH,,,
2026-09-15,10:49:27,447,KOM_Test,OSTECH,T,LVA,0.0,result,Kommunikations-Test fuer SR830 und OSTECH,,,
2026-09-15,10:49:27,447,KOM_Test,SR830,T,PHAS,0,result,Kommunikations-Test fuer SR830 und OSTECH,,,
2026-09-15,10:49:27,476,KOM_Test,OSTECH,T,XTA,20.996353149414062,result,Kommunikations-Test fuer SR830 und OSTECH,,,
2026-09-15,10:49:27,479,KOM_Test,SR830,T,FREQ,1000,result,Kommunikations-Test fuer SR830 und OSTECH,,,
2026-09-15,10:49:27,503,KOM_Test,OSTECH,T,GT,28.3417911529541,result,Kommunikations-Test fuer SR830 und OSTECH,,,
2026-09-15,10:49:27,518,KOM_Test,OSTECH,T,GS,"{'status_word': 3085, 'interlock_ok': True, 'driver_supply_ok': True, 'driver_temperature_ok': True, 'lt_sensor_ok': True, 'ct_sensor_ok': True, 'lc_on': False, 'lc_error': False}",result,Kommunikations-Test fuer SR830 und OSTECH,,,
2026-09-15,10:49:27,537,KOM_Test,OSTECH,T,LTM,25.0,result,Kommunikations-Test fuer SR830 und OSTECH,,,
2026-09-15,10:49:27,553,KOM_Test,OSTECH,T,LCA,0.0,result,Kommunikations-Test fuer SR830 und OSTECH,,,
2026-09-15,10:49:27,573,KOM_Test,OSTECH,T,LVA,0.0,result,Kommunikations-Test fuer SR830 und OSTECH,,,
2026-09-15,10:49:27,589,KOM_Test,OSTECH,T,XTA,20.996353149414062,result,Kommunikations-Test fuer SR830 und OSTECH,,,
2026-09-15,10:49:27,605,KOM_Test,OSTECH,T,GT,28.3417911529541,result,Kommunikations-Test fuer SR830 und OSTECH,,,
2026-09-15,10:49:27,616,KOM_Test,SR830,T,"SNAP 1,2,3,4,10,11","0,-0.000122071,6.10356e-005,-90,0,-0.000122071",result,Kommunikations-Test fuer SR830 und OSTECH,,,
2026-09-15,10:49:27,619,KOM_Test,OSTECH,T,GS,"{'status_word': 3085, 'interlock_ok': True, 'driver_supply_ok': True, 'driver_temperature_ok': True, 'lt_sensor_ok': True, 'ct_sensor_ok': True, 'lc_on': False, 'lc_error': False}",result,Kommunikations-Test fuer SR830 und OSTECH,,,
2026-09-15,10:49:27,638,KOM_Test,OSTECH,T,LTM,25.0,result,Kommunikations-Test fuer SR830 und OSTECH,,,
2026-09-15,10:49:27,643,KOM_Test,OSTECH,T,LCA,0.0,result,Kommunikations-Test fuer SR830 und OSTECH,,,
2026-09-15,10:49:27,659,KOM_Test,OSTECH,T,LVA,0.0,result,Kommunikations-Test fuer SR830 und OSTECH,,,
2026-09-15,10:49:27,681,KOM_Test,OSTECH,T,XTA,20.996353149414062,result,Kommunikations-Test fuer SR830 und OSTECH,,,
2026-09-15,10:49:27,691,KOM_Test,OSTECH,T,GT,28.3417911529541,result,Kommunikations-Test fuer SR830 und OSTECH,,,
2026-09-15,10:49:27,707,KOM_Test,OSTECH,T,GS,"{'status_word': 3085, 'interlock_ok': True, 'driver_supply_ok': True, 'driver_temperature_ok': True, 'lt_sensor_ok': True, 'ct_sensor_ok': True, 'lc_on': False, 'lc_error': False}",result,Kommunikations-Test fuer SR830 und OSTECH,,,
2026-09-15,10:49:27,731,KOM_Test,SR830,T,"SNAP 5,6,7,8,9","-0.00366667,0.003,-0.002,-0.001,1000",result,Kommunikations-Test fuer SR830 und OSTECH,,,
2026-09-15,10:49:27,736,KOM_Test,OSTECH,T,LTM,25.0,result,Kommunikations-Test fuer SR830 und OSTECH,,,
2026-09-15,10:49:27,739,KOM_Test,SR830,T,PHAS,0,result,Kommunikations-Test fuer SR830 und OSTECH,,,
2026-09-15,10:49:27,754,KOM_Test,OSTECH,T,LCA,0.0,result,Kommunikations-Test fuer SR830 und OSTECH,,,
2026-09-15,10:49:27,770,KOM_Test,SR830,T,FREQ,1000,result,Kommunikations-Test fuer SR830 und OSTECH,,,
2026-09-15,10:49:27,782,KOM_Test,OSTECH,T,LVA,0.0,result,Kommunikations-Test fuer SR830 und OSTECH,,,
2026-09-15,10:49:27,786,KOM_Test,OSTECH,T,XTA,20.996353149414062,result,Kommunikations-Test fuer SR830 und OSTECH,,,
2026-09-15,10:49:27,802,KOM_Test,OSTECH,T,GT,28.3417911529541,result,Kommunikations-Test fuer SR830 und OSTECH,,,
2026-09-15,10:49:27,822,KOM_Test,OSTECH,T,GS,"{'status_word': 3085, 'interlock_ok': True, 'driver_supply_ok': True, 'driver_temperature_ok': True, 'lt_sensor_ok': True, 'ct_sensor_ok': True, 'lc_on': False, 'lc_error': False}",result,Kommunikations-Test fuer SR830 und OSTECH,,,
2026-09-15,10:49:27,848,KOM_Test,OSTECH,T,LTM,25.0,result,Kommunikations-Test fuer SR830 und OSTECH,,,
2026-09-15,10:49:27,862,KOM_Test,OSTECH,T,LCA,0.0,result,Kommunikations-Test fuer SR830 und OSTECH,,,
2026-09-15,10:49:27,889,KOM_Test,OSTECH,T,LVA,0.0,result,Kommunikations-Test fuer SR830 und OSTECH,,,
2026-09-15,10:49:27,900,KOM_Test,SR830,T,"SNAP 1,2,3,4,10,11","-6.10356e-005,0,0,135,-6.10356e-005,0",result,Kommunikations-Test fuer SR830 und OSTECH,,,
2026-09-15,10:49:27,905,KOM_Test,OSTECH,T,XTA,20.996353149414062,result,Kommunikations-Test fuer SR830 und OSTECH,,,
2026-09-15,10:49:27,918,KOM_Test,OSTECH,T,GT,28.3417911529541,result,Kommunikations-Test fuer SR830 und OSTECH,,,
2026-09-15,10:49:27,935,KOM_Test,OSTECH,T,GS,"{'status_word': 3085, 'interlock_ok': True, 'driver_supply_ok': True, 'driver_temperature_ok': True, 'lt_sensor_ok': True, 'ct_sensor_ok': True, 'lc_on': False, 'lc_error': False}",result,Kommunikations-Test fuer SR830 und OSTECH,,,
2026-09-15,10:49:27,951,KOM_Test,OSTECH,T,LTM,25.0,result,Kommunikations-Test fuer SR830 und OSTECH,,,
2026-09-15,10:49:27,967,KOM_Test,OSTECH,T,LCA,0.0,result,Kommunikations-Test fuer SR830 und OSTECH,,,
2026-09-15,10:49:27,989,KOM_Test,OSTECH,T,LVA,0.0,result,Kommunikations-Test fuer SR830 und OSTECH,,,
2026-09-15,10:49:28,018,KOM_Test,OSTECH,T,XTA,20.996353149414062,result,Kommunikations-Test fuer SR830 und OSTECH,,,
2026-09-15,10:49:28,020,KOM_Test,SR830,T,"SNAP 5,6,7,8,9","-0.00333333,0.00466667,-0.002,0.001,1000",result,Kommunikations-Test fuer SR830 und OSTECH,,,
2026-09-15,10:49:28,032,KOM_Test,OSTECH,T,GT,28.3417911529541,result,Kommunikations-Test fuer SR830 und OSTECH,,,
2026-09-15,10:49:28,039,KOM_Test,SR830,T,PHAS,0,result,Kommunikations-Test fuer SR830 und OSTECH,,,
2026-09-15,10:49:28,051,KOM_Test,OSTECH,T,GS,"{'status_word': 3085, 'interlock_ok': True, 'driver_supply_ok': True, 'driver_temperature_ok': True, 'lt_sensor_ok': True, 'ct_sensor_ok': True, 'lc_on': False, 'lc_error': False}",result,Kommunikations-Test fuer SR830 und OSTECH,,,
2026-09-15,10:49:28,060,KOM_Test,SR830,T,FREQ,1000,result,Kommunikations-Test fuer SR830 und OSTECH,,,
2026-09-15,10:49:28,070,KOM_Test,OSTECH,T,LTM,25.0,result,Kommunikations-Test fuer SR830 und OSTECH,,,
2026-09-15,10:49:28,083,KOM_Test,OSTECH,T,LCA,0.0,result,Kommunikations-Test fuer SR830 und OSTECH,,,
2026-09-15,10:49:28,092,KOM_Test,OSTECH,T,LVA,0.0,result,Kommunikations-Test fuer SR830 und OSTECH,,,
2026-09-15,10:49:28,126,KOM_Test,OSTECH,T,XTA,21.00139617919922,result,Kommunikations-Test fuer SR830 und OSTECH,,,
2026-09-15,10:49:28,139,KOM_Test,OSTECH,T,GT,28.3417911529541,result,Kommunikations-Test fuer SR830 und OSTECH,,,
2026-09-15,10:49:28,139,KOM_Test,SR830,T,"SNAP 1,2,3,4,10,11","0,0,0,45,0,0",result,Kommunikations-Test fuer SR830 und OSTECH,,,
2026-09-15,10:49:28,155,KOM_Test,OSTECH,T,GS,"{'status_word': 3085, 'interlock_ok': True, 'driver_supply_ok': True, 'driver_temperature_ok': True, 'lt_sensor_ok': True, 'ct_sensor_ok': True, 'lc_on': False, 'lc_error': False}",result,Kommunikations-Test fuer SR830 und OSTECH,,,
2026-09-15,10:49:28,170,KOM_Test,OSTECH,T,LTM,25.0,result,Kommunikations-Test fuer SR830 und OSTECH,,,
