Date,Time,Ms,Category,Tag,State,Message,Value,Info,AdditionalMessage,AdditionalValue,AdditionalInfo,Else
2026-09-15,11:05:02,031,KOM_Test,OSTECH,T,LCT,0.0,result,Kommunikations-Test fuer SR830 und OSTECH,,,
2026-09-15,11:05:02,053,KOM_Test,OSTECH,T,XTA,20.990501403808594,result,Kommunikations-Test fuer SR830 und OSTECH,,,
2026-09-15,11:05:02,071,KOM_Test,OSTECH,T,LVA,0.0,result,Kommunikations-Test fuer SR830 und OSTECH,,,
2026-09-15,11:05:02,094,KOM_Test,COMMAND,T,SR830 IDN,"SR830 ID: Stanford_Research_Systems,SR830,s/n46328,ver1.07",result,Kommunikations-Test fuer SR830 und OSTECH,,,
2026-09-15,11:05:02,101,KOM_Test,OSTECH,T,XTCA,93.0,result,Kommunikations-Test fuer SR830 und OSTECH,,,
2026-09-15,11:05:02,118,KOM_Test,COMMAND,T,OSTECH LCA,0.0,result,Kommunikations-Test fuer SR830 und OSTECH,,,
2026-09-15,11:05:02,132,KOM_Test,OSTECH,T,XTVA,0.19373954832553864,result,Kommunikations-Test fuer SR830 und OSTECH,,,
2026-09-15,11:05:02,141,KOM_Test,COMMAND,T,OSTECH XTT,21.0,result,Kommunikations-Test fuer SR830 und OSTECH,,,
2026-09-15,11:05:02,159,KOM_Test,COMMAND,T,OSTECH LTM,25.0,result,Kommunikations-Test fuer SR830 und OSTECH,,,
2026-09-15,11:05:02,168,KOM_Test,SR830,T,"SNAP 1,2,3,4,10,11","0,0,0,0,0,0",result,Kommunikations-Test fuer SR830 und OSTECH,,,
2026-09-15,11:05:02,171,KOM_Test,COMMAND,T,OSTECH GT,28.32450294494629,result,Kommunikations-Test fuer SR830 und OSTECH,,,
2026-09-15,11:05:02,182,KOM_Test,OSTECH,T,LCT,0.0,result,Kommunikations-Test fuer SR830 und OSTECH,,,
2026-09-15,11:05:02,192,KOM_Test,COMMAND,T,OSTECH GS,"{'status_word': 3085, 'interlock_ok': True, 'driver_supply_ok': True, 'driver_temperature_ok': True, 'lt_sensor_ok': True, 'ct_sensor_ok': True, 'lc_on': False, 'lc_error': False}",result,Kommunikations-Test fuer SR830 und OSTECH,,,
2026-09-15,11:05:02,202,KOM_Test,OSTECH,T,XTA,20.990501403808594,result,Kommunikations-Test fuer SR830 und OSTECH,,,
2026-09-15,11:05:02,221,KOM_Test,COMMAND,T,OSTECH GVN,8661,result,Kommunikations-Test fuer SR830 und OSTECH,,,
2026-09-15,11:05:02,235,KOM_Test,OSTECH,T,LVA,0.0,result,Kommunikations-Test fuer SR830 und OSTECH,,,
2026-09-15,11:05:02,265,KOM_Test,OSTECH,T,XTCA,93.0,result,Kommunikations-Test fuer SR830 und OSTECH,,,
2026-09-15,11:05:02,273,KOM_Test,SR830,T,"SNAP 5,6,7,8,9","-0.002,0.00633333,0.001,0.00266667,1000",result,Kommunikations-Test fuer SR830 und OSTECH,,,
2026-09-15,11:05:02,281,KOM_Test,OSTECH,T,XTVA,0.19373954832553864,result,Kommunikations-Test fuer SR830 und OSTECH,,,
2026-09-15,11:05:02,291,KOM_Test,SR830,T,PHAS,0,result,Kommunikations-Test fuer SR830 und OSTECH,,,
2026-09-15,11:05:02,297,KOM_Test,OSTECH,T,LCT,0.0,result,Kommunikations-Test fuer SR830 und OSTECH,,,
2026-09-15,11:05:02,311,KOM_Test,OSTECH,T,XTA,20.990501403808594,result,Kommunikations-Test fuer SR830 und OSTECH,,,
2026-09-15,11:05:02,318,KOM_Test,SR830,T,FREQ,1000,result,Kommunikations-Test fuer SR830 und OSTECH,,,
2026-09-15,11:05:02,328,KOM_Test,OSTECH,T,LVA,0.0,result,Kommunikations-Test fuer SR830 und OSTECH,,,
2026-09-15,11:05:02,341,KOM_Test,OSTECH,T,XTCA,93.0,result,Kommunikations-Test fuer SR830 und OSTECH,,,
2026-09-15,11:05:02,365,KOM_Test,OSTECH,T,XTVA,0.19373954832553864,result,Kommunikations-Test fuer SR830 und OSTECH,,,
2026-09-15,11:05:02,392,KOM_Test,OSTECH,T,LCT,0.0,result,Kommunikations-Test fuer SR830 und OSTECH,,,
2026-09-15,11:05:02,406,KOM_Test,SR830,T,"SNAP 1,2,3,4,10,11","0,0,0,0,0,0",result,Kommunikations-Test fuer SR830 und OSTECH,,,
2026-09-15,11:05:02,421,KOM_Test,OSTECH,T,XTA,20.995201110839844,result,Kommunikations-Test fuer SR830 und OSTECH,,,
2026-09-15,11:05:02,441,KOM_Test,OSTECH,T,LVA,0.0,result,Kommunikations-Test fuer SR830 und OSTECH,,,
2026-09-15,11:05:02,461,KOM_Test,OSTECH,T,XTCA,93.0,result,Kommunikations-Test fuer SR830 und OSTECH,,,
2026-09-15,11:05:02,471,KOM_Test,OSTECH,T,XTVA,0.19373954832553864,result,Kommunikations-Test fuer SR830 und OSTECH,,,
2026-09-15,11:05:02,492,KOM_Test,OSTECH,T,LCT,0.0,result,Kommunikations-Test fuer SR830 und OSTECH,,,
2026-09-15,11:05:02,511,KOM_Test,OSTECH,T,XTA,20.995201110839844,result,Kommunikations-Test fuer SR830 und OSTECH,,,
2026-09-15,11:05:02,521,KOM_Test,SR830,T,"SNAP 5,6,7,8,9","-0.00333333,0.003,0.000666667,-0.001,1000",result,Kommunikations-Test fuer SR830 und OSTECH,,,
2026-09-15,11:05:02,521,KOM_Test,OSTECH,T,LVA,0.0,result,Kommunikations-Test fuer SR830 und OSTECH,,,
2026-09-15,11:05:02,542,KOM_Test,SR830,T,PHAS,0,result,Kommunikations-Test fuer SR830 und OSTECH,,,
2026-09-15,11:05:02,548,KOM_Test,OSTECH,T,XTCA,93.0,result,Kommunikations-Test fuer SR830 und OSTECH,,,
2026-09-15,11:05:02,564,KOM_Test,OSTECH,T,XTVA,0.19373954832553864,result,Kommunikations-Test fuer SR830 und OSTECH,,,
2026-09-15,11:05:02,568,KOM_Test,SR830,T,FREQ,1000,result,Kommunikations-Test fuer SR830 und OSTECH,,,
2026-09-15,11:05:02,581,KOM_Test,OSTECH,T,LCT,0.0,result,Kommunikations-Test fuer SR830 und OSTECH,,,
2026-09-15,11:05:02,606,KOM_Test,OSTECH,T,XTA,20.995201110839844,result,Kommunikations-Test fuer SR830 und OSTECH,,,
2026-09-15,11:05:02,618,KOM_Test,OSTECH,T,LVA,0.0,result,Kommunikations-Test fuer SR830 und OSTECH,,,
2026-09-15,11:05:02,641,KOM_Test,OSTECH,T,XTCA,84.0,result,Kommunikations-Test fuer SR830 und OSTECH,,,
2026-09-15,11:05:02,659,KOM_Test,SR830,T,"SNAP 1,2,3,4,10,11","0,0,0,0,0,0",result,Kommunikations-Test fuer SR830 und OSTECH,,,
2026-09-15,11:05:02,662,KOM_Test,OSTECH,T,XTVA,0.2072220891714096,result,Kommunikations-Test fuer SR830 und OSTECH,,,
2026-09-15,11:05:02,681,KOM_Test,OSTECH,T,LCT,0.0,result,Kommunikations-Test fuer SR830 und OSTECH,,,
2026-09-15,11:05:02,697,KOM_Test,OSTECH,T,XTA,20.995201110839844,result,Kommunikations-Test fuer SR830 und OSTECH,,,
2026-09-15,11:05:02,711,KOM_Test,OSTECH,T,LVA,0.0,result,Kommunikations-Test fuer SR830 und OSTECH,,,
2026-09-15,11:05:02,731,KOM_Test,OSTECH,T,XTCA,84.0,result,Kommunikations-Test fuer SR830 und OSTECH,,,
2026-09-15,11:05:02,747,KOM_Test,OSTECH,T,XTVA,0.2072220891714096,result,Kommunikations-Test fuer SR830 und OSTECH,,,
2026-09-15,11:05:02,761,KOM_Test,OSTECH,T,LCT,0.0,result,Kommunikations-Test fuer SR830 und OSTECH,,,
2026-09-15,11:05:02,782,KOM_Test,SR830,T,"SNAP 5,6,7,8,9","-0.00166667,0.00666667,0.000666667,-0.004,1000",result,Kommunikations-Test fuer SR830 und OSTECH,,,
2026-09-15,11:05:02,782,KOM_Test,OSTECH,T,XTA,20.995201110839844,result,Kommunikations-Test fuer SR830 und OSTECH,,,
2026-09-15,11:05:02,797,KOM_Test,SR830,T,PHAS,0,result,Kommunikations-Test fuer SR830 und OSTECH,,,
2026-09-15,11:05:02,797,KOM_Test,OSTECH,T,LVA,0.0,result,Kommunikations-Test fuer SR830 und OSTECH,,,
2026-09-15,11:05:02,815,KOM_Test,OSTECH,T,XTCA,84.0,result,Kommunikations-Test fuer SR830 und OSTECH,,,
2026-09-15,11:05:02,820,KOM_Test,SR830,T,FREQ,1000,result,Kommunikations-Test fuer SR830 und OSTECH,,,
2026-09-15,11:05:02,832,KOM_Test,OSTECH,T,XTVA,0.2072220891714096,result,Kommunikations-Test fuer SR830 und OSTECH,,,
2026-09-15,11:05:02,848,KOM_Test,OSTECH,T,LCT,0.0,result,Kommunikations-Test fuer SR830 und OSTECH,,,
2026-09-15,11:05:02,861,KOM_Test,OSTECH,T,XTA,20.995201110839844,result,Kommunikations-Test fuer SR830 und OSTECH,,,
2026-09-15,11:05:02,871,KOM_Test,OSTECH,T,LVA,0.0,result,Kommunikations-Test fuer SR830 und OSTECH,,,
2026-09-15,11:05:02,898,KOM_Test,OSTECH,T,XTCA,84.0,result,Kommunikations-Test fuer SR830 und OSTECH,,,
2026-09-15,11:05:02,905,KOM_Test,SR830,T,"SNAP 1,2,3,4,10,11","0,0,0,0,0,0",result,Kommunikations-Test fuer SR830 und OSTECH,,,
2026-09-15,11:05:02,925,KOM_Test,OSTECH,T,XTVA,0.2072220891714096,result,Kommunikations-Test fuer SR830 und OSTECH,,,
2026-09-15,11:05:02,948,KOM_Test,OSTECH,T,LCT,0.0,result,Kommunikations-Test fuer SR830 und OSTECH,,,
2026-09-15,11:05:02,975,KOM_Test,OSTECH,T,XTA,20.991058349609375,result,Kommunikations-Test fuer SR830 und OSTECH,,,
2026-09-15,11:05:02,991,KOM_Test,OSTECH,T,LVA,0.0,result,Kommunikations-Test fuer SR830 und OSTECH,,,
2026-09-15,11:05:03,011,KOM_Test,OSTECH,T,XTCA,84.0,result,Kommunikations-Test fuer SR830 und OSTECH,,,
2026-09-15,11:05:03,021,KOM_Test,SR830,T,"SNAP 5,6,7,8,9","-0.000666667,0.005,-0.002,-0.00233333,1000",result,Kommunikations-Test fuer SR830 und OSTECH,,,
2026-09-15,11:05:03,028,KOM_Test,OSTECH,T,XTVA,0.2072220891714096,result,Kommunikations-Test fuer SR830 und OSTECH,,,
2026-09-15,11:05:03,042,KOM_Test,SR830,T,PHAS,0,result,Kommunikations-Test fuer SR830 und OSTECH,,,
2026-09-15,11:05:03,042,KOM_Test,OSTECH,T,LCT,0.0,result,Kommunikations-Test fuer SR830 und OSTECH,,,
2026-09-15,11:05:03,064,KOM_Test,OSTECH,T,XTA,20.991058349609375,result,Kommunikations-Test fuer SR830 und OSTECH,,,
2026-09-15,11:05:03,068,KOM_Test,SR830,T,FREQ,1000,result,Kommunikations-Test fuer SR830 und OSTECH,,,
2026-09-15,11:05:03,079,KOM_Test,OSTECH,T,LVA,0.0,result,Kommunikations-Test fuer SR830 und OSTECH,,,
2026-09-15,11:05:03,102,KOM_Test,OSTECH,T,XTCA,84.0,result,Kommunikations-Test fuer SR830 und OSTECH,,,
2026-09-15,11:05:03,119,KOM_Test,OSTECH,T,XTVA,0.2072220891714096,result,Kommunikations-Test fuer SR830 und OSTECH,,,
2026-09-15,11:05:03,133,KOM_Test,OSTECH,T,LCT,0.0,result,Kommunikations-Test fuer SR830 und OSTECH,,,
2026-09-15,11:05:03,141,KOM_Test,SR830,T,"SNAP 1,2,3,4,10,11","0,0,0,0,0,0",result,Kommunikations-Test fuer SR830 und OSTECH,,,
2026-09-15,11:05:03,161,KOM_Test,OSTECH,T,XTA,20.991058349609375,result,Kommunikations-Test fuer SR830 und OSTECH,,,
2026-09-15,11:05:03,181,KOM_Test,OSTECH,T,LVA,0.0,result,Kommunikations-Test fuer SR830 und OSTECH,,,
2026-09-15,11:05:03,191,KOM_Test,OSTECH,T,XTCA,84.0,result,Kommunikations-Test fuer SR830 und OSTECH,,,
2026-09-15,11:05:03,211,KOM_Test,OSTECH,T,XTVA,0.2072220891714096,result,Kommunikations-Test fuer SR830 und OSTECH,,,
2026-09-15,11:05:03,221,KOM_Test,OSTECH,T,LCT,0.0,result,Kommunikations-Test fuer SR830 und OSTECH,,,
2026-09-15,11:05:03,248,KOM_Test,OSTECH,T,XTA,20.991058349609375,result,Kommunikations-Test fuer SR830 und OSTECH,,,
2026-09-15,11:05:03,255,KOM_Test,SR830,T,"SNAP 5,6,7,8,9","-0.000666667,0.00466667,-0.002,0.002,1000",result,Kommunikations-Test fuer SR830 und OSTECH,,,
2026-09-15,11:05:03,261,KOM_Test,OSTECH,T,LVA,0.0,result,Kommunikations-Test fuer SR830 und OSTECH,,,
2026-09-15,11:05:03,275,KOM_Test,OSTECH,T,XTCA,84.0,result,Kommunikations-Test fuer SR830 und OSTECH,,,
2026-09-15,11:05:03,291,KOM_Test,OSTECH,T,XTVA,0.2072220891714096,result,Kommunikations-Test fuer SR830 und OSTECH,,,
2026-09-15,11:05:03,311,KOM_Test,OSTECH,T,LCT,0.0,result,Kommunikations-Test fuer SR830 und OSTECH,,,
2026-09-15,11:05:03,324,KOM_Test,COMMAND,T,SR830 IDN,"SR830 ID: Stanford_Research_Systems,SR830,s/n46328,ver1.07",result,Kommunikations-Test fuer SR830 und OSTECH,,,
2026-09-15,11:05:03,336,KOM_Test,OSTECH,T,XTA,20.991058349609375,result,Kommunikations-Test fuer SR830 und OSTECH,,,
2026-09-15,11:05:03,337,KOM_Test,SR830,T,PHAS,0,result,Kommunikations-Test fuer SR830 und OSTECH,,,
2026-09-15,11:05:03,348,KOM_Test,COMMAND,T,OSTECH LCA,0.0,result,Kommunikations-Test fuer SR830 und OSTECH,,,
2026-09-15,11:05:03,352,KOM_Test,SR830,T,FREQ,1000,result,Kommunikations-Test fuer SR830 und OSTECH,,,
2026-09-15,11:05:03,361,KOM_Test,OSTECH,T,LVA,0.0,result,Kommunikations-Test fuer SR830 und OSTECH,,,
2026-09-15,11:05:03,375,KOM_Test,COMMAND,T,OSTECH XTT,21.0,result,Kommunikations-Test fuer SR830 und OSTECH,,,
2026-09-15,11:05:03,388,KOM_Test,COMMAND,T,OSTECH LTM,25.0,result,Kommunikations-Test fuer SR830 und OSTECH,,,
2026-09-15,11:05:03,407,KOM_Test,OSTECH,T,XTCA,84.0,result,Kommunikations-Test fuer SR830 und OSTECH,,,
2026-09-15,11:05:03,423,KOM_Test,COMMAND,T,OSTECH GT,28.32450294494629,result,Kommunikations-Test fuer SR830 und OSTECH,,,
2026-09-15,11:05:03,427,KOM_Test,OSTECH,T,XTVA,0.2072220891714096,result,Kommunikations-Test fuer SR830 und OSTECH,,,
2026-09-15,11:05:03,473,KOM_Test,SR830,T,"SNAP 1,2,3,4,10,11","0,0,0,0,0,0",result,Kommunikations-Test fuer SR830 und OSTECH,,,
2026-09-15,11:05:03,476,KOM_Test,COMMAND,T,OSTECH GS,"{'status_word': 3085, 'interlock_ok': True, 'driver_supply_ok': True, 'driver_temperature_ok': True, 'lt_sensor_ok': True, 'ct_sensor_ok': True, 'lc_on': False, 'lc_error': False}",result,Kommunikations-Test fuer SR830 und OSTECH,,,
2026-09-15,11:05:03,481,KOM_Test,COMMAND,T,OSTECH GVN,8661,result,Kommunikations-Test fuer SR830 und OSTECH,,,
2026-09-15,11:05:03,482,KOM_Test,OSTECH,T,LCT,0.0,result,Kommunikations-Test fuer SR830 und OSTECH,,,
2026-09-15,11:05:03,483,KOM_Test,OSTECH,T,XTA,20.991058349609375,result,Kommunikations-Test fuer SR830 und OSTECH,,,
2026-09-15,11:05:03,505,KOM_Test,OSTECH,T,LVA,0.0,result,Kommunikations-Test fuer SR830 und OSTECH,,,
2026-09-15,11:05:03,526,KOM_Test,OSTECH,T,XTCA,84.0,result,Kommunikations-Test fuer SR830 und OSTECH,,,
2026-09-15,11:05:03,541,KOM_Test,OSTECH,T,XTVA,0.2072220891714096,result,Kommunikations-Test fuer SR830 und OSTECH,,,
2026-09-15,11:05:03,541,KOM_Test,SR830,T,"SNAP 5,6,7,8,9","-0.002,0.00666667,0.00233333,-0.001,1000",result,Kommunikations-Test fuer SR830 und OSTECH,,,
2026-09-15,11:05:03,561,KOM_Test,SR830,T,PHAS,0,result,Kommunikations-Test fuer SR830 und OSTECH,,,
2026-09-15,11:05:03,563,KOM_Test,OSTECH,T,LCT,0.0,result,Kommunikations-Test fuer SR830 und OSTECH,,,
2026-09-15,11:05:03,577,KOM_Test,OSTECH,T,XTA,20.991058349609375,result,Kommunikations-Test fuer SR830 und OSTECH,,,
2026-09-15,11:05:03,582,KOM_Test,SR830,T,FREQ,1000,result,Kommunikations-Test fuer SR830 und OSTECH,,,
2026-09-15,11:05:03,593,KOM_Test,OSTECH,T,LVA,0.0,result,Kommunikations-Test fuer SR830 und OSTECH,,,
2026-09-15,11:05:03,611,KOM_Test,OSTECH,T,XTCA,84.0,result,Kommunikations-Test fuer SR830 und OSTECH,,,
2026-09-15,11:05:03,629,KOM_Test,OSTECH,T,XTVA,0.2072220891714096,result,Kommunikations-Test fuer SR830 und OSTECH,,,
2026-09-15,11:05:03,645,KOM_Test,OSTECH,T,LCT,0.0,result,Kommunikations-Test fuer SR830 und OSTECH,,,
2026-09-15,11:05:03,653,KOM_Test,OSTECH,T,XTA,20.991058349609375,result,Kommunikations-Test fuer SR830 und OSTECH,,,
2026-09-15,11:05:03,671,KOM_Test,SR830,T,"SNAP 1,2,3,4,10,11","0,0,0,0,0,0",result,Kommunikations-Test fuer SR830 und OSTECH,,,
2026-09-15,11:05:03,678,KOM_Test,OSTECH,T,LVA,0.0,result,Kommunikations-Test fuer SR830 und OSTECH,,,
2026-09-15,11:05:03,706,KOM_Test,OSTECH,T,XTCA,84.0,result,Kommunikations-Test fuer SR830 und OSTECH,,,
2026-09-15,11:05:03,721,KOM_Test,OSTECH,T,XTVA,0.2072220891714096,result,Kommunikations-Test fuer SR830 und OSTECH,,,
2026-09-15,11:05:03,742,KOM_Test,OSTECH,T,LCT,0.0,result,Kommunikations-Test fuer SR830 und OSTECH,,,
2026-09-15,11:05:03,761,KOM_Test,OSTECH,T,XTA,20.996681213378906,result,Kommunikations-Test fuer SR830 und OSTECH,,,
2026-09-15,11:05:03,771,KOM_Test,OSTECH,T,LVA,0.0,result,Kommunikations-Test fuer SR830 und OSTECH,,,
2026-09-15,11:05:03,791,KOM_Test,OSTECH,T,XTCA,84.0,result,Kommunikations-Test fuer SR830 und OSTECH,,,
2026-09-15,11:05:03,803,KOM_Test,SR830,T,"SNAP 5,6,7,8,9","-0.000333333,0.00633333,-0.000333333,-0.000666667,1000",result,Kommunikations-Test fuer SR830 und OSTECH,,,
2026-09-15,11:05:03,810,KOM_Test,OSTECH,T,XTVA,0.2072220891714096,result,Kommunikations-Test fuer SR830 und OSTECH,,,
2026-09-15,11:05:03,824,KOM_Test,SR830,T,PHAS,0,result,Kommunikations-Test fuer SR830 und OSTECH,,,
2026-09-15,11:05:03,824,KOM_Test,OSTECH,T,LCT,0.0,result,Kommunikations-Test fuer SR830 und OSTECH,,,
2026-09-15,11:05:03,841,KOM_Test,OSTECH,T,XTA,20.996681213378906,result,Kommunikations-Test fuer SR830 und OSTECH,,,
2026-09-15,11:05:03,848,KOM_Test,SR830,T,FREQ,1000,result,Kommunikations-Test fuer SR830 und OSTECH,,,
2026-09-15,11:05:03,852,KOM_Test,OSTECH,T,LVA,0.0,result,Kommunikations-Test fuer SR830 und OSTECH,,,
2026-09-15,11:05:03,881,KOM_Test,OSTECH,T,XTCA,84.0,result,Kommunikations-Test fuer SR830 und OSTECH,,,
2026-09-15,11:05:03,891,KOM_Test,OSTECH,T,XTVA,0.2072220891714096,result,Kommunikations-Test fuer SR830 und OSTECH,,,
2026-09-15,11:05:03,911,KOM_Test,OSTECH,T,LCT,0.0,result,Kommunikations-Test fuer SR830 und OSTECH,,,
2026-09-15,11:05:03,921,KOM_Test,OSTECH,T,XTA,20.996681213378906,result,Kommunikations-Test fuer SR830 und OSTECH,,,
2026-09-15,11:05:03,937,KOM_Test,SR830,T,"SNAP 1,2,3,4,10,11","0,0,0,0,0,0",result,Kommunikations-Test fuer SR830 und OSTECH,,,
2026-09-15,11:05:03,944,KOM_Test,OSTECH,T,LVA,0.0,result,Kommunikations-Test fuer SR830 und OSTECH,,,
2026-09-15,11:05:03,964,KOM_Test,OSTECH,T,XTCA,84.0,result,Kommunikations-Test fuer SR830 und OSTECH,,,
2026-09-15,11:05:03,974,KOM_Test,OSTECH,T,XTVA,0.2072220891714096,result,Kommunikations-Test fuer SR830 und OSTECH,,,
2026-09-15,11:05:03,995,KOM_Test,OSTECH,T,LCT,0.0,result,Kommunikations-Test fuer SR830 und OSTECH,,,
2026-09-15,11:05:04,011,KOM_Test,OSTECH,T,XTA,20.996681213378906,result,Kommunikations-Test fuer SR830 und OSTECH,,,
2026-09-15,11:05:04,021,KOM_Test,OSTECH,T,LVA,0.0,result,Kommunikations-Test fuer SR830 und OSTECH,,,
2026-09-15,11:05:04,048,KOM_Test,OSTECH,T,XTCA,84.0,result,Kommunikations-Test fuer SR830 und OSTECH,,,
2026-09-15,11:05:04,065,KOM_Test,SR830,T,"SNAP 5,6,7,8,9","-0.000333333,0.00766667,0.000666667,-0.002,1000",result,Kommunikations-Test fuer SR830 und OSTECH,,,
2026-09-15,11:05:04,075,KOM_Test,SR830,T,PHAS,0,result,Kommunikations-Test fuer SR830 und OSTECH,,,
2026-09-15,11:05:04,075,KOM_Test,OSTECH,T,XTVA,0.2072220891714096,result,Kommunikations-Test fuer SR830 und OSTECH,,,
2026-09-15,11:05:04,091,KOM_Test,OSTECH,T,LCT,0.0,result,Kommunikations-Test fuer SR830 und OSTECH,,,
2026-09-15,11:05:04,099,KOM_Test,SR830,T,FREQ,1000,result,Kommunikations-Test fuer SR830 und OSTECH,,,
2026-09-15,11:05:04,111,KOM_Test,OSTECH,T,XTA,20.99207305908203,result,Kommunikations-Test fuer SR830 und OSTECH,,,
2026-09-15,11:05:04,122,KOM_Test,OSTECH,T,LVA,0.0,result,Kommunikations-Test fuer SR830 und OSTECH,,,
2026-09-15,11:05:04,141,KOM_Test,OSTECH,T,XTCA,84.0,result,Kommunikations-Test fuer SR830 und OSTECH,,,
2026-09-15,11:05:04,161,KOM_Test,OSTECH,T,XTVA,0.2072220891714096,result,Kommunikations-Test fuer SR830 und OSTECH,,,
2026-09-15,11:05:04,172,KOM_Test,OSTECH,T,LCT,0.0,result,Kommunikations-Test fuer SR830 und OSTECH,,,
2026-09-15,11:05:04,185,KOM_Test,SR830,T,"SNAP 1,2,3,4,10,11","0,0,0,0,0,0",result,Kommunikations-Test fuer SR830 und OSTECH,,,
2026-09-15,11:05:04,191,KOM_Test,OSTECH,T,XTA,20.99207305908203,result,Kommunikations-Test fuer SR830 und OSTECH,,,
2026-09-15,11:05:04,211,KOM_Test,OSTECH,T,LVA,0.0,result,Kommunikations-Test fuer SR830 und OSTECH,,,
2026-09-15,11:05:04,223,KOM_Test,OSTECH,T,XTCA,84.0,result,Kommunikations-Test fuer SR830 und OSTECH,,,
2026-09-15,11:05:04,251,KOM_Test,OSTECH,T,XTVA,0.2072220891714096,result,Kommunikations-Test fuer SR830 und OSTECH,,,
2026-09-15,11:05:04,274,KOM_Test,OSTECH,T,LCT,0.0,result,Kommunikations-Test fuer SR830 und OSTECH,,,
2026-09-15,11:05:04,291,KOM_Test,OSTECH,T,XTA,20.99207305908203,result,Kommunikations-Test fuer SR830 und OSTECH,,,
2026-09-15,11:05:04,311,KOM_Test,OSTECH,T,LVA,0.0,result,Kommunikations-Test fuer SR830 und OSTECH,,,
2026-09-15,11:05:04,311,KOM_Test,SR830,T,"SNAP 5,6,7,8,9","-0.00466667,0.00466667,-0.002,0.000666667,1000",result,Kommunikations-Test fuer SR830 und OSTECH,,,
2026-09-15,11:05:04,324,KOM_Test,SR830,T,PHAS,0,result,Kommunikations-Test fuer SR830 und OSTECH,,,
2026-09-15,11:05:04,324,KOM_Test,OSTECH,T,XTCA,84.0,result,Kommunikations-Test fuer SR830 und OSTECH,,,
2026-09-15,11:05:04,345,KOM_Test,OSTECH,T,XTVA,0.2072220891714096,result,Kommunikations-Test fuer SR830 und OSTECH,,,
2026-09-15,11:05:04,351,KOM_Test,SR830,T,FREQ,1000,result,Kommunikations-Test fuer SR830 und OSTECH,,,
2026-09-15,11:05:04,361,KOM_Test,OSTECH,T,LCT,0.0,result,Kommunikations-Test fuer SR830 und OSTECH,,,
2026-09-15,11:05:04,374,KOM_Test,OSTECH,T,XTA,20.99207305908203,result,Kommunikations-Test fuer SR830 und OSTECH,,,
2026-09-15,11:05:04,391,KOM_Test,OSTECH,T,LVA,0.0,result,Kommunikations-Test fuer SR830 und OSTECH,,,
2026-09-15,11:05:04,411,KOM_Test,OSTECH,T,XTCA,84.0,result,Kommunikations-Test fuer SR830 und OSTECH,,,
2026-09-15,11:05:04,436,KOM_Test,OSTECH,T,XTVA,0.2072220891714096,result,Kommunikations-Test fuer SR830 und OSTECH,,,
2026-09-15,11:05:04,441,KOM_Test,SR830,T,"SNAP 1,2,3,4,10,11","0,0,0,0,0,0",result,Kommunikations-Test fuer SR830 und OSTECH,,,
2026-09-15,11:05:04,461,KOM_Test,OSTECH,T,LCT,0.0,result,Kommunikations-Test fuer SR830 und OSTECH,,,
2026-09-15,11:05:04,474,KOM_Test,OSTECH,T,XTA,20.99207305908203,result,Kommunikations-Test fuer SR830 und OSTECH,,,
2026-09-15,11:05:04,493,KOM_Test,OSTECH,T,LVA,0.0,result,Kommunikations-Test fuer SR830 und OSTECH,,,
2026-09-15,11:05:04,513,KOM_Test,OSTECH,T,XTCA,84.0,result,Kommunikations-Test fuer SR830 und OSTECH,,,
2026-09-15,11:05:04,525,KOM_Test,OSTECH,T,XTVA,0.2072220891714096,result,Kommunikations-Test fuer SR830 und OSTECH,,,
2026-09-15,11:05:04,541,KOM_Test,OSTECH,T,LCT,0.0,result,Kommunikations-Test fuer SR830 und OSTECH,,,
2026-09-15,11:05:04,561,KOM_Test,OSTECH,T,XTA,20.99207305908203,result,Kommunikations-Test fuer SR830 und OSTECH,,,
2026-09-15,11:05:04,571,KOM_Test,SR830,T,"SNAP 5,6,7,8,9","-0.000666667,0.00666667,-0.000333333,0.00666667,1000",result,Kommunikations-Test fuer SR830 und OSTECH,,,
2026-09-15,11:05:04,576,KOM_Test,OSTECH,T,LVA,0.0,result,Kommunikations-Test fuer SR830 und OSTECH,,,
2026-09-15,11:05:04,591,KOM_Test,OSTECH,T,XTCA,84.0,result,Kommunikations-Test fuer SR830 und OSTECH,,,
2026-09-15,11:05:04,621,KOM_Test,OSTECH,T,XTVA,0.2072220891714096,result,Kommunikations-Test fuer SR830 und OSTECH,,,
2026-09-15,11:05:04,632,KOM_Test,COMMAND,T,SR830 IDN,"SR830 ID: Stanford_Research_Systems,SR830,s/n46328,ver1.07",result,Kommunikations-Test fuer SR830 und OSTECH,,,
2026-09-15,11:05:04,643,KOM_Test,OSTECH,T,LCT,0.0,result,Kommunikations-Test fuer SR830 und OSTECH,,,
2026-09-15,11:05:04,653,KOM_Test,SR830,T,PHAS,0,result,Kommunikations-Test fuer SR830 und OSTECH,,,
2026-09-15,11:05:04,656,KOM_Test,COMMAND,T,OSTECH LCA,0.0,result,Kommunikations-Test fuer SR830 und OSTECH,,,
2026-09-15,11:05:04,670,KOM_Test,COMMAND,T,OSTECH XTT,21.0,result,Kommunikations-Test fuer SR830 und OSTECH,,,
2026-09-15,11:05:04,682,KOM_Test,COMMAND,T,OSTECH LTM,25.0,result,Kommunikations-Test fuer SR830 und OSTECH,,,
2026-09-15,11:05:04,682,KOM_Test,SR830,T,FREQ,1000,result,Kommunikations-Test fuer SR830 und OSTECH,,,
2026-09-15,11:05:04,691,KOM_Test,COMMAND,T,OSTECH GT,28.32450294494629,result,Kommunikations-Test fuer SR830 und OSTECH,,,
2026-09-15,11:05:04,701,KOM_Test,COMMAND,T,OSTECH GS,"{'status_word': 3085, 'interlock_ok': True, 'driver_supply_ok': True, 'driver_temperature_ok': True, 'lt_sensor_ok': True, 'ct_sensor_ok': True, 'lc_on': False, 'lc_error': False}",result,Kommunikations-Test fuer SR830 und OSTECH,,,
2026-09-15,11:05:04,711,KOM_Test,COMMAND,T,OSTECH GVN,8661,result,Kommunikations-Test fuer SR830 und OSTECH,,,
2026-09-15,11:05:04,726,KOM_Test,OSTECH,T,XTA,20.992294311523438,result,Kommunikations-Test fuer SR830 und OSTECH,,,
2026-09-15,11:05:04,741,KOM_Test,OSTECH,T,LVA,0.0,result,Kommunikations-Test fuer SR830 und OSTECH,,,
2026-09-15,11:05:04,761,KOM_Test,OSTECH,T,XTCA,84.0,result,Kommunikations-Test fuer SR830 und OSTECH,,,
2026-09-15,11:05:04,771,KOM_Test,SR830,T,"SNAP 1,2,3,4,10,11","0,0,0,0,0,0",result,Kommunikations-Test fuer SR830 und OSTECH,,,
2026-09-15,11:05:04,777,KOM_Test,OSTECH,T,XTVA,0.2072220891714096,result,Kommunikations-Test fuer SR830 und OSTECH,,,
2026-09-15,11:05:04,801,KOM_Test,OSTECH,T,LCT,0.0,result,Kommunikations-Test fuer SR830 und OSTECH,,,
2026-09-15,11:05:04,826,KOM_Test,OSTECH,T,XTA,20.992294311523438,result,Kommunikations-Test fuer SR830 und OSTECH,,,
2026-09-15,11:05:04,842,KOM_Test,OSTECH,T,LVA,0.0,result,Kommunikations-Test fuer SR830 und OSTECH,,,
2026-09-15,11:05:04,861,KOM_Test,OSTECH,T,XTCA,85.0,result,Kommunikations-Test fuer SR830 und OSTECH,,,
2026-09-15,11:05:04,877,KOM_Test,OSTECH,T,XTVA,0.2011132836341858,result,Kommunikations-Test fuer SR830 und OSTECH,,,
2026-09-15,11:05:04,891,KOM_Test,OSTECH,T,LCT,0.0,result,Kommunikations-Test fuer SR830 und OSTECH,,,
2026-09-15,11:05:04,904,KOM_Test,SR830,T,"SNAP 5,6,7,8,9","-0.00166667,0.00633333,-0.000666667,-0.000666667,1000",result,Kommunikations-Test fuer SR830 und OSTECH,,,
2026-09-15,11:05:04,912,KOM_Test,OSTECH,T,XTA,20.992294311523438,result,Kommunikations-Test fuer SR830 und OSTECH,,,
2026-09-15,11:05:04,927,KOM_Test,SR830,T,PHAS,0,result,Kommunikations-Test fuer SR830 und OSTECH,,,
2026-09-15,11:05:04,927,KOM_Test,OSTECH,T,LVA,0.0,result,Kommunikations-Test fuer SR830 und OSTECH,,,
2026-09-15,11:05:04,941,KOM_Test,OSTECH,T,XTCA,85.0,result,Kommunikations-Test fuer SR830 und OSTECH,,,
2026-09-15,11:05:04,952,KOM_Test,SR830,T,FREQ,1000,result,Kommunikations-Test fuer SR830 und OSTECH,,,
2026-09-15,11:05:04,961,KOM_Test,OSTECH,T,XTVA,0.2011132836341858,result,Kommunikations-Test fuer SR830 und OSTECH,,,
2026-09-15,11:05:04,982,KOM_Test,OSTECH,T,LCT,0.0,result,Kommunikations-Test fuer SR830 und OSTECH,,,
2026-09-15,11:05:05,011,KOM_Test,OSTECH,T,XTA,20.992294311523438,result,Kommunikations-Test fuer SR830 und OSTECH,,,
2026-09-15,11:05:05,021,KOM_Test,OSTECH,T,LVA,0.0,result,Kommunikations-Test fuer SR830 und OSTECH,,,
2026-09-15,11:05:05,034,KOM_Test,SR830,T,"SNAP 1,2,3,4,10,11","0,0,0,0,0,0",result,Kommunikations-Test fuer SR830 und OSTECH,,,
2026-09-15,11:05:05,045,KOM_Test,OSTECH,T,XTCA,85.0,result,Kommunikations-Test fuer SR830 und OSTECH,,,
2026-09-15,11:05:05,061,KOM_Test,OSTECH,T,XTVA,0.2011132836341858,result,Kommunikations-Test fuer SR830 und OSTECH,,,
2026-09-15,11:05:05,071,KOM_Test,OSTECH,T,LCT,0.0,result,Kommunikations-Test fuer SR830 und OSTECH,,,
2026-09-15,11:05:05,093,KOM_Test,OSTECH,T,XTA,20.992294311523438,result,Kommunikations-Test fuer SR830 und OSTECH,,,
2026-09-15,11:05:05,111,KOM_Test,OSTECH,T,LVA,0.0,result,Kommunikations-Test fuer SR830 und OSTECH,,,
2026-09-15,11:05:05,128,KOM_Test,OSTECH,T,XTCA,85.0,result,Kommunikations-Test fuer SR830 und OSTECH,,,
2026-09-15,11:05:05,141,KOM_Test,OSTECH,T,XTVA,0.2011132836341858,result,Kommunikations-Test fuer SR830 und OSTECH,,,
2026-09-15,11:05:05,172,KOM_Test,OSTECH,T,LCT,0.0,result,Kommunikations-Test fuer SR830 und OSTECH,,,
2026-09-15,11:05:05,173,KOM_Test,SR830,T,"SNAP 5,6,7,8,9","-0.000333333,0.00633333,-0.000333333,0.000666667,1000",result,Kommunikations-Test fuer SR830 und OSTECH,,,
2026-09-15,11:05:05,193,KOM_Test,SR830,T,PHAS,0,result,Kommunikations-Test fuer SR830 und OSTECH,,,
2026-09-15,11:05:05,195,KOM_Test,OSTECH,T,XTA,20.994766235351562,result,Kommunikations-Test fuer SR830 und OSTECH,,,
2026-09-15,11:05:05,206,KOM_Test,OSTECH,T,LVA,0.0,result,Kommunikations-Test fuer SR830 und OSTECH,,,
2026-09-15,11:05:05,214,KOM_Test,SR830,T,FREQ,1000,result,Kommunikations-Test fuer SR830 und OSTECH,,,
2026-09-15,11:05:05,229,KOM_Test,OSTECH,T,XTCA,85.0,result,Kommunikations-Test fuer SR830 und OSTECH,,,
2026-09-15,11:05:05,241,KOM_Test,OSTECH,T,XTVA,0.2011132836341858,result,Kommunikations-Test fuer SR830 und OSTECH,,,
2026-09-15,11:05:05,261,KOM_Test,OSTECH,T,LCT,0.0,result,Kommunikations-Test fuer SR830 und OSTECH,,,
2026-09-15,11:05:05,271,KOM_Test,OSTECH,T,XTA,20.994766235351562,result,Kommunikations-Test fuer SR830 und OSTECH,,,
2026-09-15,11:05:05,291,KOM_Test,SR830,T,"SNAP 1,2,3,4,10,11","0,0,0,0,0,0",result,Kommunikations-Test fuer SR830 und OSTECH,,,
2026-09-15,11:05:05,293,KOM_Test,OSTECH,T,LVA,0.0,result,Kommunikations-Test fuer SR830 und OSTECH,,,
2026-09-15,11:05:05,311,KOM_Test,OSTECH,T,XTCA,85.0,result,Kommunikations-Test fuer SR830 und OSTECH,,,
2026-09-15,11:05:05,329,KOM_Test,OSTECH,T,XTVA,0.2011132836341858,result,Kommunikations-Test fuer SR830 und OSTECH,,,
2026-09-15,11:05:05,352,KOM_Test,OSTECH,T,LCT,0.0,result,Kommunikations-Test fuer SR830 und OSTECH,,,
2026-09-15,11:05:05,374,KOM_Test,OSTECH,T,XTA,20.994766235351562,result,Kommunikations-Test fuer SR830 und OSTECH,,,
2026-09-15,11:05:05,391,KOM_Test,OSTECH,T,LVA,0.0,result,Kommunikations-Test fuer SR830 und OSTECH,,,
2026-09-15,11:05:05,414,KOM_Test,OSTECH,T,XTCA,85.0,result,Kommunikations-Test fuer SR830 und OSTECH,,,
2026-09-15,11:05:05,421,KOM_Test,SR830,T,"SNAP 5,6,7,8,9","-0.00333333,0.00633333,0.000666667,0.000666667,1000",result,Kommunikations-Test fuer SR830 und OSTECH,,,
2026-09-15,11:05:05,430,KOM_Test,OSTECH,T,XTVA,0.2011132836341858,result,Kommunikations-Test fuer SR830 und OSTECH,,,
2026-09-15,11:05:05,441,KOM_Test,SR830,T,PHAS,0,result,Kommunikations-Test fuer SR830 und OSTECH,,,
2026-09-15,11:05:05,441,KOM_Test,OSTECH,T,LCT,0.0,result,Kommunikations-Test fuer SR830 und OSTECH,,,
2026-09-15,11:05:05,461,KOM_Test,OSTECH,T,XTA,20.994766235351562,result,Kommunikations-Test fuer SR830 und OSTECH,,,
2026-09-15,11:05:05,466,KOM_Test,SR830,T,FREQ,1000,result,Kommunikations-Test fuer SR830 und OSTECH,,,
2026-09-15,11:05:05,471,KOM_Test,OSTECH,T,LVA,0.0,result,Kommunikations-Test fuer SR830 und OSTECH,,,
2026-09-15,11:05:05,491,KOM_Test,OSTECH,T,XTCA,85.0,result,Kommunikations-Test fuer SR830 und OSTECH,,,
2026-09-15,11:05:05,511,KOM_Test,OSTECH,T,XTVA,0.2011132836341858,result,Kommunikations-Test fuer SR830 und OSTECH,,,
2026-09-15,11:05:05,534,KOM_Test,OSTECH,T,LCT,0.0,result,Kommunikations-Test fuer SR830 und OSTECH,,,
2026-09-15,11:05:05,551,KOM_Test,SR830,T,"SNAP 1,2,3,4,10,11","0,0,0,0,0,0",result,Kommunikations-Test fuer SR830 und OSTECH,,,
2026-09-15,11:05:05,561,KOM_Test,OSTECH,T,XTA,20.994766235351562,result,Kommunikations-Test fuer SR830 und OSTECH,,,
2026-09-15,11:05:05,574,KOM_Test,OSTECH,T,LVA,0.0,result,Kommunikations-Test fuer SR830 und OSTECH,,,
2026-09-15,11:05:05,591,KOM_Test,OSTECH,T,XTCA,85.0,result,Kommunikations-Test fuer SR830 und OSTECH,,,
2026-09-15,11:05:05,627,KOM_Test,OSTECH,T,XTVA,0.2011132836341858,result,Kommunikations-Test fuer SR830 und OSTECH,,,
2026-09-15,11:05:05,644,KOM_Test,OSTECH,T,LCT,0.0,result,Kommunikations-Test fuer SR830 und OSTECH,,,
2026-09-15,11:05:05,667,KOM_Test,OSTECH,T,XTA,20.994766235351562,result,Kommunikations-Test fuer SR830 und OSTECH,,,
2026-09-15,11:05:05,668,KOM_Test,OSTECH,T,LVA,0.0,result,Kommunikations-Test fuer SR830 und OSTECH,,,
2026-09-15,11:05:05,676,KOM_Test,SR830,T,"SNAP 5,6,7,8,9","-0.00166667,0.00633333,0.000666667,0.000666667,1000",result,Kommunikations-Test fuer SR830 und OSTECH,,,
2026-09-15,11:05:05,683,KOM_Test,OSTECH,T,XTCA,85.0,result,Kommunikations-Test fuer SR830 und OSTECH,,,
2026-09-15,11:05:05,698,KOM_Test,SR830,T,PHAS,0,result,Kommunikations-Test fuer SR830 und OSTECH,,,
2026-09-15,11:05:05,699,KOM_Test,OSTECH,T,XTVA,0.2011132836341858,result,Kommunikations-Test fuer SR830 und OSTECH,,,
2026-09-15,11:05:05,723,KOM_Test,SR830,T,FREQ,1000,result,Kommunikations-Test fuer SR830 und OSTECH,,,
2026-09-15,11:05:05,723,KOM_Test,OSTECH,T,LCT,0.0,result,Kommunikations-Test fuer SR830 und OSTECH,,,
2026-09-15,11:05:05,746,KOM_Test,OSTECH,T,XTA,20.99431610107422,result,Kommunikations-Test fuer SR830 und OSTECH,,,
2026-09-15,11:05:05,761,KOM_Test,OSTECH,T,LVA,0.0,result,Kommunikations-Test fuer SR830 und OSTECH,,,
2026-09-15,11:05:05,771,KOM_Test,OSTECH,T,XTCA,85.0,result,Kommunikations-Test fuer SR830 und OSTECH,,,
2026-09-15,11:05:05,791,KOM_Test,COMMAND,T,SR830 IDN,"SR830 ID: Stanford_Research_Systems,SR830,s/n46328,ver1.07",result,Kommunikations-Test fuer SR830 und OSTECH,,,
2026-09-15,11:05:05,795,KOM_Test,OSTECH,T,XTVA,0.2011132836341858,result,Kommunikations-Test fuer SR830 und OSTECH,,,
2026-09-15,11:05:05,808,KOM_Test,COMMAND,T,OSTECH LCA,0.0,result,Kommunikations-Test fuer SR830 und OSTECH,,,
2026-09-15,11:05:05,821,KOM_Test,OSTECH,T,LCT,0.0,result,Kommunikations-Test fuer SR830 und OSTECH,,,
2026-09-15,11:05:05,835,KOM_Test,COMMAND,T,OSTECH XTT,21.0,result,Kommunikations-Test fuer SR830 und OSTECH,,,
2026-09-15,11:05:05,848,KOM_Test,OSTECH,T,XTA,20.99431610107422,result,Kommunikations-Test fuer SR830 und OSTECH,,,
2026-09-15,11:05:05,861,KOM_Test,COMMAND,T,OSTECH LTM,25.0,result,Kommunikations-Test fuer SR830 und OSTECH,,,
2026-09-15,11:05:05,865,KOM_Test,SR830,T,"SNAP 1,2,3,4,10,11","0,0,0,0,0,0",result,Kommunikations-Test fuer SR830 und OSTECH,,,
2026-09-15,11:05:05,871,KOM_Test,COMMAND,T,OSTECH GT,28.32450294494629,result,Kommunikations-Test fuer SR830 und OSTECH,,,
2026-09-15,11:05:05,886,KOM_Test,OSTECH,T,LVA,0.0,result,Kommunikations-Test fuer SR830 und OSTECH,,,
2026-09-15,11:05:05,911,KOM_Test,COMMAND,T,OSTECH GS,"{'status_word': 3085, 'interlock_ok': True, 'driver_supply_ok': True, 'driver_temperature_ok': True, 'lt_sensor_ok': True, 'ct_sensor_ok': True, 'lc_on': False, 'lc_error': False}",result,Kommunikations-Test fuer SR830 und OSTECH,,,
2026-09-15,11:05:05,921,KOM_Test,OSTECH,T,XTCA,85.0,result,Kommunikations-Test fuer SR830 und OSTECH,,,
2026-09-15,11:05:05,935,KOM_Test,COMMAND,T,OSTECH GVN,8661,result,Kommunikations-Test fuer SR830 und OSTECH,,,
2026-09-15,11:05:05,950,KOM_Test,OSTECH,T,XTVA,0.2011132836341858,result,Kommunikations-Test fuer SR830 und OSTECH,,,
2026-09-15,11:05:05,965,KOM_Test,OSTECH,T,LCT,0.0,result,Kommunikations-Test fuer SR830 und OSTECH,,,
2026-09-15,11:05:05,981,KOM_Test,OSTECH,T,XTA,20.99431610107422,result,Kommunikations-Test fuer SR830 und OSTECH,,,
2026-09-15,11:05:05,992,KOM_Test,OSTECH,T,LVA,0.0,result,Kommunikations-Test fuer SR830 und OSTECH,,,
2026-09-15,11:05:06,000,KOM_Test,SR830,T,"SNAP 5,6,7,8,9","-0.00166667,0.00633333,-0.000333333,-0.00233333,1000",result,Kommunikations-Test fuer SR830 und OSTECH,,,
2026-09-15,11:05:06,011,KOM_Test,SR830,T,PHAS,0,result,Kommunikations-Test fuer SR830 und OSTECH,,,
2026-09-15,11:05:06,016,KOM_Test,OSTECH,T,XTCA,85.0,result,Kommunikations-Test fuer SR830 und OSTECH,,,
2026-09-15,11:05:06,035,KOM_Test,SR830,T,FREQ,1000,result,Kommunikations-Test fuer SR830 und OSTECH,,,
2026-09-15,11:05:06,046,KOM_Test,OSTECH,T,XTVA,0.2011132836341858,result,Kommunikations-Test fuer SR830 und OSTECH,,,
2026-09-15,11:05:06,061,KOM_Test,OSTECH,T,LCT,0.0,result,Kommunikations-Test fuer SR830 und OSTECH,,,
2026-09-15,11:05:06,084,KOM_Test,OSTECH,T,XTA,20.99431610107422,result,Kommunikations-Test fuer SR830 und OSTECH,,,
2026-09-15,11:05:06,111,KOM_Test,OSTECH,T,LVA,0.0,result,Kommunikations-Test fuer SR830 und OSTECH,,,
2026-09-15,11:05:06,121,KOM_Test,SR830,T,"SNAP 1,2,3,4,10,11","0,0,0,0,0,0",result,Kommunikations-Test fuer SR830 und OSTECH,,,
2026-09-15,11:05:06,131,KOM_Test,OSTECH,T,XTCA,85.0,result,Kommunikations-Test fuer SR830 und OSTECH,,,
2026-09-15,11:05:06,149,KOM_Test,OSTECH,T,XTVA,0.2011132836341858,result,Kommunikations-Test fuer SR830 und OSTECH,,,
2026-09-15,11:05:06,161,KOM_Test,OSTECH,T,LCT,0.0,result,Kommunikations-Test fuer SR830 und OSTECH,,,
2026-09-15,11:05:06,181,KOM_Test,OSTECH,T,XTA,20.99431610107422,result,Kommunikations-Test fuer SR830 und OSTECH,,,
2026-09-15,11:05:06,191,KOM_Test,OSTECH,T,LVA,0.0,result,Kommunikations-Test fuer SR830 und OSTECH,,,
2026-09-15,11:05:06,211,KOM_Test,OSTECH,T,XTCA,85.0,result,Kommunikations-Test fuer SR830 und OSTECH,,,
2026-09-15,11:05:06,223,KOM_Test,OSTECH,T,XTVA,0.2011132836341858,result,Kommunikations-Test fuer SR830 und OSTECH,,,
2026-09-15,11:05:06,241,KOM_Test,SR830,T,"SNAP 5,6,7,8,9","-0.002,0.00633333,-0.000333333,0.002,1000",result,Kommunikations-Test fuer SR830 und OSTECH,,,
2026-09-15,11:05:06,246,KOM_Test,OSTECH,T,LCT,0.0,result,Kommunikations-Test fuer SR830 und OSTECH,,,
2026-09-15,11:05:06,261,KOM_Test,SR830,T,PHAS,0,result,Kommunikations-Test fuer SR830 und OSTECH,,,
2026-09-15,11:05:06,271,KOM_Test,OSTECH,T,XTA,20.993186950683594,result,Kommunikations-Test fuer SR830 und OSTECH,,,
2026-09-15,11:05:06,283,KOM_Test,SR830,T,FREQ,1000,result,Kommunikations-Test fuer SR830 und OSTECH,,,
2026-09-15,11:05:06,294,KOM_Test,OSTECH,T,LVA,0.0,result,Kommunikations-Test fuer SR830 und OSTECH,,,
2026-09-15,11:05:06,311,KOM_Test,OSTECH,T,XTCA,85.0,result,Kommunikations-Test fuer SR830 und OSTECH,,,
2026-09-15,11:05:06,321,KOM_Test,OSTECH,T,XTVA,0.2011132836341858,result,Kommunikations-Test fuer SR830 und OSTECH,,,
2026-09-15,11:05:06,346,KOM_Test,OSTECH,T,LCT,0.0,result,Kommunikations-Test fuer SR830 und OSTECH,,,
2026-09-15,11:05:06,361,KOM_Test,OSTECH,T,XTA,20.993186950683594,result,Kommunikations-Test fuer SR830 und OSTECH,,,
2026-09-15,11:05:06,371,KOM_Test,SR830,T,"SNAP 1,2,3,4,10,11","0,0,0,0,0,0",result,Kommunikations-Test fuer SR830 und OSTECH,,,
2026-09-15,11:05:06,379,KOM_Test,OSTECH,T,LVA,0.0,result,Kommunikations-Test fuer SR830 und OSTECH,,,
2026-09-15,11:05:06,399,KOM_Test,OSTECH,T,XTCA,85.0,result,Kommunikations-Test fuer SR830 und OSTECH,,,
2026-09-15,11:05:06,416,KOM_Test,OSTECH,T,XTVA,0.2011132836341858,result,Kommunikations-Test fuer SR830 und OSTECH,,,
2026-09-15,11:05:06,431,KOM_Test,OSTECH,T,LCT,0.0,result,Kommunikations-Test fuer SR830 und OSTECH,,,
2026-09-15,11:05:06,451,KOM_Test,OSTECH,T,XTA,20.993186950683594,result,Kommunikations-Test fuer SR830 und OSTECH,,,
2026-09-15,11:05:06,474,KOM_Test,OSTECH,T,LVA,0.0,result,Kommunikations-Test fuer SR830 und OSTECH,,,
2026-09-15,11:05:06,499,KOM_Test,OSTECH,T,XTCA,85.0,result,Kommunikations-Test fuer SR830 und OSTECH,,,
2026-09-15,11:05:06,507,KOM_Test,SR830,T,"SNAP 5,6,7,8,9","-0.00333333,0.00633333,-0.000666667,0.000666667,1000",result,Kommunikations-Test fuer SR830 und OSTECH,,,
2026-09-15,11:05:06,513,KOM_Test,OSTECH,T,XTVA,0.2011132836341858,result,Kommunikations-Test fuer SR830 und OSTECH,,,
2026-09-15,11:05:06,535,KOM_Test,SR830,T,PHAS,0,result,Kommunikations-Test fuer SR830 und OSTECH,,,
2026-09-15,11:05:06,535,KOM_Test,OSTECH,T,LCT,0.0,result,Kommunikations-Test fuer SR830 und OSTECH,,,
2026-09-15,11:05:06,561,KOM_Test,OSTECH,T,XTA,20.993186950683594,result,Kommunikations-Test fuer SR830 und OSTECH,,,
2026-09-15,11:05:06,569,KOM_Test,SR830,T,FREQ,1000,result,Kommunikations-Test fuer SR830 und OSTECH,,,
2026-09-15,11:05:06,572,KOM_Test,OSTECH,T,LVA,0.0,result,Kommunikations-Test fuer SR830 und OSTECH,,,
2026-09-15,11:05:06,591,KOM_Test,OSTECH,T,XTCA,85.0,result,Kommunikations-Test fuer SR830 und OSTECH,,,
2026-09-15,11:05:06,611,KOM_Test,OSTECH,T,XTVA,0.2011132836341858,result,Kommunikations-Test fuer SR830 und OSTECH,,,
2026-09-15,11:05:06,634,KOM_Test,OSTECH,T,LCT,0.0,result,Kommunikations-Test fuer SR830 und OSTECH,,,
2026-09-15,11:05:06,658,KOM_Test,SR830,T,"SNAP 1,2,3,4,10,11","0,0,0,0,0,0",result,Kommunikations-Test fuer SR830 und OSTECH,,,
2026-09-15,11:05:06,671,KOM_Test,OSTECH,T,XTA,20.993186950683594,result,Kommunikations-Test fuer SR830 und OSTECH,,,
2026-09-15,11:05:06,696,KOM_Test,OSTECH,T,LVA,0.0,result,Kommunikations-Test fuer SR830 und OSTECH,,,
2026-09-15,11:05:06,711,KOM_Test,OSTECH,T,XTCA,85.0,result,Kommunikations-Test fuer SR830 und OSTECH,,,
2026-09-15,11:05:06,724,KOM_Test,OSTECH,T,XTVA,0.2011132836341858,result,Kommunikations-Test fuer SR830 und OSTECH,,,
2026-09-15,11:05:06,741,KOM_Test,OSTECH,T,LCT,0.0,result,Kommunikations-Test fuer SR830 und OSTECH,,,
2026-09-15,11:05:06,761,KOM_Test,OSTECH,T,XTA,20.993186950683594,result,Kommunikations-Test fuer SR830 und OSTECH,,,
2026-09-15,11:05:06,771,KOM_Test,OSTECH,T,LVA,0.0,result,Kommunikations-Test fuer SR830 und OSTECH,,,
2026-09-15,11:05:06,785,KOM_Test,SR830,T,"SNAP 5,6,7,8,9","-0.00166667,0.00366667,-0.000666667,-0.000666667,1000",result,Kommunikations-Test fuer SR830 und OSTECH,,,
2026-09-15,11:05:06,799,KOM_Test,OSTECH,T,XTCA,85.0,result,Kommunikations-Test fuer SR830 und OSTECH,,,
2026-09-15,11:05:06,811,KOM_Test,SR830,T,PHAS,0,result,Kommunikations-Test fuer SR830 und OSTECH,,,
2026-09-15,11:05:06,821,KOM_Test,OSTECH,T,XTVA,0.2011132836341858,result,Kommunikations-Test fuer SR830 und OSTECH,,,
2026-09-15,11:05:06,835,KOM_Test,SR830,T,FREQ,1000,result,Kommunikations-Test fuer SR830 und OSTECH,,,
2026-09-15,11:05:06,841,KOM_Test,OSTECH,T,LCT,0.0,result,Kommunikations-Test fuer SR830 und OSTECH,,,
2026-09-15,11:05:06,861,KOM_Test,OSTECH,T,XTA,20.99083709716797,result,Kommunikations-Test fuer SR830 und OSTECH,,,
2026-09-15,11:05:06,872,KOM_Test,OSTECH,T,LVA,0.0,result,Kommunikations-Test fuer SR830 und OSTECH,,,
2026-09-15,11:05:06,891,KOM_Test,OSTECH,T,XTCA,85.0,result,Kommunikations-Test fuer SR830 und OSTECH,,,
2026-09-15,11:05:06,911,KOM_Test,OSTECH,T,XTVA,0.2011132836341858,result,Kommunikations-Test fuer SR830 und OSTECH,,,
2026-09-15,11:05:06,923,KOM_Test,SR830,T,"SNAP 1,2,3,4,10,11","0,0,0,0,0,0",result,Kommunikations-Test fuer SR830 und OSTECH,,,
2026-09-15,11:05:06,929,KOM_Test,OSTECH,T,LCT,0.0,result,Kommunikations-Test fuer SR830 und OSTECH,,,
2026-09-15,11:05:06,942,KOM_Test,OSTECH,T,XTA,20.99083709716797,result,Kommunikations-Test fuer SR830 und OSTECH,,,
2026-09-15,11:05:06,961,KOM_Test,OSTECH,T,LVA,0.0,result,Kommunikations-Test fuer SR830 und OSTECH,,,
2026-09-15,11:05:06,982,KOM_Test,OSTECH,T,XTCA,85.0,result,Kommunikations-Test fuer SR830 und OSTECH,,,
2026-09-15,11:05:07,007,KOM_Test,OSTECH,T,XTVA,0.19462348520755768,result,Kommunikations-Test fuer SR830 und OSTECH,,,
2026-09-15,11:05:07,021,KOM_Test,OSTECH,T,LCT,0.0,result,Kommunikations-Test fuer SR830 und OSTECH,,,
2026-09-15,11:05:07,041,KOM_Test,SR830,T,"SNAP 5,6,7,8,9","-0.00333333,0.005,-0.000333333,-0.000666667,1000",result,Kommunikations-Test fuer SR830 und OSTECH,,,
2026-09-15,11:05:07,047,KOM_Test,OSTECH,T,XTA,20.99083709716797,result,Kommunikations-Test fuer SR830 und OSTECH,,,
2026-09-15,11:05:07,061,KOM_Test,OSTECH,T,LVA,0.0,result,Kommunikations-Test fuer SR830 und OSTECH,,,
2026-09-15,11:05:07,081,KOM_Test,OSTECH,T,XTCA,87.0,result,Kommunikations-Test fuer SR830 und OSTECH,,,
2026-09-15,11:05:07,091,KOM_Test,OSTECH,T,XTVA,0.19462348520755768,result,Kommunikations-Test fuer SR830 und OSTECH,,,
2026-09-15,11:05:07,108,KOM_Test,COMMAND,T,SR830 IDN,"SR830 ID: Stanford_Research_Systems,SR830,s/n46328,ver1.07",result,Kommunikations-Test fuer SR830 und OSTECH,,,
2026-09-15,11:05:07,112,KOM_Test,OSTECH,T,LCT,0.0,result,Kommunikations-Test fuer SR830 und OSTECH,,,
2026-09-15,11:05:07,121,KOM_Test,SR830,T,PHAS,0,result,Kommunikations-Test fuer SR830 und OSTECH,,,
2026-09-15,11:05:07,126,KOM_Test,COMMAND,T,OSTECH LCA,0.0,result,Kommunikations-Test fuer SR830 und OSTECH,,,
2026-09-15,11:05:07,139,KOM_Test,OSTECH,T,XTA,20.99083709716797,result,Kommunikations-Test fuer SR830 und OSTECH,,,
2026-09-15,11:05:07,151,KOM_Test,SR830,T,FREQ,1000,result,Kommunikations-Test fuer SR830 und OSTECH,,,
2026-09-15,11:05:07,151,KOM_Test,COMMAND,T,OSTECH XTT,21.0,result,Kommunikations-Test fuer SR830 und OSTECH,,,
2026-09-15,11:05:07,166,KOM_Test,OSTECH,T,LVA,0.0,result,Kommunikations-Test fuer SR830 und OSTECH,,,
2026-09-15,11:05:07,187,KOM_Test,COMMAND,T,OSTECH LTM,25.0,result,Kommunikations-Test fuer SR830 und OSTECH,,,
2026-09-15,11:05:07,191,KOM_Test,COMMAND,T,OSTECH GT,28.32271385192871,result,Kommunikations-Test fuer SR830 und OSTECH,,,
2026-09-15,11:05:07,207,KOM_Test,COMMAND,T,OSTECH GS,"{'status_word': 3085, 'interlock_ok': True, 'driver_supply_ok': True, 'driver_temperature_ok': True, 'lt_sensor_ok': True, 'ct_sensor_ok': True, 'lc_on': False, 'lc_error': False}",result,Kommunikations-Test fuer SR830 und OSTECH,,,
2026-09-15,11:05:07,218,KOM_Test,COMMAND,T,OSTECH GVN,8661,result,Kommunikations-Test fuer SR830 und OSTECH,,,
2026-09-15,11:05:07,232,KOM_Test,OSTECH,T,XTCA,87.0,result,Kommunikations-Test fuer SR830 und OSTECH,,,
2026-09-15,11:05:07,239,KOM_Test,SR830,T,"SNAP 1,2,3,4,10,11","0,0,0,0,0,0",result,Kommunikations-Test fuer SR830 und OSTECH,,,
2026-09-15,11:05:07,247,KOM_Test,OSTECH,T,XTVA,0.19462348520755768,result,Kommunikations-Test fuer SR830 und OSTECH,,,
2026-09-15,11:05:07,271,KOM_Test,OSTECH,T,LCT,0.0,result,Kommunikations-Test fuer SR830 und OSTECH,,,
2026-09-15,11:05:07,291,KOM_Test,OSTECH,T,XTA,20.99083709716797,result,Kommunikations-Test fuer SR830 und OSTECH,,,
2026-09-15,11:05:07,310,KOM_Test,OSTECH,T,LVA,0.0,result,Kommunikations-Test fuer SR830 und OSTECH,,,
2026-09-15,11:05:07,332,KOM_Test,OSTECH,T,XTCA,87.0,result,Kommunikations-Test fuer SR830 und OSTECH,,,
2026-09-15,11:05:07,341,KOM_Test,OSTECH,T,XTVA,0.19462348520755768,result,Kommunikations-Test fuer SR830 und OSTECH,,,
2026-09-15,11:05:07,357,KOM_Test,SR830,T,"SNAP 5,6,7,8,9","-0.00333333,0.005,0.000666667,-0.000666667,1000",result,Kommunikations-Test fuer SR830 und OSTECH,,,
2026-09-15,11:05:07,371,KOM_Test,OSTECH,T,LCT,0.0,result,Kommunikations-Test fuer SR830 und OSTECH,,,
2026-09-15,11:05:07,380,KOM_Test,SR830,T,PHAS,0,result,Kommunikations-Test fuer SR830 und OSTECH,,,
2026-09-15,11:05:07,392,KOM_Test,OSTECH,T,XTA,20.995201110839844,result,Kommunikations-Test fuer SR830 und OSTECH,,,
2026-09-15,11:05:07,402,KOM_Test,SR830,T,FREQ,1000,result,Kommunikations-Test fuer SR830 und OSTECH,,,
2026-09-15,11:05:07,411,KOM_Test,OSTECH,T,LVA,0.0,result,Kommunikations-Test fuer SR830 und OSTECH,,,
2026-09-15,11:05:07,431,KOM_Test,OSTECH,T,XTCA,87.0,result,Kommunikations-Test fuer SR830 und OSTECH,,,
2026-09-15,11:05:07,442,KOM_Test,OSTECH,T,XTVA,0.19462348520755768,result,Kommunikations-Test fuer SR830 und OSTECH,,,
2026-09-15,11:05:07,463,KOM_Test,OSTECH,T,LCT,0.0,result,Kommunikations-Test fuer SR830 und OSTECH,,,
2026-09-15,11:05:07,481,KOM_Test,OSTECH,T,XTA,20.995201110839844,result,Kommunikations-Test fuer SR830 und OSTECH,,,
2026-09-15,11:05:07,490,KOM_Test,SR830,T,"SNAP 1,2,3,4,10,11","0,0,0,0,0,0",result,Kommunikations-Test fuer SR830 und OSTECH,,,
2026-09-15,11:05:08,291,KOM_Test,OSTECH,T,LVA,0.0,result,Kommunikations-Test fuer SR830 und OSTECH,,,
2026-09-15,11:05:08,291,KOM_Test,OSTECH,T,XTCA,87.0,result,Kommunikations-Test fuer SR830 und OSTECH,,,
2026-09-15,11:05:08,291,KOM_Test,OSTECH,T,XTVA,0.19462348520755768,result,Kommunikations-Test fuer SR830 und OSTECH,,,
2026-09-15,11:05:08,298,KOM_Test,OSTECH,T,LCT,0.0,result,Kommunikations-Test fuer SR830 und OSTECH,,,
2026-09-15,11:05:08,299,KOM_Test,OSTECH,T,XTA,20.995201110839844,result,Kommunikations-Test fuer SR830 und OSTECH,,,
2026-09-15,11:05:08,301,KOM_Test,OSTECH,T,LVA,0.0,result,Kommunikations-Test fuer SR830 und OSTECH,,,
2026-09-15,11:05:08,302,KOM_Test,SR830,T,"SNAP 5,6,7,8,9","-0.00366667,0.003,-0.002,-0.000666667,1000",result,Kommunikations-Test fuer SR830 und OSTECH,,,
2026-09-15,11:05:08,303,KOM_Test,OSTECH,T,XTCA,87.0,result,Kommunikations-Test fuer SR830 und OSTECH,,,
2026-09-15,11:05:08,304,KOM_Test,SR830,T,PHAS,0,result,Kommunikations-Test fuer SR830 und OSTECH,,,
2026-09-15,11:05:08,305,KOM_Test,OSTECH,T,XTVA,0.19462348520755768,result,Kommunikations-Test fuer SR830 und OSTECH,,,
2026-09-15,11:05:08,305,KOM_Test,OSTECH,T,LCT,0.0,result,Kommunikations-Test fuer SR830 und OSTECH,,,
2026-09-15,11:05:08,306,KOM_Test,SR830,T,FREQ,1000,result,Kommunikations-Test fuer SR830 und OSTECH,,,
2026-09-15,11:05:08,306,KOM_Test,OSTECH,T,XTA,20.995201110839844,result,Kommunikations-Test fuer SR830 und OSTECH,,,
2026-09-15,11:05:08,307,KOM_Test,OSTECH,T,LVA,0.0,result,Kommunikations-Test fuer SR830 und OSTECH,,,
2026-09-15,11:05:08,307,KOM_Test,OSTECH,T,XTCA,87.0,result,Kommunikations-Test fuer SR830 und OSTECH,,,
2026-09-15,11:05:08,308,KOM_Test,OSTECH,T,XTVA,0.19462348520755768,result,Kommunikations-Test fuer SR830 und OSTECH,,,
2026-09-15,11:05:08,308,KOM_Test,OSTECH,T,LCT,0.0,result,Kommunikations-Test fuer SR830 und OSTECH,,,
2026-09-15,11:05:08,308,KOM_Test,SR830,T,"SNAP 1,2,3,4,10,11","0,0,0,0,0,0",result,Kommunikations-Test fuer SR830 und OSTECH,,,
2026-09-15,11:05:08,311,KOM_Test,OSTECH,T,XTA,20.995201110839844,result,Kommunikations-Test fuer SR830 und OSTECH,,,
2026-09-15,11:05:08,311,KOM_Test,OSTECH,T,LVA,0.0,result,Kommunikations-Test fuer SR830 und OSTECH,,,
2026-09-15,11:05:08,311,KOM_Test,OSTECH,T,XTCA,87.0,result,Kommunikations-Test fuer SR830 und OSTECH,,,
2026-09-15,11:05:08,312,KOM_Test,OSTECH,T,XTVA,0.19462348520755768,result,Kommunikations-Test fuer SR830 und OSTECH,,,
2026-09-15,11:05:08,318,KOM_Test,OSTECH,T,LCT,0.0,result,Kommunikations-Test fuer SR830 und OSTECH,,,
2026-09-15,11:05:08,318,KOM_Test,OSTECH,T,XTA,20.995201110839844,result,Kommunikations-Test fuer SR830 und OSTECH,,,
2026-09-15,11:05:08,319,KOM_Test,OSTECH,T,LVA,0.0,result,Kommunikations-Test fuer SR830 und OSTECH,,,
2026-09-15,11:05:08,320,KOM_Test,SR830,T,"SNAP 5,6,7,8,9","-0.000666667,0.005,0.001,0.000666667,1000",result,Kommunikations-Test fuer SR830 und OSTECH,,,
2026-09-15,11:05:08,321,KOM_Test,OSTECH,T,XTCA,87.0,result,Kommunikations-Test fuer SR830 und OSTECH,,,
2026-09-15,11:05:08,322,KOM_Test,SR830,T,PHAS,0,result,Kommunikations-Test fuer SR830 und OSTECH,,,
2026-09-15,11:05:08,324,KOM_Test,OSTECH,T,XTVA,0.19462348520755768,result,Kommunikations-Test fuer SR830 und OSTECH,,,
2026-09-15,11:05:08,324,KOM_Test,OSTECH,T,LCT,0.0,result,Kommunikations-Test fuer SR830 und OSTECH,,,
2026-09-15,11:05:08,324,KOM_Test,SR830,T,FREQ,1000,result,Kommunikations-Test fuer SR830 und OSTECH,,,
2026-09-15,11:05:08,324,KOM_Test,OSTECH,T,XTA,20.995201110839844,result,Kommunikations-Test fuer SR830 und OSTECH,,,
2026-09-15,11:05:08,324,KOM_Test,OSTECH,T,LVA,0.0,result,Kommunikations-Test fuer SR830 und OSTECH,,,
2026-09-15,11:05:08,324,KOM_Test,OSTECH,T,XTCA,87.0,result,Kommunikations-Test fuer SR830 und OSTECH,,,
2026-09-15,11:05:08,324,KOM_Test,OSTECH,T,XTVA,0.19462348520755768,result,Kommunikations-Test fuer SR830 und OSTECH,,,
2026-09-15,11:05:08,324,KOM_Test,SR830,T,"SNAP 1,2,3,4,10,11","0,0,0,0,0,0",result,Kommunikations-Test fuer SR830 und OSTECH,,,
2026-09-15,11:05:08,324,KOM_Test,OSTECH,T,LCT,0.0,result,Kommunikations-Test fuer SR830 und OSTECH,,,
2026-09-15,11:05:08,331,KOM_Test,OSTECH,T,XTA,20.995201110839844,result,Kommunikations-Test fuer SR830 und OSTECH,,,
2026-09-15,11:05:08,332,KOM_Test,OSTECH,T,LVA,0.0,result,Kommunikations-Test fuer SR830 und OSTECH,,,
2026-09-15,11:05:08,332,KOM_Test,OSTECH,T,XTCA,87.0,result,Kommunikations-Test fuer SR830 und OSTECH,,,
2026-09-15,11:05:08,334,KOM_Test,OSTECH,T,XTVA,0.19462348520755768,result,Kommunikations-Test fuer SR830 und OSTECH,,,
2026-09-15,11:05:08,334,KOM_Test,OSTECH,T,LCT,0.0,result,Kommunikations-Test fuer SR830 und OSTECH,,,
2026-09-15,11:05:08,336,KOM_Test,OSTECH,T,XTA,20.99420928955078,result,Kommunikations-Test fuer SR830 und OSTECH,,,
2026-09-15,11:05:08,336,KOM_Test,SR830,T,"SNAP 5,6,7,8,9","-0.002,0.00366667,-0.002,-0.000666667,1000",result,Kommunikations-Test fuer SR830 und OSTECH,,,
2026-09-15,11:05:08,336,KOM_Test,SR830,T,PHAS,0,result,Kommunikations-Test fuer SR830 und OSTECH,,,
2026-09-15,11:05:08,336,KOM_Test,OSTECH,T,LVA,0.0,result,Kommunikations-Test fuer SR830 und OSTECH,,,
2026-09-15,11:05:08,336,KOM_Test,OSTECH,T,XTCA,87.0,result,Kommunikations-Test fuer SR830 und OSTECH,,,
2026-09-15,11:05:08,336,KOM_Test,SR830,T,FREQ,1000,result,Kommunikations-Test fuer SR830 und OSTECH,,,
2026-09-15,11:05:08,336,KOM_Test,OSTECH,T,XTVA,0.19462348520755768,result,Kommunikations-Test fuer SR830 und OSTECH,,,
2026-09-15,11:05:08,341,KOM_Test,OSTECH,T,LCT,0.0,result,Kommunikations-Test fuer SR830 und OSTECH,,,
2026-09-15,11:05:08,341,KOM_Test,OSTECH,T,XTA,20.99420928955078,result,Kommunikations-Test fuer SR830 und OSTECH,,,
2026-09-15,11:05:08,341,KOM_Test,OSTECH,T,LVA,0.0,result,Kommunikations-Test fuer SR830 und OSTECH,,,
2026-09-15,11:05:08,343,KOM_Test,OSTECH,T,XTCA,87.0,result,Kommunikations-Test fuer SR830 und OSTECH,,,
2026-09-15,11:05:08,343,KOM_Test,SR830,T,"SNAP 1,2,3,4,10,11","0,0,0,0,0,0",result,Kommunikations-Test fuer SR830 und OSTECH,,,
2026-09-15,11:05:08,344,KOM_Test,OSTECH,T,XTVA,0.19462348520755768,result,Kommunikations-Test fuer SR830 und OSTECH,,,
2026-09-15,11:05:08,345,KOM_Test,OSTECH,T,LCT,0.0,result,Kommunikations-Test fuer SR830 und OSTECH,,,
2026-09-15,11:05:08,345,KOM_Test,OSTECH,T,XTA,20.99420928955078,result,Kommunikations-Test fuer SR830 und OSTECH,,,
2026-09-15,11:05:08,346,KOM_Test,COMMAND,T,SR830 IDN,"SR830 ID: Stanford_Research_Systems,SR830,s/n46328,ver1.07",result,Kommunikations-Test fuer SR830 und OSTECH,,,
2026-09-15,11:05:08,347,KOM_Test,OSTECH,T,LVA,0.0,result,Kommunikations-Test fuer SR830 und OSTECH,,,
2026-09-15,11:05:08,347,KOM_Test,COMMAND,T,OSTECH LCA,0.0,result,Kommunikations-Test fuer SR830 und OSTECH,,,
2026-09-15,11:05:08,347,KOM_Test,OSTECH,T,XTCA,87.0,result,Kommunikations-Test fuer SR830 und OSTECH,,,
2026-09-15,11:05:08,352,KOM_Test,COMMAND,T,OSTECH XTT,21.0,result,Kommunikations-Test fuer SR830 und OSTECH,,,
2026-09-15,11:05:08,369,KOM_Test,OSTECH,T,XTVA,0.19462348520755768,result,Kommunikations-Test fuer SR830 und OSTECH,,,
2026-09-15,11:05:08,381,KOM_Test,COMMAND,T,OSTECH LTM,25.0,result,Kommunikations-Test fuer SR830 und OSTECH,,,
2026-09-15,11:05:08,393,KOM_Test,COMMAND,T,OSTECH GT,28.32271385192871,result,Kommunikations-Test fuer SR830 und OSTECH,,,
2026-09-15,11:05:08,407,KOM_Test,OSTECH,T,LCT,0.0,result,Kommunikations-Test fuer SR830 und OSTECH,,,
2026-09-15,11:05:08,416,KOM_Test,COMMAND,T,OSTECH GS,"{'status_word': 3085, 'interlock_ok': True, 'driver_supply_ok': True, 'driver_temperature_ok': True, 'lt_sensor_ok': True, 'ct_sensor_ok': True, 'lc_on': False, 'lc_error': False}",result,Kommunikations-Test fuer SR830 und OSTECH,,,
2026-09-15,11:05:08,423,KOM_Test,SR830,T,"SNAP 5,6,7,8,9","-0.002,0.00466667,-0.000333333,0.000666667,1000",result,Kommunikations-Test fuer SR830 und OSTECH,,,
2026-09-15,11:05:08,428,KOM_Test,COMMAND,T,OSTECH GVN,8661,result,Kommunikations-Test fuer SR830 und OSTECH,,,
2026-09-15,11:05:08,440,KOM_Test,OSTECH,T,XTA,20.99420928955078,result,Kommunikations-Test fuer SR830 und OSTECH,,,
2026-09-15,11:05:08,447,KOM_Test,SR830,T,PHAS,0,result,Kommunikations-Test fuer SR830 und OSTECH,,,
2026-09-15,11:05:08,455,KOM_Test,OSTECH,T,LVA,0.0,result,Kommunikations-Test fuer SR830 und OSTECH,,,
2026-09-15,11:05:08,471,KOM_Test,SR830,T,FREQ,1000,result,Kommunikations-Test fuer SR830 und OSTECH,,,
2026-09-15,11:05:08,484,KOM_Test,OSTECH,T,XTCA,87.0,result,Kommunikations-Test fuer SR830 und OSTECH,,,
2026-09-15,11:05:08,507,KOM_Test,OSTECH,T,XTVA,0.19462348520755768,result,Kommunikations-Test fuer SR830 und OSTECH,,,
2026-09-15,11:05:08,529,KOM_Test,OSTECH,T,LCT,0.0,result,Kommunikations-Test fuer SR830 und OSTECH,,,
2026-09-15,11:05:08,569,KOM_Test,OSTECH,T,XTA,20.995101928710938,result,Kommunikations-Test fuer SR830 und OSTECH,,,
2026-09-15,11:05:08,570,KOM_Test,OSTECH,T,LVA,0.0,result,Kommunikations-Test fuer SR830 und OSTECH,,,
2026-09-15,11:05:08,574,KOM_Test,SR830,T,"SNAP 1,2,3,4,10,11","0,0,0,0,0,0",result,Kommunikations-Test fuer SR830 und OSTECH,,,
2026-09-15,11:05:08,576,KOM_Test,OSTECH,T,XTCA,87.0,result,Kommunikations-Test fuer SR830 und OSTECH,,,
2026-09-15,11:05:08,580,KOM_Test,OSTECH,T,XTVA,0.19462348520755768,result,Kommunikations-Test fuer SR830 und OSTECH,,,
2026-09-15,11:05:08,595,KOM_Test,OSTECH,T,LCT,0.0,result,Kommunikations-Test fuer SR830 und OSTECH,,,
2026-09-15,11:05:08,612,KOM_Test,OSTECH,T,XTA,20.995101928710938,result,Kommunikations-Test fuer SR830 und OSTECH,,,
2026-09-15,11:05:08,628,KOM_Test,OSTECH,T,LVA,0.0,result,Kommunikations-Test fuer SR830 und OSTECH,,,
2026-09-15,11:05:08,641,KOM_Test,OSTECH,T,XTCA,87.0,result,Kommunikations-Test fuer SR830 und OSTECH,,,
2026-09-15,11:05:08,666,KOM_Test,SR830,T,"SNAP 5,6,7,8,9","-0.00333333,0.00366667,0.00266667,0.00266667,1000",result,Kommunikations-Test fuer SR830 und OSTECH,,,
2026-09-15,11:05:08,667,KOM_Test,OSTECH,T,XTVA,0.19462348520755768,result,Kommunikations-Test fuer SR830 und OSTECH,,,
2026-09-15,11:05:08,691,KOM_Test,SR830,T,PHAS,0,result,Kommunikations-Test fuer SR830 und OSTECH,,,
2026-09-15,11:05:08,691,KOM_Test,OSTECH,T,LCT,0.0,result,Kommunikations-Test fuer SR830 und OSTECH,,,
2026-09-15,11:05:08,711,KOM_Test,OSTECH,T,XTA,20.995101928710938,result,Kommunikations-Test fuer SR830 und OSTECH,,,
2026-09-15,11:05:08,717,KOM_Test,SR830,T,FREQ,1000,result,Kommunikations-Test fuer SR830 und OSTECH,,,
2026-09-15,11:05:08,721,KOM_Test,OSTECH,T,LVA,0.0,result,Kommunikations-Test fuer SR830 und OSTECH,,,
2026-09-15,11:05:08,741,KOM_Test,OSTECH,T,XTCA,87.0,result,Kommunikations-Test fuer SR830 und OSTECH,,,
2026-09-15,11:05:08,761,KOM_Test,OSTECH,T,XTVA,0.19462348520755768,result,Kommunikations-Test fuer SR830 und OSTECH,,,
2026-09-15,11:05:08,778,KOM_Test,OSTECH,T,LCT,0.0,result,Kommunikations-Test fuer SR830 und OSTECH,,,
2026-09-15,11:05:08,791,KOM_Test,OSTECH,T,XTA,20.995101928710938,result,Kommunikations-Test fuer SR830 und OSTECH,,,
2026-09-15,11:05:08,807,KOM_Test,SR830,T,"SNAP 1,2,3,4,10,11","0,0,0,0,0,0",result,Kommunikations-Test fuer SR830 und OSTECH,,,
2026-09-15,11:05:08,812,KOM_Test,OSTECH,T,LVA,0.0,result,Kommunikations-Test fuer SR830 und OSTECH,,,
2026-09-15,11:05:08,831,KOM_Test,OSTECH,T,XTCA,87.0,result,Kommunikations-Test fuer SR830 und OSTECH,,,
2026-09-15,11:05:08,854,KOM_Test,OSTECH,T,XTVA,0.19462348520755768,result,Kommunikations-Test fuer SR830 und OSTECH,,,
2026-09-15,11:05:08,867,KOM_Test,OSTECH,T,LCT,0.0,result,Kommunikations-Test fuer SR830 und OSTECH,,,
2026-09-15,11:05:08,893,KOM_Test,OSTECH,T,XTA,20.995101928710938,result,Kommunikations-Test fuer SR830 und OSTECH,,,
2026-09-15,11:05:08,912,KOM_Test,OSTECH,T,LVA,0.0,result,Kommunikations-Test fuer SR830 und OSTECH,,,
2026-09-15,11:05:08,931,KOM_Test,OSTECH,T,XTCA,87.0,result,Kommunikations-Test fuer SR830 und OSTECH,,,
2026-09-15,11:05:08,941,KOM_Test,SR830,T,"SNAP 5,6,7,8,9","-0.000333333,0.00633333,-0.000666667,0.000666667,1000",result,Kommunikations-Test fuer SR830 und OSTECH,,,
2026-09-15,11:05:08,948,KOM_Test,OSTECH,T,XTVA,0.19462348520755768,result,Kommunikations-Test fuer SR830 und OSTECH,,,
2026-09-15,11:05:08,951,KOM_Test,SR830,T,PHAS,0,result,Kommunikations-Test fuer SR830 und OSTECH,,,
2026-09-15,11:05:08,963,KOM_Test,OSTECH,T,LCT,0.0,result,Kommunikations-Test fuer SR830 und OSTECH,,,
2026-09-15,11:05:08,971,KOM_Test,OSTECH,T,XTA,20.995101928710938,result,Kommunikations-Test fuer SR830 und OSTECH,,,
2026-09-15,11:05:08,983,KOM_Test,SR830,T,FREQ,1000,result,Kommunikations-Test fuer SR830 und OSTECH,,,
2026-09-15,11:05:08,991,KOM_Test,OSTECH,T,LVA,0.0,result,Kommunikations-Test fuer SR830 und OSTECH,,,
2026-09-15,11:05:09,011,KOM_Test,OSTECH,T,XTCA,87.0,result,Kommunikations-Test fuer SR830 und OSTECH,,,
2026-09-15,11:05:09,040,KOM_Test,OSTECH,T,XTVA,0.19462348520755768,result,Kommunikations-Test fuer SR830 und OSTECH,,,
2026-09-15,11:05:09,061,KOM_Test,OSTECH,T,LCT,0.0,result,Kommunikations-Test fuer SR830 und OSTECH,,,
2026-09-15,11:05:09,071,KOM_Test,SR830,T,"SNAP 1,2,3,4,10,11","0,0,0,0,0,0",result,Kommunikations-Test fuer SR830 und OSTECH,,,
2026-09-15,11:05:09,077,KOM_Test,OSTECH,T,XTA,20.991966247558594,result,Kommunikations-Test fuer SR830 und OSTECH,,,
2026-09-15,11:05:09,092,KOM_Test,OSTECH,T,LVA,0.0,result,Kommunikations-Test fuer SR830 und OSTECH,,,
2026-09-15,11:05:09,111,KOM_Test,OSTECH,T,XTCA,87.0,result,Kommunikations-Test fuer SR830 und OSTECH,,,
2026-09-15,11:05:09,121,KOM_Test,OSTECH,T,XTVA,0.19462348520755768,result,Kommunikations-Test fuer SR830 und OSTECH,,,
2026-09-15,11:05:09,141,KOM_Test,OSTECH,T,LCT,0.0,result,Kommunikations-Test fuer SR830 und OSTECH,,,
2026-09-15,11:05:09,161,KOM_Test,OSTECH,T,XTA,20.991966247558594,result,Kommunikations-Test fuer SR830 und OSTECH,,,
2026-09-15,11:05:09,171,KOM_Test,OSTECH,T,LVA,0.0,result,Kommunikations-Test fuer SR830 und OSTECH,,,
2026-09-15,11:05:09,191,KOM_Test,SR830,T,"SNAP 5,6,7,8,9","-0.00333333,0.00633333,0.001,-0.002,1000",result,Kommunikations-Test fuer SR830 und OSTECH,,,
2026-09-15,11:05:09,196,KOM_Test,OSTECH,T,XTCA,87.0,result,Kommunikations-Test fuer SR830 und OSTECH,,,
2026-09-15,11:05:09,211,KOM_Test,SR830,T,PHAS,0,result,Kommunikations-Test fuer SR830 und OSTECH,,,
2026-09-15,11:05:09,221,KOM_Test,OSTECH,T,XTVA,0.1959356814622879,result,Kommunikations-Test fuer SR830 und OSTECH,,,
2026-09-15,11:05:09,233,KOM_Test,SR830,T,FREQ,1000,result,Kommunikations-Test fuer SR830 und OSTECH,,,
2026-09-15,11:05:09,241,KOM_Test,OSTECH,T,LCT,0.0,result,Kommunikations-Test fuer SR830 und OSTECH,,,
2026-09-15,11:05:09,253,KOM_Test,OSTECH,T,XTA,20.991966247558594,result,Kommunikations-Test fuer SR830 und OSTECH,,,
2026-09-15,11:05:09,271,KOM_Test,OSTECH,T,LVA,0.0,result,Kommunikations-Test fuer SR830 und OSTECH,,,
2026-09-15,11:05:09,291,KOM_Test,OSTECH,T,XTCA,87.0,result,Kommunikations-Test fuer SR830 und OSTECH,,,
2026-09-15,11:05:09,311,KOM_Test,OSTECH,T,XTVA,0.1959356814622879,result,Kommunikations-Test fuer SR830 und OSTECH,,,
2026-09-15,11:05:09,321,KOM_Test,SR830,T,"SNAP 1,2,3,4,10,11","0,0,0,0,0,0",result,Kommunikations-Test fuer SR830 und OSTECH,,,
2026-09-15,11:05:09,327,KOM_Test,OSTECH,T,LCT,0.0,result,Kommunikations-Test fuer SR830 und OSTECH,,,
2026-09-15,11:05:09,341,KOM_Test,OSTECH,T,XTA,20.991966247558594,result,Kommunikations-Test fuer SR830 und OSTECH,,,
2026-09-15,11:05:09,361,KOM_Test,OSTECH,T,LVA,0.0,result,Kommunikations-Test fuer SR830 und OSTECH,,,
2026-09-15,11:05:09,371,KOM_Test,OSTECH,T,XTCA,87.0,result,Kommunikations-Test fuer SR830 und OSTECH,,,
2026-09-15,11:05:09,402,KOM_Test,OSTECH,T,XTVA,0.1959356814622879,result,Kommunikations-Test fuer SR830 und OSTECH,,,
2026-09-15,11:05:09,411,KOM_Test,OSTECH,T,LCT,0.0,result,Kommunikations-Test fuer SR830 und OSTECH,,,
2026-09-15,11:05:09,431,KOM_Test,OSTECH,T,XTA,20.991966247558594,result,Kommunikations-Test fuer SR830 und OSTECH,,,
2026-09-15,11:05:09,441,KOM_Test,OSTECH,T,LVA,0.0,result,Kommunikations-Test fuer SR830 und OSTECH,,,
2026-09-15,11:05:09,453,KOM_Test,SR830,T,"SNAP 5,6,7,8,9","-0.000333333,0.00633333,0.000666667,0.000666667,1000",result,Kommunikations-Test fuer SR830 und OSTECH,,,
2026-09-15,11:05:09,464,KOM_Test,OSTECH,T,XTCA,87.0,result,Kommunikations-Test fuer SR830 und OSTECH,,,
2026-09-15,11:05:09,481,KOM_Test,OSTECH,T,XTVA,0.1959356814622879,result,Kommunikations-Test fuer SR830 und OSTECH,,,
2026-09-15,11:05:09,491,KOM_Test,OSTECH,T,LCT,0.0,result,Kommunikations-Test fuer SR830 und OSTECH,,,
2026-09-15,11:05:09,511,KOM_Test,OSTECH,T,XTA,20.991966247558594,result,Kommunikations-Test fuer SR830 und OSTECH,,,
2026-09-15,11:05:09,521,KOM_Test,COMMAND,T,SR830 IDN,"SR830 ID: Stanford_Research_Systems,SR830,s/n46328,ver1.07",result,Kommunikations-Test fuer SR830 und OSTECH,,,
2026-09-15,11:05:09,527,KOM_Test,OSTECH,T,LVA,0.0,result,Kommunikations-Test fuer SR830 und OSTECH,,,
2026-09-15,11:05:09,534,KOM_Test,SR830,T,PHAS,0,result,Kommunikations-Test fuer SR830 und OSTECH,,,
2026-09-15,11:05:09,540,KOM_Test,COMMAND,T,OSTECH LCA,0.0,result,Kommunikations-Test fuer SR830 und OSTECH,,,
2026-09-15,11:05:09,555,KOM_Test,OSTECH,T,XTCA,87.0,result,Kommunikations-Test fuer SR830 und OSTECH,,,
2026-09-15,11:05:09,561,KOM_Test,SR830,T,FREQ,1000,result,Kommunikations-Test fuer SR830 und OSTECH,,,
2026-09-15,11:05:09,568,KOM_Test,COMMAND,T,OSTECH XTT,21.0,result,Kommunikations-Test fuer SR830 und OSTECH,,,
2026-09-15,11:05:09,591,KOM_Test,OSTECH,T,XTVA,0.1959356814622879,result,Kommunikations-Test fuer SR830 und OSTECH,,,
2026-09-15,11:05:09,608,KOM_Test,COMMAND,T,OSTECH LTM,25.0,result,Kommunikations-Test fuer SR830 und OSTECH,,,
2026-09-15,11:05:09,623,KOM_Test,OSTECH,T,LCT,0.0,result,Kommunikations-Test fuer SR830 und OSTECH,,,
2026-09-15,11:05:09,635,KOM_Test,COMMAND,T,OSTECH GT,28.32271385192871,result,Kommunikations-Test fuer SR830 und OSTECH,,,
2026-09-15,11:05:09,641,KOM_Test,SR830,T,"SNAP 1,2,3,4,10,11","0,0,0,0,0,0",result,Kommunikations-Test fuer SR830 und OSTECH,,,
2026-09-15,11:05:09,648,KOM_Test,OSTECH,T,XTA,20.993995666503906,result,Kommunikations-Test fuer SR830 und OSTECH,,,
2026-09-15,11:05:09,651,KOM_Test,COMMAND,T,OSTECH GS,"{'status_word': 3085, 'interlock_ok': True, 'driver_supply_ok': True, 'driver_temperature_ok': True, 'lt_sensor_ok': True, 'ct_sensor_ok': True, 'lc_on': False, 'lc_error': False}",result,Kommunikations-Test fuer SR830 und OSTECH,,,
2026-09-15,11:05:09,669,KOM_Test,COMMAND,T,OSTECH GVN,8661,result,Kommunikations-Test fuer SR830 und OSTECH,,,
2026-09-15,11:05:09,681,KOM_Test,OSTECH,T,LVA,0.0,result,Kommunikations-Test fuer SR830 und OSTECH,,,
2026-09-15,11:05:09,691,KOM_Test,OSTECH,T,XTCA,87.0,result,Kommunikations-Test fuer SR830 und OSTECH,,,
2026-09-15,11:05:09,711,KOM_Test,OSTECH,T,XTVA,0.1959356814622879,result,Kommunikations-Test fuer SR830 und OSTECH,,,
2026-09-15,11:05:09,722,KOM_Test,OSTECH,T,LCT,0.0,result,Kommunikations-Test fuer SR830 und OSTECH,,,
2026-09-15,11:05:09,741,KOM_Test,OSTECH,T,XTA,20.993995666503906,result,Kommunikations-Test fuer SR830 und OSTECH,,,
2026-09-15,11:05:09,753,KOM_Test,SR830,T,"SNAP 5,6,7,8,9","-0.00333333,0.00766667,0.001,-0.001,1000",result,Kommunikations-Test fuer SR830 und OSTECH,,,
2026-09-15,11:05:09,771,KOM_Test,OSTECH,T,LVA,0.0,result,Kommunikations-Test fuer SR830 und OSTECH,,,
2026-09-15,11:05:09,778,KOM_Test,SR830,T,PHAS,0,result,Kommunikations-Test fuer SR830 und OSTECH,,,
2026-09-15,11:05:09,791,KOM_Test,OSTECH,T,XTCA,87.0,result,Kommunikations-Test fuer SR830 und OSTECH,,,
2026-09-15,11:05:09,802,KOM_Test,SR830,T,FREQ,1000,result,Kommunikations-Test fuer SR830 und OSTECH,,,
2026-09-15,11:05:09,811,KOM_Test,OSTECH,T,XTVA,0.1959356814622879,result,Kommunikations-Test fuer SR830 und OSTECH,,,
2026-09-15,11:05:09,821,KOM_Test,OSTECH,T,LCT,0.0,result,Kommunikations-Test fuer SR830 und OSTECH,,,
2026-09-15,11:05:09,841,KOM_Test,OSTECH,T,XTA,20.993995666503906,result,Kommunikations-Test fuer SR830 und OSTECH,,,
2026-09-15,11:05:09,861,KOM_Test,OSTECH,T,LVA,0.0,result,Kommunikations-Test fuer SR830 und OSTECH,,,
2026-09-15,11:05:09,881,KOM_Test,OSTECH,T,XTCA,87.0,result,Kommunikations-Test fuer SR830 und OSTECH,,,
2026-09-15,11:05:09,888,KOM_Test,SR830,T,"SNAP 1,2,3,4,10,11","0,0,0,0,0,0",result,Kommunikations-Test fuer SR830 und OSTECH,,,
2026-09-15,11:05:09,896,KOM_Test,OSTECH,T,XTVA,0.1959356814622879,result,Kommunikations-Test fuer SR830 und OSTECH,,,
2026-09-15,11:05:09,911,KOM_Test,OSTECH,T,LCT,0.0,result,Kommunikations-Test fuer SR830 und OSTECH,,,
2026-09-15,11:05:09,921,KOM_Test,OSTECH,T,XTA,20.993995666503906,result,Kommunikations-Test fuer SR830 und OSTECH,,,
2026-09-15,11:05:09,952,KOM_Test,OSTECH,T,LVA,0.0,result,Kommunikations-Test fuer SR830 und OSTECH,,,
2026-09-15,11:05:09,981,KOM_Test,OSTECH,T,XTCA,87.0,result,Kommunikations-Test fuer SR830 und OSTECH,,,
2026-09-15,11:05:09,991,KOM_Test,OSTECH,T,XTVA,0.1959356814622879,result,Kommunikations-Test fuer SR830 und OSTECH,,,
2026-09-15,11:05:10,011,KOM_Test,OSTECH,T,LCT,0.0,result,Kommunikations-Test fuer SR830 und OSTECH,,,
2026-09-15,11:05:10,017,KOM_Test,SR830,T,"SNAP 5,6,7,8,9","0.00266667,0.00766667,0.00233333,0.000666667,1000",result,Kommunikations-Test fuer SR830 und OSTECH,,,
2026-09-15,11:05:10,021,KOM_Test,OSTECH,T,XTA,20.993995666503906,result,Kommunikations-Test fuer SR830 und OSTECH,,,
2026-09-15,11:05:10,041,KOM_Test,SR830,T,PHAS,0,result,Kommunikations-Test fuer SR830 und OSTECH,,,
2026-09-15,11:05:10,041,KOM_Test,OSTECH,T,LVA,0.0,result,Kommunikations-Test fuer SR830 und OSTECH,,,
2026-09-15,11:05:10,061,KOM_Test,OSTECH,T,XTCA,87.0,result,Kommunikations-Test fuer SR830 und OSTECH,,,
2026-09-15,11:05:10,068,KOM_Test,SR830,T,FREQ,1000,result,Kommunikations-Test fuer SR830 und OSTECH,,,
2026-09-15,11:05:10,072,KOM_Test,OSTECH,T,XTVA,0.1959356814622879,result,Kommunikations-Test fuer SR830 und OSTECH,,,
2026-09-15,11:05:10,091,KOM_Test,OSTECH,T,LCT,0.0,result,Kommunikations-Test fuer SR830 und OSTECH,,,
2026-09-15,11:05:10,111,KOM_Test,OSTECH,T,XTA,20.993995666503906,result,Kommunikations-Test fuer SR830 und OSTECH,,,
2026-09-15,11:05:10,139,KOM_Test,OSTECH,T,LVA,0.0,result,Kommunikations-Test fuer SR830 und OSTECH,,,
2026-09-15,11:05:10,151,KOM_Test,OSTECH,T,XTCA,87.0,result,Kommunikations-Test fuer SR830 und OSTECH,,,
2026-09-15,11:05:10,151,KOM_Test,SR830,T,"SNAP 1,2,3,4,10,11","0,0,0,0,0,0",result,Kommunikations-Test fuer SR830 und OSTECH,,,
2026-09-15,11:05:10,175,KOM_Test,OSTECH,T,XTVA,0.1959356814622879,result,Kommunikations-Test fuer SR830 und OSTECH,,,
2026-09-15,11:05:10,193,KOM_Test,OSTECH,T,LCT,0.0,result,Kommunikations-Test fuer SR830 und OSTECH,,,
2026-09-15,11:05:10,211,KOM_Test,OSTECH,T,XTA,20.99353790283203,result,Kommunikations-Test fuer SR830 und OSTECH,,,
2026-09-15,11:05:10,221,KOM_Test,OSTECH,T,LVA,0.0,result,Kommunikations-Test fuer SR830 und OSTECH,,,
2026-09-15,11:05:10,241,KOM_Test,OSTECH,T,XTCA,87.0,result,Kommunikations-Test fuer SR830 und OSTECH,,,
2026-09-15,11:05:10,261,KOM_Test,OSTECH,T,XTVA,0.1959356814622879,result,Kommunikations-Test fuer SR830 und OSTECH,,,
2026-09-15,11:05:10,271,KOM_Test,OSTECH,T,LCT,0.0,result,Kommunikations-Test fuer SR830 und OSTECH,,,
2026-09-15,11:05:10,283,KOM_Test,SR830,T,"SNAP 5,6,7,8,9","-0.00166667,0.00633333,-0.000333333,-0.00233333,1000",result,Kommunikations-Test fuer SR830 und OSTECH,,,
2026-09-15,11:05:10,291,KOM_Test,OSTECH,T,XTA,20.99353790283203,result,Kommunikations-Test fuer SR830 und OSTECH,,,
2026-09-15,11:05:10,311,KOM_Test,SR830,T,PHAS,0,result,Kommunikations-Test fuer SR830 und OSTECH,,,
2026-09-15,11:05:10,323,KOM_Test,OSTECH,T,LVA,0.0,result,Kommunikations-Test fuer SR830 und OSTECH,,,
2026-09-15,11:05:10,334,KOM_Test,SR830,T,FREQ,1000,result,Kommunikations-Test fuer SR830 und OSTECH,,,
2026-09-15,11:05:10,347,KOM_Test,OSTECH,T,XTCA,87.0,result,Kommunikations-Test fuer SR830 und OSTECH,,,
2026-09-15,11:05:10,361,KOM_Test,OSTECH,T,XTVA,0.1959356814622879,result,Kommunikations-Test fuer SR830 und OSTECH,,,
2026-09-15,11:05:10,371,KOM_Test,OSTECH,T,LCT,0.0,result,Kommunikations-Test fuer SR830 und OSTECH,,,
2026-09-15,11:05:10,393,KOM_Test,OSTECH,T,XTA,20.99353790283203,result,Kommunikations-Test fuer SR830 und OSTECH,,,
2026-09-15,11:05:10,408,KOM_Test,OSTECH,T,LVA,0.0,result,Kommunikations-Test fuer SR830 und OSTECH,,,
2026-09-15,11:05:10,421,KOM_Test,SR830,T,"SNAP 1,2,3,4,10,11","0,0,0,0,0,0",result,Kommunikations-Test fuer SR830 und OSTECH,,,
2026-09-15,11:05:10,429,KOM_Test,OSTECH,T,XTCA,87.0,result,Kommunikations-Test fuer SR830 und OSTECH,,,
2026-09-15,11:05:10,445,KOM_Test,OSTECH,T,XTVA,0.1959356814622879,result,Kommunikations-Test fuer SR830 und OSTECH,,,
2026-09-15,11:05:10,461,KOM_Test,OSTECH,T,LCT,0.0,result,Kommunikations-Test fuer SR830 und OSTECH,,,
2026-09-15,11:05:10,478,KOM_Test,OSTECH,T,XTA,20.99353790283203,result,Kommunikations-Test fuer SR830 und OSTECH,,,
2026-09-15,11:05:10,499,KOM_Test,OSTECH,T,LVA,0.0,result,Kommunikations-Test fuer SR830 und OSTECH,,,
2026-09-15,11:05:10,511,KOM_Test,OSTECH,T,XTCA,87.0,result,Kommunikations-Test fuer SR830 und OSTECH,,,
2026-09-15,11:05:10,525,KOM_Test,OSTECH,T,XTVA,0.1959356814622879,result,Kommunikations-Test fuer SR830 und OSTECH,,,
2026-09-15,11:05:10,543,KOM_Test,OSTECH,T,LCT,0.0,result,Kommunikations-Test fuer SR830 und OSTECH,,,
2026-09-15,11:05:10,547,KOM_Test,SR830,T,"SNAP 5,6,7,8,9","-0.000333333,0.00466667,0.000666667,-0.001,1000",result,Kommunikations-Test fuer SR830 und OSTECH,,,
2026-09-15,11:05:10,561,KOM_Test,SR830,T,PHAS,0,result,Kommunikations-Test fuer SR830 und OSTECH,,,
2026-09-15,11:05:10,561,KOM_Test,OSTECH,T,XTA,20.99353790283203,result,Kommunikations-Test fuer SR830 und OSTECH,,,
2026-09-15,11:05:10,571,KOM_Test,OSTECH,T,LVA,0.0,result,Kommunikations-Test fuer SR830 und OSTECH,,,
2026-09-15,11:05:10,584,KOM_Test,SR830,T,FREQ,1000,result,Kommunikations-Test fuer SR830 und OSTECH,,,
2026-09-15,11:05:10,597,KOM_Test,OSTECH,T,XTCA,87.0,result,Kommunikations-Test fuer SR830 und OSTECH,,,
2026-09-15,11:05:10,611,KOM_Test,OSTECH,T,XTVA,0.1959356814622879,result,Kommunikations-Test fuer SR830 und OSTECH,,,
2026-09-15,11:05:10,623,KOM_Test,OSTECH,T,LCT,0.0,result,Kommunikations-Test fuer SR830 und OSTECH,,,
2026-09-15,11:05:10,647,KOM_Test,OSTECH,T,XTA,20.99353790283203,result,Kommunikations-Test fuer SR830 und OSTECH,,,
2026-09-15,11:05:10,661,KOM_Test,OSTECH,T,LVA,0.0,result,Kommunikations-Test fuer SR830 und OSTECH,,,
2026-09-15,11:05:10,661,KOM_Test,SR830,T,"SNAP 1,2,3,4,10,11","0,0,0,0,0,0",result,Kommunikations-Test fuer SR830 und OSTECH,,,
2026-09-15,11:05:10,691,KOM_Test,OSTECH,T,XTCA,87.0,result,Kommunikations-Test fuer SR830 und OSTECH,,,
2026-09-15,11:05:10,711,KOM_Test,OSTECH,T,XTVA,0.1959356814622879,result,Kommunikations-Test fuer SR830 und OSTECH,,,
2026-09-15,11:05:10,722,KOM_Test,OSTECH,T,LCT,0.0,result,Kommunikations-Test fuer SR830 und OSTECH,,,
2026-09-15,11:05:10,744,KOM_Test,OSTECH,T,XTA,20.99151611328125,result,Kommunikations-Test fuer SR830 und OSTECH,,,
2026-09-15,11:05:10,761,KOM_Test,OSTECH,T,LVA,0.0,result,Kommunikations-Test fuer SR830 und OSTECH,,,
2026-09-15,11:05:10,771,KOM_Test,SR830,T,"SNAP 5,6,7,8,9","-0.00166667,0.003,-0.000333333,-0.002,1000",result,Kommunikations-Test fuer SR830 und OSTECH,,,
2026-09-15,11:05:10,782,KOM_Test,OSTECH,T,XTCA,87.0,result,Kommunikations-Test fuer SR830 und OSTECH,,,
2026-09-15,11:05:10,794,KOM_Test,OSTECH,T,XTVA,0.1959356814622879,result,Kommunikations-Test fuer SR830 und OSTECH,,,
2026-09-15,11:05:10,811,KOM_Test,OSTECH,T,LCT,0.0,result,Kommunikations-Test fuer SR830 und OSTECH,,,
2026-09-15,11:05:10,828,KOM_Test,OSTECH,T,XTA,20.99151611328125,result,Kommunikations-Test fuer SR830 und OSTECH,,,
2026-09-15,11:05:10,842,KOM_Test,OSTECH,T,LVA,0.0,result,Kommunikations-Test fuer SR830 und OSTECH,,,
2026-09-15,11:05:10,844,KOM_Test,COMMAND,T,SR830 IDN,"SR830 ID: Stanford_Research_Systems,SR830,s/n46328,ver1.07",result,Kommunikations-Test fuer SR830 und OSTECH,,,
2026-09-15,11:05:10,857,KOM_Test,SR830,T,PHAS,0,result,Kommunikations-Test fuer SR830 und OSTECH,,,
2026-09-15,11:05:10,867,KOM_Test,OSTECH,T,XTCA,87.0,result,Kommunikations-Test fuer SR830 und OSTECH,,,
2026-09-15,11:05:10,876,KOM_Test,COMMAND,T,OSTECH LCA,0.0,result,Kommunikations-Test fuer SR830 und OSTECH,,,
2026-09-15,11:05:10,884,KOM_Test,SR830,T,FREQ,1000,result,Kommunikations-Test fuer SR830 und OSTECH,,,
2026-09-15,11:05:10,893,KOM_Test,COMMAND,T,OSTECH XTT,21.0,result,Kommunikations-Test fuer SR830 und OSTECH,,,
2026-09-15,11:05:10,902,KOM_Test,COMMAND,T,OSTECH LTM,25.0,result,Kommunikations-Test fuer SR830 und OSTECH,,,
2026-09-15,11:05:10,918,KOM_Test,COMMAND,T,OSTECH GT,28.320720672607422,result,Kommunikations-Test fuer SR830 und OSTECH,,,
2026-09-15,11:05:10,931,KOM_Test,OSTECH,T,XTVA,0.1959356814622879,result,Kommunikations-Test fuer SR830 und OSTECH,,,
2026-09-15,11:05:10,941,KOM_Test,COMMAND,T,OSTECH GS,"{'status_word': 3085, 'interlock_ok': True, 'driver_supply_ok': True, 'driver_temperature_ok': True, 'lt_sensor_ok': True, 'ct_sensor_ok': True, 'lc_on': False, 'lc_error': False}",result,Kommunikations-Test fuer SR830 und OSTECH,,,
2026-09-15,11:05:10,954,KOM_Test,OSTECH,T,LCT,0.0,result,Kommunikations-Test fuer SR830 und OSTECH,,,
2026-09-15,11:05:10,963,KOM_Test,COMMAND,T,OSTECH GVN,8661,result,Kommunikations-Test fuer SR830 und OSTECH,,,
2026-09-15,11:05:10,971,KOM_Test,SR830,T,"SNAP 1,2,3,4,10,11","0,0,0,0,0,0",result,Kommunikations-Test fuer SR830 und OSTECH,,,
2026-09-15,11:05:10,979,KOM_Test,OSTECH,T,XTA,20.99151611328125,result,Kommunikations-Test fuer SR830 und OSTECH,,,
2026-09-15,11:05:10,996,KOM_Test,OSTECH,T,LVA,0.0,result,Kommunikations-Test fuer SR830 und OSTECH,,,
2026-09-15,11:05:11,011,KOM_Test,OSTECH,T,XTCA,87.0,result,Kommunikations-Test fuer SR830 und OSTECH,,,
2026-09-15,11:05:11,021,KOM_Test,OSTECH,T,XTVA,0.1959356814622879,result,Kommunikations-Test fuer SR830 und OSTECH,,,
2026-09-15,11:05:11,051,KOM_Test,OSTECH,T,LCT,0.0,result,Kommunikations-Test fuer SR830 und OSTECH,,,
2026-09-15,11:05:11,068,KOM_Test,OSTECH,T,XTA,20.99151611328125,result,Kommunikations-Test fuer SR830 und OSTECH,,,
2026-09-15,11:05:11,096,KOM_Test,OSTECH,T,LVA,0.0,result,Kommunikations-Test fuer SR830 und OSTECH,,,
2026-09-15,11:05:11,104,KOM_Test,SR830,T,"SNAP 5,6,7,8,9","-0.00466667,0.00666667,0.000666667,-0.000666667,1000",result,Kommunikations-Test fuer SR830 und OSTECH,,,
2026-09-15,11:05:11,118,KOM_Test,OSTECH,T,XTCA,87.0,result,Kommunikations-Test fuer SR830 und OSTECH,,,
2026-09-15,11:05:11,125,KOM_Test,SR830,T,PHAS,0,result,Kommunikations-Test fuer SR830 und OSTECH,,,
2026-09-15,11:05:11,147,KOM_Test,OSTECH,T,XTVA,0.1959356814622879,result,Kommunikations-Test fuer SR830 und OSTECH,,,
2026-09-15,11:05:11,152,KOM_Test,SR830,T,FREQ,1000,result,Kommunikations-Test fuer SR830 und OSTECH,,,
2026-09-15,11:05:11,161,KOM_Test,OSTECH,T,LCT,0.0,result,Kommunikations-Test fuer SR830 und OSTECH,,,
2026-09-15,11:05:11,181,KOM_Test,OSTECH,T,XTA,20.99151611328125,result,Kommunikations-Test fuer SR830 und OSTECH,,,
2026-09-15,11:05:11,191,KOM_Test,OSTECH,T,LVA,0.0,result,Kommunikations-Test fuer SR830 und OSTECH,,,
2026-09-15,11:05:11,211,KOM_Test,OSTECH,T,XTCA,87.0,result,Kommunikations-Test fuer SR830 und OSTECH,,,
2026-09-15,11:05:11,241,KOM_Test,SR830,T,"SNAP 1,2,3,4,10,11","0,0,0,0,0,0",result,Kommunikations-Test fuer SR830 und OSTECH,,,
2026-09-15,11:05:11,241,KOM_Test,OSTECH,T,XTVA,0.1959356814622879,result,Kommunikations-Test fuer SR830 und OSTECH,,,
2026-09-15,11:05:11,261,KOM_Test,OSTECH,T,LCT,0.0,result,Kommunikations-Test fuer SR830 und OSTECH,,,
2026-09-15,11:05:11,271,KOM_Test,OSTECH,T,XTA,20.994529724121094,result,Kommunikations-Test fuer SR830 und OSTECH,,,
2026-09-15,11:05:11,291,KOM_Test,OSTECH,T,LVA,0.0,result,Kommunikations-Test fuer SR830 und OSTECH,,,
2026-09-15,11:05:11,311,KOM_Test,OSTECH,T,XTCA,87.0,result,Kommunikations-Test fuer SR830 und OSTECH,,,
2026-09-15,11:05:11,326,KOM_Test,OSTECH,T,XTVA,0.1959356814622879,result,Kommunikations-Test fuer SR830 und OSTECH,,,
2026-09-15,11:05:11,341,KOM_Test,OSTECH,T,LCT,0.0,result,Kommunikations-Test fuer SR830 und OSTECH,,,
2026-09-15,11:05:11,351,KOM_Test,SR830,T,"SNAP 5,6,7,8,9","0.00133333,0.005,-0.002,-0.002,1000",result,Kommunikations-Test fuer SR830 und OSTECH,,,
2026-09-15,11:05:11,363,KOM_Test,OSTECH,T,XTA,20.994529724121094,result,Kommunikations-Test fuer SR830 und OSTECH,,,
2026-09-15,11:05:11,371,KOM_Test,SR830,T,PHAS,0,result,Kommunikations-Test fuer SR830 und OSTECH,,,
2026-09-15,11:05:11,371,KOM_Test,OSTECH,T,LVA,0.0,result,Kommunikations-Test fuer SR830 und OSTECH,,,
2026-09-15,11:05:11,398,KOM_Test,OSTECH,T,XTCA,87.0,result,Kommunikations-Test fuer SR830 und OSTECH,,,
2026-09-15,11:05:11,402,KOM_Test,SR830,T,FREQ,1000,result,Kommunikations-Test fuer SR830 und OSTECH,,,
2026-09-15,11:05:11,442,KOM_Test,OSTECH,T,XTVA,0.19522921741008759,result,Kommunikations-Test fuer SR830 und OSTECH,,,
2026-09-15,11:05:11,461,KOM_Test,OSTECH,T,LCT,0.0,result,Kommunikations-Test fuer SR830 und OSTECH,,,
2026-09-15,11:05:11,481,KOM_Test,OSTECH,T,XTA,20.994529724121094,result,Kommunikations-Test fuer SR830 und OSTECH,,,
2026-09-15,11:05:11,491,KOM_Test,OSTECH,T,LVA,0.0,result,Kommunikations-Test fuer SR830 und OSTECH,,,
2026-09-15,11:05:11,504,KOM_Test,SR830,T,"SNAP 1,2,3,4,10,11","0,0,0,0,0,0",result,Kommunikations-Test fuer SR830 und OSTECH,,,
2026-09-15,11:05:11,517,KOM_Test,OSTECH,T,XTCA,82.0,result,Kommunikations-Test fuer SR830 und OSTECH,,,
2026-09-15,11:05:11,532,KOM_Test,OSTECH,T,XTVA,0.19522921741008759,result,Kommunikations-Test fuer SR830 und OSTECH,,,
2026-09-15,11:05:11,547,KOM_Test,OSTECH,T,LCT,0.0,result,Kommunikations-Test fuer SR830 und OSTECH,,,
2026-09-15,11:05:11,561,KOM_Test,OSTECH,T,XTA,20.994529724121094,result,Kommunikations-Test fuer SR830 und OSTECH,,,
2026-09-15,11:05:11,581,KOM_Test,OSTECH,T,LVA,0.0,result,Kommunikations-Test fuer SR830 und OSTECH,,,
2026-09-15,11:05:11,603,KOM_Test,OSTECH,T,XTCA,82.0,result,Kommunikations-Test fuer SR830 und OSTECH,,,
2026-09-15,11:05:11,628,KOM_Test,SR830,T,"SNAP 5,6,7,8,9","-0.00466667,0.008,-0.00233333,-0.001,1000",result,Kommunikations-Test fuer SR830 und OSTECH,,,
2026-09-15,11:05:11,632,KOM_Test,OSTECH,T,XTVA,0.19522921741008759,result,Kommunikations-Test fuer SR830 und OSTECH,,,
2026-09-15,11:05:11,647,KOM_Test,SR830,T,PHAS,0,result,Kommunikations-Test fuer SR830 und OSTECH,,,
2026-09-15,11:05:11,647,KOM_Test,OSTECH,T,LCT,0.0,result,Kommunikations-Test fuer SR830 und OSTECH,,,
2026-09-15,11:05:11,661,KOM_Test,OSTECH,T,XTA,20.994529724121094,result,Kommunikations-Test fuer SR830 und OSTECH,,,
2026-09-15,11:05:11,672,KOM_Test,SR830,T,FREQ,1000,result,Kommunikations-Test fuer SR830 und OSTECH,,,
2026-09-15,11:05:11,681,KOM_Test,OSTECH,T,LVA,0.0,result,Kommunikations-Test fuer SR830 und OSTECH,,,
2026-09-15,11:05:11,691,KOM_Test,OSTECH,T,XTCA,82.0,result,Kommunikations-Test fuer SR830 und OSTECH,,,
2026-09-15,11:05:11,711,KOM_Test,OSTECH,T,XTVA,0.19522921741008759,result,Kommunikations-Test fuer SR830 und OSTECH,,,
2026-09-15,11:05:11,731,KOM_Test,OSTECH,T,LCT,0.0,result,Kommunikations-Test fuer SR830 und OSTECH,,,
2026-09-15,11:05:11,741,KOM_Test,OSTECH,T,XTA,20.994529724121094,result,Kommunikations-Test fuer SR830 und OSTECH,,,
2026-09-15,11:05:11,754,KOM_Test,SR830,T,"SNAP 1,2,3,4,10,11","0,0,0,0,0,0",result,Kommunikations-Test fuer SR830 und OSTECH,,,
2026-09-15,11:05:11,762,KOM_Test,OSTECH,T,LVA,0.0,result,Kommunikations-Test fuer SR830 und OSTECH,,,
2026-09-15,11:05:11,791,KOM_Test,OSTECH,T,XTCA,82.0,result,Kommunikations-Test fuer SR830 und OSTECH,,,
2026-09-15,11:05:11,803,KOM_Test,OSTECH,T,XTVA,0.19522921741008759,result,Kommunikations-Test fuer SR830 und OSTECH,,,
2026-09-15,11:05:11,831,KOM_Test,OSTECH,T,LCT,0.0,result,Kommunikations-Test fuer SR830 und OSTECH,,,
2026-09-15,11:05:11,847,KOM_Test,OSTECH,T,XTA,20.995201110839844,result,Kommunikations-Test fuer SR830 und OSTECH,,,
2026-09-15,11:05:11,861,KOM_Test,OSTECH,T,LVA,0.0,result,Kommunikations-Test fuer SR830 und OSTECH,,,
2026-09-15,11:05:11,881,KOM_Test,OSTECH,T,XTCA,82.0,result,Kommunikations-Test fuer SR830 und OSTECH,,,
2026-09-15,11:05:11,888,KOM_Test,SR830,T,"SNAP 5,6,7,8,9","-0.000666667,0.00666667,-0.000333333,-0.001,1000",result,Kommunikations-Test fuer SR830 und OSTECH,,,
2026-09-15,11:05:11,892,KOM_Test,OSTECH,T,XTVA,0.19522921741008759,result,Kommunikations-Test fuer SR830 und OSTECH,,,
2026-09-15,11:05:11,911,KOM_Test,SR830,T,PHAS,0,result,Kommunikations-Test fuer SR830 und OSTECH,,,
2026-09-15,11:05:11,911,KOM_Test,OSTECH,T,LCT,0.0,result,Kommunikations-Test fuer SR830 und OSTECH,,,
2026-09-15,11:05:11,931,KOM_Test,OSTECH,T,XTA,20.995201110839844,result,Kommunikations-Test fuer SR830 und OSTECH,,,
2026-09-15,11:05:11,937,KOM_Test,SR830,T,FREQ,1000,result,Kommunikations-Test fuer SR830 und OSTECH,,,
2026-09-15,11:05:11,949,KOM_Test,OSTECH,T,LVA,0.0,result,Kommunikations-Test fuer SR830 und OSTECH,,,
2026-09-15,11:05:11,972,KOM_Test,OSTECH,T,XTCA,82.0,result,Kommunikations-Test fuer SR830 und OSTECH,,,
2026-09-15,11:05:11,993,KOM_Test,OSTECH,T,XTVA,0.19522921741008759,result,Kommunikations-Test fuer SR830 und OSTECH,,,
2026-09-15,11:05:12,013,KOM_Test,OSTECH,T,LCT,0.0,result,Kommunikations-Test fuer SR830 und OSTECH,,,
2026-09-15,11:05:12,025,KOM_Test,SR830,T,"SNAP 1,2,3,4,10,11","0,0,0,0,0,0",result,Kommunikations-Test fuer SR830 und OSTECH,,,
2026-09-15,11:05:12,031,KOM_Test,OSTECH,T,XTA,20.995201110839844,result,Kommunikations-Test fuer SR830 und OSTECH,,,
2026-09-15,11:05:12,041,KOM_Test,OSTECH,T,LVA,0.0,result,Kommunikations-Test fuer SR830 und OSTECH,,,
2026-09-15,11:05:12,061,KOM_Test,OSTECH,T,XTCA,82.0,result,Kommunikations-Test fuer SR830 und OSTECH,,,
2026-09-15,11:05:12,078,KOM_Test,OSTECH,T,XTVA,0.19522921741008759,result,Kommunikations-Test fuer SR830 und OSTECH,,,
2026-09-15,11:05:12,091,KOM_Test,OSTECH,T,LCT,0.0,result,Kommunikations-Test fuer SR830 und OSTECH,,,
2026-09-15,11:05:12,091,KOM_Test,COMMAND,T,SR830 IDN,"SR830 ID: Stanford_Research_Systems,SR830,s/n46328,ver1.07",result,Kommunikations-Test fuer SR830 und OSTECH,,,
2026-09-15,11:05:12,107,KOM_Test,COMMAND,T,OSTECH LCA,0.0,result,Kommunikations-Test fuer SR830 und OSTECH,,,
2026-09-15,11:05:12,121,KOM_Test,OSTECH,T,XTA,20.995201110839844,result,Kommunikations-Test fuer SR830 und OSTECH,,,
2026-09-15,11:05:12,131,KOM_Test,COMMAND,T,OSTECH XTT,21.0,result,Kommunikations-Test fuer SR830 und OSTECH,,,
2026-09-15,11:05:12,155,KOM_Test,COMMAND,T,OSTECH LTM,25.0,result,Kommunikations-Test fuer SR830 und OSTECH,,,
2026-09-15,11:05:12,161,KOM_Test,COMMAND,T,OSTECH GT,28.320720672607422,result,Kommunikations-Test fuer SR830 und OSTECH,,,
2026-09-15,11:05:12,175,KOM_Test,OSTECH,T,LVA,0.0,result,Kommunikations-Test fuer SR830 und OSTECH,,,
2026-09-15,11:05:12,186,KOM_Test,COMMAND,T,OSTECH GS,"{'status_word': 3085, 'interlock_ok': True, 'driver_supply_ok': True, 'driver_temperature_ok': True, 'lt_sensor_ok': True, 'ct_sensor_ok': True, 'lc_on': False, 'lc_error': False}",result,Kommunikations-Test fuer SR830 und OSTECH,,,
2026-09-15,11:05:12,203,KOM_Test,OSTECH,T,XTCA,82.0,result,Kommunikations-Test fuer SR830 und OSTECH,,,
2026-09-15,11:05:12,211,KOM_Test,COMMAND,T,OSTECH GVN,8661,result,Kommunikations-Test fuer SR830 und OSTECH,,,
2026-09-15,11:05:12,216,KOM_Test,SR830,T,"SNAP 5,6,7,8,9","-0.00166667,0.00666667,-0.000666667,0.000666667,1000",result,Kommunikations-Test fuer SR830 und OSTECH,,,
2026-09-15,11:05:12,231,KOM_Test,SR830,T,PHAS,0,result,Kommunikations-Test fuer SR830 und OSTECH,,,
2026-09-15,11:05:12,233,KOM_Test,OSTECH,T,XTVA,0.19522921741008759,result,Kommunikations-Test fuer SR830 und OSTECH,,,
2026-09-15,11:05:12,241,KOM_Test,OSTECH,T,LCT,0.0,result,Kommunikations-Test fuer SR830 und OSTECH,,,
2026-09-15,11:05:12,253,KOM_Test,SR830,T,FREQ,1000,result,Kommunikations-Test fuer SR830 und OSTECH,,,
2026-09-15,11:05:12,261,KOM_Test,OSTECH,T,XTA,20.995201110839844,result,Kommunikations-Test fuer SR830 und OSTECH,,,
2026-09-15,11:05:12,281,KOM_Test,OSTECH,T,LVA,0.0,result,Kommunikations-Test fuer SR830 und OSTECH,,,
2026-09-15,11:05:12,291,KOM_Test,OSTECH,T,XTCA,82.0,result,Kommunikations-Test fuer SR830 und OSTECH,,,
2026-09-15,11:05:12,311,KOM_Test,OSTECH,T,XTVA,0.19522921741008759,result,Kommunikations-Test fuer SR830 und OSTECH,,,
2026-09-15,11:05:12,338,KOM_Test,OSTECH,T,LCT,0.0,result,Kommunikations-Test fuer SR830 und OSTECH,,,
2026-09-15,11:05:12,343,KOM_Test,SR830,T,"SNAP 1,2,3,4,10,11","0,0,0,0,0,0",result,Kommunikations-Test fuer SR830 und OSTECH,,,
2026-09-15,11:05:12,361,KOM_Test,OSTECH,T,XTA,20.995201110839844,result,Kommunikations-Test fuer SR830 und OSTECH,,,
2026-09-15,11:05:12,381,KOM_Test,OSTECH,T,LVA,0.0,result,Kommunikations-Test fuer SR830 und OSTECH,,,
2026-09-15,11:05:12,401,KOM_Test,OSTECH,T,XTCA,82.0,result,Kommunikations-Test fuer SR830 und OSTECH,,,
2026-09-15,11:05:12,418,KOM_Test,OSTECH,T,XTVA,0.19522921741008759,result,Kommunikations-Test fuer SR830 und OSTECH,,,
2026-09-15,11:05:12,431,KOM_Test,OSTECH,T,LCT,0.0,result,Kommunikations-Test fuer SR830 und OSTECH,,,
2026-09-15,11:05:12,451,KOM_Test,OSTECH,T,XTA,20.995201110839844,result,Kommunikations-Test fuer SR830 und OSTECH,,,
2026-09-15,11:05:12,461,KOM_Test,OSTECH,T,LVA,0.0,result,Kommunikations-Test fuer SR830 und OSTECH,,,
2026-09-15,11:05:12,472,KOM_Test,SR830,T,"SNAP 5,6,7,8,9","-0.00166667,0.00633333,0.000666667,0.000666667,1000",result,Kommunikations-Test fuer SR830 und OSTECH,,,
2026-09-15,11:05:12,481,KOM_Test,OSTECH,T,XTCA,82.0,result,Kommunikations-Test fuer SR830 und OSTECH,,,
2026-09-15,11:05:12,491,KOM_Test,SR830,T,PHAS,0,result,Kommunikations-Test fuer SR830 und OSTECH,,,
2026-09-15,11:05:12,500,KOM_Test,OSTECH,T,XTVA,0.19522921741008759,result,Kommunikations-Test fuer SR830 und OSTECH,,,
2026-09-15,11:05:12,518,KOM_Test,SR830,T,FREQ,1000,result,Kommunikations-Test fuer SR830 und OSTECH,,,
2026-09-15,11:05:12,521,KOM_Test,OSTECH,T,LCT,0.0,result,Kommunikations-Test fuer SR830 und OSTECH,,,
2026-09-15,11:05:12,542,KOM_Test,OSTECH,T,XTA,20.993431091308594,result,Kommunikations-Test fuer SR830 und OSTECH,,,
2026-09-15,11:05:12,570,KOM_Test,OSTECH,T,LVA,0.0,result,Kommunikations-Test fuer SR830 und OSTECH,,,
2026-09-15,11:05:12,606,KOM_Test,OSTECH,T,XTCA,82.0,result,Kommunikations-Test fuer SR830 und OSTECH,,,
2026-09-15,11:05:12,620,KOM_Test,SR830,T,"SNAP 1,2,3,4,10,11","0,0,0,0,0,0",result,Kommunikations-Test fuer SR830 und OSTECH,,,
2026-09-15,11:05:12,621,KOM_Test,OSTECH,T,XTVA,0.19522921741008759,result,Kommunikations-Test fuer SR830 und OSTECH,,,
2026-09-15,11:05:12,621,KOM_Test,OSTECH,T,LCT,0.0,result,Kommunikations-Test fuer SR830 und OSTECH,,,
2026-09-15,11:05:12,631,KOM_Test,OSTECH,T,XTA,20.993431091308594,result,Kommunikations-Test fuer SR830 und OSTECH,,,
2026-09-15,11:05:12,647,KOM_Test,OSTECH,T,LVA,0.0,result,Kommunikations-Test fuer SR830 und OSTECH,,,
2026-09-15,11:05:12,671,KOM_Test,OSTECH,T,XTCA,82.0,result,Kommunikations-Test fuer SR830 und OSTECH,,,
2026-09-15,11:05:12,703,KOM_Test,OSTECH,T,XTVA,0.19522921741008759,result,Kommunikations-Test fuer SR830 und OSTECH,,,
2026-09-15,11:05:12,720,KOM_Test,SR830,T,"SNAP 5,6,7,8,9","-0.000333333,0.00933333,-0.000333333,-0.001,1000",result,Kommunikations-Test fuer SR830 und OSTECH,,,
2026-09-15,11:05:12,723,KOM_Test,OSTECH,T,LCT,0.0,result,Kommunikations-Test fuer SR830 und OSTECH,,,
2026-09-15,11:05:12,744,KOM_Test,OSTECH,T,XTA,20.993431091308594,result,Kommunikations-Test fuer SR830 und OSTECH,,,
2026-09-15,11:05:12,750,KOM_Test,SR830,T,PHAS,0,result,Kommunikations-Test fuer SR830 und OSTECH,,,
2026-09-15,11:05:12,762,KOM_Test,OSTECH,T,LVA,0.0,result,Kommunikations-Test fuer SR830 und OSTECH,,,
2026-09-15,11:05:12,770,KOM_Test,SR830,T,FREQ,1000,result,Kommunikations-Test fuer SR830 und OSTECH,,,
2026-09-15,11:05:12,781,KOM_Test,OSTECH,T,XTCA,82.0,result,Kommunikations-Test fuer SR830 und OSTECH,,,
2026-09-15,11:05:12,797,KOM_Test,OSTECH,T,XTVA,0.19522921741008759,result,Kommunikations-Test fuer SR830 und OSTECH,,,
2026-09-15,11:05:12,817,KOM_Test,OSTECH,T,LCT,0.0,result,Kommunikations-Test fuer SR830 und OSTECH,,,
2026-09-15,11:05:12,831,KOM_Test,OSTECH,T,XTA,20.993431091308594,result,Kommunikations-Test fuer SR830 und OSTECH,,,
2026-09-15,11:05:12,847,KOM_Test,OSTECH,T,LVA,0.0,result,Kommunikations-Test fuer SR830 und OSTECH,,,
2026-09-15,11:05:12,859,KOM_Test,SR830,T,"SNAP 1,2,3,4,10,11","0,0,0,0,0,0",result,Kommunikations-Test fuer SR830 und OSTECH,,,
2026-09-15,11:05:12,866,KOM_Test,OSTECH,T,XTCA,82.0,result,Kommunikations-Test fuer SR830 und OSTECH,,,
2026-09-15,11:05:12,893,KOM_Test,OSTECH,T,XTVA,0.19522921741008759,result,Kommunikations-Test fuer SR830 und OSTECH,,,
2026-09-15,11:05:12,915,KOM_Test,OSTECH,T,LCT,0.0,result,Kommunikations-Test fuer SR830 und OSTECH,,,
2026-09-15,11:05:12,931,KOM_Test,OSTECH,T,XTA,20.993431091308594,result,Kommunikations-Test fuer SR830 und OSTECH,,,
2026-09-15,11:05:12,944,KOM_Test,OSTECH,T,LVA,0.0,result,Kommunikations-Test fuer SR830 und OSTECH,,,
2026-09-15,11:05:12,969,KOM_Test,OSTECH,T,XTCA,82.0,result,Kommunikations-Test fuer SR830 und OSTECH,,,
2026-09-15,11:05:12,981,KOM_Test,SR830,T,"SNAP 5,6,7,8,9","-0.00333333,0.00466667,0.001,0.000666667,1000",result,Kommunikations-Test fuer SR830 und OSTECH,,,
2026-09-15,11:05:12,985,KOM_Test,OSTECH,T,XTVA,0.19522921741008759,result,Kommunikations-Test fuer SR830 und OSTECH,,,
2026-09-15,11:05:12,996,KOM_Test,SR830,T,PHAS,0,result,Kommunikations-Test fuer SR830 und OSTECH,,,
2026-09-15,11:05:13,002,KOM_Test,OSTECH,T,LCT,0.0,result,Kommunikations-Test fuer SR830 und OSTECH,,,
2026-09-15,11:05:13,011,KOM_Test,OSTECH,T,XTA,20.993431091308594,result,Kommunikations-Test fuer SR830 und OSTECH,,,
2026-09-15,11:05:13,021,KOM_Test,SR830,T,FREQ,1000,result,Kommunikations-Test fuer SR830 und OSTECH,,,
2026-09-15,11:05:13,031,KOM_Test,OSTECH,T,LVA,0.0,result,Kommunikations-Test fuer SR830 und OSTECH,,,
2026-09-15,11:05:13,052,KOM_Test,OSTECH,T,XTCA,82.0,result,Kommunikations-Test fuer SR830 und OSTECH,,,
2026-09-15,11:05:13,073,KOM_Test,OSTECH,T,XTVA,0.19522921741008759,result,Kommunikations-Test fuer SR830 und OSTECH,,,
2026-09-15,11:05:13,097,KOM_Test,SR830,T,"SNAP 1,2,3,4,10,11","0,0,0,0,0,0",result,Kommunikations-Test fuer SR830 und OSTECH,,,
2026-09-15,11:05:13,102,KOM_Test,OSTECH,T,LCT,0.0,result,Kommunikations-Test fuer SR830 und OSTECH,,,
2026-09-15,11:05:13,116,KOM_Test,OSTECH,T,XTA,20.993431091308594,result,Kommunikations-Test fuer SR830 und OSTECH,,,
2026-09-15,11:05:13,135,KOM_Test,OSTECH,T,LVA,0.0,result,Kommunikations-Test fuer SR830 und OSTECH,,,
2026-09-15,11:05:13,154,KOM_Test,OSTECH,T,XTCA,82.0,result,Kommunikations-Test fuer SR830 und OSTECH,,,
2026-09-15,11:05:13,183,KOM_Test,OSTECH,T,XTVA,0.19522921741008759,result,Kommunikations-Test fuer SR830 und OSTECH,,,
2026-09-15,11:05:13,198,KOM_Test,OSTECH,T,LCT,0.0,result,Kommunikations-Test fuer SR830 und OSTECH,,,
2026-09-15,11:05:13,205,KOM_Test,SR830,T,"SNAP 5,6,7,8,9","0.001,0.005,0.00233333,0.001,1000",result,Kommunikations-Test fuer SR830 und OSTECH,,,
2026-09-15,11:05:13,214,KOM_Test,OSTECH,T,XTA,20.993431091308594,result,Kommunikations-Test fuer SR830 und OSTECH,,,
2026-09-15,11:05:13,228,KOM_Test,SR830,T,PHAS,0,result,Kommunikations-Test fuer SR830 und OSTECH,,,
2026-09-15,11:05:13,230,KOM_Test,OSTECH,T,LVA,0.0,result,Kommunikations-Test fuer SR830 und OSTECH,,,
2026-09-15,11:05:13,241,KOM_Test,OSTECH,T,XTCA,82.0,result,Kommunikations-Test fuer SR830 und OSTECH,,,
2026-09-15,11:05:13,268,KOM_Test,OSTECH,T,XTVA,0.19522921741008759,result,Kommunikations-Test fuer SR830 und OSTECH,,,
2026-09-15,11:05:13,281,KOM_Test,OSTECH,T,LCT,0.0,result,Kommunikations-Test fuer SR830 und OSTECH,,,
2026-09-15,11:05:13,294,KOM_Test,COMMAND,T,SR830 IDN,"SR830 ID: Stanford_Research_Systems,SR830,s/n46328,ver1.07",result,Kommunikations-Test fuer SR830 und OSTECH,,,
2026-09-15,11:05:13,300,KOM_Test,OSTECH,T,XTA,20.993431091308594,result,Kommunikations-Test fuer SR830 und OSTECH,,,
2026-09-15,11:05:13,312,KOM_Test,COMMAND,T,OSTECH LCA,0.0,result,Kommunikations-Test fuer SR830 und OSTECH,,,
2026-09-15,11:05:13,314,KOM_Test,SR830,T,FREQ,1000,result,Kommunikations-Test fuer SR830 und OSTECH,,,
2026-09-15,11:05:13,326,KOM_Test,OSTECH,T,LVA,0.0,result,Kommunikations-Test fuer SR830 und OSTECH,,,
2026-09-15,11:05:13,339,KOM_Test,COMMAND,T,OSTECH XTT,21.0,result,Kommunikations-Test fuer SR830 und OSTECH,,,
2026-09-15,11:05:13,352,KOM_Test,COMMAND,T,OSTECH LTM,25.0,result,Kommunikations-Test fuer SR830 und OSTECH,,,
2026-09-15,11:05:13,360,KOM_Test,OSTECH,T,XTCA,82.0,result,Kommunikations-Test fuer SR830 und OSTECH,,,
2026-09-15,11:05:13,378,KOM_Test,COMMAND,T,OSTECH GT,28.320720672607422,result,Kommunikations-Test fuer SR830 und OSTECH,,,
2026-09-15,11:05:13,388,KOM_Test,SR830,T,"SNAP 1,2,3,4,10,11","0,0,0,0,0,0",result,Kommunikations-Test fuer SR830 und OSTECH,,,
2026-09-15,11:05:13,388,KOM_Test,OSTECH,T,XTVA,0.19522921741008759,result,Kommunikations-Test fuer SR830 und OSTECH,,,
2026-09-15,11:05:13,402,KOM_Test,COMMAND,T,OSTECH GS,"{'status_word': 3085, 'interlock_ok': True, 'driver_supply_ok': True, 'driver_temperature_ok': True, 'lt_sensor_ok': True, 'ct_sensor_ok': True, 'lc_on': False, 'lc_error': False}",result,Kommunikations-Test fuer SR830 und OSTECH,,,
2026-09-15,11:05:13,412,KOM_Test,OSTECH,T,LCT,0.0,result,Kommunikations-Test fuer SR830 und OSTECH,,,
2026-09-15,11:05:13,427,KOM_Test,COMMAND,T,OSTECH GVN,8661,result,Kommunikations-Test fuer SR830 und OSTECH,,,
2026-09-15,11:05:13,453,KOM_Test,OSTECH,T,XTA,20.995101928710938,result,Kommunikations-Test fuer SR830 und OSTECH,,,
2026-09-15,11:05:13,479,KOM_Test,OSTECH,T,LVA,0.0,result,Kommunikations-Test fuer SR830 und OSTECH,,,
2026-09-15,11:05:13,496,KOM_Test,OSTECH,T,XTCA,82.0,result,Kommunikations-Test fuer SR830 und OSTECH,,,
2026-09-15,11:05:13,520,KOM_Test,OSTECH,T,XTVA,0.19522921741008759,result,Kommunikations-Test fuer SR830 und OSTECH,,,
2026-09-15,11:05:13,521,KOM_Test,SR830,T,"SNAP 5,6,7,8,9","-0.00466667,0.00366667,-0.000333333,0.000666667,1000",result,Kommunikations-Test fuer SR830 und OSTECH,,,
2026-09-15,11:05:13,529,KOM_Test,OSTECH,T,LCT,0.0,result,Kommunikations-Test fuer SR830 und OSTECH,,,
2026-09-15,11:05:13,550,KOM_Test,SR830,T,PHAS,0,result,Kommunikations-Test fuer SR830 und OSTECH,,,
2026-09-15,11:05:13,551,KOM_Test,OSTECH,T,XTA,20.995101928710938,result,Kommunikations-Test fuer SR830 und OSTECH,,,
2026-09-15,11:05:13,560,KOM_Test,OSTECH,T,LVA,0.0,result,Kommunikations-Test fuer SR830 und OSTECH,,,
2026-09-15,11:05:13,571,KOM_Test,SR830,T,FREQ,1000,result,Kommunikations-Test fuer SR830 und OSTECH,,,
2026-09-15,11:05:13,586,KOM_Test,OSTECH,T,XTCA,82.0,result,Kommunikations-Test fuer SR830 und OSTECH,,,
2026-09-15,11:05:13,602,KOM_Test,OSTECH,T,XTVA,0.19522921741008759,result,Kommunikations-Test fuer SR830 und OSTECH,,,
2026-09-15,11:05:13,610,KOM_Test,OSTECH,T,LCT,0.0,result,Kommunikations-Test fuer SR830 und OSTECH,,,
2026-09-15,11:05:13,640,KOM_Test,OSTECH,T,XTA,20.995101928710938,result,Kommunikations-Test fuer SR830 und OSTECH,,,
2026-09-15,11:05:13,660,KOM_Test,SR830,T,"SNAP 1,2,3,4,10,11","0,0,0,0,0,0",result,Kommunikations-Test fuer SR830 und OSTECH,,,
2026-09-15,11:05:13,664,KOM_Test,OSTECH,T,LVA,0.0,result,Kommunikations-Test fuer SR830 und OSTECH,,,
2026-09-15,11:05:13,686,KOM_Test,OSTECH,T,XTCA,87.0,result,Kommunikations-Test fuer SR830 und OSTECH,,,
2026-09-15,11:05:13,703,KOM_Test,OSTECH,T,XTVA,0.19478926062583923,result,Kommunikations-Test fuer SR830 und OSTECH,,,
2026-09-15,11:05:13,710,KOM_Test,OSTECH,T,LCT,0.0,result,Kommunikations-Test fuer SR830 und OSTECH,,,
2026-09-15,11:05:13,731,KOM_Test,OSTECH,T,XTA,20.995101928710938,result,Kommunikations-Test fuer SR830 und OSTECH,,,
2026-09-15,11:05:13,744,KOM_Test,OSTECH,T,LVA,0.0,result,Kommunikations-Test fuer SR830 und OSTECH,,,
2026-09-15,11:05:13,768,KOM_Test,OSTECH,T,XTCA,87.0,result,Kommunikations-Test fuer SR830 und OSTECH,,,
2026-09-15,11:05:13,785,KOM_Test,OSTECH,T,XTVA,0.19478926062583923,result,Kommunikations-Test fuer SR830 und OSTECH,,,
2026-09-15,11:05:13,791,KOM_Test,SR830,T,"SNAP 5,6,7,8,9","-0.00166667,0.00466667,0.00233333,0.000666667,1000",result,Kommunikations-Test fuer SR830 und OSTECH,,,
2026-09-15,11:05:13,802,KOM_Test,OSTECH,T,LCT,0.0,result,Kommunikations-Test fuer SR830 und OSTECH,,,
2026-09-15,11:05:13,804,KOM_Test,SR830,T,PHAS,0,result,Kommunikations-Test fuer SR830 und OSTECH,,,
2026-09-15,11:05:13,823,KOM_Test,OSTECH,T,XTA,20.995101928710938,result,Kommunikations-Test fuer SR830 und OSTECH,,,
2026-09-15,11:05:13,837,KOM_Test,SR830,T,FREQ,1000,result,Kommunikations-Test fuer SR830 und OSTECH,,,
2026-09-15,11:05:13,843,KOM_Test,OSTECH,T,LVA,0.0,result,Kommunikations-Test fuer SR830 und OSTECH,,,
2026-09-15,11:05:13,856,KOM_Test,OSTECH,T,XTCA,87.0,result,Kommunikations-Test fuer SR830 und OSTECH,,,
2026-09-15,11:05:13,882,KOM_Test,OSTECH,T,XTVA,0.19478926062583923,result,Kommunikations-Test fuer SR830 und OSTECH,,,
2026-09-15,11:05:13,894,KOM_Test,OSTECH,T,LCT,0.0,result,Kommunikations-Test fuer SR830 und OSTECH,,,
2026-09-15,11:05:13,911,KOM_Test,OSTECH,T,XTA,20.995101928710938,result,Kommunikations-Test fuer SR830 und OSTECH,,,
2026-09-15,11:05:13,924,KOM_Test,SR830,T,"SNAP 1,2,3,4,10,11","0,0,0,0,0,0",result,Kommunikations-Test fuer SR830 und OSTECH,,,
2026-09-15,11:05:13,931,KOM_Test,OSTECH,T,LVA,0.0,result,Kommunikations-Test fuer SR830 und OSTECH,,,
2026-09-15,11:05:13,944,KOM_Test,OSTECH,T,XTCA,87.0,result,Kommunikations-Test fuer SR830 und OSTECH,,,
2026-09-15,11:05:13,961,KOM_Test,OSTECH,T,XTVA,0.19478926062583923,result,Kommunikations-Test fuer SR830 und OSTECH,,,
2026-09-15,11:05:13,970,KOM_Test,OSTECH,T,LCT,0.0,result,Kommunikations-Test fuer SR830 und OSTECH,,,
2026-09-15,11:05:14,009,KOM_Test,OSTECH,T,XTA,20.990158081054688,result,Kommunikations-Test fuer SR830 und OSTECH,,,
2026-09-15,11:05:14,021,KOM_Test,OSTECH,T,LVA,0.0,result,Kommunikations-Test fuer SR830 und OSTECH,,,
2026-09-15,11:05:14,039,KOM_Test,SR830,T,"SNAP 5,6,7,8,9","-0.00333333,0.005,-0.00233333,-0.001,1000",result,Kommunikations-Test fuer SR830 und OSTECH,,,
2026-09-15,11:05:14,049,KOM_Test,OSTECH,T,XTCA,87.0,result,Kommunikations-Test fuer SR830 und OSTECH,,,
2026-09-15,11:05:14,054,KOM_Test,SR830,T,PHAS,0,result,Kommunikations-Test fuer SR830 und OSTECH,,,
2026-09-15,11:05:14,067,KOM_Test,OSTECH,T,XTVA,0.19478926062583923,result,Kommunikations-Test fuer SR830 und OSTECH,,,
2026-09-15,11:05:14,073,KOM_Test,OSTECH,T,LCT,0.0,result,Kommunikations-Test fuer SR830 und OSTECH,,,
2026-09-15,11:05:14,086,KOM_Test,SR830,T,FREQ,1000,result,Kommunikations-Test fuer SR830 und OSTECH,,,
2026-09-15,11:05:14,089,KOM_Test,OSTECH,T,XTA,20.990158081054688,result,Kommunikations-Test fuer SR830 und OSTECH,,,
2026-09-15,11:05:14,108,KOM_Test,OSTECH,T,LVA,0.0,result,Kommunikations-Test fuer SR830 und OSTECH,,,
2026-09-15,11:05:14,135,KOM_Test,OSTECH,T,XTCA,87.0,result,Kommunikations-Test fuer SR830 und OSTECH,,,
2026-09-15,11:05:14,152,KOM_Test,OSTECH,T,XTVA,0.19478926062583923,result,Kommunikations-Test fuer SR830 und OSTECH,,,
2026-09-15,11:05:14,160,KOM_Test,OSTECH,T,LCT,0.0,result,Kommunikations-Test fuer SR830 und OSTECH,,,
2026-09-15,11:05:14,175,KOM_Test,SR830,T,"SNAP 1,2,3,4,10,11","0,0,0,0,0,0",result,Kommunikations-Test fuer SR830 und OSTECH,,,
2026-09-15,11:05:14,188,KOM_Test,OSTECH,T,XTA,20.990158081054688,result,Kommunikations-Test fuer SR830 und OSTECH,,,
2026-09-15,11:05:14,209,KOM_Test,OSTECH,T,LVA,0.0,result,Kommunikations-Test fuer SR830 und OSTECH,,,
2026-09-15,11:05:14,222,KOM_Test,OSTECH,T,XTCA,87.0,result,Kommunikations-Test fuer SR830 und OSTECH,,,
2026-09-15,11:05:14,243,KOM_Test,OSTECH,T,XTVA,0.19478926062583923,result,Kommunikations-Test fuer SR830 und OSTECH,,,
2026-09-15,11:05:14,259,KOM_Test,OSTECH,T,LCT,0.0,result,Kommunikations-Test fuer SR830 und OSTECH,,,
2026-09-15,11:05:14,277,KOM_Test,OSTECH,T,XTA,20.990158081054688,result,Kommunikations-Test fuer SR830 und OSTECH,,,
2026-09-15,11:05:14,290,KOM_Test,OSTECH,T,LVA,0.0,result,Kommunikations-Test fuer SR830 und OSTECH,,,
2026-09-15,11:05:14,304,KOM_Test,SR830,T,"SNAP 5,6,7,8,9","-0.000666667,0.005,-0.000666667,0.000666667,1000",result,Kommunikations-Test fuer SR830 und OSTECH,,,
2026-09-15,11:05:14,307,KOM_Test,OSTECH,T,XTCA,87.0,result,Kommunikations-Test fuer SR830 und OSTECH,,,
2026-09-15,11:05:14,326,KOM_Test,SR830,T,PHAS,0,result,Kommunikations-Test fuer SR830 und OSTECH,,,
2026-09-15,11:05:14,334,KOM_Test,OSTECH,T,XTVA,0.19478926062583923,result,Kommunikations-Test fuer SR830 und OSTECH,,,
2026-09-15,11:05:14,339,KOM_Test,OSTECH,T,LCT,0.0,result,Kommunikations-Test fuer SR830 und OSTECH,,,
2026-09-15,11:05:14,355,KOM_Test,SR830,T,FREQ,1000,result,Kommunikations-Test fuer SR830 und OSTECH,,,
2026-09-15,11:05:14,371,KOM_Test,OSTECH,T,XTA,20.990158081054688,result,Kommunikations-Test fuer SR830 und OSTECH,,,
2026-09-15,11:05:14,395,KOM_Test,OSTECH,T,LVA,0.0,result,Kommunikations-Test fuer SR830 und OSTECH,,,
2026-09-15,11:05:14,405,KOM_Test,OSTECH,T,XTCA,87.0,result,Kommunikations-Test fuer SR830 und OSTECH,,,
2026-09-15,11:05:14,421,KOM_Test,OSTECH,T,XTVA,0.19478926062583923,result,Kommunikations-Test fuer SR830 und OSTECH,,,
2026-09-15,11:05:14,437,KOM_Test,SR830,T,"SNAP 1,2,3,4,10,11","0,0,0,0,0,0",result,Kommunikations-Test fuer SR830 und OSTECH,,,
2026-09-15,11:05:14,451,KOM_Test,OSTECH,T,LCT,0.0,result,Kommunikations-Test fuer SR830 und OSTECH,,,
2026-09-15,11:05:14,454,KOM_Test,OSTECH,T,XTA,20.990158081054688,result,Kommunikations-Test fuer SR830 und OSTECH,,,
2026-09-15,11:05:14,473,KOM_Test,OSTECH,T,LVA,0.0,result,Kommunikations-Test fuer SR830 und OSTECH,,,
2026-09-15,11:05:14,489,KOM_Test,OSTECH,T,XTCA,87.0,result,Kommunikations-Test fuer SR830 und OSTECH,,,
2026-09-15,11:05:14,510,KOM_Test,COMMAND,T,SR830 IDN,"SR830 ID: Stanford_Research_Systems,SR830,s/n46328,ver1.07",result,Kommunikations-Test fuer SR830 und OSTECH,,,
2026-09-15,11:05:14,518,KOM_Test,OSTECH,T,XTVA,0.19478926062583923,result,Kommunikations-Test fuer SR830 und OSTECH,,,
2026-09-15,11:05:14,531,KOM_Test,COMMAND,T,OSTECH LCA,0.0,result,Kommunikations-Test fuer SR830 und OSTECH,,,
2026-09-15,11:05:14,558,KOM_Test,OSTECH,T,LCT,0.0,result,Kommunikations-Test fuer SR830 und OSTECH,,,
2026-09-15,11:05:14,570,KOM_Test,COMMAND,T,OSTECH XTT,21.0,result,Kommunikations-Test fuer SR830 und OSTECH,,,
2026-09-15,11:05:14,585,KOM_Test,COMMAND,T,OSTECH LTM,25.0,result,Kommunikations-Test fuer SR830 und OSTECH,,,
2026-09-15,11:05:14,593,KOM_Test,OSTECH,T,XTA,20.996444702148438,result,Kommunikations-Test fuer SR830 und OSTECH,,,
2026-09-15,11:05:14,605,KOM_Test,COMMAND,T,OSTECH GT,28.320720672607422,result,Kommunikations-Test fuer SR830 und OSTECH,,,
2026-09-15,11:05:14,622,KOM_Test,OSTECH,T,LVA,0.0,result,Kommunikations-Test fuer SR830 und OSTECH,,,
2026-09-15,11:05:14,622,KOM_Test,SR830,T,"SNAP 5,6,7,8,9","-0.00166667,0.00633333,-0.000666667,-0.002,1000",result,Kommunikations-Test fuer SR830 und OSTECH,,,
2026-09-15,11:05:14,632,KOM_Test,COMMAND,T,OSTECH GS,"{'status_word': 3085, 'interlock_ok': True, 'driver_supply_ok': True, 'driver_temperature_ok': True, 'lt_sensor_ok': True, 'ct_sensor_ok': True, 'lc_on': False, 'lc_error': False}",result,Kommunikations-Test fuer SR830 und OSTECH,,,
2026-09-15,11:05:14,643,KOM_Test,SR830,T,PHAS,0,result,Kommunikations-Test fuer SR830 und OSTECH,,,
2026-09-15,11:05:14,643,KOM_Test,COMMAND,T,OSTECH GVN,8661,result,Kommunikations-Test fuer SR830 und OSTECH,,,
2026-09-15,11:05:14,657,KOM_Test,OSTECH,T,XTCA,87.0,result,Kommunikations-Test fuer SR830 und OSTECH,,,
2026-09-15,11:05:14,660,KOM_Test,SR830,T,FREQ,1000,result,Kommunikations-Test fuer SR830 und OSTECH,,,
2026-09-15,11:05:14,673,KOM_Test,OSTECH,T,XTVA,0.19478926062583923,result,Kommunikations-Test fuer SR830 und OSTECH,,,
2026-09-15,11:05:14,693,KOM_Test,OSTECH,T,LCT,0.0,result,Kommunikations-Test fuer SR830 und OSTECH,,,
2026-09-15,11:05:14,710,KOM_Test,OSTECH,T,XTA,20.996444702148438,result,Kommunikations-Test fuer SR830 und OSTECH,,,
2026-09-15,11:05:14,745,KOM_Test,SR830,T,"SNAP 1,2,3,4,10,11","0,0,0,0,0,0",result,Kommunikations-Test fuer SR830 und OSTECH,,,
2026-09-15,11:05:14,746,KOM_Test,OSTECH,T,LVA,0.0,result,Kommunikations-Test fuer SR830 und OSTECH,,,
2026-09-15,11:05:14,760,KOM_Test,OSTECH,T,XTCA,87.0,result,Kommunikations-Test fuer SR830 und OSTECH,,,
2026-09-15,11:05:14,771,KOM_Test,OSTECH,T,XTVA,0.19478926062583923,result,Kommunikations-Test fuer SR830 und OSTECH,,,
2026-09-15,11:05:14,793,KOM_Test,OSTECH,T,LCT,0.0,result,Kommunikations-Test fuer SR830 und OSTECH,,,
2026-09-15,11:05:14,806,KOM_Test,OSTECH,T,XTA,20.996444702148438,result,Kommunikations-Test fuer SR830 und OSTECH,,,
2026-09-15,11:05:14,824,KOM_Test,OSTECH,T,LVA,0.0,result,Kommunikations-Test fuer SR830 und OSTECH,,,
2026-09-15,11:05:14,840,KOM_Test,OSTECH,T,XTCA,87.0,result,Kommunikations-Test fuer SR830 und OSTECH,,,
2026-09-15,11:05:14,859,KOM_Test,OSTECH,T,XTVA,0.19478926062583923,result,Kommunikations-Test fuer SR830 und OSTECH,,,
2026-09-15,11:05:14,870,KOM_Test,SR830,T,"SNAP 5,6,7,8,9","-0.000666667,0.00633333,0.000666667,0.000666667,1000",result,Kommunikations-Test fuer SR830 und OSTECH,,,
2026-09-15,11:05:14,875,KOM_Test,OSTECH,T,LCT,0.0,result,Kommunikations-Test fuer SR830 und OSTECH,,,
2026-09-15,11:05:14,891,KOM_Test,SR830,T,PHAS,0,result,Kommunikations-Test fuer SR830 und OSTECH,,,
2026-09-15,11:05:14,891,KOM_Test,OSTECH,T,XTA,20.996444702148438,result,Kommunikations-Test fuer SR830 und OSTECH,,,
2026-09-15,11:05:14,919,KOM_Test,OSTECH,T,LVA,0.0,result,Kommunikations-Test fuer SR830 und OSTECH,,,
2026-09-15,11:05:14,922,KOM_Test,SR830,T,FREQ,1000,result,Kommunikations-Test fuer SR830 und OSTECH,,,
2026-09-15,11:05:14,937,KOM_Test,OSTECH,T,XTCA,87.0,result,Kommunikations-Test fuer SR830 und OSTECH,,,
2026-09-15,11:05:14,960,KOM_Test,OSTECH,T,XTVA,0.19478926062583923,result,Kommunikations-Test fuer SR830 und OSTECH,,,
2026-09-15,11:05:14,973,KOM_Test,OSTECH,T,LCT,0.0,result,Kommunikations-Test fuer SR830 und OSTECH,,,
2026-09-15,11:05:14,991,KOM_Test,SR830,T,"SNAP 1,2,3,4,10,11","0,0,0,0,0,0",result,Kommunikations-Test fuer SR830 und OSTECH,,,
2026-09-15,11:05:14,991,KOM_Test,OSTECH,T,XTA,20.996444702148438,result,Kommunikations-Test fuer SR830 und OSTECH,,,
2026-09-15,11:05:15,011,KOM_Test,OSTECH,T,LVA,0.0,result,Kommunikations-Test fuer SR830 und OSTECH,,,
2026-09-15,11:05:15,027,KOM_Test,OSTECH,T,XTCA,87.0,result,Kommunikations-Test fuer SR830 und OSTECH,,,
2026-09-15,11:05:15,042,KOM_Test,OSTECH,T,XTVA,0.19478926062583923,result,Kommunikations-Test fuer SR830 und OSTECH,,,
2026-09-15,11:05:15,058,KOM_Test,OSTECH,T,LCT,0.0,result,Kommunikations-Test fuer SR830 und OSTECH,,,
2026-09-15,11:05:15,074,KOM_Test,OSTECH,T,XTA,20.996444702148438,result,Kommunikations-Test fuer SR830 und OSTECH,,,
2026-09-15,11:05:15,109,KOM_Test,OSTECH,T,LVA,0.0,result,Kommunikations-Test fuer SR830 und OSTECH,,,
2026-09-15,11:05:15,120,KOM_Test,SR830,T,"SNAP 5,6,7,8,9","-0.00366667,0.002,-0.000666667,-0.000666667,1000",result,Kommunikations-Test fuer SR830 und OSTECH,,,
2026-09-15,11:05:15,122,KOM_Test,OSTECH,T,XTCA,87.0,result,Kommunikations-Test fuer SR830 und OSTECH,,,
2026-09-15,11:05:15,122,KOM_Test,SR830,T,PHAS,0,result,Kommunikations-Test fuer SR830 und OSTECH,,,
2026-09-15,11:05:15,152,KOM_Test,OSTECH,T,XTVA,0.19478926062583923,result,Kommunikations-Test fuer SR830 und OSTECH,,,
2026-09-15,11:05:15,156,KOM_Test,SR830,T,FREQ,1000,result,Kommunikations-Test fuer SR830 und OSTECH,,,
2026-09-15,11:05:15,160,KOM_Test,OSTECH,T,LCT,0.0,result,Kommunikations-Test fuer SR830 und OSTECH,,,
2026-09-15,11:05:15,173,KOM_Test,OSTECH,T,XTA,20.99219512939453,result,Kommunikations-Test fuer SR830 und OSTECH,,,
2026-09-15,11:05:15,193,KOM_Test,OSTECH,T,LVA,0.0,result,Kommunikations-Test fuer SR830 und OSTECH,,,
2026-09-15,11:05:15,206,KOM_Test,OSTECH,T,XTCA,87.0,result,Kommunikations-Test fuer SR830 und OSTECH,,,
2026-09-15,11:05:15,235,KOM_Test,OSTECH,T,XTVA,0.19478926062583923,result,Kommunikations-Test fuer SR830 und OSTECH,,,
2026-09-15,11:05:15,244,KOM_Test,SR830,T,"SNAP 1,2,3,4,10,11","0,0,0,0,0,0",result,Kommunikations-Test fuer SR830 und OSTECH,,,
2026-09-15,11:05:15,249,KOM_Test,OSTECH,T,LCT,0.0,result,Kommunikations-Test fuer SR830 und OSTECH,,,
2026-09-15,11:05:15,254,KOM_Test,OSTECH,T,XTA,20.99219512939453,result,Kommunikations-Test fuer SR830 und OSTECH,,,
2026-09-15,11:05:15,288,KOM_Test,OSTECH,T,LVA,0.0,result,Kommunikations-Test fuer SR830 und OSTECH,,,
2026-09-15,11:05:15,311,KOM_Test,OSTECH,T,XTCA,87.0,result,Kommunikations-Test fuer SR830 und OSTECH,,,
2026-09-15,11:05:15,327,KOM_Test,OSTECH,T,XTVA,0.19478926062583923,result,Kommunikations-Test fuer SR830 und OSTECH,,,
2026-09-15,11:05:15,344,KOM_Test,OSTECH,T,LCT,0.0,result,Kommunikations-Test fuer SR830 und OSTECH,,,
2026-09-15,11:05:15,360,KOM_Test,SR830,T,"SNAP 5,6,7,8,9","-0.00333333,0.00633333,0.001,-0.001,1000",result,Kommunikations-Test fuer SR830 und OSTECH,,,
2026-09-15,11:05:15,366,KOM_Test,OSTECH,T,XTA,20.99219512939453,result,Kommunikations-Test fuer SR830 und OSTECH,,,
2026-09-15,11:05:15,371,KOM_Test,SR830,T,PHAS,0,result,Kommunikations-Test fuer SR830 und OSTECH,,,
2026-09-15,11:05:15,371,KOM_Test,OSTECH,T,LVA,0.0,result,Kommunikations-Test fuer SR830 und OSTECH,,,
2026-09-15,11:05:15,395,KOM_Test,OSTECH,T,XTCA,87.0,result,Kommunikations-Test fuer SR830 und OSTECH,,,
2026-09-15,11:05:15,404,KOM_Test,SR830,T,FREQ,1000,result,Kommunikations-Test fuer SR830 und OSTECH,,,
2026-09-15,11:05:15,410,KOM_Test,OSTECH,T,XTVA,0.19478926062583923,result,Kommunikations-Test fuer SR830 und OSTECH,,,
2026-09-15,11:05:15,433,KOM_Test,OSTECH,T,LCT,0.0,result,Kommunikations-Test fuer SR830 und OSTECH,,,
2026-09-15,11:05:15,449,KOM_Test,OSTECH,T,XTA,20.99219512939453,result,Kommunikations-Test fuer SR830 und OSTECH,,,
2026-09-15,11:05:15,470,KOM_Test,OSTECH,T,LVA,0.0,result,Kommunikations-Test fuer SR830 und OSTECH,,,
2026-09-15,11:05:15,486,KOM_Test,OSTECH,T,XTCA,87.0,result,Kommunikations-Test fuer SR830 und OSTECH,,,
2026-09-15,11:05:15,494,KOM_Test,SR830,T,"SNAP 1,2,3,4,10,11","0,0,0,0,0,0",result,Kommunikations-Test fuer SR830 und OSTECH,,,
2026-09-15,11:05:15,501,KOM_Test,OSTECH,T,XTVA,0.19478926062583923,result,Kommunikations-Test fuer SR830 und OSTECH,,,
2026-09-15,11:05:15,509,KOM_Test,OSTECH,T,LCT,0.0,result,Kommunikations-Test fuer SR830 und OSTECH,,,
2026-09-15,11:05:15,533,KOM_Test,OSTECH,T,XTA,20.99219512939453,result,Kommunikations-Test fuer SR830 und OSTECH,,,
2026-09-15,11:05:15,547,KOM_Test,OSTECH,T,LVA,0.0,result,Kommunikations-Test fuer SR830 und OSTECH,,,
2026-09-15,11:05:15,569,KOM_Test,OSTECH,T,XTCA,87.0,result,Kommunikations-Test fuer SR830 und OSTECH,,,
2026-09-15,11:05:15,587,KOM_Test,OSTECH,T,XTVA,0.19478926062583923,result,Kommunikations-Test fuer SR830 und OSTECH,,,
2026-09-15,11:05:15,596,KOM_Test,OSTECH,T,LCT,0.0,result,Kommunikations-Test fuer SR830 und OSTECH,,,
2026-09-15,11:05:15,611,KOM_Test,OSTECH,T,XTA,20.99219512939453,result,Kommunikations-Test fuer SR830 und OSTECH,,,
2026-09-15,11:05:15,624,KOM_Test,SR830,T,"SNAP 5,6,7,8,9","-0.00166667,0.00633333,-0.000666667,0.00366667,1000",result,Kommunikations-Test fuer SR830 und OSTECH,,,
2026-09-15,11:05:15,631,KOM_Test,OSTECH,T,LVA,0.0,result,Kommunikations-Test fuer SR830 und OSTECH,,,
2026-09-15,11:05:15,647,KOM_Test,SR830,T,PHAS,0,result,Kommunikations-Test fuer SR830 und OSTECH,,,
2026-09-15,11:05:15,654,KOM_Test,OSTECH,T,XTCA,87.0,result,Kommunikations-Test fuer SR830 und OSTECH,,,
2026-09-15,11:05:15,672,KOM_Test,SR830,T,FREQ,1000,result,Kommunikations-Test fuer SR830 und OSTECH,,,
2026-09-15,11:05:15,673,KOM_Test,OSTECH,T,XTVA,0.19478926062583923,result,Kommunikations-Test fuer SR830 und OSTECH,,,
2026-09-15,11:05:15,697,KOM_Test,OSTECH,T,LCT,0.0,result,Kommunikations-Test fuer SR830 und OSTECH,,,
2026-09-15,11:05:15,711,KOM_Test,OSTECH,T,XTA,20.994888305664062,result,Kommunikations-Test fuer SR830 und OSTECH,,,
2026-09-15,11:05:15,725,KOM_Test,OSTECH,T,LVA,0.0,result,Kommunikations-Test fuer SR830 und OSTECH,,,
2026-09-15,11:05:15,739,KOM_Test,COMMAND,T,SR830 IDN,"SR830 ID: Stanford_Research_Systems,SR830,s/n46328,ver1.07",result,Kommunikations-Test fuer SR830 und OSTECH,,,
2026-09-15,11:05:15,752,KOM_Test,OSTECH,T,XTCA,87.0,result,Kommunikations-Test fuer SR830 und OSTECH,,,
2026-09-15,11:05:15,762,KOM_Test,COMMAND,T,OSTECH LCA,0.0,result,Kommunikations-Test fuer SR830 und OSTECH,,,
2026-09-15,11:05:15,773,KOM_Test,OSTECH,T,XTVA,0.19478926062583923,result,Kommunikations-Test fuer SR830 und OSTECH,,,
2026-09-15,11:05:15,788,KOM_Test,COMMAND,T,OSTECH XTT,21.0,result,Kommunikations-Test fuer SR830 und OSTECH,,,
2026-09-15,11:05:15,805,KOM_Test,OSTECH,T,LCT,0.0,result,Kommunikations-Test fuer SR830 und OSTECH,,,
2026-09-15,11:05:15,814,KOM_Test,SR830,T,"SNAP 1,2,3,4,10,11","0,0,0,0,0,0",result,Kommunikations-Test fuer SR830 und OSTECH,,,
2026-09-15,11:05:15,820,KOM_Test,COMMAND,T,OSTECH LTM,25.0,result,Kommunikations-Test fuer SR830 und OSTECH,,,
2026-09-15,11:05:15,845,KOM_Test,OSTECH,T,XTA,20.994888305664062,result,Kommunikations-Test fuer SR830 und OSTECH,,,
2026-09-15,11:05:15,857,KOM_Test,COMMAND,T,OSTECH GT,28.318296432495117,result,Kommunikations-Test fuer SR830 und OSTECH,,,
2026-09-15,11:05:15,866,KOM_Test,COMMAND,T,OSTECH GS,"{'status_word': 3085, 'interlock_ok': True, 'driver_supply_ok': True, 'driver_temperature_ok': True, 'lt_sensor_ok': True, 'ct_sensor_ok': True, 'lc_on': False, 'lc_error': False}",result,Kommunikations-Test fuer SR830 und OSTECH,,,
2026-09-15,11:05:15,877,KOM_Test,COMMAND,T,OSTECH GVN,8661,result,Kommunikations-Test fuer SR830 und OSTECH,,,
2026-09-15,11:05:15,889,KOM_Test,OSTECH,T,LVA,0.0,result,Kommunikations-Test fuer SR830 und OSTECH,,,
2026-09-15,11:05:15,911,KOM_Test,OSTECH,T,XTCA,85.0,result,Kommunikations-Test fuer SR830 und OSTECH,,,
2026-09-15,11:05:15,928,KOM_Test,OSTECH,T,XTVA,0.19681011140346527,result,Kommunikations-Test fuer SR830 und OSTECH,,,
2026-09-15,11:05:15,936,KOM_Test,SR830,T,"SNAP 5,6,7,8,9","-0.00166667,0.003,-0.000333333,0.000666667,1000",result,Kommunikations-Test fuer SR830 und OSTECH,,,
2026-09-15,11:05:15,950,KOM_Test,OSTECH,T,LCT,0.0,result,Kommunikations-Test fuer SR830 und OSTECH,,,
2026-09-15,11:05:15,957,KOM_Test,OSTECH,T,XTA,20.994888305664062,result,Kommunikations-Test fuer SR830 und OSTECH,,,
2026-09-15,11:05:15,957,KOM_Test,SR830,T,PHAS,0,result,Kommunikations-Test fuer SR830 und OSTECH,,,
2026-09-15,11:05:15,973,KOM_Test,OSTECH,T,LVA,0.0,result,Kommunikations-Test fuer SR830 und OSTECH,,,
2026-09-15,11:05:15,989,KOM_Test,SR830,T,FREQ,1000,result,Kommunikations-Test fuer SR830 und OSTECH,,,
2026-09-15,11:05:16,000,KOM_Test,OSTECH,T,XTCA,85.0,result,Kommunikations-Test fuer SR830 und OSTECH,,,
2026-09-15,11:05:16,024,KOM_Test,OSTECH,T,XTVA,0.19681011140346527,result,Kommunikations-Test fuer SR830 und OSTECH,,,
2026-09-15,11:05:16,050,KOM_Test,OSTECH,T,LCT,0.0,result,Kommunikations-Test fuer SR830 und OSTECH,,,
2026-09-15,11:05:16,058,KOM_Test,OSTECH,T,XTA,20.994888305664062,result,Kommunikations-Test fuer SR830 und OSTECH,,,
2026-09-15,11:05:16,075,KOM_Test,SR830,T,"SNAP 1,2,3,4,10,11","0,0,0,0,0,0",result,Kommunikations-Test fuer SR830 und OSTECH,,,
2026-09-15,11:05:16,083,KOM_Test,OSTECH,T,LVA,0.0,result,Kommunikations-Test fuer SR830 und OSTECH,,,
2026-09-15,11:05:16,100,KOM_Test,OSTECH,T,XTCA,85.0,result,Kommunikations-Test fuer SR830 und OSTECH,,,
2026-09-15,11:05:16,105,KOM_Test,OSTECH,T,XTVA,0.19681011140346527,result,Kommunikations-Test fuer SR830 und OSTECH,,,
2026-09-15,11:05:16,127,KOM_Test,OSTECH,T,LCT,0.0,result,Kommunikations-Test fuer SR830 und OSTECH,,,
2026-09-15,11:05:16,144,KOM_Test,OSTECH,T,XTA,20.994888305664062,result,Kommunikations-Test fuer SR830 und OSTECH,,,
2026-09-15,11:05:16,157,KOM_Test,OSTECH,T,LVA,0.0,result,Kommunikations-Test fuer SR830 und OSTECH,,,
2026-09-15,11:05:16,172,KOM_Test,OSTECH,T,XTCA,85.0,result,Kommunikations-Test fuer SR830 und OSTECH,,,
2026-09-15,11:05:16,210,KOM_Test,SR830,T,"SNAP 5,6,7,8,9","0.00133333,0.00633333,0.000666667,-0.000666667,1000",result,Kommunikations-Test fuer SR830 und OSTECH,,,
2026-09-15,11:05:16,212,KOM_Test,OSTECH,T,XTVA,0.19681011140346527,result,Kommunikations-Test fuer SR830 und OSTECH,,,
2026-09-15,11:05:16,228,KOM_Test,SR830,T,PHAS,0,result,Kommunikations-Test fuer SR830 und OSTECH,,,
2026-09-15,11:05:16,228,KOM_Test,OSTECH,T,LCT,0.0,result,Kommunikations-Test fuer SR830 und OSTECH,,,
2026-09-15,11:05:16,242,KOM_Test,OSTECH,T,XTA,20.996231079101562,result,Kommunikations-Test fuer SR830 und OSTECH,,,
2026-09-15,11:05:16,255,KOM_Test,SR830,T,FREQ,1000,result,Kommunikations-Test fuer SR830 und OSTECH,,,
2026-09-15,11:05:16,257,KOM_Test,OSTECH,T,LVA,0.0,result,Kommunikations-Test fuer SR830 und OSTECH,,,
2026-09-15,11:05:16,272,KOM_Test,OSTECH,T,XTCA,85.0,result,Kommunikations-Test fuer SR830 und OSTECH,,,
2026-09-15,11:05:16,302,KOM_Test,OSTECH,T,XTVA,0.19681011140346527,result,Kommunikations-Test fuer SR830 und OSTECH,,,
2026-09-15,11:05:16,310,KOM_Test,OSTECH,T,LCT,0.0,result,Kommunikations-Test fuer SR830 und OSTECH,,,
2026-09-15,11:05:16,324,KOM_Test,OSTECH,T,XTA,20.996231079101562,result,Kommunikations-Test fuer SR830 und OSTECH,,,
2026-09-15,11:05:16,340,KOM_Test,SR830,T,"SNAP 1,2,3,4,10,11","0,0,0,0,0,0",result,Kommunikations-Test fuer SR830 und OSTECH,,,
2026-09-15,11:05:16,351,KOM_Test,OSTECH,T,LVA,0.0,result,Kommunikations-Test fuer SR830 und OSTECH,,,
2026-09-15,11:05:16,355,KOM_Test,OSTECH,T,XTCA,85.0,result,Kommunikations-Test fuer SR830 und OSTECH,,,
2026-09-15,11:05:16,390,KOM_Test,OSTECH,T,XTVA,0.19681011140346527,result,Kommunikations-Test fuer SR830 und OSTECH,,,
2026-09-15,11:05:16,413,KOM_Test,OSTECH,T,LCT,0.0,result,Kommunikations-Test fuer SR830 und OSTECH,,,
2026-09-15,11:05:16,424,KOM_Test,OSTECH,T,XTA,20.996231079101562,result,Kommunikations-Test fuer SR830 und OSTECH,,,
2026-09-15,11:05:16,443,KOM_Test,OSTECH,T,LVA,0.0,result,Kommunikations-Test fuer SR830 und OSTECH,,,
2026-09-15,11:05:16,457,KOM_Test,SR830,T,"SNAP 5,6,7,8,9","-0.000666667,0.003,0.000666667,-0.002,1000",result,Kommunikations-Test fuer SR830 und OSTECH,,,
2026-09-15,11:05:16,468,KOM_Test,OSTECH,T,XTCA,85.0,result,Kommunikations-Test fuer SR830 und OSTECH,,,
2026-09-15,11:05:16,471,KOM_Test,SR830,T,PHAS,0,result,Kommunikations-Test fuer SR830 und OSTECH,,,
2026-09-15,11:05:16,486,KOM_Test,OSTECH,T,XTVA,0.19681011140346527,result,Kommunikations-Test fuer SR830 und OSTECH,,,
2026-09-15,11:05:16,491,KOM_Test,OSTECH,T,LCT,0.0,result,Kommunikations-Test fuer SR830 und OSTECH,,,
2026-09-15,11:05:16,506,KOM_Test,SR830,T,FREQ,1000,result,Kommunikations-Test fuer SR830 und OSTECH,,,
2026-09-15,11:05:16,507,KOM_Test,OSTECH,T,XTA,20.996231079101562,result,Kommunikations-Test fuer SR830 und OSTECH,,,
2026-09-15,11:05:16,529,KOM_Test,OSTECH,T,LVA,0.0,result,Kommunikations-Test fuer SR830 und OSTECH,,,
2026-09-15,11:05:16,542,KOM_Test,OSTECH,T,XTCA,85.0,result,Kommunikations-Test fuer SR830 und OSTECH,,,
2026-09-15,11:05:16,577,KOM_Test,OSTECH,T,XTVA,0.19681011140346527,result,Kommunikations-Test fuer SR830 und OSTECH,,,
2026-09-15,11:05:16,592,KOM_Test,SR830,T,"SNAP 1,2,3,4,10,11","0,0,0,0,0,0",result,Kommunikations-Test fuer SR830 und OSTECH,,,
2026-09-15,11:05:16,592,KOM_Test,OSTECH,T,LCT,0.0,result,Kommunikations-Test fuer SR830 und OSTECH,,,
2026-09-15,11:05:16,609,KOM_Test,OSTECH,T,XTA,20.996231079101562,result,Kommunikations-Test fuer SR830 und OSTECH,,,
2026-09-15,11:05:16,625,KOM_Test,OSTECH,T,LVA,0.0,result,Kommunikations-Test fuer SR830 und OSTECH,,,
2026-09-15,11:05:16,641,KOM_Test,OSTECH,T,XTCA,85.0,result,Kommunikations-Test fuer SR830 und OSTECH,,,
2026-09-15,11:05:16,669,KOM_Test,OSTECH,T,XTVA,0.19681011140346527,result,Kommunikations-Test fuer SR830 und OSTECH,,,
2026-09-15,11:05:16,678,KOM_Test,OSTECH,T,LCT,0.0,result,Kommunikations-Test fuer SR830 und OSTECH,,,
2026-09-15,11:05:16,690,KOM_Test,OSTECH,T,XTA,20.996231079101562,result,Kommunikations-Test fuer SR830 und OSTECH,,,
2026-09-15,11:05:16,707,KOM_Test,SR830,T,"SNAP 5,6,7,8,9","-0.00333333,0.00666667,0.001,-0.001,1000",result,Kommunikations-Test fuer SR830 und OSTECH,,,
2026-09-15,11:05:16,707,KOM_Test,OSTECH,T,LVA,0.0,result,Kommunikations-Test fuer SR830 und OSTECH,,,
2026-09-15,11:05:16,725,KOM_Test,SR830,T,PHAS,0,result,Kommunikations-Test fuer SR830 und OSTECH,,,
2026-09-15,11:05:16,736,KOM_Test,OSTECH,T,XTCA,85.0,result,Kommunikations-Test fuer SR830 und OSTECH,,,
2026-09-15,11:05:16,755,KOM_Test,SR830,T,FREQ,1000,result,Kommunikations-Test fuer SR830 und OSTECH,,,
2026-09-15,11:05:16,759,KOM_Test,OSTECH,T,XTVA,0.19681011140346527,result,Kommunikations-Test fuer SR830 und OSTECH,,,
2026-09-15,11:05:16,771,KOM_Test,OSTECH,T,LCT,0.0,result,Kommunikations-Test fuer SR830 und OSTECH,,,
2026-09-15,11:05:16,815,KOM_Test,OSTECH,T,XTA,20.996231079101562,result,Kommunikations-Test fuer SR830 und OSTECH,,,
2026-09-15,11:05:16,827,KOM_Test,OSTECH,T,LVA,0.0,result,Kommunikations-Test fuer SR830 und OSTECH,,,
2026-09-15,11:05:16,833,KOM_Test,SR830,T,"SNAP 1,2,3,4,10,11","0,0,0,0,0,0",result,Kommunikations-Test fuer SR830 und OSTECH,,,
2026-09-15,11:05:16,838,KOM_Test,OSTECH,T,XTCA,85.0,result,Kommunikations-Test fuer SR830 und OSTECH,,,
2026-09-15,11:05:16,857,KOM_Test,OSTECH,T,XTVA,0.19681011140346527,result,Kommunikations-Test fuer SR830 und OSTECH,,,
2026-09-15,11:05:16,857,KOM_Test,OSTECH,T,LCT,0.0,result,Kommunikations-Test fuer SR830 und OSTECH,,,
2026-09-15,11:05:16,882,KOM_Test,OSTECH,T,XTA,20.996231079101562,result,Kommunikations-Test fuer SR830 und OSTECH,,,
2026-09-15,11:05:16,903,KOM_Test,OSTECH,T,LVA,0.0,result,Kommunikations-Test fuer SR830 und OSTECH,,,
2026-09-15,11:05:16,920,KOM_Test,OSTECH,T,XTCA,85.0,result,Kommunikations-Test fuer SR830 und OSTECH,,,
2026-09-15,11:05:16,945,KOM_Test,OSTECH,T,XTVA,0.19681011140346527,result,Kommunikations-Test fuer SR830 und OSTECH,,,
2026-09-15,11:05:16,945,KOM_Test,SR830,T,"SNAP 5,6,7,8,9","-0.002,0.00633333,-0.000666667,0.000666667,1000",result,Kommunikations-Test fuer SR830 und OSTECH,,,
2026-09-15,11:05:16,958,KOM_Test,OSTECH,T,LCT,0.0,result,Kommunikations-Test fuer SR830 und OSTECH,,,
2026-09-15,11:05:16,979,KOM_Test,OSTECH,T,XTA,20.996795654296875,result,Kommunikations-Test fuer SR830 und OSTECH,,,
2026-09-15,11:05:16,991,KOM_Test,OSTECH,T,LVA,0.0,result,Kommunikations-Test fuer SR830 und OSTECH,,,
2026-09-15,11:05:17,020,KOM_Test,COMMAND,T,SR830 IDN,"SR830 ID: Stanford_Research_Systems,SR830,s/n46328,ver1.07",result,Kommunikations-Test fuer SR830 und OSTECH,,,
2026-09-15,11:05:17,022,KOM_Test,OSTECH,T,XTCA,85.0,result,Kommunikations-Test fuer SR830 und OSTECH,,,
2026-09-15,11:05:17,029,KOM_Test,SR830,T,PHAS,0,result,Kommunikations-Test fuer SR830 und OSTECH,,,
2026-09-15,11:05:17,029,KOM_Test,COMMAND,T,OSTECH LCA,0.0,result,Kommunikations-Test fuer SR830 und OSTECH,,,
2026-09-15,11:05:17,040,KOM_Test,OSTECH,T,XTVA,0.19681011140346527,result,Kommunikations-Test fuer SR830 und OSTECH,,,
2026-09-15,11:05:17,055,KOM_Test,SR830,T,FREQ,1000,result,Kommunikations-Test fuer SR830 und OSTECH,,,
2026-09-15,11:05:17,055,KOM_Test,COMMAND,T,OSTECH XTT,21.0,result,Kommunikations-Test fuer SR830 und OSTECH,,,
2026-09-15,11:05:17,072,KOM_Test,COMMAND,T,OSTECH LTM,25.0,result,Kommunikations-Test fuer SR830 und OSTECH,,,
2026-09-15,11:05:17,080,KOM_Test,COMMAND,T,OSTECH GT,28.318296432495117,result,Kommunikations-Test fuer SR830 und OSTECH,,,
2026-09-15,11:05:17,095,KOM_Test,OSTECH,T,LCT,0.0,result,Kommunikations-Test fuer SR830 und OSTECH,,,
2026-09-15,11:05:17,108,KOM_Test,COMMAND,T,OSTECH GS,"{'status_word': 3085, 'interlock_ok': True, 'driver_supply_ok': True, 'driver_temperature_ok': True, 'lt_sensor_ok': True, 'ct_sensor_ok': True, 'lc_on': False, 'lc_error': False}",result,Kommunikations-Test fuer SR830 und OSTECH,,,
2026-09-15,11:05:17,127,KOM_Test,COMMAND,T,OSTECH GVN,8661,result,Kommunikations-Test fuer SR830 und OSTECH,,,
2026-09-15,11:05:17,139,KOM_Test,OSTECH,T,XTA,20.996795654296875,result,Kommunikations-Test fuer SR830 und OSTECH,,,
2026-09-15,11:05:17,139,KOM_Test,SR830,T,"SNAP 1,2,3,4,10,11","0,0,0,0,0,0",result,Kommunikations-Test fuer SR830 und OSTECH,,,
2026-09-15,11:05:17,155,KOM_Test,OSTECH,T,LVA,0.0,result,Kommunikations-Test fuer SR830 und OSTECH,,,
2026-09-15,11:05:17,180,KOM_Test,OSTECH,T,XTCA,85.0,result,Kommunikations-Test fuer SR830 und OSTECH,,,
2026-09-15,11:05:17,191,KOM_Test,OSTECH,T,XTVA,0.19681011140346527,result,Kommunikations-Test fuer SR830 und OSTECH,,,
2026-09-15,11:05:17,211,KOM_Test,OSTECH,T,LCT,0.0,result,Kommunikations-Test fuer SR830 und OSTECH,,,
2026-09-15,11:05:17,230,KOM_Test,OSTECH,T,XTA,20.996795654296875,result,Kommunikations-Test fuer SR830 und OSTECH,,,
2026-09-15,11:05:17,240,KOM_Test,OSTECH,T,LVA,0.0,result,Kommunikations-Test fuer SR830 und OSTECH,,,
2026-09-15,11:05:17,258,KOM_Test,OSTECH,T,XTCA,85.0,result,Kommunikations-Test fuer SR830 und OSTECH,,,
2026-09-15,11:05:17,274,KOM_Test,SR830,T,"SNAP 5,6,7,8,9","-0.000333333,0.00633333,0.001,0.000666667,1000",result,Kommunikations-Test fuer SR830 und OSTECH,,,
2026-09-15,11:05:17,281,KOM_Test,OSTECH,T,XTVA,0.19681011140346527,result,Kommunikations-Test fuer SR830 und OSTECH,,,
2026-09-15,11:05:17,294,KOM_Test,SR830,T,PHAS,0,result,Kommunikations-Test fuer SR830 und OSTECH,,,
2026-09-15,11:05:17,294,KOM_Test,OSTECH,T,LCT,0.0,result,Kommunikations-Test fuer SR830 und OSTECH,,,
2026-09-15,11:05:17,323,KOM_Test,SR830,T,FREQ,1000,result,Kommunikations-Test fuer SR830 und OSTECH,,,
2026-09-15,11:05:17,327,KOM_Test,OSTECH,T,XTA,20.99151611328125,result,Kommunikations-Test fuer SR830 und OSTECH,,,
2026-09-15,11:05:17,351,KOM_Test,OSTECH,T,LVA,0.0,result,Kommunikations-Test fuer SR830 und OSTECH,,,
2026-09-15,11:05:17,366,KOM_Test,OSTECH,T,XTCA,85.0,result,Kommunikations-Test fuer SR830 und OSTECH,,,
2026-09-15,11:05:17,386,KOM_Test,OSTECH,T,XTVA,0.19681011140346527,result,Kommunikations-Test fuer SR830 und OSTECH,,,
2026-09-15,11:05:17,401,KOM_Test,OSTECH,T,LCT,0.0,result,Kommunikations-Test fuer SR830 und OSTECH,,,
2026-09-15,11:05:17,411,KOM_Test,SR830,T,"SNAP 1,2,3,4,10,11","0,0,0,0,0,0",result,Kommunikations-Test fuer SR830 und OSTECH,,,
2026-09-15,11:05:17,417,KOM_Test,OSTECH,T,XTA,20.99151611328125,result,Kommunikations-Test fuer SR830 und OSTECH,,,
2026-09-15,11:05:17,433,KOM_Test,OSTECH,T,LVA,0.0,result,Kommunikations-Test fuer SR830 und OSTECH,,,
2026-09-15,11:05:17,451,KOM_Test,OSTECH,T,XTCA,85.0,result,Kommunikations-Test fuer SR830 und OSTECH,,,
2026-09-15,11:05:17,466,KOM_Test,OSTECH,T,XTVA,0.19681011140346527,result,Kommunikations-Test fuer SR830 und OSTECH,,,
2026-09-15,11:05:17,482,KOM_Test,OSTECH,T,LCT,0.0,result,Kommunikations-Test fuer SR830 und OSTECH,,,
2026-09-15,11:05:17,504,KOM_Test,OSTECH,T,XTA,20.99151611328125,result,Kommunikations-Test fuer SR830 und OSTECH,,,
2026-09-15,11:05:17,534,KOM_Test,OSTECH,T,LVA,0.0,result,Kommunikations-Test fuer SR830 und OSTECH,,,
2026-09-15,11:05:17,537,KOM_Test,SR830,T,"SNAP 5,6,7,8,9","-0.000666667,0.00633333,-0.000333333,0.000666667,1000",result,Kommunikations-Test fuer SR830 und OSTECH,,,
2026-09-15,11:05:17,550,KOM_Test,OSTECH,T,XTCA,85.0,result,Kommunikations-Test fuer SR830 und OSTECH,,,
2026-09-15,11:05:17,552,KOM_Test,SR830,T,PHAS,0,result,Kommunikations-Test fuer SR830 und OSTECH,,,
2026-09-15,11:05:17,565,KOM_Test,OSTECH,T,XTVA,0.19681011140346527,result,Kommunikations-Test fuer SR830 und OSTECH,,,
2026-09-15,11:05:17,572,KOM_Test,SR830,T,FREQ,1000,result,Kommunikations-Test fuer SR830 und OSTECH,,,
2026-09-15,11:05:17,583,KOM_Test,OSTECH,T,LCT,0.0,result,Kommunikations-Test fuer SR830 und OSTECH,,,
2026-09-15,11:05:17,597,KOM_Test,OSTECH,T,XTA,20.99151611328125,result,Kommunikations-Test fuer SR830 und OSTECH,,,
2026-09-15,11:05:17,609,KOM_Test,OSTECH,T,LVA,0.0,result,Kommunikations-Test fuer SR830 und OSTECH,,,
2026-09-15,11:05:17,633,KOM_Test,OSTECH,T,XTCA,85.0,result,Kommunikations-Test fuer SR830 und OSTECH,,,
2026-09-15,11:05:17,650,KOM_Test,OSTECH,T,XTVA,0.19681011140346527,result,Kommunikations-Test fuer SR830 und OSTECH,,,
2026-09-15,11:05:17,659,KOM_Test,SR830,T,"SNAP 1,2,3,4,10,11","0,0,0,0,0,0",result,Kommunikations-Test fuer SR830 und OSTECH,,,
2026-09-15,11:05:17,665,KOM_Test,OSTECH,T,LCT,0.0,result,Kommunikations-Test fuer SR830 und OSTECH,,,
2026-09-15,11:05:17,687,KOM_Test,OSTECH,T,XTA,20.99151611328125,result,Kommunikations-Test fuer SR830 und OSTECH,,,
2026-09-15,11:05:17,715,KOM_Test,OSTECH,T,LVA,0.0,result,Kommunikations-Test fuer SR830 und OSTECH,,,
2026-09-15,11:05:17,737,KOM_Test,OSTECH,T,XTCA,85.0,result,Kommunikations-Test fuer SR830 und OSTECH,,,
2026-09-15,11:05:17,767,KOM_Test,OSTECH,T,XTVA,0.19681011140346527,result,Kommunikations-Test fuer SR830 und OSTECH,,,
2026-09-15,11:05:17,777,KOM_Test,OSTECH,T,LCT,0.0,result,Kommunikations-Test fuer SR830 und OSTECH,,,
2026-09-15,11:05:17,784,KOM_Test,SR830,T,"SNAP 5,6,7,8,9","-0.00166667,0.005,-0.000666667,-0.00566667,1000",result,Kommunikations-Test fuer SR830 und OSTECH,,,
2026-09-15,11:05:17,788,KOM_Test,OSTECH,T,XTA,20.99151611328125,result,Kommunikations-Test fuer SR830 und OSTECH,,,
2026-09-15,11:05:17,799,KOM_Test,SR830,T,PHAS,0,result,Kommunikations-Test fuer SR830 und OSTECH,,,
2026-09-15,11:05:17,815,KOM_Test,OSTECH,T,LVA,0.0,result,Kommunikations-Test fuer SR830 und OSTECH,,,
2026-09-15,11:05:17,819,KOM_Test,SR830,T,FREQ,1000,result,Kommunikations-Test fuer SR830 und OSTECH,,,
2026-09-15,11:05:17,825,KOM_Test,OSTECH,T,XTCA,85.0,result,Kommunikations-Test fuer SR830 und OSTECH,,,
2026-09-15,11:05:17,840,KOM_Test,OSTECH,T,XTVA,0.19681011140346527,result,Kommunikations-Test fuer SR830 und OSTECH,,,
2026-09-15,11:05:17,877,KOM_Test,OSTECH,T,LCT,0.0,result,Kommunikations-Test fuer SR830 und OSTECH,,,
2026-09-15,11:05:17,887,KOM_Test,OSTECH,T,XTA,20.98938751220703,result,Kommunikations-Test fuer SR830 und OSTECH,,,
2026-09-15,11:05:17,910,KOM_Test,SR830,T,"SNAP 1,2,3,4,10,11","0,0,0,0,0,0",result,Kommunikations-Test fuer SR830 und OSTECH,,,
2026-09-15,11:05:17,915,KOM_Test,OSTECH,T,LVA,0.0,result,Kommunikations-Test fuer SR830 und OSTECH,,,
2026-09-15,11:05:17,929,KOM_Test,OSTECH,T,XTCA,85.0,result,Kommunikations-Test fuer SR830 und OSTECH,,,
2026-09-15,11:05:17,950,KOM_Test,OSTECH,T,XTVA,0.19681011140346527,result,Kommunikations-Test fuer SR830 und OSTECH,,,
2026-09-15,11:05:17,964,KOM_Test,OSTECH,T,LCT,0.0,result,Kommunikations-Test fuer SR830 und OSTECH,,,
2026-09-15,11:05:17,972,KOM_Test,OSTECH,T,XTA,20.98938751220703,result,Kommunikations-Test fuer SR830 und OSTECH,,,
2026-09-15,11:05:17,999,KOM_Test,OSTECH,T,LVA,0.0,result,Kommunikations-Test fuer SR830 und OSTECH,,,
2026-09-15,11:05:18,008,KOM_Test,OSTECH,T,XTCA,85.0,result,Kommunikations-Test fuer SR830 und OSTECH,,,
2026-09-15,11:05:18,025,KOM_Test,OSTECH,T,XTVA,0.19681011140346527,result,Kommunikations-Test fuer SR830 und OSTECH,,,
2026-09-15,11:05:18,025,KOM_Test,SR830,T,"SNAP 5,6,7,8,9","-0.00466667,0.00466667,0.000666667,-0.001,1000",result,Kommunikations-Test fuer SR830 und OSTECH,,,
2026-09-15,11:05:18,041,KOM_Test,SR830,T,PHAS,0,result,Kommunikations-Test fuer SR830 und OSTECH,,,
2026-09-15,11:05:18,053,KOM_Test,OSTECH,T,LCT,0.0,result,Kommunikations-Test fuer SR830 und OSTECH,,,
2026-09-15,11:05:18,070,KOM_Test,SR830,T,FREQ,1000,result,Kommunikations-Test fuer SR830 und OSTECH,,,
2026-09-15,11:05:18,070,KOM_Test,OSTECH,T,XTA,20.98938751220703,result,Kommunikations-Test fuer SR830 und OSTECH,,,
2026-09-15,11:05:18,089,KOM_Test,OSTECH,T,LVA,0.0,result,Kommunikations-Test fuer SR830 und OSTECH,,,
2026-09-15,11:05:18,108,KOM_Test,OSTECH,T,XTCA,83.0,result,Kommunikations-Test fuer SR830 und OSTECH,,,
2026-09-15,11:05:18,126,KOM_Test,OSTECH,T,XTVA,0.20056279003620148,result,Kommunikations-Test fuer SR830 und OSTECH,,,
2026-09-15,11:05:18,144,KOM_Test,OSTECH,T,LCT,0.0,result,Kommunikations-Test fuer SR830 und OSTECH,,,
2026-09-15,11:05:18,156,KOM_Test,SR830,T,"SNAP 1,2,3,4,10,11","0,0,0,0,0,0",result,Kommunikations-Test fuer SR830 und OSTECH,,,
2026-09-15,11:05:18,166,KOM_Test,OSTECH,T,XTA,20.98938751220703,result,Kommunikations-Test fuer SR830 und OSTECH,,,
2026-09-15,11:05:18,170,KOM_Test,OSTECH,T,LVA,0.0,result,Kommunikations-Test fuer SR830 und OSTECH,,,
2026-09-15,11:05:18,199,KOM_Test,OSTECH,T,XTCA,83.0,result,Kommunikations-Test fuer SR830 und OSTECH,,,
2026-09-15,11:05:18,217,KOM_Test,OSTECH,T,XTVA,0.20056279003620148,result,Kommunikations-Test fuer SR830 und OSTECH,,,
2026-09-15,11:05:18,225,KOM_Test,COMMAND,T,SR830 IDN,"SR830 ID: Stanford_Research_Systems,SR830,s/n46328,ver1.07",result,Kommunikations-Test fuer SR830 und OSTECH,,,
2026-09-15,11:05:18,237,KOM_Test,OSTECH,T,LCT,0.0,result,Kommunikations-Test fuer SR830 und OSTECH,,,
2026-09-15,11:05:18,240,KOM_Test,COMMAND,T,OSTECH LCA,0.0,result,Kommunikations-Test fuer SR830 und OSTECH,,,
2026-09-15,11:05:18,264,KOM_Test,COMMAND,T,OSTECH XTT,21.0,result,Kommunikations-Test fuer SR830 und OSTECH,,,
2026-09-15,11:05:18,277,KOM_Test,OSTECH,T,XTA,20.98938751220703,result,Kommunikations-Test fuer SR830 und OSTECH,,,
2026-09-15,11:05:18,290,KOM_Test,COMMAND,T,OSTECH LTM,25.0,result,Kommunikations-Test fuer SR830 und OSTECH,,,
2026-09-15,11:05:18,304,KOM_Test,OSTECH,T,LVA,0.0,result,Kommunikations-Test fuer SR830 und OSTECH,,,
2026-09-15,11:05:18,315,KOM_Test,COMMAND,T,OSTECH GT,28.318296432495117,result,Kommunikations-Test fuer SR830 und OSTECH,,,
2026-09-15,11:05:18,330,KOM_Test,OSTECH,T,XTCA,83.0,result,Kommunikations-Test fuer SR830 und OSTECH,,,
2026-09-15,11:05:18,337,KOM_Test,COMMAND,T,OSTECH GS,"{'status_word': 3085, 'interlock_ok': True, 'driver_supply_ok': True, 'driver_temperature_ok': True, 'lt_sensor_ok': True, 'ct_sensor_ok': True, 'lc_on': False, 'lc_error': False}",result,Kommunikations-Test fuer SR830 und OSTECH,,,
2026-09-15,11:05:18,340,KOM_Test,SR830,T,"SNAP 5,6,7,8,9","-0.00333333,0.00466667,-0.000666667,-0.002,1000",result,Kommunikations-Test fuer SR830 und OSTECH,,,
2026-09-15,11:05:18,354,KOM_Test,OSTECH,T,XTVA,0.20056279003620148,result,Kommunikations-Test fuer SR830 und OSTECH,,,
2026-09-15,11:05:18,354,KOM_Test,SR830,T,PHAS,0,result,Kommunikations-Test fuer SR830 und OSTECH,,,
2026-09-15,11:05:18,365,KOM_Test,COMMAND,T,OSTECH GVN,8661,result,Kommunikations-Test fuer SR830 und OSTECH,,,
2026-09-15,11:05:18,382,KOM_Test,OSTECH,T,LCT,0.0,result,Kommunikations-Test fuer SR830 und OSTECH,,,
2026-09-15,11:05:18,387,KOM_Test,SR830,T,FREQ,1000,result,Kommunikations-Test fuer SR830 und OSTECH,,,
2026-09-15,11:05:18,391,KOM_Test,OSTECH,T,XTA,20.98938751220703,result,Kommunikations-Test fuer SR830 und OSTECH,,,
2026-09-15,11:05:18,425,KOM_Test,OSTECH,T,LVA,0.0,result,Kommunikations-Test fuer SR830 und OSTECH,,,
2026-09-15,11:05:18,437,KOM_Test,OSTECH,T,XTCA,83.0,result,Kommunikations-Test fuer SR830 und OSTECH,,,
2026-09-15,11:05:18,463,KOM_Test,OSTECH,T,XTVA,0.20056279003620148,result,Kommunikations-Test fuer SR830 und OSTECH,,,
2026-09-15,11:05:18,470,KOM_Test,SR830,T,"SNAP 1,2,3,4,10,11","0,0,0,0,0,0",result,Kommunikations-Test fuer SR830 und OSTECH,,,
2026-09-15,11:05:18,483,KOM_Test,OSTECH,T,LCT,0.0,result,Kommunikations-Test fuer SR830 und OSTECH,,,
2026-09-15,11:05:18,492,KOM_Test,OSTECH,T,XTA,20.993865966796875,result,Kommunikations-Test fuer SR830 und OSTECH,,,
2026-09-15,11:05:18,504,KOM_Test,OSTECH,T,LVA,0.0,result,Kommunikations-Test fuer SR830 und OSTECH,,,
2026-09-15,11:05:18,521,KOM_Test,OSTECH,T,XTCA,83.0,result,Kommunikations-Test fuer SR830 und OSTECH,,,
2026-09-15,11:05:18,543,KOM_Test,OSTECH,T,XTVA,0.20056279003620148,result,Kommunikations-Test fuer SR830 und OSTECH,,,
2026-09-15,11:05:18,554,KOM_Test,OSTECH,T,LCT,0.0,result,Kommunikations-Test fuer SR830 und OSTECH,,,
2026-09-15,11:05:18,573,KOM_Test,OSTECH,T,XTA,20.993865966796875,result,Kommunikations-Test fuer SR830 und OSTECH,,,
2026-09-15,11:05:18,603,KOM_Test,SR830,T,"SNAP 5,6,7,8,9","-0.00333333,0.00666667,-0.000333333,-0.001,1000",result,Kommunikations-Test fuer SR830 und OSTECH,,,
2026-09-15,11:05:18,604,KOM_Test,OSTECH,T,LVA,0.0,result,Kommunikations-Test fuer SR830 und OSTECH,,,
2026-09-15,11:05:18,630,KOM_Test,SR830,T,PHAS,0,result,Kommunikations-Test fuer SR830 und OSTECH,,,
2026-09-15,11:05:18,633,KOM_Test,OSTECH,T,XTCA,83.0,result,Kommunikations-Test fuer SR830 und OSTECH,,,
2026-09-15,11:05:18,643,KOM_Test,OSTECH,T,XTVA,0.20056279003620148,result,Kommunikations-Test fuer SR830 und OSTECH,,,
2026-09-15,11:05:18,654,KOM_Test,SR830,T,FREQ,1000,result,Kommunikations-Test fuer SR830 und OSTECH,,,
2026-09-15,11:05:18,659,KOM_Test,OSTECH,T,LCT,0.0,result,Kommunikations-Test fuer SR830 und OSTECH,,,
2026-09-15,11:05:18,671,KOM_Test,OSTECH,T,XTA,20.993865966796875,result,Kommunikations-Test fuer SR830 und OSTECH,,,
2026-09-15,11:05:18,694,KOM_Test,OSTECH,T,LVA,0.0,result,Kommunikations-Test fuer SR830 und OSTECH,,,
2026-09-15,11:05:18,707,KOM_Test,OSTECH,T,XTCA,83.0,result,Kommunikations-Test fuer SR830 und OSTECH,,,
2026-09-15,11:05:18,732,KOM_Test,OSTECH,T,XTVA,0.20056279003620148,result,Kommunikations-Test fuer SR830 und OSTECH,,,
2026-09-15,11:05:18,741,KOM_Test,SR830,T,"SNAP 1,2,3,4,10,11","0,0,0,0,0,0",result,Kommunikations-Test fuer SR830 und OSTECH,,,
2026-09-15,11:05:18,754,KOM_Test,OSTECH,T,LCT,0.0,result,Kommunikations-Test fuer SR830 und OSTECH,,,
2026-09-15,11:05:18,771,KOM_Test,OSTECH,T,XTA,20.993865966796875,result,Kommunikations-Test fuer SR830 und OSTECH,,,
2026-09-15,11:05:18,794,KOM_Test,OSTECH,T,LVA,0.0,result,Kommunikations-Test fuer SR830 und OSTECH,,,
2026-09-15,11:05:18,804,KOM_Test,OSTECH,T,XTCA,83.0,result,Kommunikations-Test fuer SR830 und OSTECH,,,
2026-09-15,11:05:18,829,KOM_Test,OSTECH,T,XTVA,0.20056279003620148,result,Kommunikations-Test fuer SR830 und OSTECH,,,
2026-09-15,11:05:18,845,KOM_Test,OSTECH,T,LCT,0.0,result,Kommunikations-Test fuer SR830 und OSTECH,,,
2026-09-15,11:05:18,856,KOM_Test,SR830,T,"SNAP 5,6,7,8,9","-0.00166667,0.00466667,0.00233333,0.004,1000",result,Kommunikations-Test fuer SR830 und OSTECH,,,
2026-09-15,11:05:18,869,KOM_Test,OSTECH,T,XTA,20.993865966796875,result,Kommunikations-Test fuer SR830 und OSTECH,,,
2026-09-15,11:05:18,873,KOM_Test,SR830,T,PHAS,0,result,Kommunikations-Test fuer SR830 und OSTECH,,,
2026-09-15,11:05:18,873,KOM_Test,OSTECH,T,LVA,0.0,result,Kommunikations-Test fuer SR830 und OSTECH,,,
2026-09-15,11:05:18,900,KOM_Test,OSTECH,T,XTCA,83.0,result,Kommunikations-Test fuer SR830 und OSTECH,,,
2026-09-15,11:05:18,906,KOM_Test,SR830,T,FREQ,1000,result,Kommunikations-Test fuer SR830 und OSTECH,,,
2026-09-15,11:05:18,920,KOM_Test,OSTECH,T,XTVA,0.20056279003620148,result,Kommunikations-Test fuer SR830 und OSTECH,,,
2026-09-15,11:05:18,928,KOM_Test,OSTECH,T,LCT,0.0,result,Kommunikations-Test fuer SR830 und OSTECH,,,
2026-09-15,11:05:18,950,KOM_Test,OSTECH,T,XTA,20.993865966796875,result,Kommunikations-Test fuer SR830 und OSTECH,,,
2026-09-15,11:05:18,978,KOM_Test,OSTECH,T,LVA,0.0,result,Kommunikations-Test fuer SR830 und OSTECH,,,
2026-09-15,11:05:18,994,KOM_Test,OSTECH,T,XTCA,83.0,result,Kommunikations-Test fuer SR830 und OSTECH,,,
2026-09-15,11:05:18,997,KOM_Test,SR830,T,"SNAP 1,2,3,4,10,11","0,0,0,0,0,0",result,Kommunikations-Test fuer SR830 und OSTECH,,,
2026-09-15,11:05:19,018,KOM_Test,OSTECH,T,XTVA,0.20056279003620148,result,Kommunikations-Test fuer SR830 und OSTECH,,,
2026-09-15,11:05:19,028,KOM_Test,OSTECH,T,LCT,0.0,result,Kommunikations-Test fuer SR830 und OSTECH,,,
2026-09-15,11:05:19,052,KOM_Test,OSTECH,T,XTA,20.991172790527344,result,Kommunikations-Test fuer SR830 und OSTECH,,,
2026-09-15,11:05:19,061,KOM_Test,OSTECH,T,LVA,0.0,result,Kommunikations-Test fuer SR830 und OSTECH,,,
2026-09-15,11:05:19,079,KOM_Test,OSTECH,T,XTCA,83.0,result,Kommunikations-Test fuer SR830 und OSTECH,,,
2026-09-15,11:05:19,104,KOM_Test,OSTECH,T,XTVA,0.20056279003620148,result,Kommunikations-Test fuer SR830 und OSTECH,,,
2026-09-15,11:05:19,117,KOM_Test,OSTECH,T,LCT,0.0,result,Kommunikations-Test fuer SR830 und OSTECH,,,
2026-09-15,11:05:19,119,KOM_Test,SR830,T,"SNAP 5,6,7,8,9","-0.00166667,0.00466667,0.001,0.000666667,1000",result,Kommunikations-Test fuer SR830 und OSTECH,,,
2026-09-15,11:05:19,126,KOM_Test,OSTECH,T,XTA,20.991172790527344,result,Kommunikations-Test fuer SR830 und OSTECH,,,
2026-09-15,11:05:19,126,KOM_Test,SR830,T,PHAS,0,result,Kommunikations-Test fuer SR830 und OSTECH,,,
2026-09-15,11:05:19,157,KOM_Test,SR830,T,FREQ,1000,result,Kommunikations-Test fuer SR830 und OSTECH,,,
2026-09-15,11:05:19,162,KOM_Test,OSTECH,T,LVA,0.0,result,Kommunikations-Test fuer SR830 und OSTECH,,,
2026-09-15,11:05:19,173,KOM_Test,OSTECH,T,XTCA,83.0,result,Kommunikations-Test fuer SR830 und OSTECH,,,
2026-09-15,11:05:19,204,KOM_Test,OSTECH,T,XTVA,0.20056279003620148,result,Kommunikations-Test fuer SR830 und OSTECH,,,
2026-09-15,11:05:19,212,KOM_Test,OSTECH,T,LCT,0.0,result,Kommunikations-Test fuer SR830 und OSTECH,,,
2026-09-15,11:05:19,225,KOM_Test,OSTECH,T,XTA,20.991172790527344,result,Kommunikations-Test fuer SR830 und OSTECH,,,
2026-09-15,11:05:19,246,KOM_Test,SR830,T,"SNAP 1,2,3,4,10,11","0,0,0,0,0,0",result,Kommunikations-Test fuer SR830 und OSTECH,,,
2026-09-15,11:05:19,251,KOM_Test,OSTECH,T,LVA,0.0,result,Kommunikations-Test fuer SR830 und OSTECH,,,
2026-09-15,11:05:19,256,KOM_Test,OSTECH,T,XTCA,83.0,result,Kommunikations-Test fuer SR830 und OSTECH,,,
2026-09-15,11:05:19,276,KOM_Test,OSTECH,T,XTVA,0.20056279003620148,result,Kommunikations-Test fuer SR830 und OSTECH,,,
2026-09-15,11:05:19,297,KOM_Test,OSTECH,T,LCT,0.0,result,Kommunikations-Test fuer SR830 und OSTECH,,,
2026-09-15,11:05:19,309,KOM_Test,OSTECH,T,XTA,20.991172790527344,result,Kommunikations-Test fuer SR830 und OSTECH,,,
2026-09-15,11:05:19,338,KOM_Test,OSTECH,T,LVA,0.0,result,Kommunikations-Test fuer SR830 und OSTECH,,,
2026-09-15,11:05:19,358,KOM_Test,OSTECH,T,XTCA,83.0,result,Kommunikations-Test fuer SR830 und OSTECH,,,
2026-09-15,11:05:19,379,KOM_Test,SR830,T,"SNAP 5,6,7,8,9","-0.000666667,0.00633333,-0.000333333,0.000666667,1000",result,Kommunikations-Test fuer SR830 und OSTECH,,,
2026-09-15,11:05:19,385,KOM_Test,OSTECH,T,XTVA,0.20056279003620148,result,Kommunikations-Test fuer SR830 und OSTECH,,,
2026-09-15,11:05:19,398,KOM_Test,OSTECH,T,LCT,0.0,result,Kommunikations-Test fuer SR830 und OSTECH,,,
2026-09-15,11:05:19,416,KOM_Test,OSTECH,T,XTA,20.991172790527344,result,Kommunikations-Test fuer SR830 und OSTECH,,,
2026-09-15,11:05:19,431,KOM_Test,OSTECH,T,LVA,0.0,result,Kommunikations-Test fuer SR830 und OSTECH,,,
2026-09-15,11:05:19,439,KOM_Test,COMMAND,T,SR830 IDN,"SR830 ID: Stanford_Research_Systems,SR830,s/n46328,ver1.07",result,Kommunikations-Test fuer SR830 und OSTECH,,,
2026-09-15,11:05:19,452,KOM_Test,OSTECH,T,XTCA,83.0,result,Kommunikations-Test fuer SR830 und OSTECH,,,
2026-09-15,11:05:19,456,KOM_Test,SR830,T,PHAS,0,result,Kommunikations-Test fuer SR830 und OSTECH,,,
2026-09-15,11:05:19,465,KOM_Test,COMMAND,T,OSTECH LCA,0.0,result,Kommunikations-Test fuer SR830 und OSTECH,,,
2026-09-15,11:05:19,478,KOM_Test,OSTECH,T,XTVA,0.20056279003620148,result,Kommunikations-Test fuer SR830 und OSTECH,,,
2026-09-15,11:05:19,490,KOM_Test,SR830,T,FREQ,1000,result,Kommunikations-Test fuer SR830 und OSTECH,,,
2026-09-15,11:05:19,490,KOM_Test,COMMAND,T,OSTECH XTT,21.0,result,Kommunikations-Test fuer SR830 und OSTECH,,,
2026-09-15,11:05:19,507,KOM_Test,OSTECH,T,LCT,0.0,result,Kommunikations-Test fuer SR830 und OSTECH,,,
2026-09-15,11:05:19,532,KOM_Test,COMMAND,T,OSTECH LTM,25.0,result,Kommunikations-Test fuer SR830 und OSTECH,,,
2026-09-15,11:05:19,547,KOM_Test,OSTECH,T,XTA,20.998138427734375,result,Kommunikations-Test fuer SR830 und OSTECH,,,
2026-09-15,11:05:19,559,KOM_Test,COMMAND,T,OSTECH GT,28.316530227661133,result,Kommunikations-Test fuer SR830 und OSTECH,,,
2026-09-15,11:05:19,570,KOM_Test,SR830,T,"SNAP 1,2,3,4,10,11","0,0,0,0,0,0",result,Kommunikations-Test fuer SR830 und OSTECH,,,
2026-09-15,11:05:19,572,KOM_Test,OSTECH,T,LVA,0.0,result,Kommunikations-Test fuer SR830 und OSTECH,,,
2026-09-15,11:05:19,579,KOM_Test,COMMAND,T,OSTECH GS,"{'status_word': 3085, 'interlock_ok': True, 'driver_supply_ok': True, 'driver_temperature_ok': True, 'lt_sensor_ok': True, 'ct_sensor_ok': True, 'lc_on': False, 'lc_error': False}",result,Kommunikations-Test fuer SR830 und OSTECH,,,
2026-09-15,11:05:19,596,KOM_Test,OSTECH,T,XTCA,83.0,result,Kommunikations-Test fuer SR830 und OSTECH,,,
2026-09-15,11:05:19,606,KOM_Test,COMMAND,T,OSTECH GVN,8661,result,Kommunikations-Test fuer SR830 und OSTECH,,,
2026-09-15,11:05:19,620,KOM_Test,OSTECH,T,XTVA,0.20056279003620148,result,Kommunikations-Test fuer SR830 und OSTECH,,,
2026-09-15,11:05:19,636,KOM_Test,OSTECH,T,LCT,0.0,result,Kommunikations-Test fuer SR830 und OSTECH,,,
2026-09-15,11:05:19,650,KOM_Test,OSTECH,T,XTA,20.998138427734375,result,Kommunikations-Test fuer SR830 und OSTECH,,,
2026-09-15,11:05:19,666,KOM_Test,OSTECH,T,LVA,0.0,result,Kommunikations-Test fuer SR830 und OSTECH,,,
2026-09-15,11:05:19,679,KOM_Test,OSTECH,T,XTCA,83.0,result,Kommunikations-Test fuer SR830 und OSTECH,,,
2026-09-15,11:05:19,692,KOM_Test,SR830,T,"SNAP 5,6,7,8,9","0.00266667,0.00766667,0.000666667,0.000666667,1000",result,Kommunikations-Test fuer SR830 und OSTECH,,,
2026-09-15,11:05:19,709,KOM_Test,OSTECH,T,XTVA,0.20056279003620148,result,Kommunikations-Test fuer SR830 und OSTECH,,,
2026-09-15,11:05:19,712,KOM_Test,SR830,T,PHAS,0,result,Kommunikations-Test fuer SR830 und OSTECH,,,
2026-09-15,11:05:19,721,KOM_Test,OSTECH,T,LCT,0.0,result,Kommunikations-Test fuer SR830 und OSTECH,,,
2026-09-15,11:05:19,738,KOM_Test,SR830,T,FREQ,1000,result,Kommunikations-Test fuer SR830 und OSTECH,,,
2026-09-15,11:05:19,738,KOM_Test,OSTECH,T,XTA,20.998138427734375,result,Kommunikations-Test fuer SR830 und OSTECH,,,
2026-09-15,11:05:19,756,KOM_Test,OSTECH,T,LVA,0.0,result,Kommunikations-Test fuer SR830 und OSTECH,,,
2026-09-15,11:05:19,771,KOM_Test,OSTECH,T,XTCA,83.0,result,Kommunikations-Test fuer SR830 und OSTECH,,,
2026-09-15,11:05:19,801,KOM_Test,OSTECH,T,XTVA,0.20056279003620148,result,Kommunikations-Test fuer SR830 und OSTECH,,,
2026-09-15,11:05:19,815,KOM_Test,OSTECH,T,LCT,0.0,result,Kommunikations-Test fuer SR830 und OSTECH,,,
2026-09-15,11:05:19,824,KOM_Test,SR830,T,"SNAP 1,2,3,4,10,11","0,0,0,0,0,0",result,Kommunikations-Test fuer SR830 und OSTECH,,,
2026-09-15,11:05:19,833,KOM_Test,OSTECH,T,XTA,20.998138427734375,result,Kommunikations-Test fuer SR830 und OSTECH,,,
2026-09-15,11:05:19,846,KOM_Test,OSTECH,T,LVA,0.0,result,Kommunikations-Test fuer SR830 und OSTECH,,,
2026-09-15,11:05:19,862,KOM_Test,OSTECH,T,XTCA,83.0,result,Kommunikations-Test fuer SR830 und OSTECH,,,
2026-09-15,11:05:19,892,KOM_Test,OSTECH,T,XTVA,0.20056279003620148,result,Kommunikations-Test fuer SR830 und OSTECH,,,
2026-09-15,11:05:19,905,KOM_Test,OSTECH,T,LCT,0.0,result,Kommunikations-Test fuer SR830 und OSTECH,,,
2026-09-15,11:05:19,921,KOM_Test,OSTECH,T,XTA,20.998138427734375,result,Kommunikations-Test fuer SR830 und OSTECH,,,
2026-09-15,11:05:19,949,KOM_Test,OSTECH,T,LVA,0.0,result,Kommunikations-Test fuer SR830 und OSTECH,,,
2026-09-15,11:05:19,955,KOM_Test,SR830,T,"SNAP 5,6,7,8,9","-0.00166667,0.00666667,0.000666667,0.000666667,1000",result,Kommunikations-Test fuer SR830 und OSTECH,,,
2026-09-15,11:05:19,967,KOM_Test,OSTECH,T,XTCA,83.0,result,Kommunikations-Test fuer SR830 und OSTECH,,,
2026-09-15,11:05:19,983,KOM_Test,SR830,T,PHAS,0,result,Kommunikations-Test fuer SR830 und OSTECH,,,
2026-09-15,11:05:19,985,KOM_Test,OSTECH,T,XTVA,0.20056279003620148,result,Kommunikations-Test fuer SR830 und OSTECH,,,
2026-09-15,11:05:19,999,KOM_Test,OSTECH,T,LCT,0.0,result,Kommunikations-Test fuer SR830 und OSTECH,,,
2026-09-15,11:05:20,004,KOM_Test,SR830,T,FREQ,1000,result,Kommunikations-Test fuer SR830 und OSTECH,,,
2026-09-15,11:05:20,007,KOM_Test,OSTECH,T,XTA,20.998138427734375,result,Kommunikations-Test fuer SR830 und OSTECH,,,
2026-09-15,11:05:20,021,KOM_Test,OSTECH,T,LVA,0.0,result,Kommunikations-Test fuer SR830 und OSTECH,,,
2026-09-15,11:05:20,049,KOM_Test,OSTECH,T,XTCA,83.0,result,Kommunikations-Test fuer SR830 und OSTECH,,,
2026-09-15,11:05:20,078,KOM_Test,OSTECH,T,XTVA,0.20056279003620148,result,Kommunikations-Test fuer SR830 und OSTECH,,,
2026-09-15,11:05:20,078,KOM_Test,SR830,T,"SNAP 1,2,3,4,10,11","0,0,0,0,0,0",result,Kommunikations-Test fuer SR830 und OSTECH,,,
2026-09-15,11:05:20,101,KOM_Test,OSTECH,T,LCT,0.0,result,Kommunikations-Test fuer SR830 und OSTECH,,,
2026-09-15,11:05:20,108,KOM_Test,OSTECH,T,XTA,20.99590301513672,result,Kommunikations-Test fuer SR830 und OSTECH,,,
2026-09-15,11:05:20,122,KOM_Test,OSTECH,T,LVA,0.0,result,Kommunikations-Test fuer SR830 und OSTECH,,,
2026-09-15,11:05:20,140,KOM_Test,OSTECH,T,XTCA,83.0,result,Kommunikations-Test fuer SR830 und OSTECH,,,
2026-09-15,11:05:20,160,KOM_Test,OSTECH,T,XTVA,0.20056279003620148,result,Kommunikations-Test fuer SR830 und OSTECH,,,
2026-09-15,11:05:20,184,KOM_Test,OSTECH,T,LCT,0.0,result,Kommunikations-Test fuer SR830 und OSTECH,,,
2026-09-15,11:05:20,190,KOM_Test,SR830,T,"SNAP 5,6,7,8,9","-0.002,0.005,0.000666667,-0.00366667,1000",result,Kommunikations-Test fuer SR830 und OSTECH,,,
2026-09-15,11:05:20,201,KOM_Test,OSTECH,T,XTA,20.99590301513672,result,Kommunikations-Test fuer SR830 und OSTECH,,,
2026-09-15,11:05:20,205,KOM_Test,OSTECH,T,LVA,0.0,result,Kommunikations-Test fuer SR830 und OSTECH,,,
2026-09-15,11:05:20,205,KOM_Test,SR830,T,PHAS,0,result,Kommunikations-Test fuer SR830 und OSTECH,,,
2026-09-15,11:05:20,223,KOM_Test,OSTECH,T,XTCA,83.0,result,Kommunikations-Test fuer SR830 und OSTECH,,,
2026-09-15,11:05:20,236,KOM_Test,SR830,T,FREQ,1000,result,Kommunikations-Test fuer SR830 und OSTECH,,,
2026-09-15,11:05:20,259,KOM_Test,OSTECH,T,XTVA,0.18539203703403473,result,Kommunikations-Test fuer SR830 und OSTECH,,,
2026-09-15,11:05:20,279,KOM_Test,OSTECH,T,LCT,0.0,result,Kommunikations-Test fuer SR830 und OSTECH,,,
2026-09-15,11:05:20,292,KOM_Test,OSTECH,T,XTA,20.99590301513672,result,Kommunikations-Test fuer SR830 und OSTECH,,,
2026-09-15,11:05:20,308,KOM_Test,SR830,T,"SNAP 1,2,3,4,10,11","0,0,0,0,0,0",result,Kommunikations-Test fuer SR830 und OSTECH,,,
2026-09-15,11:05:20,316,KOM_Test,OSTECH,T,LVA,0.0,result,Kommunikations-Test fuer SR830 und OSTECH,,,
2026-09-15,11:05:20,331,KOM_Test,OSTECH,T,XTCA,91.0,result,Kommunikations-Test fuer SR830 und OSTECH,,,
2026-09-15,11:05:20,348,KOM_Test,OSTECH,T,XTVA,0.18539203703403473,result,Kommunikations-Test fuer SR830 und OSTECH,,,
2026-09-15,11:05:20,355,KOM_Test,OSTECH,T,LCT,0.0,result,Kommunikations-Test fuer SR830 und OSTECH,,,
2026-09-15,11:05:20,375,KOM_Test,OSTECH,T,XTA,20.99590301513672,result,Kommunikations-Test fuer SR830 und OSTECH,,,
2026-09-15,11:05:20,388,KOM_Test,OSTECH,T,LVA,0.0,result,Kommunikations-Test fuer SR830 und OSTECH,,,
2026-09-15,11:05:20,407,KOM_Test,OSTECH,T,XTCA,91.0,result,Kommunikations-Test fuer SR830 und OSTECH,,,
2026-09-15,11:05:20,425,KOM_Test,SR830,T,"SNAP 5,6,7,8,9","-0.00333333,0.003,0.000666667,-0.00233333,1000",result,Kommunikations-Test fuer SR830 und OSTECH,,,
2026-09-15,11:05:20,440,KOM_Test,OSTECH,T,XTVA,0.18539203703403473,result,Kommunikations-Test fuer SR830 und OSTECH,,,
2026-09-15,11:05:20,446,KOM_Test,SR830,T,PHAS,0,result,Kommunikations-Test fuer SR830 und OSTECH,,,
2026-09-15,11:05:20,464,KOM_Test,OSTECH,T,LCT,0.0,result,Kommunikations-Test fuer SR830 und OSTECH,,,
2026-09-15,11:05:20,472,KOM_Test,SR830,T,FREQ,1000,result,Kommunikations-Test fuer SR830 und OSTECH,,,
2026-09-15,11:05:20,475,KOM_Test,OSTECH,T,XTA,20.99590301513672,result,Kommunikations-Test fuer SR830 und OSTECH,,,
2026-09-15,11:05:20,492,KOM_Test,OSTECH,T,LVA,0.0,result,Kommunikations-Test fuer SR830 und OSTECH,,,
2026-09-15,11:05:20,508,KOM_Test,OSTECH,T,XTCA,91.0,result,Kommunikations-Test fuer SR830 und OSTECH,,,
2026-09-15,11:05:20,527,KOM_Test,OSTECH,T,XTVA,0.18539203703403473,result,Kommunikations-Test fuer SR830 und OSTECH,,,
2026-09-15,11:05:20,538,KOM_Test,OSTECH,T,LCT,0.0,result,Kommunikations-Test fuer SR830 und OSTECH,,,
2026-09-15,11:05:20,557,KOM_Test,SR830,T,"SNAP 1,2,3,4,10,11","0,0,0,0,0,0",result,Kommunikations-Test fuer SR830 und OSTECH,,,
2026-09-15,11:05:20,557,KOM_Test,OSTECH,T,XTA,20.99590301513672,result,Kommunikations-Test fuer SR830 und OSTECH,,,
2026-09-15,11:05:20,584,KOM_Test,OSTECH,T,LVA,0.0,result,Kommunikations-Test fuer SR830 und OSTECH,,,
2026-09-15,11:05:20,600,KOM_Test,OSTECH,T,XTCA,91.0,result,Kommunikations-Test fuer SR830 und OSTECH,,,
2026-09-15,11:05:20,622,KOM_Test,OSTECH,T,XTVA,0.18539203703403473,result,Kommunikations-Test fuer SR830 und OSTECH,,,
2026-09-15,11:05:20,649,KOM_Test,OSTECH,T,LCT,0.0,result,Kommunikations-Test fuer SR830 und OSTECH,,,
2026-09-15,11:05:20,657,KOM_Test,OSTECH,T,XTA,20.997238159179688,result,Kommunikations-Test fuer SR830 und OSTECH,,,
2026-09-15,11:05:20,682,KOM_Test,SR830,T,"SNAP 5,6,7,8,9","-0.00166667,0.00466667,0.001,0.000666667,1000",result,Kommunikations-Test fuer SR830 und OSTECH,,,
2026-09-15,11:05:20,682,KOM_Test,OSTECH,T,LVA,0.0,result,Kommunikations-Test fuer SR830 und OSTECH,,,
2026-09-15,11:05:20,691,KOM_Test,OSTECH,T,XTCA,91.0,result,Kommunikations-Test fuer SR830 und OSTECH,,,
2026-09-15,11:05:20,708,KOM_Test,OSTECH,T,XTVA,0.18539203703403473,result,Kommunikations-Test fuer SR830 und OSTECH,,,
2026-09-15,11:05:20,734,KOM_Test,OSTECH,T,LCT,0.0,result,Kommunikations-Test fuer SR830 und OSTECH,,,
2026-09-15,11:05:20,751,KOM_Test,OSTECH,T,XTA,20.997238159179688,result,Kommunikations-Test fuer SR830 und OSTECH,,,
2026-09-15,11:05:20,778,KOM_Test,COMMAND,T,SR830 IDN,"SR830 ID: Stanford_Research_Systems,SR830,s/n46328,ver1.07",result,Kommunikations-Test fuer SR830 und OSTECH,,,
2026-09-15,11:05:20,786,KOM_Test,OSTECH,T,LVA,0.0,result,Kommunikations-Test fuer SR830 und OSTECH,,,
2026-09-15,11:05:20,817,KOM_Test,SR830,T,PHAS,0,result,Kommunikations-Test fuer SR830 und OSTECH,,,
2026-09-15,11:05:20,819,KOM_Test,COMMAND,T,OSTECH LCA,0.0,result,Kommunikations-Test fuer SR830 und OSTECH,,,
2026-09-15,11:05:20,820,KOM_Test,OSTECH,T,XTCA,91.0,result,Kommunikations-Test fuer SR830 und OSTECH,,,
2026-09-15,11:05:20,821,KOM_Test,SR830,T,FREQ,1000,result,Kommunikations-Test fuer SR830 und OSTECH,,,
2026-09-15,11:05:20,822,KOM_Test,COMMAND,T,OSTECH XTT,21.0,result,Kommunikations-Test fuer SR830 und OSTECH,,,
2026-09-15,11:05:20,828,KOM_Test,OSTECH,T,XTVA,0.18539203703403473,result,Kommunikations-Test fuer SR830 und OSTECH,,,
2026-09-15,11:05:20,842,KOM_Test,COMMAND,T,OSTECH LTM,25.0,result,Kommunikations-Test fuer SR830 und OSTECH,,,
2026-09-15,11:05:20,854,KOM_Test,OSTECH,T,LCT,0.0,result,Kommunikations-Test fuer SR830 und OSTECH,,,
2026-09-15,11:05:20,866,KOM_Test,COMMAND,T,OSTECH GT,28.316530227661133,result,Kommunikations-Test fuer SR830 und OSTECH,,,
2026-09-15,11:05:20,875,KOM_Test,SR830,T,"SNAP 1,2,3,4,10,11","0,0,0,0,0,0",result,Kommunikations-Test fuer SR830 und OSTECH,,,
2026-09-15,11:05:20,879,KOM_Test,OSTECH,T,XTA,20.997238159179688,result,Kommunikations-Test fuer SR830 und OSTECH,,,
2026-09-15,11:05:20,887,KOM_Test,COMMAND,T,OSTECH GS,"{'status_word': 3085, 'interlock_ok': True, 'driver_supply_ok': True, 'driver_temperature_ok': True, 'lt_sensor_ok': True, 'ct_sensor_ok': True, 'lc_on': False, 'lc_error': False}",result,Kommunikations-Test fuer SR830 und OSTECH,,,
2026-09-15,11:05:20,890,KOM_Test,COMMAND,T,OSTECH GVN,8661,result,Kommunikations-Test fuer SR830 und OSTECH,,,
2026-09-15,11:05:20,910,KOM_Test,OSTECH,T,LVA,0.0,result,Kommunikations-Test fuer SR830 und OSTECH,,,
2026-09-15,11:05:20,929,KOM_Test,OSTECH,T,XTCA,91.0,result,Kommunikations-Test fuer SR830 und OSTECH,,,
2026-09-15,11:05:20,939,KOM_Test,OSTECH,T,XTVA,0.18539203703403473,result,Kommunikations-Test fuer SR830 und OSTECH,,,
2026-09-15,11:05:20,956,KOM_Test,OSTECH,T,LCT,0.0,result,Kommunikations-Test fuer SR830 und OSTECH,,,
2026-09-15,11:05:20,980,KOM_Test,OSTECH,T,XTA,20.997238159179688,result,Kommunikations-Test fuer SR830 und OSTECH,,,
2026-09-15,11:05:21,006,KOM_Test,OSTECH,T,LVA,0.0,result,Kommunikations-Test fuer SR830 und OSTECH,,,
2026-09-15,11:05:21,014,KOM_Test,SR830,T,"SNAP 5,6,7,8,9","-0.000666667,0.00466667,-0.000666667,-0.000666667,1000",result,Kommunikations-Test fuer SR830 und OSTECH,,,
2026-09-15,11:05:21,034,KOM_Test,SR830,T,PHAS,0,result,Kommunikations-Test fuer SR830 und OSTECH,,,
2026-09-15,11:05:21,035,KOM_Test,OSTECH,T,XTCA,91.0,result,Kommunikations-Test fuer SR830 und OSTECH,,,
2026-09-15,11:05:21,052,KOM_Test,OSTECH,T,XTVA,0.18539203703403473,result,Kommunikations-Test fuer SR830 und OSTECH,,,
2026-09-15,11:05:21,055,KOM_Test,SR830,T,FREQ,1000,result,Kommunikations-Test fuer SR830 und OSTECH,,,
2026-09-15,11:05:21,068,KOM_Test,OSTECH,T,LCT,0.0,result,Kommunikations-Test fuer SR830 und OSTECH,,,
2026-09-15,11:05:21,093,KOM_Test,OSTECH,T,XTA,20.997238159179688,result,Kommunikations-Test fuer SR830 und OSTECH,,,
2026-09-15,11:05:21,107,KOM_Test,OSTECH,T,LVA,0.0,result,Kommunikations-Test fuer SR830 und OSTECH,,,
2026-09-15,11:05:21,130,KOM_Test,SR830,T,"SNAP 1,2,3,4,10,11","0,0,0,0,0,0",result,Kommunikations-Test fuer SR830 und OSTECH,,,
2026-09-15,11:05:21,131,KOM_Test,OSTECH,T,XTCA,91.0,result,Kommunikations-Test fuer SR830 und OSTECH,,,
2026-09-15,11:05:21,156,KOM_Test,OSTECH,T,XTVA,0.18539203703403473,result,Kommunikations-Test fuer SR830 und OSTECH,,,
2026-09-15,11:05:21,182,KOM_Test,OSTECH,T,LCT,0.0,result,Kommunikations-Test fuer SR830 und OSTECH,,,
2026-09-15,11:05:21,190,KOM_Test,OSTECH,T,XTA,20.997238159179688,result,Kommunikations-Test fuer SR830 und OSTECH,,,
2026-09-15,11:05:21,208,KOM_Test,OSTECH,T,LVA,0.0,result,Kommunikations-Test fuer SR830 und OSTECH,,,
2026-09-15,11:05:21,239,KOM_Test,OSTECH,T,XTCA,91.0,result,Kommunikations-Test fuer SR830 und OSTECH,,,
2026-09-15,11:05:21,242,KOM_Test,SR830,T,"SNAP 5,6,7,8,9","-0.002,0.00766667,0.000666667,0.00266667,1000",result,Kommunikations-Test fuer SR830 und OSTECH,,,
2026-09-15,11:05:21,256,KOM_Test,OSTECH,T,XTVA,0.18539203703403473,result,Kommunikations-Test fuer SR830 und OSTECH,,,
2026-09-15,11:05:21,258,KOM_Test,SR830,T,PHAS,0,result,Kommunikations-Test fuer SR830 und OSTECH,,,
2026-09-15,11:05:21,272,KOM_Test,OSTECH,T,LCT,0.0,result,Kommunikations-Test fuer SR830 und OSTECH,,,
2026-09-15,11:05:21,290,KOM_Test,SR830,T,FREQ,1000,result,Kommunikations-Test fuer SR830 und OSTECH,,,
2026-09-15,11:05:21,290,KOM_Test,OSTECH,T,XTA,20.997238159179688,result,Kommunikations-Test fuer SR830 und OSTECH,,,
2026-09-15,11:05:21,306,KOM_Test,OSTECH,T,LVA,0.0,result,Kommunikations-Test fuer SR830 und OSTECH,,,
2026-09-15,11:05:21,333,KOM_Test,OSTECH,T,XTCA,91.0,result,Kommunikations-Test fuer SR830 und OSTECH,,,
2026-09-15,11:05:21,356,KOM_Test,OSTECH,T,XTVA,0.18539203703403473,result,Kommunikations-Test fuer SR830 und OSTECH,,,
2026-09-15,11:05:21,381,KOM_Test,SR830,T,"SNAP 1,2,3,4,10,11","0,0,0,0,0,0",result,Kommunikations-Test fuer SR830 und OSTECH,,,
2026-09-15,11:05:21,381,KOM_Test,OSTECH,T,LCT,0.0,result,Kommunikations-Test fuer SR830 und OSTECH,,,
2026-09-15,11:05:21,406,KOM_Test,OSTECH,T,XTA,20.996231079101562,result,Kommunikations-Test fuer SR830 und OSTECH,,,
2026-09-15,11:05:21,434,KOM_Test,OSTECH,T,LVA,0.0,result,Kommunikations-Test fuer SR830 und OSTECH,,,
2026-09-15,11:05:21,439,KOM_Test,OSTECH,T,XTCA,91.0,result,Kommunikations-Test fuer SR830 und OSTECH,,,
2026-09-15,11:05:21,455,KOM_Test,OSTECH,T,XTVA,0.18539203703403473,result,Kommunikations-Test fuer SR830 und OSTECH,,,
2026-09-15,11:05:21,472,KOM_Test,OSTECH,T,LCT,0.0,result,Kommunikations-Test fuer SR830 und OSTECH,,,
2026-09-15,11:05:21,489,KOM_Test,OSTECH,T,XTA,20.996231079101562,result,Kommunikations-Test fuer SR830 und OSTECH,,,
2026-09-15,11:05:21,506,KOM_Test,OSTECH,T,LVA,0.0,result,Kommunikations-Test fuer SR830 und OSTECH,,,
2026-09-15,11:05:21,506,KOM_Test,SR830,T,"SNAP 5,6,7,8,9","-0.00366667,0.00366667,0.000666667,0.000666667,1000",result,Kommunikations-Test fuer SR830 und OSTECH,,,
2026-09-15,11:05:21,535,KOM_Test,SR830,T,PHAS,0,result,Kommunikations-Test fuer SR830 und OSTECH,,,
2026-09-15,11:05:21,535,KOM_Test,OSTECH,T,XTCA,91.0,result,Kommunikations-Test fuer SR830 und OSTECH,,,
2026-09-15,11:05:21,554,KOM_Test,SR830,T,FREQ,1000,result,Kommunikations-Test fuer SR830 und OSTECH,,,
2026-09-15,11:05:21,556,KOM_Test,OSTECH,T,XTVA,0.18539203703403473,result,Kommunikations-Test fuer SR830 und OSTECH,,,
2026-09-15,11:05:21,585,KOM_Test,OSTECH,T,LCT,0.0,result,Kommunikations-Test fuer SR830 und OSTECH,,,
2026-09-15,11:05:21,592,KOM_Test,OSTECH,T,XTA,20.996231079101562,result,Kommunikations-Test fuer SR830 und OSTECH,,,
2026-09-15,11:05:21,605,KOM_Test,OSTECH,T,LVA,0.0,result,Kommunikations-Test fuer SR830 und OSTECH,,,
2026-09-15,11:05:21,622,KOM_Test,SR830,T,"SNAP 1,2,3,4,10,11","0,0,0,0,0,0",result,Kommunikations-Test fuer SR830 und OSTECH,,,
2026-09-15,11:05:21,622,KOM_Test,OSTECH,T,XTCA,91.0,result,Kommunikations-Test fuer SR830 und OSTECH,,,
2026-09-15,11:05:21,639,KOM_Test,OSTECH,T,XTVA,0.18539203703403473,result,Kommunikations-Test fuer SR830 und OSTECH,,,
2026-09-15,11:05:21,656,KOM_Test,OSTECH,T,LCT,0.0,result,Kommunikations-Test fuer SR830 und OSTECH,,,
2026-09-15,11:05:21,672,KOM_Test,OSTECH,T,XTA,20.996231079101562,result,Kommunikations-Test fuer SR830 und OSTECH,,,
2026-09-15,11:05:21,696,KOM_Test,OSTECH,T,LVA,0.0,result,Kommunikations-Test fuer SR830 und OSTECH,,,
2026-09-15,11:05:21,713,KOM_Test,OSTECH,T,XTCA,91.0,result,Kommunikations-Test fuer SR830 und OSTECH,,,
2026-09-15,11:05:21,739,KOM_Test,OSTECH,T,XTVA,0.18539203703403473,result,Kommunikations-Test fuer SR830 und OSTECH,,,
2026-09-15,11:05:21,762,KOM_Test,SR830,T,"SNAP 5,6,7,8,9","-0.000333333,0.00666667,-0.000333333,-0.000666667,1000",result,Kommunikations-Test fuer SR830 und OSTECH,,,
2026-09-15,11:05:21,762,KOM_Test,OSTECH,T,LCT,0.0,result,Kommunikations-Test fuer SR830 und OSTECH,,,
2026-09-15,11:05:21,788,KOM_Test,SR830,T,PHAS,0,result,Kommunikations-Test fuer SR830 und OSTECH,,,
2026-09-15,11:05:21,788,KOM_Test,OSTECH,T,XTA,20.99431610107422,result,Kommunikations-Test fuer SR830 und OSTECH,,,
2026-09-15,11:05:21,811,KOM_Test,OSTECH,T,LVA,0.0,result,Kommunikations-Test fuer SR830 und OSTECH,,,
2026-09-15,11:05:21,822,KOM_Test,SR830,T,FREQ,1000,result,Kommunikations-Test fuer SR830 und OSTECH,,,
2026-09-15,11:05:21,840,KOM_Test,OSTECH,T,XTCA,91.0,result,Kommunikations-Test fuer SR830 und OSTECH,,,
2026-09-15,11:05:21,856,KOM_Test,OSTECH,T,XTVA,0.18539203703403473,result,Kommunikations-Test fuer SR830 und OSTECH,,,
2026-09-15,11:05:21,872,KOM_Test,OSTECH,T,LCT,0.0,result,Kommunikations-Test fuer SR830 und OSTECH,,,
2026-09-15,11:05:21,888,KOM_Test,OSTECH,T,XTA,20.99431610107422,result,Kommunikations-Test fuer SR830 und OSTECH,,,
2026-09-15,11:05:21,891,KOM_Test,SR830,T,"SNAP 1,2,3,4,10,11","0,0,0,0,0,0",result,Kommunikations-Test fuer SR830 und OSTECH,,,
2026-09-15,11:05:21,891,KOM_Test,OSTECH,T,LVA,0.0,result,Kommunikations-Test fuer SR830 und OSTECH,,,
2026-09-15,11:05:21,925,KOM_Test,OSTECH,T,XTCA,91.0,result,Kommunikations-Test fuer SR830 und OSTECH,,,
2026-09-15,11:05:21,952,KOM_Test,OSTECH,T,XTVA,0.18539203703403473,result,Kommunikations-Test fuer SR830 und OSTECH,,,
2026-09-15,11:05:21,968,KOM_Test,OSTECH,T,LCT,0.0,result,Kommunikations-Test fuer SR830 und OSTECH,,,
2026-09-15,11:05:21,975,KOM_Test,COMMAND,T,SR830 IDN,"SR830 ID: Stanford_Research_Systems,SR830,s/n46328,ver1.07",result,Kommunikations-Test fuer SR830 und OSTECH,,,
2026-09-15,11:05:21,985,KOM_Test,OSTECH,T,XTA,20.99431610107422,result,Kommunikations-Test fuer SR830 und OSTECH,,,
2026-09-15,11:05:21,991,KOM_Test,COMMAND,T,OSTECH LCA,0.0,result,Kommunikations-Test fuer SR830 und OSTECH,,,
2026-09-15,11:05:22,011,KOM_Test,COMMAND,T,OSTECH XTT,21.0,result,Kommunikations-Test fuer SR830 und OSTECH,,,
2026-09-15,11:05:22,024,KOM_Test,OSTECH,T,LVA,0.0,result,Kommunikations-Test fuer SR830 und OSTECH,,,
2026-09-15,11:05:22,037,KOM_Test,COMMAND,T,OSTECH LTM,25.0,result,Kommunikations-Test fuer SR830 und OSTECH,,,
2026-09-15,11:05:22,049,KOM_Test,COMMAND,T,OSTECH GT,28.316530227661133,result,Kommunikations-Test fuer SR830 und OSTECH,,,
2026-09-15,11:05:22,058,KOM_Test,OSTECH,T,XTCA,91.0,result,Kommunikations-Test fuer SR830 und OSTECH,,,
2026-09-15,11:05:22,072,KOM_Test,COMMAND,T,OSTECH GS,"{'status_word': 3085, 'interlock_ok': True, 'driver_supply_ok': True, 'driver_temperature_ok': True, 'lt_sensor_ok': True, 'ct_sensor_ok': True, 'lc_on': False, 'lc_error': False}",result,Kommunikations-Test fuer SR830 und OSTECH,,,
2026-09-15,11:05:22,082,KOM_Test,SR830,T,"SNAP 5,6,7,8,9","0.001,0.00766667,0.00233333,-0.001,1000",result,Kommunikations-Test fuer SR830 und OSTECH,,,
2026-09-15,11:05:22,083,KOM_Test,COMMAND,T,OSTECH GVN,8661,result,Kommunikations-Test fuer SR830 und OSTECH,,,
2026-09-15,11:05:22,091,KOM_Test,SR830,T,PHAS,0,result,Kommunikations-Test fuer SR830 und OSTECH,,,
2026-09-15,11:05:22,106,KOM_Test,OSTECH,T,XTVA,0.18539203703403473,result,Kommunikations-Test fuer SR830 und OSTECH,,,
2026-09-15,11:05:22,124,KOM_Test,SR830,T,FREQ,1000,result,Kommunikations-Test fuer SR830 und OSTECH,,,
2026-09-15,11:05:22,134,KOM_Test,OSTECH,T,LCT,0.0,result,Kommunikations-Test fuer SR830 und OSTECH,,,
2026-09-15,11:05:22,150,KOM_Test,OSTECH,T,XTA,20.99431610107422,result,Kommunikations-Test fuer SR830 und OSTECH,,,
2026-09-15,11:05:22,155,KOM_Test,OSTECH,T,LVA,0.0,result,Kommunikations-Test fuer SR830 und OSTECH,,,
2026-09-15,11:05:22,185,KOM_Test,OSTECH,T,XTCA,91.0,result,Kommunikations-Test fuer SR830 und OSTECH,,,
2026-09-15,11:05:22,203,KOM_Test,OSTECH,T,XTVA,0.18539203703403473,result,Kommunikations-Test fuer SR830 und OSTECH,,,
2026-09-15,11:05:22,208,KOM_Test,SR830,T,"SNAP 1,2,3,4,10,11","0,0,0,0,0,0",result,Kommunikations-Test fuer SR830 und OSTECH,,,
2026-09-15,11:05:22,208,KOM_Test,OSTECH,T,LCT,0.0,result,Kommunikations-Test fuer SR830 und OSTECH,,,
2026-09-15,11:05:22,234,KOM_Test,OSTECH,T,XTA,20.99431610107422,result,Kommunikations-Test fuer SR830 und OSTECH,,,
2026-09-15,11:05:22,249,KOM_Test,OSTECH,T,LVA,0.0,result,Kommunikations-Test fuer SR830 und OSTECH,,,
2026-09-15,11:05:22,268,KOM_Test,OSTECH,T,XTCA,91.0,result,Kommunikations-Test fuer SR830 und OSTECH,,,
2026-09-15,11:05:22,295,KOM_Test,OSTECH,T,XTVA,0.18539203703403473,result,Kommunikations-Test fuer SR830 und OSTECH,,,
2026-09-15,11:05:22,318,KOM_Test,OSTECH,T,LCT,0.0,result,Kommunikations-Test fuer SR830 und OSTECH,,,
2026-09-15,11:05:22,334,KOM_Test,OSTECH,T,XTA,20.996444702148438,result,Kommunikations-Test fuer SR830 und OSTECH,,,
2026-09-15,11:05:22,338,KOM_Test,SR830,T,"SNAP 5,6,7,8,9","-0.00166667,0.005,-0.000666667,-0.000666667,1000",result,Kommunikations-Test fuer SR830 und OSTECH,,,
2026-09-15,11:05:22,348,KOM_Test,OSTECH,T,LVA,0.0,result,Kommunikations-Test fuer SR830 und OSTECH,,,
2026-09-15,11:05:22,366,KOM_Test,SR830,T,PHAS,0,result,Kommunikations-Test fuer SR830 und OSTECH,,,
2026-09-15,11:05:22,368,KOM_Test,OSTECH,T,XTCA,91.0,result,Kommunikations-Test fuer SR830 und OSTECH,,,
2026-09-15,11:05:22,390,KOM_Test,OSTECH,T,XTVA,0.18539203703403473,result,Kommunikations-Test fuer SR830 und OSTECH,,,
2026-09-15,11:05:22,394,KOM_Test,SR830,T,FREQ,1000,result,Kommunikations-Test fuer SR830 und OSTECH,,,
2026-09-15,11:05:22,413,KOM_Test,OSTECH,T,LCT,0.0,result,Kommunikations-Test fuer SR830 und OSTECH,,,
2026-09-15,11:05:22,435,KOM_Test,OSTECH,T,XTA,20.996444702148438,result,Kommunikations-Test fuer SR830 und OSTECH,,,
2026-09-15,11:05:22,441,KOM_Test,OSTECH,T,LVA,0.0,result,Kommunikations-Test fuer SR830 und OSTECH,,,
2026-09-15,11:05:22,473,KOM_Test,SR830,T,"SNAP 1,2,3,4,10,11","0,0,0,0,0,0",result,Kommunikations-Test fuer SR830 und OSTECH,,,
2026-09-15,11:05:22,475,KOM_Test,OSTECH,T,XTCA,88.0,result,Kommunikations-Test fuer SR830 und OSTECH,,,
2026-09-15,11:05:22,498,KOM_Test,OSTECH,T,XTVA,0.19796869158744812,result,Kommunikations-Test fuer SR830 und OSTECH,,,
2026-09-15,11:05:22,514,KOM_Test,OSTECH,T,LCT,0.0,result,Kommunikations-Test fuer SR830 und OSTECH,,,
2026-09-15,11:05:22,525,KOM_Test,OSTECH,T,XTA,20.996444702148438,result,Kommunikations-Test fuer SR830 und OSTECH,,,
2026-09-15,11:05:22,545,KOM_Test,OSTECH,T,LVA,0.0,result,Kommunikations-Test fuer SR830 und OSTECH,,,
2026-09-15,11:05:22,574,KOM_Test,OSTECH,T,XTCA,88.0,result,Kommunikations-Test fuer SR830 und OSTECH,,,
2026-09-15,11:05:22,590,KOM_Test,OSTECH,T,XTVA,0.19796869158744812,result,Kommunikations-Test fuer SR830 und OSTECH,,,
2026-09-15,11:05:22,601,KOM_Test,SR830,T,"SNAP 5,6,7,8,9","-0.00333333,0.00633333,-0.000666667,0.007,1000",result,Kommunikations-Test fuer SR830 und OSTECH,,,
2026-09-15,11:05:22,607,KOM_Test,OSTECH,T,LCT,0.0,result,Kommunikations-Test fuer SR830 und OSTECH,,,
2026-09-15,11:05:22,623,KOM_Test,SR830,T,PHAS,0,result,Kommunikations-Test fuer SR830 und OSTECH,,,
2026-09-15,11:05:22,627,KOM_Test,OSTECH,T,XTA,20.996444702148438,result,Kommunikations-Test fuer SR830 und OSTECH,,,
2026-09-15,11:05:22,651,KOM_Test,OSTECH,T,LVA,0.0,result,Kommunikations-Test fuer SR830 und OSTECH,,,
2026-09-15,11:05:22,655,KOM_Test,SR830,T,FREQ,1000,result,Kommunikations-Test fuer SR830 und OSTECH,,,
2026-09-15,11:05:22,665,KOM_Test,OSTECH,T,XTCA,88.0,result,Kommunikations-Test fuer SR830 und OSTECH,,,
2026-09-15,11:05:22,689,KOM_Test,OSTECH,T,XTVA,0.19796869158744812,result,Kommunikations-Test fuer SR830 und OSTECH,,,
2026-09-15,11:05:22,705,KOM_Test,OSTECH,T,LCT,0.0,result,Kommunikations-Test fuer SR830 und OSTECH,,,
2026-09-15,11:05:22,731,KOM_Test,SR830,T,"SNAP 1,2,3,4,10,11","0,0,0,0,0,0",result,Kommunikations-Test fuer SR830 und OSTECH,,,
2026-09-15,11:05:22,734,KOM_Test,OSTECH,T,XTA,20.996444702148438,result,Kommunikations-Test fuer SR830 und OSTECH,,,
2026-09-15,11:05:22,749,KOM_Test,OSTECH,T,LVA,0.0,result,Kommunikations-Test fuer SR830 und OSTECH,,,
2026-09-15,11:05:22,771,KOM_Test,OSTECH,T,XTCA,88.0,result,Kommunikations-Test fuer SR830 und OSTECH,,,
2026-09-15,11:05:22,798,KOM_Test,OSTECH,T,XTVA,0.19796869158744812,result,Kommunikations-Test fuer SR830 und OSTECH,,,
2026-09-15,11:05:22,821,KOM_Test,OSTECH,T,LCT,0.0,result,Kommunikations-Test fuer SR830 und OSTECH,,,
2026-09-15,11:05:22,849,KOM_Test,OSTECH,T,XTA,20.995330810546875,result,Kommunikations-Test fuer SR830 und OSTECH,,,
2026-09-15,11:05:22,859,KOM_Test,SR830,T,"SNAP 5,6,7,8,9","-0.000666667,0.00633333,0.00233333,-0.000666667,1000",result,Kommunikations-Test fuer SR830 und OSTECH,,,
2026-09-15,11:05:22,868,KOM_Test,OSTECH,T,LVA,0.0,result,Kommunikations-Test fuer SR830 und OSTECH,,,
2026-09-15,11:05:22,879,KOM_Test,SR830,T,PHAS,0,result,Kommunikations-Test fuer SR830 und OSTECH,,,
2026-09-15,11:05:22,896,KOM_Test,OSTECH,T,XTCA,88.0,result,Kommunikations-Test fuer SR830 und OSTECH,,,
2026-09-15,11:05:22,896,KOM_Test,SR830,T,FREQ,1000,result,Kommunikations-Test fuer SR830 und OSTECH,,,
2026-09-15,11:05:22,913,KOM_Test,OSTECH,T,XTVA,0.19796869158744812,result,Kommunikations-Test fuer SR830 und OSTECH,,,
2026-09-15,11:05:22,941,KOM_Test,OSTECH,T,LCT,0.0,result,Kommunikations-Test fuer SR830 und OSTECH,,,
2026-09-15,11:05:22,955,KOM_Test,OSTECH,T,XTA,20.995330810546875,result,Kommunikations-Test fuer SR830 und OSTECH,,,
2026-09-15,11:05:22,979,KOM_Test,SR830,T,"SNAP 1,2,3,4,10,11","0,0,0,0,0,0",result,Kommunikations-Test fuer SR830 und OSTECH,,,
2026-09-15,11:05:22,987,KOM_Test,OSTECH,T,LVA,0.0,result,Kommunikations-Test fuer SR830 und OSTECH,,,
2026-09-15,11:05:23,000,KOM_Test,OSTECH,T,XTCA,88.0,result,Kommunikations-Test fuer SR830 und OSTECH,,,
2026-09-15,11:05:23,026,KOM_Test,OSTECH,T,XTVA,0.19796869158744812,result,Kommunikations-Test fuer SR830 und OSTECH,,,
2026-09-15,11:05:23,043,KOM_Test,OSTECH,T,LCT,0.0,result,Kommunikations-Test fuer SR830 und OSTECH,,,
2026-09-15,11:05:23,060,KOM_Test,OSTECH,T,XTA,20.995330810546875,result,Kommunikations-Test fuer SR830 und OSTECH,,,
2026-09-15,11:05:23,086,KOM_Test,OSTECH,T,LVA,0.0,result,Kommunikations-Test fuer SR830 und OSTECH,,,
2026-09-15,11:05:23,100,KOM_Test,SR830,T,"SNAP 5,6,7,8,9","-0.002,0.00633333,-0.000666667,0.000666667,1000",result,Kommunikations-Test fuer SR830 und OSTECH,,,
2026-09-15,11:05:23,106,KOM_Test,OSTECH,T,XTCA,88.0,result,Kommunikations-Test fuer SR830 und OSTECH,,,
2026-09-15,11:05:23,124,KOM_Test,OSTECH,T,XTVA,0.19796869158744812,result,Kommunikations-Test fuer SR830 und OSTECH,,,
2026-09-15,11:05:23,139,KOM_Test,OSTECH,T,LCT,0.0,result,Kommunikations-Test fuer SR830 und OSTECH,,,
2026-09-15,11:05:23,159,KOM_Test,OSTECH,T,XTA,20.995330810546875,result,Kommunikations-Test fuer SR830 und OSTECH,,,
2026-09-15,11:05:23,172,KOM_Test,COMMAND,T,SR830 IDN,"SR830 ID: Stanford_Research_Systems,SR830,s/n46328,ver1.07",result,Kommunikations-Test fuer SR830 und OSTECH,,,
2026-09-15,11:05:23,180,KOM_Test,COMMAND,T,OSTECH LCA,0.0,result,Kommunikations-Test fuer SR830 und OSTECH,,,
2026-09-15,11:05:23,180,KOM_Test,SR830,T,PHAS,0,result,Kommunikations-Test fuer SR830 und OSTECH,,,
2026-09-15,11:05:23,196,KOM_Test,OSTECH,T,LVA,0.0,result,Kommunikations-Test fuer SR830 und OSTECH,,,
2026-09-15,11:05:23,206,KOM_Test,SR830,T,FREQ,1000,result,Kommunikations-Test fuer SR830 und OSTECH,,,
2026-09-15,11:05:23,211,KOM_Test,COMMAND,T,OSTECH XTT,21.0,result,Kommunikations-Test fuer SR830 und OSTECH,,,
2026-09-15,11:05:23,231,KOM_Test,OSTECH,T,XTCA,88.0,result,Kommunikations-Test fuer SR830 und OSTECH,,,
2026-09-15,11:05:23,239,KOM_Test,COMMAND,T,OSTECH LTM,25.0,result,Kommunikations-Test fuer SR830 und OSTECH,,,
2026-09-15,11:05:23,258,KOM_Test,OSTECH,T,XTVA,0.19796869158744812,result,Kommunikations-Test fuer SR830 und OSTECH,,,
2026-09-15,11:05:23,258,KOM_Test,COMMAND,T,OSTECH GT,28.316530227661133,result,Kommunikations-Test fuer SR830 und OSTECH,,,
2026-09-15,11:05:23,275,KOM_Test,COMMAND,T,OSTECH GS,"{'status_word': 3085, 'interlock_ok': True, 'driver_supply_ok': True, 'driver_temperature_ok': True, 'lt_sensor_ok': True, 'ct_sensor_ok': True, 'lc_on': False, 'lc_error': False}",result,Kommunikations-Test fuer SR830 und OSTECH,,,
2026-09-15,11:05:23,275,KOM_Test,SR830,T,"SNAP 1,2,3,4,10,11","0,0,0,0,0,0",result,Kommunikations-Test fuer SR830 und OSTECH,,,
2026-09-15,11:05:23,289,KOM_Test,OSTECH,T,LCT,0.0,result,Kommunikations-Test fuer SR830 und OSTECH,,,
2026-09-15,11:05:23,303,KOM_Test,COMMAND,T,OSTECH GVN,8661,result,Kommunikations-Test fuer SR830 und OSTECH,,,
2026-09-15,11:05:23,305,KOM_Test,OSTECH,T,XTA,20.995330810546875,result,Kommunikations-Test fuer SR830 und OSTECH,,,
2026-09-15,11:05:23,322,KOM_Test,OSTECH,T,LVA,0.0,result,Kommunikations-Test fuer SR830 und OSTECH,,,
2026-09-15,11:05:23,338,KOM_Test,OSTECH,T,XTCA,88.0,result,Kommunikations-Test fuer SR830 und OSTECH,,,
2026-09-15,11:05:23,356,KOM_Test,OSTECH,T,XTVA,0.19796869158744812,result,Kommunikations-Test fuer SR830 und OSTECH,,,
2026-09-15,11:05:23,376,KOM_Test,OSTECH,T,LCT,0.0,result,Kommunikations-Test fuer SR830 und OSTECH,,,
2026-09-15,11:05:23,390,KOM_Test,SR830,T,"SNAP 5,6,7,8,9","-0.002,0.00466667,0.000666667,-0.001,1000",result,Kommunikations-Test fuer SR830 und OSTECH,,,
2026-09-15,11:05:23,406,KOM_Test,OSTECH,T,XTA,20.989166259765625,result,Kommunikations-Test fuer SR830 und OSTECH,,,
2026-09-15,11:05:23,418,KOM_Test,SR830,T,PHAS,0,result,Kommunikations-Test fuer SR830 und OSTECH,,,
2026-09-15,11:05:23,431,KOM_Test,OSTECH,T,LVA,0.0,result,Kommunikations-Test fuer SR830 und OSTECH,,,
2026-09-15,11:05:23,449,KOM_Test,OSTECH,T,XTCA,88.0,result,Kommunikations-Test fuer SR830 und OSTECH,,,
2026-09-15,11:05:23,452,KOM_Test,SR830,T,FREQ,1000,result,Kommunikations-Test fuer SR830 und OSTECH,,,
2026-09-15,11:05:23,480,KOM_Test,OSTECH,T,XTVA,0.19796869158744812,result,Kommunikations-Test fuer SR830 und OSTECH,,,
2026-09-15,11:05:23,509,KOM_Test,OSTECH,T,LCT,0.0,result,Kommunikations-Test fuer SR830 und OSTECH,,,
2026-09-15,11:05:23,524,KOM_Test,OSTECH,T,XTA,20.989166259765625,result,Kommunikations-Test fuer SR830 und OSTECH,,,
2026-09-15,11:05:23,539,KOM_Test,OSTECH,T,LVA,0.0,result,Kommunikations-Test fuer SR830 und OSTECH,,,
2026-09-15,11:05:23,541,KOM_Test,SR830,T,"SNAP 1,2,3,4,10,11","0,0,0,0,0,0",result,Kommunikations-Test fuer SR830 und OSTECH,,,
2026-09-15,11:05:23,557,KOM_Test,OSTECH,T,XTCA,88.0,result,Kommunikations-Test fuer SR830 und OSTECH,,,
2026-09-15,11:05:23,573,KOM_Test,OSTECH,T,XTVA,0.19796869158744812,result,Kommunikations-Test fuer SR830 und OSTECH,,,
2026-09-15,11:05:23,602,KOM_Test,OSTECH,T,LCT,0.0,result,Kommunikations-Test fuer SR830 und OSTECH,,,
2026-09-15,11:05:23,619,KOM_Test,OSTECH,T,XTA,20.989166259765625,result,Kommunikations-Test fuer SR830 und OSTECH,,,
2026-09-15,11:05:23,634,KOM_Test,OSTECH,T,LVA,0.0,result,Kommunikations-Test fuer SR830 und OSTECH,,,
2026-09-15,11:05:23,637,KOM_Test,SR830,T,"SNAP 5,6,7,8,9","-0.002,0.005,0.001,-0.002,1000",result,Kommunikations-Test fuer SR830 und OSTECH,,,
2026-09-15,11:05:23,651,KOM_Test,OSTECH,T,XTCA,88.0,result,Kommunikations-Test fuer SR830 und OSTECH,,,
2026-09-15,11:05:23,652,KOM_Test,SR830,T,PHAS,0,result,Kommunikations-Test fuer SR830 und OSTECH,,,
2026-09-15,11:05:23,667,KOM_Test,OSTECH,T,XTVA,0.19796869158744812,result,Kommunikations-Test fuer SR830 und OSTECH,,,
2026-09-15,11:05:23,672,KOM_Test,SR830,T,FREQ,1000,result,Kommunikations-Test fuer SR830 und OSTECH,,,
2026-09-15,11:05:23,682,KOM_Test,OSTECH,T,LCT,0.0,result,Kommunikations-Test fuer SR830 und OSTECH,,,
2026-09-15,11:05:23,700,KOM_Test,OSTECH,T,XTA,20.989166259765625,result,Kommunikations-Test fuer SR830 und OSTECH,,,
2026-09-15,11:05:23,716,KOM_Test,OSTECH,T,LVA,0.0,result,Kommunikations-Test fuer SR830 und OSTECH,,,
2026-09-15,11:05:23,735,KOM_Test,OSTECH,T,XTCA,88.0,result,Kommunikations-Test fuer SR830 und OSTECH,,,
2026-09-15,11:05:23,751,KOM_Test,OSTECH,T,XTVA,0.19796869158744812,result,Kommunikations-Test fuer SR830 und OSTECH,,,
2026-09-15,11:05:23,763,KOM_Test,SR830,T,"SNAP 1,2,3,4,10,11","0,0,0,0,0,0",result,Kommunikations-Test fuer SR830 und OSTECH,,,
2026-09-15,11:05:23,775,KOM_Test,OSTECH,T,LCT,0.0,result,Kommunikations-Test fuer SR830 und OSTECH,,,
2026-09-15,11:05:23,801,KOM_Test,OSTECH,T,XTA,20.989166259765625,result,Kommunikations-Test fuer SR830 und OSTECH,,,
2026-09-15,11:05:23,816,KOM_Test,OSTECH,T,LVA,0.0,result,Kommunikations-Test fuer SR830 und OSTECH,,,
2026-09-15,11:05:23,835,KOM_Test,OSTECH,T,XTCA,88.0,result,Kommunikations-Test fuer SR830 und OSTECH,,,
2026-09-15,11:05:23,853,KOM_Test,OSTECH,T,XTVA,0.19796869158744812,result,Kommunikations-Test fuer SR830 und OSTECH,,,
2026-09-15,11:05:23,868,KOM_Test,OSTECH,T,LCT,0.0,result,Kommunikations-Test fuer SR830 und OSTECH,,,
2026-09-15,11:05:23,872,KOM_Test,SR830,T,"SNAP 5,6,7,8,9","-0.002,0.00466667,0.001,-0.002,1000",result,Kommunikations-Test fuer SR830 und OSTECH,,,
2026-09-15,11:05:23,884,KOM_Test,OSTECH,T,XTA,20.989166259765625,result,Kommunikations-Test fuer SR830 und OSTECH,,,
2026-09-15,11:05:23,898,KOM_Test,SR830,T,PHAS,0,result,Kommunikations-Test fuer SR830 und OSTECH,,,
2026-09-15,11:05:23,899,KOM_Test,OSTECH,T,LVA,0.0,result,Kommunikations-Test fuer SR830 und OSTECH,,,
2026-09-15,11:05:23,918,KOM_Test,OSTECH,T,XTCA,88.0,result,Kommunikations-Test fuer SR830 und OSTECH,,,
2026-09-15,11:05:23,922,KOM_Test,SR830,T,FREQ,1000,result,Kommunikations-Test fuer SR830 und OSTECH,,,
2026-09-15,11:05:23,934,KOM_Test,OSTECH,T,XTVA,0.19796869158744812,result,Kommunikations-Test fuer SR830 und OSTECH,,,
2026-09-15,11:05:23,962,KOM_Test,OSTECH,T,LCT,0.0,result,Kommunikations-Test fuer SR830 und OSTECH,,,
2026-09-15,11:05:23,984,KOM_Test,OSTECH,T,XTA,20.990371704101562,result,Kommunikations-Test fuer SR830 und OSTECH,,,
2026-09-15,11:05:23,988,KOM_Test,OSTECH,T,LVA,0.0,result,Kommunikations-Test fuer SR830 und OSTECH,,,
2026-09-15,11:05:24,009,KOM_Test,SR830,T,"SNAP 1,2,3,4,10,11","0,0,0,0,0,0",result,Kommunikations-Test fuer SR830 und OSTECH,,,
2026-09-15,11:05:24,009,KOM_Test,OSTECH,T,XTCA,88.0,result,Kommunikations-Test fuer SR830 und OSTECH,,,
2026-09-15,11:05:24,034,KOM_Test,OSTECH,T,XTVA,0.19796869158744812,result,Kommunikations-Test fuer SR830 und OSTECH,,,
2026-09-15,11:05:24,036,KOM_Test,OSTECH,T,LCT,0.0,result,Kommunikations-Test fuer SR830 und OSTECH,,,
2026-09-15,11:05:24,059,KOM_Test,OSTECH,T,XTA,20.990371704101562,result,Kommunikations-Test fuer SR830 und OSTECH,,,
2026-09-15,11:05:24,068,KOM_Test,OSTECH,T,LVA,0.0,result,Kommunikations-Test fuer SR830 und OSTECH,,,
2026-09-15,11:05:24,084,KOM_Test,OSTECH,T,XTCA,88.0,result,Kommunikations-Test fuer SR830 und OSTECH,,,
2026-09-15,11:05:24,109,KOM_Test,OSTECH,T,XTVA,0.19796869158744812,result,Kommunikations-Test fuer SR830 und OSTECH,,,
2026-09-15,11:05:24,115,KOM_Test,OSTECH,T,LCT,0.0,result,Kommunikations-Test fuer SR830 und OSTECH,,,
2026-09-15,11:05:24,131,KOM_Test,SR830,T,"SNAP 5,6,7,8,9","-0.000333333,0.003,-0.000666667,-0.00233333,1000",result,Kommunikations-Test fuer SR830 und OSTECH,,,
2026-09-15,11:05:24,147,KOM_Test,OSTECH,T,XTA,20.990371704101562,result,Kommunikations-Test fuer SR830 und OSTECH,,,
2026-09-15,11:05:24,147,KOM_Test,SR830,T,PHAS,0,result,Kommunikations-Test fuer SR830 und OSTECH,,,
2026-09-15,11:05:24,163,KOM_Test,OSTECH,T,LVA,0.0,result,Kommunikations-Test fuer SR830 und OSTECH,,,
2026-09-15,11:05:24,181,KOM_Test,SR830,T,FREQ,1000,result,Kommunikations-Test fuer SR830 und OSTECH,,,
2026-09-15,11:05:24,193,KOM_Test,OSTECH,T,XTCA,88.0,result,Kommunikations-Test fuer SR830 und OSTECH,,,
2026-09-15,11:05:24,209,KOM_Test,OSTECH,T,XTVA,0.19796869158744812,result,Kommunikations-Test fuer SR830 und OSTECH,,,
2026-09-15,11:05:24,220,KOM_Test,OSTECH,T,LCT,0.0,result,Kommunikations-Test fuer SR830 und OSTECH,,,
2026-09-15,11:05:24,226,KOM_Test,OSTECH,T,XTA,20.990371704101562,result,Kommunikations-Test fuer SR830 und OSTECH,,,
2026-09-15,11:05:24,254,KOM_Test,OSTECH,T,LVA,0.0,result,Kommunikations-Test fuer SR830 und OSTECH,,,
2026-09-15,11:05:24,261,KOM_Test,SR830,T,"SNAP 1,2,3,4,10,11","0,0,0,0,0,0",result,Kommunikations-Test fuer SR830 und OSTECH,,,
2026-09-15,11:05:24,261,KOM_Test,OSTECH,T,XTCA,88.0,result,Kommunikations-Test fuer SR830 und OSTECH,,,
2026-09-15,11:05:24,274,KOM_Test,OSTECH,T,XTVA,0.19796869158744812,result,Kommunikations-Test fuer SR830 und OSTECH,,,
2026-09-15,11:05:24,290,KOM_Test,OSTECH,T,LCT,0.0,result,Kommunikations-Test fuer SR830 und OSTECH,,,
2026-09-15,11:05:24,311,KOM_Test,OSTECH,T,XTA,20.990371704101562,result,Kommunikations-Test fuer SR830 und OSTECH,,,
2026-09-15,11:05:24,337,KOM_Test,OSTECH,T,LVA,0.0,result,Kommunikations-Test fuer SR830 und OSTECH,,,
2026-09-15,11:05:24,368,KOM_Test,OSTECH,T,XTCA,88.0,result,Kommunikations-Test fuer SR830 und OSTECH,,,
2026-09-15,11:05:24,369,KOM_Test,SR830,T,"SNAP 5,6,7,8,9","-0.002,0.003,0.001,0.000666667,1000",result,Kommunikations-Test fuer SR830 und OSTECH,,,
2026-09-15,11:05:24,377,KOM_Test,OSTECH,T,XTVA,0.19796869158744812,result,Kommunikations-Test fuer SR830 und OSTECH,,,
2026-09-15,11:05:24,385,KOM_Test,OSTECH,T,LCT,0.0,result,Kommunikations-Test fuer SR830 und OSTECH,,,
2026-09-15,11:05:24,413,KOM_Test,OSTECH,T,XTA,20.990371704101562,result,Kommunikations-Test fuer SR830 und OSTECH,,,
2026-09-15,11:05:24,428,KOM_Test,OSTECH,T,LVA,0.0,result,Kommunikations-Test fuer SR830 und OSTECH,,,
2026-09-15,11:05:24,434,KOM_Test,COMMAND,T,SR830 IDN,"SR830 ID: Stanford_Research_Systems,SR830,s/n46328,ver1.07",result,Kommunikations-Test fuer SR830 und OSTECH,,,
2026-09-15,11:05:24,434,KOM_Test,OSTECH,T,XTCA,88.0,result,Kommunikations-Test fuer SR830 und OSTECH,,,
2026-09-15,11:05:24,447,KOM_Test,SR830,T,PHAS,0,result,Kommunikations-Test fuer SR830 und OSTECH,,,
2026-09-15,11:05:24,447,KOM_Test,COMMAND,T,OSTECH LCA,0.0,result,Kommunikations-Test fuer SR830 und OSTECH,,,
2026-09-15,11:05:24,463,KOM_Test,OSTECH,T,XTVA,0.19796869158744812,result,Kommunikations-Test fuer SR830 und OSTECH,,,
2026-09-15,11:05:24,481,KOM_Test,SR830,T,FREQ,1000,result,Kommunikations-Test fuer SR830 und OSTECH,,,
2026-09-15,11:05:24,481,KOM_Test,COMMAND,T,OSTECH XTT,21.0,result,Kommunikations-Test fuer SR830 und OSTECH,,,
2026-09-15,11:05:24,500,KOM_Test,OSTECH,T,LCT,0.0,result,Kommunikations-Test fuer SR830 und OSTECH,,,
2026-09-15,11:05:24,528,KOM_Test,COMMAND,T,OSTECH LTM,25.0,result,Kommunikations-Test fuer SR830 und OSTECH,,,
2026-09-15,11:05:24,541,KOM_Test,OSTECH,T,XTA,20.991058349609375,result,Kommunikations-Test fuer SR830 und OSTECH,,,
2026-09-15,11:05:24,542,KOM_Test,COMMAND,T,OSTECH GT,28.314899444580078,result,Kommunikations-Test fuer SR830 und OSTECH,,,
2026-09-15,11:05:24,562,KOM_Test,OSTECH,T,LVA,0.0,result,Kommunikations-Test fuer SR830 und OSTECH,,,
2026-09-15,11:05:24,562,KOM_Test,SR830,T,"SNAP 1,2,3,4,10,11","0,0,0,0,0,0",result,Kommunikations-Test fuer SR830 und OSTECH,,,
2026-09-15,11:05:24,574,KOM_Test,COMMAND,T,OSTECH GS,"{'status_word': 3085, 'interlock_ok': True, 'driver_supply_ok': True, 'driver_temperature_ok': True, 'lt_sensor_ok': True, 'ct_sensor_ok': True, 'lc_on': False, 'lc_error': False}",result,Kommunikations-Test fuer SR830 und OSTECH,,,
2026-09-15,11:05:24,588,KOM_Test,OSTECH,T,XTCA,88.0,result,Kommunikations-Test fuer SR830 und OSTECH,,,
2026-09-15,11:05:24,600,KOM_Test,COMMAND,T,OSTECH GVN,8661,result,Kommunikations-Test fuer SR830 und OSTECH,,,
2026-09-15,11:05:24,613,KOM_Test,OSTECH,T,XTVA,0.19796869158744812,result,Kommunikations-Test fuer SR830 und OSTECH,,,
2026-09-15,11:05:24,621,KOM_Test,OSTECH,T,LCT,0.0,result,Kommunikations-Test fuer SR830 und OSTECH,,,
2026-09-15,11:05:24,637,KOM_Test,OSTECH,T,XTA,20.991058349609375,result,Kommunikations-Test fuer SR830 und OSTECH,,,
2026-09-15,11:05:24,666,KOM_Test,OSTECH,T,LVA,0.0,result,Kommunikations-Test fuer SR830 und OSTECH,,,
2026-09-15,11:05:24,675,KOM_Test,SR830,T,"SNAP 5,6,7,8,9","-0.002,0.00633333,0.00233333,0.002,1000",result,Kommunikations-Test fuer SR830 und OSTECH,,,
2026-09-15,11:05:24,675,KOM_Test,OSTECH,T,XTCA,88.0,result,Kommunikations-Test fuer SR830 und OSTECH,,,
2026-09-15,11:05:24,703,KOM_Test,SR830,T,PHAS,0,result,Kommunikations-Test fuer SR830 und OSTECH,,,
2026-09-15,11:05:24,712,KOM_Test,OSTECH,T,XTVA,0.182242751121521,result,Kommunikations-Test fuer SR830 und OSTECH,,,
2026-09-15,11:05:24,724,KOM_Test,SR830,T,FREQ,1000,result,Kommunikations-Test fuer SR830 und OSTECH,,,
2026-09-15,11:05:24,733,KOM_Test,OSTECH,T,LCT,0.0,result,Kommunikations-Test fuer SR830 und OSTECH,,,
2026-09-15,11:05:24,751,KOM_Test,OSTECH,T,XTA,20.991058349609375,result,Kommunikations-Test fuer SR830 und OSTECH,,,
2026-09-15,11:05:24,766,KOM_Test,OSTECH,T,LVA,0.0,result,Kommunikations-Test fuer SR830 und OSTECH,,,
2026-09-15,11:05:24,785,KOM_Test,OSTECH,T,XTCA,81.0,result,Kommunikations-Test fuer SR830 und OSTECH,,,
2026-09-15,11:05:24,801,KOM_Test,OSTECH,T,XTVA,0.182242751121521,result,Kommunikations-Test fuer SR830 und OSTECH,,,
2026-09-15,11:05:24,813,KOM_Test,SR830,T,"SNAP 1,2,3,4,10,11","0,0,0,0,0,0",result,Kommunikations-Test fuer SR830 und OSTECH,,,
2026-09-15,11:05:24,817,KOM_Test,OSTECH,T,LCT,0.0,result,Kommunikations-Test fuer SR830 und OSTECH,,,
2026-09-15,11:05:24,833,KOM_Test,OSTECH,T,XTA,20.991058349609375,result,Kommunikations-Test fuer SR830 und OSTECH,,,
2026-09-15,11:05:24,845,KOM_Test,OSTECH,T,LVA,0.0,result,Kommunikations-Test fuer SR830 und OSTECH,,,
2026-09-15,11:05:24,875,KOM_Test,OSTECH,T,XTCA,81.0,result,Kommunikations-Test fuer SR830 und OSTECH,,,
2026-09-15,11:05:24,901,KOM_Test,OSTECH,T,XTVA,0.182242751121521,result,Kommunikations-Test fuer SR830 und OSTECH,,,
2026-09-15,11:05:24,918,KOM_Test,OSTECH,T,LCT,0.0,result,Kommunikations-Test fuer SR830 und OSTECH,,,
2026-09-15,11:05:24,934,KOM_Test,OSTECH,T,XTA,20.991058349609375,result,Kommunikations-Test fuer SR830 und OSTECH,,,
2026-09-15,11:05:24,937,KOM_Test,SR830,T,"SNAP 5,6,7,8,9","-0.000333333,0.005,0.000666667,0.000666667,1000",result,Kommunikations-Test fuer SR830 und OSTECH,,,
2026-09-15,11:05:24,950,KOM_Test,OSTECH,T,LVA,0.0,result,Kommunikations-Test fuer SR830 und OSTECH,,,
2026-09-15,11:05:24,951,KOM_Test,SR830,T,PHAS,0,result,Kommunikations-Test fuer SR830 und OSTECH,,,
2026-09-15,11:05:24,968,KOM_Test,OSTECH,T,XTCA,81.0,result,Kommunikations-Test fuer SR830 und OSTECH,,,
2026-09-15,11:05:24,974,KOM_Test,SR830,T,FREQ,1000,result,Kommunikations-Test fuer SR830 und OSTECH,,,
2026-09-15,11:05:24,986,KOM_Test,OSTECH,T,XTVA,0.182242751121521,result,Kommunikations-Test fuer SR830 und OSTECH,,,
2026-09-15,11:05:25,000,KOM_Test,OSTECH,T,LCT,0.0,result,Kommunikations-Test fuer SR830 und OSTECH,,,
2026-09-15,11:05:25,016,KOM_Test,OSTECH,T,XTA,20.991058349609375,result,Kommunikations-Test fuer SR830 und OSTECH,,,
2026-09-15,11:05:25,039,KOM_Test,OSTECH,T,LVA,0.0,result,Kommunikations-Test fuer SR830 und OSTECH,,,
2026-09-15,11:05:25,062,KOM_Test,SR830,T,"SNAP 1,2,3,4,10,11","0,0,0,0,0,0",result,Kommunikations-Test fuer SR830 und OSTECH,,,
2026-09-15,11:05:25,069,KOM_Test,OSTECH,T,XTCA,81.0,result,Kommunikations-Test fuer SR830 und OSTECH,,,
2026-09-15,11:05:25,096,KOM_Test,OSTECH,T,XTVA,0.182242751121521,result,Kommunikations-Test fuer SR830 und OSTECH,,,
2026-09-15,11:05:25,118,KOM_Test,OSTECH,T,LCT,0.0,result,Kommunikations-Test fuer SR830 und OSTECH,,,
2026-09-15,11:05:25,135,KOM_Test,OSTECH,T,XTA,20.991058349609375,result,Kommunikations-Test fuer SR830 und OSTECH,,,
2026-09-15,11:05:25,150,KOM_Test,OSTECH,T,LVA,0.0,result,Kommunikations-Test fuer SR830 und OSTECH,,,
2026-09-15,11:05:25,169,KOM_Test,OSTECH,T,XTCA,81.0,result,Kommunikations-Test fuer SR830 und OSTECH,,,
2026-09-15,11:05:25,183,KOM_Test,SR830,T,"SNAP 5,6,7,8,9","-0.002,0.003,-0.000666667,-0.000666667,1000",result,Kommunikations-Test fuer SR830 und OSTECH,,,
2026-09-15,11:05:25,185,KOM_Test,OSTECH,T,XTVA,0.182242751121521,result,Kommunikations-Test fuer SR830 und OSTECH,,,
2026-09-15,11:05:25,201,KOM_Test,SR830,T,PHAS,0,result,Kommunikations-Test fuer SR830 und OSTECH,,,
2026-09-15,11:05:25,202,KOM_Test,OSTECH,T,LCT,0.0,result,Kommunikations-Test fuer SR830 und OSTECH,,,
2026-09-15,11:05:25,217,KOM_Test,OSTECH,T,XTA,20.991058349609375,result,Kommunikations-Test fuer SR830 und OSTECH,,,
2026-09-15,11:05:25,223,KOM_Test,SR830,T,FREQ,1000,result,Kommunikations-Test fuer SR830 und OSTECH,,,
2026-09-15,11:05:25,234,KOM_Test,OSTECH,T,LVA,0.0,result,Kommunikations-Test fuer SR830 und OSTECH,,,
2026-09-15,11:05:25,253,KOM_Test,OSTECH,T,XTCA,81.0,result,Kommunikations-Test fuer SR830 und OSTECH,,,
2026-09-15,11:05:25,276,KOM_Test,OSTECH,T,XTVA,0.182242751121521,result,Kommunikations-Test fuer SR830 und OSTECH,,,
2026-09-15,11:05:25,299,KOM_Test,OSTECH,T,LCT,0.0,result,Kommunikations-Test fuer SR830 und OSTECH,,,
2026-09-15,11:05:25,312,KOM_Test,SR830,T,"SNAP 1,2,3,4,10,11","0,0,0,0,0,0",result,Kommunikations-Test fuer SR830 und OSTECH,,,
2026-09-15,11:05:25,317,KOM_Test,OSTECH,T,XTA,20.991058349609375,result,Kommunikations-Test fuer SR830 und OSTECH,,,
2026-09-15,11:05:25,335,KOM_Test,OSTECH,T,LVA,0.0,result,Kommunikations-Test fuer SR830 und OSTECH,,,
2026-09-15,11:05:25,372,KOM_Test,OSTECH,T,XTCA,81.0,result,Kommunikations-Test fuer SR830 und OSTECH,,,
2026-09-15,11:05:25,462,KOM_Test,OSTECH,T,XTVA,0.182242751121521,result,Kommunikations-Test fuer SR830 und OSTECH,,,
2026-09-15,11:05:25,466,KOM_Test,OSTECH,T,LCT,0.0,result,Kommunikations-Test fuer SR830 und OSTECH,,,
2026-09-15,11:05:25,466,KOM_Test,OSTECH,T,XTA,20.991058349609375,result,Kommunikations-Test fuer SR830 und OSTECH,,,
2026-09-15,11:05:25,467,KOM_Test,OSTECH,T,LVA,0.0,result,Kommunikations-Test fuer SR830 und OSTECH,,,
2026-09-15,11:05:25,469,KOM_Test,SR830,T,"SNAP 5,6,7,8,9","-0.000666667,0.00766667,-0.000333333,-0.001,1000",result,Kommunikations-Test fuer SR830 und OSTECH,,,
2026-09-15,11:05:25,471,KOM_Test,OSTECH,T,XTCA,81.0,result,Kommunikations-Test fuer SR830 und OSTECH,,,
2026-09-15,11:05:25,471,KOM_Test,SR830,T,PHAS,0,result,Kommunikations-Test fuer SR830 und OSTECH,,,
